id_salaire;teacher_code;mois;annee;salaire_base;primes;retenues;salaire_net;mode_paiement
1;ENS-0001;Octobre;2023;1087000.00;60000.00;132000.00;1015000.00;Orange Money
2;ENS-0002;Octobre;2023;831000.00;0.00;113000.00;718000.00;Virement bancaire
3;ENS-0003;Octobre;2023;1110000.00;121000.00;195000.00;1036000.00;Orange Money
4;ENS-0004;Octobre;2023;353000.00;0.00;39000.00;314000.00;Virement bancaire
5;ENS-0005;Octobre;2023;181000.00;0.00;28000.00;153000.00;Virement bancaire
6;ENS-0006;Octobre;2023;209000.00;0.00;21000.00;188000.00;Orange Money
7;ENS-0007;Octobre;2023;1195000.00;0.00;134000.00;1061000.00;Virement bancaire
8;ENS-0008;Octobre;2023;1157000.00;0.00;198000.00;959000.00;Virement bancaire
9;ENS-0009;Octobre;2023;185000.00;0.00;27000.00;158000.00;Virement bancaire
10;ENS-0010;OCTOBRE;2023;1575000.00;0.00;226000.00;1349000.00;Orange Money
11;ENS-0011;Octobre;2023;1744000.00;241000.00;243000.00;1742000.00;Espèces
12;ENS-0012;Octobre;2023;1769000.00;0.00;216000.00;1553000.00;Virement bancaire
13;ENS-0013;Octobre;2023;977000.00;93000.00;152000.00;-918000.00;Virement bancaire
14;ENS-0014;Octobre;2023;1010000.00;0.00;115000.00;895000.00;Orange Money
15;ENS-0015;Octobre;2023;466000.00;68000.00;42000.00;492000.00;Wave
16;ENS-0016;Octobre;2023;998000.00;0.00;147000.00;851000.00;Virement bancaire
17;ENS-0017;Octobre;2023;1028000.00;0.00;134000.00;894000.00;Wave
18;ENS-0018;OCTOBRE;2023;502000.00;68000.00;53000.00;517000.00;Orange Money
19;ENS-0019;Octobre;2023;397000.00;0.00;38000.00;359000.00;Virement bancaire
20;ENS-0020;Octobre;2023;521000.00;34000.00;64000.00;491000.00;Virement bancaire
21;ENS-0022;Octobre;2023;111000.00;0.00;9000.00;102000.00;Virement bancaire
22;ENS-0023;Octobre;2023;786000.00;0.00;106000.00;680000.00;Virement bancaire
23;ENS-0024;Octobre;2023;680000.00;0.00;86000.00;594000.00;Espèces
24;ENS-0025;Octobre;2023;486000.00;47000.00;78000.00;455000.00;Orange Money
25;ENS-0026;Octobre;2023;472000.00;0.00;79000.00;393000.00;Virement bancaire
26;ENS-0027;Octobre;2023;1115000.00;0.00;104000.00;1011000.00;Wave
27;ENS-0029;Octobre;2023;422000.00;0.00;49000.00;373000.00;Virement bancaire
28;ENS-0030;Octobre;2023;1672000.00;0.00;242000.00;1430000.00;Virement bancaire
29;ENS-0031;Octobre;2023;672000.00;0.00;94000.00;578000.00;Virement bancaire
30;ENS-0032;Octobre;2023;279000.00;0.00;43000.00;236000.00;Virement bancaire
31;ENS-0033;Octobre;2023;469000.00;0.00;66000.00;403000.00;Wave
32;ENS-0034;Octobre;2023;1102000.00;0.00;113000.00;989000.00;Virement bancaire
33;ENS-0036;Octobre;2023;143000.00;0.00;12000.00;131000.00;Virement bancaire
34;ENS-0038;Octobre;2023;206000.00;0.00;34000.00;172000.00;Virement bancaire
35;ENS-0039;Octobre;2023;483000.00;51000.00;79000.00;455000.00;Virement bancaire
36;ENS-0040;Octobre;2023;586000.00;0.00;92000.00;494000.00;Virement bancaire
37;ENS-0041;Octobre;2023;1016000.00;97000.00;153000.00;960000.00;Virement bancaire
38;ENS-0042;Octobre;2023;1577000.00;147000.00;246000.00;1478000.00;Virement bancaire
38;ENS-0042;Octobre;2023;1577000.00;147000.00;246000.00;1478000.00;Virement bancaire
39;ENS-0043;Octobre;2023;172000.00;0.00;17000.00;155000.00;Virement bancaire
40;ENS-0044;Octobre;2023;175000.00;0.00;28000.00;147000.00;Virement bancaire
41;ENS-0045;Octobre;2023;476000.00;0.00;43000.00;433000.00;Virement bancaire
42;ENS-0047;OCTOBRE;2023;340000.00;0.00;51000.00;289000.00;Virement bancaire
43;ENS-0048;Octobre;2023;212000.00;0.00;22000.00;190000.00;Virement bancaire
44;ENS-0049;Octobre;2023;205000.00;0.00;22000.00;-183000.00;Virement bancaire
45;ENS-0050;Octobre;2023;302000.00;0.00;52000.00;250000.00;Virement bancaire
46;ENS-0051;Octobre;2023;1109000.00;0.00;156000.00;953000.00;Virement bancaire
47;ENS-0052;Octobre;2023;149000.00;0.00;26000.00;123000.00;Virement bancaire
48;ENS-0053;Octobre;2023;1084000.00;136000.00;162000.00;1058000.00;Virement bancaire
49;ENS-0054;Octobre;2023;695000.00;0.00;56000.00;639000.00;Espèces
49;ENS-0054;Octobre;2023;695000.00;0.00;56000.00;639000.00;Espèces
50;ENS-0056;Octobre;2023;1503000.00;176000.00;250000.00;1429000.00;Virement bancaire
51;ENS-0059;Octobre;2023;157000.00;0.00;20000.00;137000.00;Virement bancaire
52;ENS-0061;Octobre;2023;276000.00;0.00;38000.00;238000.00;Virement bancaire
53;ENS-0062;Octobre;2023;1312000.00;182000.00;213000.00;1281000.00;Virement bancaire
54;ENS-0063;Octobre;2023;301000.00;790503.66;31000.00;270000.00;Wave
55;ENS-0064;Octobre;2023;271000.00;0.00;30000.00;241000.00;Virement bancaire
56;ENS-0065;10;2023;460000.00;31000.00;60000.00;431000.00;Virement bancaire
57;ENS-0066;Octobre;2023;200000.00;0.00;35000.00;165000.00;Wave
58;ENS-0067;Octobre;2023;1036000.00;0.00;178000.00;858000.00;Virement bancaire
59;ENS-0068;Octobre;2023;1169000.00;138000.00;117000.00;1190000.00;Banque
60;ENS-0069;Octobre;2023;105000.00;0.00;18000.00;87000.00;Virement bancaire
61;ENS-0070;10;2023;923000.00;0.00;159000.00;764000.00;Orange Money
62;ENS-0071;Octobre;2023;217000.00;0.00;37000.00;180000.00;Virement bancaire
63;ENS-0073;Octobre;2023;307000.00;0.00;26000.00;281000.00;Espèces
64;ENS-0074;Octobre;2023;477000.00;62000.00;84000.00;455000.00;Wave
65;ENS-0075;Octobre;2023;1691000.00;0.00;142000.00;1549000.00;Virement bancaire
66;ENS-0076;Octobre;2023;1388000.00;0.00;114000.00;1274000.00;Wave
67;ENS-0078;Octobre;2023;1187000.00;0.00;190000.00;997000.00;Virement bancaire
68;ENS-0079;Octobre;2023;266000.00;0.00;22000.00;244000.00;Orange Money
69;ENS-0080;Octobre;2023;473000.00;0.00;74000.00;399000.00;Virement bancaire
70;ENS-0082;Octobre;2023;466000.00;0.00;40000.00;426000.00;Virement bancaire
70;ENS-0082;Octobre;2023;466000.00;0.00;40000.00;426000.00;Virement bancaire
71;ENS-0083;octobre;2023;931000.00;113000.00;150000.00;894000.00;Wave
72;ENS-0084;Octobre;2023;244000.00;0.00;38000.00;206000.00;Virement bancaire
73;ENS-0085;Octobre;2023;708000.00;0.00;115000.00;593000.00;Virement bancaire
74;ENS-0086;Octobre;2023;820000.00;66000.00;82000.00;804000.00;Espèces
75;ENS-0087;Octobre;2023;922000.00;94000.00;90000.00;926000.00;Virement bancaire
76;ENS-0088;Octobre;2023;260000.00;0.00;39000.00;221000.00;Virement bancaire
77;ENS-0089;Octobre;2023;1147000.00;0.00;121000.00;1026000.00;Orange Money
78;ENS-0090;Octobre;2023;1592000.00;0.00;277000.00;1315000.00;Virement bancaire
79;ENS-0091;Octobre;2023;143000.00;0.00;20000.00;123000.00;Virement bancaire
80;ENS-0092;Octobre;2023;1054000.00;0.00;178000.00;876000.00;Espèces
81;ENS-0093;Octobre;2023;499000.00;60000.00;40000.00;519000.00;Virement bancaire
82;ENS-0094;Octobre;2023;1116000.00;0.00;105000.00;-1011000.00;Banque
83;ENS-0095;10;2023;1653000.00;0.00;242000.00;1411000.00;Espèces
84;ENS-0096;Octobre;2023;752000.00;0.00;83000.00;669000.00;Orange Money
85;ENS-0097;Octobre;2023;147000.00;0.00;22000.00;125000.00;Wave
86;ENS-0098;Octobre;2023;1114000.00;2804425.65;163000.00;1065000.00;Virement bancaire
87;ENS-0099;Octobre;2023;333000.00;0.00;49000.00;284000.00;Virement bancaire
88;ENS-0100;Octobre;2023;961000.00;99000.00;145000.00;915000.00;Virement bancaire
89;ENS-0101;Octobre;2023;205000.00;0.00;22000.00;183000.00;Virement bancaire
90;ENS-0102;Octobre;2023;131000.00;0.00;16000.00;-115000.00;Virement bancaire
91;ENS-0103;Octobre;2023;1087000.00;0.00;150000.00;937000.00;Virement bancaire
92;ENS-0104;Octobre;2023;659000.00;96000.00;62000.00;693000.00;Virement bancaire
93;ENS-0105;Octobre;2023;156000.00;0.00;14000.00;142000.00;Espèces
94;ENS-0106;Octobre;2023;993000.00;71000.00;127000.00;937000.00;Virement bancaire
95;ENS-0107;octobre;2023;673000.00;70000.00;83000.00;660000.00;Virement bancaire
96;ENS-0108;Octobre;2023;941000.00;69000.00;98000.00;912000.00;Virement bancaire
96;ENS-0108;Octobre;2023;941000.00;69000.00;98000.00;912000.00;Virement bancaire
97;ENS-0109;Octobre;2023;1639000.00;5516930.88;258000.00;1590000.00;Virement bancaire
98;ENS-0110;Octobre;2023;323000.00;0.00;43000.00;280000.00;Virement bancaire
99;ENS-0111;Octobre;2023;201000.00;0.00;26000.00;175000.00;Virement bancaire
100;ENS-0112;Octobre;2023;1569000.00;0.00;231000.00;1338000.00;Virement bancaire
101;ENS-0113;Octobre;2023;981000.00;62000.00;105000.00;938000.00;Banque
102;ENS-0114;Octobre;2023;1023000.00;3156993.94;103000.00;920000.00;Orange Money
103;ENS-0115;Octobre;2023;355000.00;0.00;31000.00;324000.00;Wave
104;ENS-0116;Octobre;2023;1077000.00;0.00;158000.00;919000.00;Espèces
105;ENS-0117;Octobre;2023;434000.00;0.00;65000.00;369000.00;Virement bancaire
106;ENS-0118;Octobre;2023;469000.00;37000.00;68000.00;438000.00;Orange Money
107;ENS-0119;Octobre;2023;806000.00;0.00;84000.00;722000.00;Virement bancaire
108;ENS-0120;Octobre;2023;1059000.00;0.00;114000.00;945000.00;Virement bancaire
108;ENS-0120;Octobre;2023;1059000.00;0.00;114000.00;945000.00;Virement bancaire
109;ENS-0001;Novembre;2023;1087000.00;0.00;97000.00;990000.00;Orange Money
110;ENS-0002;Novembre;2023;831000.00;0.00;81000.00;750000.00;Virement bancaire
111;ENS-0003;Novembre;2023;1110000.00;0.00;138000.00;972000.00;Orange Money
112;ENS-0004;Novembre;2023;195000.00;0.00;20000.00;175000.00;Virement bancaire
113;ENS-0005;Novembre;2023;173000.00;0.00;14000.00;159000.00;Virement bancaire
114;ENS-0006;Novembre;2023;226000.00;0.00;27000.00;199000.00;Orange Money
114;ENS-0006;Novembre;2023;226000.00;0.00;27000.00;199000.00;Orange Money
115;ENS-0007;Novembre;2023;1195000.00;85000.00;200000.00;1080000.00;Virement bancaire
116;ENS-0008;Novembre;2023;1157000.00;64000.00;114000.00;1107000.00;Virement bancaire
117;ENS-0009;Novembre;2023;114000.00;0.00;10000.00;104000.00;Virement bancaire
118;ENS-0010;Novembre;2023;1575000.00;230000.00;277000.00;1528000.00;Orange Money
119;ENS-0011;Nove.;2023;1744000.00;0.00;249000.00;1495000.00;Orange Money
120;ENS-0012;Novembre;2023;1769000.00;0.00;257000.00;1512000.00;Virement bancaire
121;ENS-0013;Novembre;2023;977000.00;97000.00;119000.00;955000.00;Virement bancaire
122;ENS-0014;Novembre;2023;1010000.00;0.00;89000.00;921000.00;Orange Money
123;ENS-0015;Novembre;2023;466000.00;0.00;58000.00;408000.00;Wave
124;ENS-0016;Novembre;2023;998000.00;109000.00;172000.00;935000.00;Virement bancaire
125;ENS-0017;Novembre;2023;1028000.00;152000.00;166000.00;1014000.00;Wave
126;ENS-0018;Novembre;2023;502000.00;0.00;67000.00;435000.00;Orange Money
127;ENS-0019;Novembre;2023;234000.00;0.00;19000.00;215000.00;Virement bancaire
128;ENS-0020;Novembre;2023;521000.00;0.00;67000.00;454000.00;Virement bancaire
129;ENS-0022;Novembre;2023;97000.00;0.00;10000.00;87000.00;Espèces
130;ENS-0023;Novembre;2023;786000.00;0.00;115000.00;671000.00;Virement bancaire
131;ENS-0024;Novembre;2023;680000.00;99000.00;97000.00;682000.00;Espèces
132;ENS-0025;Novembre;2023;486000.00;42000.00;62000.00;466000.00;Orange Money
133;ENS-0026;Novembre;2023;472000.00;0.00;65000.00;407000.00;Virement bancaire
134;ENS-0027;Novembre;2023;1115000.00;0.00;178000.00;937000.00;Wave
134;ENS-0027;Novembre;2023;1115000.00;0.00;178000.00;937000.00;Wave
135;ENS-0029;Novembre;2023;287000.00;0.00;39000.00;248000.00;Virement bancaire
135;ENS-0029;Novembre;2023;287000.00;0.00;39000.00;248000.00;Virement bancaire
136;ENS-0030;Novembre;2023;1672000.00;167000.00;283000.00;1556000.00;Virement bancaire
137;ENS-0031;Novembre;2023;672000.00;0.00;121000.00;551000.00;Virement bancaire
138;ENS-0032;Novembre;2023;298000.00;0.00;32000.00;266000.00;Virement bancaire
139;ENS-0033;Novembre;2023;469000.00;0.00;41000.00;428000.00;Wave
140;ENS-0034;11;2023;1102000.00;0.00;166000.00;936000.00;Virement bancaire
141;ENS-0036;Novembre;2023;328000.00;0.00;38000.00;290000.00;Virement bancaire
142;ENS-0038;Novembre;2023;256000.00;0.00;29000.00;227000.00;Virement bancaire
142;ENS-0038;Novembre;2023;256000.00;0.00;29000.00;227000.00;Virement bancaire
143;ENS-0039;Novembre;2023;483000.00;0.00;41000.00;442000.00;Virement bancaire
144;ENS-0040;Nove.;2023;586000.00;0.00;103000.00;483000.00;Virement bancaire
145;ENS-0041;Novembre;2023;1016000.00;0.00;105000.00;911000.00;Virement bancaire
146;ENS-0042;Novembre;2023;1577000.00;0.00;247000.00;1330000.00;Virement bancaire
147;ENS-0043;Novembre;2023;212000.00;0.00;36000.00;176000.00;Virement bancaire
148;ENS-0044;Novembre;2023;274000.00;0.00;36000.00;238000.00;Virement bancaire
149;ENS-0045;Novembre;2023;476000.00;0.00;72000.00;-404000.00;Virement bancaire
150;ENS-0047;Novembre;2023;420000.00;0.00;45000.00;375000.00;Virement bancaire
151;ENS-0048;Nove.;2023;231000.00;0.00;38000.00;193000.00;Virement bancaire
152;ENS-0049;Novembre;2023;224000.00;0.00;27000.00;197000.00;Virement bancaire
153;ENS-0050;Novembre;2023;286000.00;0.00;29000.00;257000.00;bank transfer
154;ENS-0051;Novembre;2023;1109000.00;0.00;164000.00;945000.00;Virement bancaire
154;ENS-0051;Novembre;2023;1109000.00;0.00;164000.00;945000.00;Virement bancaire
155;ENS-0052;Novembre;2023;291000.00;0.00;25000.00;266000.00;Virement bancaire
156;ENS-0053;Novembre;2023;1084000.00;70000.00;150000.00;1004000.00;Virement bancaire
156;ENS-0053;Novembre;2023;1084000.00;70000.00;150000.00;1004000.00;Virement bancaire
157;ENS-0054;Novembre;2023;695000.00;0.00;87000.00;608000.00;Espèces
158;ENS-0056;Novembre;2023;1503000.00;131000.00;146000.00;1488000.00;Virement bancaire
159;ENS-0058;Novembre;2023;1075000.00;0.00;118000.00;957000.00;Espèces
160;ENS-0059;Novembre;2023;247000.00;0.00;20000.00;227000.00;Virement bancaire
161;ENS-0061;Novembre;2023;298000.00;812687.73;28000.00;270000.00;Virement bancaire
162;ENS-0062;Novembre;2023;1312000.00;0.00;131000.00;1181000.00;Virement bancaire
163;ENS-0063;Novembre;2023;347000.00;0.00;51000.00;296000.00;Wave
164;ENS-0064;Novembre;2023;171000.00;0.00;29000.00;142000.00;Virement bancaire
165;ENS-0065;Novembre;2023;460000.00;0.00;72000.00;388000.00;Virement bancaire
165;ENS-0065;Novembre;2023;460000.00;0.00;72000.00;388000.00;Virement bancaire
166;ENS-0066;11;2023;299000.00;0.00;52000.00;247000.00;Wave
167;ENS-0067;Novembre;2023;1036000.00;115000.00;137000.00;-1014000.00;Virement bancaire
168;ENS-0068;Novembre;2023;1169000.00;0.00;179000.00;990000.00;Virement bancaire
169;ENS-0069;Novembre;2023;136000.00;0.00;18000.00;118000.00;Virement bancaire
170;ENS-0070;Novembre;2023;923000.00;0.00;148000.00;775000.00;Orange Money
171;ENS-0071;Novembre;2023;125000.00;0.00;18000.00;107000.00;Virement bancaire
171;ENS-0071;Novembre;2023;125000.00;0.00;18000.00;107000.00;Virement bancaire
172;ENS-0073;11;2023;334000.00;0.00;56000.00;278000.00;Espèces
173;ENS-0074;Novembre;2023;477000.00;0.00;61000.00;416000.00;Wave
174;ENS-0075;Novembre;2023;1691000.00;199000.00;207000.00;1683000.00;Virement bancaire
175;ENS-0076;Novembre;2023;1388000.00;0.00;127000.00;-1261000.00;Wave
176;ENS-0078;Novembre;2023;1187000.00;0.00;157000.00;1030000.00;Virement bancaire
177;ENS-0079;Novembre;2023;308000.00;0.00;51000.00;257000.00;Orange Money
178;ENS-0080;Novembre;2023;348000.00;0.00;32000.00;316000.00;Virement bancaire
178;ENS-0080;Novembre;2023;348000.00;0.00;32000.00;316000.00;Virement bancaire
179;ENS-0082;Novembre;2023;466000.00;42000.00;65000.00;443000.00;Virement bancaire
180;ENS-0083;Novembre;2023;931000.00;0.00;92000.00;839000.00;Wave
181;ENS-0084;Novembre;2023;115000.00;0.00;16000.00;99000.00;Virement bancaire
181;ENS-0084;Novembre;2023;115000.00;0.00;16000.00;99000.00;Virement bancaire
182;ENS-0085;Novembre;2023;708000.00;0.00;100000.00;608000.00;Virement bancaire
183;ENS-0086;Novembre;2023;820000.00;71000.00;73000.00;818000.00;Espèces
184;ENS-0087;Novembre;2023;922000.00;2398430.57;124000.00;798000.00;Virement bancaire
185;ENS-0088;Novembre;2023;167000.00;0.00;22000.00;145000.00;Virement bancaire
186;ENS-0089;Novembre;2023;1147000.00;151000.00;178000.00;1120000.00;Orange Money
187;ENS-0090;Novembre;2023;1592000.00;0.00;280000.00;1312000.00;Virement bancaire
188;ENS-0091;11;2023;278000.00;0.00;38000.00;240000.00;Virement bancaire
189;ENS-0092;Novembre;2023;1054000.00;63000.00;146000.00;971000.00;Espèces
190;ENS-0093;Novembre;2023;499000.00;0.00;86000.00;413000.00;Espèces
191;ENS-0094;Novembre;2023;1116000.00;155000.00;156000.00;1115000.00;Virement bancaire
192;ENS-0095;Novembre;2023;1653000.00;220000.00;260000.00;1613000.00;Virement bancaire
193;ENS-0096;Novembre;2023;752000.00;0.00;97000.00;655000.00;Orange Money
193;ENS-0096;Novembre;2023;752000.00;0.00;97000.00;655000.00;Orange Money
194;ENS-0097;Novembre;2023;168000.00;0.00;20000.00;148000.00;Wave
195;ENS-0098;Novembre;2023;1114000.00;83000.00;189000.00;1008000.00;Virement bancaire
196;ENS-0099;Novembre;2023;431000.00;0.00;53000.00;378000.00;Virement bancaire
197;ENS-0100;Novembre;2023;961000.00;0.00;148000.00;813000.00;Virement bancaire
198;ENS-0101;Novembre;2023;360000.00;0.00;65000.00;295000.00;Orange Money
199;ENS-0102;Novembre;2023;143000.00;534349.03;22000.00;121000.00;Virement bancaire
200;ENS-0103;Novembre;2023;1087000.00;0.00;189000.00;898000.00;Virement bancaire
201;ENS-0104;Novembre;2023;659000.00;0.00;59000.00;600000.00;Virement bancaire
202;ENS-0105;Novembre;2023;95000.00;0.00;15000.00;80000.00;Virement bancaire
202;ENS-0105;Novembre;2023;95000.00;0.00;15000.00;80000.00;Virement bancaire
203;ENS-0106;Novembre;2023;993000.00;0.00;99000.00;894000.00;Virement bancaire
204;ENS-0107;Novembre;2023;673000.00;39000.00;118000.00;594000.00;Virement bancaire
205;ENS-0108;Novembre;2023;941000.00;0.00;155000.00;786000.00;Virement bancaire
206;ENS-0109;Novembre;2023;1639000.00;0.00;240000.00;1399000.00;Virement bancaire
206;ENS-0109;Novembre;2023;1639000.00;0.00;240000.00;1399000.00;Virement bancaire
207;ENS-0110;Novembre;2023;294000.00;0.00;47000.00;247000.00;Virement bancaire
208;ENS-0111;Novembre;2023;257000.00;0.00;29000.00;228000.00;Virement bancaire
209;ENS-0112;Novembre;2023;1569000.00;0.00;249000.00;1320000.00;Virement bancaire
210;ENS-0113;Novembre;2023;981000.00;143000.00;82000.00;1042000.00;Virement bancaire
211;ENS-0114;Novembre;2023;1023000.00;0.00;151000.00;872000.00;Orange Money
212;ENS-0115;Novembre;2023;402000.00;0.00;33000.00;369000.00;Wave
213;ENS-0116;Novembre;2023;1077000.00;0.00;182000.00;895000.00;Espèces
214;ENS-0117;Novembre;2023;403000.00;0.00;69000.00;334000.00;Orange Money
215;ENS-0118;Novembre;2023;469000.00;0.00;71000.00;398000.00;Orange Money
216;ENS-0119;Novembre;2023;806000.00;0.00;66000.00;740000.00;Virement bancaire
217;ENS-0120;Novembre;2023;1059000.00;0.00;86000.00;973000.00;Virement bancaire
218;ENS-0001;Décembre;2023;1087000.00;64000.00;113000.00;1038000.00;Orange Money
219;ENS-0002;Décembre;2023;831000.00;0.00;106000.00;725000.00;Virement bancaire
220;ENS-0003;Décembre;2023;1110000.00;0.00;96000.00;1014000.00;Orange Money
221;ENS-0004;Décembre;2023;205000.00;0.00;26000.00;179000.00;Virement bancaire
222;ENS-0005;Décembre;2023;100000.00;0.00;8000.00;92000.00;Virement bancaire
223;ENS-0006;Décembre;2023;312000.00;0.00;46000.00;266000.00;Orange Money
223;ENS-0006;Décembre;2023;312000.00;0.00;46000.00;266000.00;Orange Money
224;ENS-0007;Décembre;2023;1195000.00;163000.00;194000.00;1164000.00;Virement bancaire
225;ENS-0008;Décembre;2023;1157000.00;124000.00;113000.00;1168000.00;Virement bancaire
226;ENS-0009;Décembre;2023;144000.00;0.00;23000.00;121000.00;Espèces
227;ENS-0010;Décembre;2023;1575000.00;0.00;197000.00;1378000.00;Orange Money
228;ENS-0011;Décembre;2023;1744000.00;0.00;178000.00;1566000.00;Espèces
229;ENS-0012;Décembre;2023;1769000.00;0.00;204000.00;1565000.00;Virement bancaire
230;ENS-0013;Décembre;2023;977000.00;0.00;103000.00;874000.00;Virement bancaire
231;ENS-0014;Décembre;2023;1010000.00;0.00;83000.00;927000.00;Orange Money
232;ENS-0015;Décembre;2023;466000.00;58000.00;70000.00;454000.00;Wave
233;ENS-0016;Décembre;2023;998000.00;0.00;166000.00;832000.00;Virement bancaire
234;ENS-0017;DÉCEMBRE;2023;1028000.00;86000.00;136000.00;978000.00;Wave
235;ENS-0018;Décembre;2023;502000.00;64000.00;82000.00;484000.00;Orange Money
236;ENS-0019;Décembre;2023;280000.00;617946.76;22000.00;258000.00;Virement bancaire
237;ENS-0020;DÉCEMBRE;2023;521000.00;37000.00;92000.00;466000.00;Virement bancaire
238;ENS-0022;Décembre;2023;198000.00;0.00;21000.00;-177000.00;Virement bancaire
239;ENS-0023;Décembre;2023;786000.00;0.00;127000.00;659000.00;Virement bancaire
240;ENS-0024;Décembre;2023;680000.00;0.00;111000.00;569000.00;Espèces
241;ENS-0025;Décembre;2023;486000.00;0.00;49000.00;437000.00;Orange Money
242;ENS-0026;Décembre;2023;472000.00;0.00;59000.00;413000.00;VIREMENT
243;ENS-0027;Décembre;2023;1115000.00;114000.00;123000.00;1106000.00;Wave
244;ENS-0029;Décembre;2023;370000.00;0.00;66000.00;304000.00;Virement bancaire
245;ENS-0030;Décembre;2023;1672000.00;0.00;157000.00;-1515000.00;Virement bancaire
246;ENS-0031;Décembre;2023;672000.00;0.00;82000.00;-590000.00;Virement bancaire
247;ENS-0032;Décembre;2023;314000.00;0.00;42000.00;272000.00;Virement bancaire
248;ENS-0033;Décembre;2023;469000.00;66000.00;53000.00;482000.00;WAVE
249;ENS-0034;Décembre;2023;1102000.00;0.00;198000.00;904000.00;Virement bancaire
250;ENS-0036;Décembre;2023;304000.00;0.00;25000.00;279000.00;Virement bancaire
251;ENS-0038;décembre;2023;150000.00;0.00;24000.00;126000.00;Virement bancaire
252;ENS-0039;Décembre;2023;483000.00;25000.00;55000.00;453000.00;Virement bancaire
253;ENS-0040;Décembre;2023;586000.00;0.00;72000.00;514000.00;Virement bancaire
254;ENS-0041;Décembre;2023;1016000.00;0.00;94000.00;922000.00;Virement bancaire
255;ENS-0042;Décembre;2023;1577000.00;198000.00;152000.00;1623000.00;Virement bancaire
256;ENS-0043;Décembre;2023;198000.00;0.00;30000.00;-168000.00;Virement bancaire
257;ENS-0044;Décembre;2023;285000.00;0.00;44000.00;241000.00;Virement bancaire
258;ENS-0045;Décembre;2023;391000.00;0.00;45000.00;346000.00;Virement bancaire
259;ENS-0047;Décembre;2023;431000.00;0.00;39000.00;392000.00;Virement bancaire
260;ENS-0048;Décembre;2023;251000.00;0.00;26000.00;225000.00;Virement bancaire
261;ENS-0049;Décembre;2023;264000.00;0.00;47000.00;217000.00;Virement bancaire
262;ENS-0050;Décembre;2023;455000.00;0.00;65000.00;390000.00;Virement bancaire
263;ENS-0051;Décembre;2023;1109000.00;0.00;145000.00;964000.00;Virement bancaire
264;ENS-0052;Décembre;2023;312000.00;0.00;31000.00;281000.00;Virement bancaire
265;ENS-0053;Décembre;2023;1084000.00;159000.00;90000.00;1153000.00;Virement bancaire
266;ENS-0054;Décembre;2023;695000.00;69000.00;82000.00;682000.00;Espèces
267;ENS-0055;Décembre;2023;770000.00;0.00;109000.00;661000.00;Virement bancaire
268;ENS-0056;Décembre;2023;1503000.00;163000.00;210000.00;1456000.00;Virement bancaire
269;ENS-0058;Décembre;2023;1075000.00;0.00;182000.00;893000.00;Espèces
270;ENS-0059;DÉCEMBRE;2023;150000.00;0.00;18000.00;132000.00;Virement bancaire
271;ENS-0061;Décembre;2023;305000.00;0.00;33000.00;272000.00;Virement bancaire
272;ENS-0062;Décembre;2023;1312000.00;0.00;143000.00;1169000.00;Virement bancaire
273;ENS-0063;Décembre;2023;230000.00;0.00;24000.00;206000.00;Wave
274;ENS-0064;Décembre;2023;298000.00;0.00;31000.00;267000.00;Virement bancaire
275;ENS-0065;Décembre;2023;460000.00;27000.00;79000.00;-408000.00;Virement bancaire
276;ENS-0066;Décembre;2023;438000.00;0.00;68000.00;370000.00;Wave
277;ENS-0067;Décembre;2023;1036000.00;103000.00;88000.00;1051000.00;Virement bancaire
277;ENS-0067;Décembre;2023;1036000.00;103000.00;88000.00;1051000.00;Virement bancaire
278;ENS-0068;Déce.;2023;1169000.00;0.00;189000.00;980000.00;Virement bancaire
279;ENS-0069;Décembre;2023;254000.00;0.00;43000.00;211000.00;Virement bancaire
280;ENS-0070;Décembre;2023;923000.00;0.00;114000.00;809000.00;OM
281;ENS-0071;Décembre;2023;174000.00;0.00;29000.00;145000.00;Virement bancaire
282;ENS-0073;Décembre;2023;179000.00;0.00;17000.00;162000.00;Espèces
283;ENS-0074;Décembre;2023;477000.00;45000.00;84000.00;438000.00;Wave
284;ENS-0075;Décembre;2023;1691000.00;0.00;243000.00;-1448000.00;Virement bancaire
285;ENS-0076;Décembre;2023;1388000.00;0.00;125000.00;1263000.00;Wave
286;ENS-0078;Décembre;2023;1187000.00;0.00;193000.00;994000.00;Virement bancaire
287;ENS-0079;Décembre;2023;237000.00;0.00;31000.00;206000.00;Orange Money
288;ENS-0080;Décembre;2023;441000.00;0.00;64000.00;377000.00;Espèces
289;ENS-0082;Décembre;2023;466000.00;0.00;49000.00;417000.00;Virement bancaire
290;ENS-0083;Décembre;2023;931000.00;67000.00;87000.00;911000.00;Wave
291;ENS-0084;Décembre;2023;180000.00;0.00;26000.00;154000.00;Virement
292;ENS-0085;Décembre;2023;708000.00;0.00;101000.00;607000.00;Virement bancaire
293;ENS-0086;Décembre;2023;820000.00;76000.00;111000.00;785000.00;Espèces
294;ENS-0087;Décembre;2023;922000.00;0.00;147000.00;775000.00;Virement bancaire
295;ENS-0088;Décembre;2023;182000.00;0.00;26000.00;156000.00;Virement bancaire
296;ENS-0089;Décembre;2023;1147000.00;0.00;162000.00;985000.00;Orange Money
297;ENS-0090;Décembre;2023;1592000.00;0.00;284000.00;1308000.00;Virement bancaire
298;ENS-0091;Décembre;2023;310000.00;0.00;55000.00;255000.00;Virement bancaire
298;ENS-0091;Décembre;2023;310000.00;0.00;55000.00;255000.00;Virement bancaire
299;ENS-0092;Décembre;2023;1054000.00;150000.00;107000.00;1097000.00;Espèces
300;ENS-0093;Décembre;2023;499000.00;812295.40;81000.00;418000.00;Virement bancaire
301;ENS-0094;Décembre;2023;1116000.00;0.00;110000.00;1006000.00;Virement bancaire
302;ENS-0095;Décembre;2023;1653000.00;107000.00;139000.00;1621000.00;Virement bancaire
303;ENS-0096;Décembre;2023;752000.00;0.00;79000.00;673000.00;Orange Money
304;ENS-0097;Décembre;2023;136000.00;0.00;15000.00;121000.00;Wave
305;ENS-0098;Décembre;2023;1114000.00;0.00;189000.00;925000.00;Wave
306;ENS-0099;Décembre;2023;423000.00;0.00;41000.00;382000.00;Virement bancaire
307;ENS-0100;Décembre;2023;961000.00;77000.00;102000.00;936000.00;Virement bancaire
308;ENS-0101;Décembre;2023;462000.00;0.00;74000.00;388000.00;Virement bancaire
309;ENS-0102;Décembre;2023;102000.00;0.00;15000.00;87000.00;Virement bancaire
310;ENS-0103;Décembre;2023;1087000.00;70000.00;162000.00;995000.00;Virement bancaire
311;ENS-0104;Décembre;2023;659000.00;0.00;107000.00;552000.00;Virement bancaire
312;ENS-0105;Décembre;2023;104000.00;0.00;10000.00;94000.00;Virement bancaire
313;ENS-0106;Décembre;2023;993000.00;0.00;102000.00;891000.00;Virement bancaire
314;ENS-0107;Décembre;2023;673000.00;0.00;110000.00;563000.00;Virement bancaire
315;ENS-0108;Décembre;2023;941000.00;0.00;161000.00;780000.00;Virement bancaire
316;ENS-0109;Décembre;2023;1639000.00;115000.00;234000.00;1520000.00;Virement bancaire
317;ENS-0110;Décembre;2023;408000.00;0.00;51000.00;357000.00;Virement bancaire
318;ENS-0111;Décembre;2023;264000.00;462683.56;40000.00;224000.00;Virement bancaire
319;ENS-0112;Décembre;2023;1569000.00;79000.00;149000.00;1499000.00;Virement bancaire
320;ENS-0113;Décembre;2023;981000.00;116000.00;121000.00;976000.00;Virement bancaire
321;ENS-0114;Décembre;2023;1023000.00;54000.00;157000.00;920000.00;Orange Money
322;ENS-0115;Décembre;2023;435000.00;0.00;40000.00;395000.00;Wave
323;ENS-0116;Décembre;2023;1077000.00;0.00;124000.00;953000.00;Espèces
324;ENS-0117;Décembre;2023;463000.00;1830112.96;64000.00;399000.00;Virement bancaire
325;ENS-0118;Décembre;2023;469000.00;0.00;50000.00;-419000.00;Orange Money
326;ENS-0119;Décembre;2023;806000.00;0.00;129000.00;677000.00;Virement bancaire
327;ENS-0120;Décembre;2023;1059000.00;0.00;148000.00;911000.00;Virement bancaire
327;ENS-0120;Décembre;2023;1059000.00;0.00;148000.00;911000.00;Virement bancaire
328;ENS-0001;Janvier;2024;1120000.00;0.00;108000.00;-1012000.00;Orange Money
329;ENS-0002;Janvier;2024;856000.00;83000.00;115000.00;824000.00;Virement bancaire
330;ENS-0003;Janvier;2024;1143000.00;0.00;114000.00;1029000.00;Orange Money
330;ENS-0003;Janvier;2024;1143000.00;0.00;114000.00;1029000.00;Orange Money
331;ENS-0004;Janvier;2024;163000.00;0.00;17000.00;146000.00;Virement bancaire
332;ENS-0005;Janvier;2024;151000.00;0.00;12000.00;139000.00;Virement bancaire
333;ENS-0006;Janvier;2024;264000.00;0.00;36000.00;228000.00;Orange Money
334;ENS-0007;Janvier;2024;1231000.00;0.00;119000.00;1112000.00;Virement bancaire
335;ENS-0008;Janvier;2024;1192000.00;0.00;111000.00;1081000.00;Virement bancaire
336;ENS-0009;Janvier;2024;291000.00;0.00;31000.00;260000.00;Virement bancaire
337;ENS-0010;Janvier;2024;1622000.00;0.00;186000.00;1436000.00;Orange Money
338;ENS-0011;Janvier;2024;1796000.00;0.00;176000.00;1620000.00;Espèces
339;ENS-0012;Janvier;2024;1822000.00;0.00;241000.00;-1581000.00;Virement bancaire
340;ENS-0013;Janvier;2024;1006000.00;0.00;143000.00;863000.00;Virement bancaire
341;ENS-0014;Janvier;2024;1040000.00;0.00;134000.00;906000.00;Orange Money
342;ENS-0015;Janvier;2024;480000.00;32000.00;43000.00;469000.00;Wave
342;ENS-0015;Janvier;2024;480000.00;32000.00;43000.00;469000.00;Wave
343;ENS-0016;Janvier;2024;1028000.00;72000.00;151000.00;949000.00;Virement bancaire
343;ENS-0016;Janvier;2024;1028000.00;72000.00;151000.00;949000.00;Virement bancaire
344;ENS-0017;Janvier;2024;1059000.00;0.00;147000.00;912000.00;Wave
345;ENS-0018;Janvier;2024;517000.00;0.00;91000.00;426000.00;Orange Money
346;ENS-0019;01;2024;179000.00;0.00;18000.00;161000.00;Virement bancaire
347;ENS-0020;Janvier;2024;537000.00;0.00;48000.00;489000.00;Virement bancaire
348;ENS-0022;Janvier;2024;107000.00;0.00;16000.00;91000.00;Virement bancaire
349;ENS-0023;Janvier;2024;810000.00;0.00;98000.00;712000.00;Virement bancaire
350;ENS-0024;Janvier;2024;700000.00;0.00;90000.00;610000.00;Cash
351;ENS-0025;Janvier;2024;501000.00;72000.00;86000.00;487000.00;Orange Money
352;ENS-0026;Janvier;2024;486000.00;1134476.09;61000.00;450000.00;Virement bancaire
353;ENS-0027;Janvier;2024;1148000.00;117000.00;199000.00;1066000.00;Wave
354;ENS-0029;Janvier;2024;365000.00;0.00;53000.00;312000.00;Virement bancaire
355;ENS-0030;Janvier;2024;1722000.00;0.00;296000.00;1426000.00;Virement
356;ENS-0031;Janvier;2024;692000.00;79000.00;114000.00;657000.00;Virement bancaire
357;ENS-0032;Janvier;2024;191000.00;0.00;24000.00;167000.00;Virement bancaire
358;ENS-0033;Janvier;2024;483000.00;66000.00;73000.00;476000.00;Wave
359;ENS-0034;Janvier;2024;1135000.00;0.00;100000.00;1035000.00;Virement bancaire
360;ENS-0036;Janvier;2024;219000.00;0.00;19000.00;200000.00;Virement bancaire
361;ENS-0038;Janvier;2024;186000.00;0.00;29000.00;157000.00;Virement bancaire
362;ENS-0039;Janvier;2024;497000.00;0.00;66000.00;431000.00;Virement bancaire
363;ENS-0040;Janvier;2024;604000.00;0.00;68000.00;536000.00;Virement bancaire
364;ENS-0041;Janvier;2024;1046000.00;127000.00;88000.00;1085000.00;Virement bancaire
365;ENS-0042;Janvier;2024;1624000.00;167000.00;171000.00;1620000.00;Virement bancaire
366;ENS-0043;Janvier;2024;244000.00;0.00;44000.00;-200000.00;Virement bancaire
367;ENS-0044;Janvier;2024;200000.00;0.00;22000.00;178000.00;Virement bancaire
368;ENS-0045;Janvier;2024;459000.00;0.00;75000.00;384000.00;Virement bancaire
369;ENS-0047;Janvier;2024;333000.00;0.00;59000.00;274000.00;Virement bancaire
370;ENS-0048;Janvier;2024;192000.00;0.00;26000.00;166000.00;Virement bancaire
371;ENS-0049;Janvier;2024;232000.00;0.00;32000.00;200000.00;Virement bancaire
372;ENS-0050;Janvier;2024;342000.00;0.00;37000.00;305000.00;Virement bancaire
373;ENS-0051;Janvier;2024;1142000.00;0.00;163000.00;979000.00;Virement bancaire
374;ENS-0052;Janvier;2024;279000.00;0.00;41000.00;238000.00;Virement bancaire
374;ENS-0052;Janvier;2024;279000.00;0.00;41000.00;238000.00;Virement bancaire
375;ENS-0053;Janvier;2024;1117000.00;0.00;144000.00;973000.00;Virement bancaire
376;ENS-0054;Janvier;2024;716000.00;0.00;102000.00;614000.00;Espèces
377;ENS-0055;Janvier;2024;793000.00;0.00;86000.00;707000.00;Virement bancaire
378;ENS-0056;Janvier;2024;1548000.00;0.00;170000.00;1378000.00;Virement bancaire
379;ENS-0058;Janvier;2024;1107000.00;125000.00;130000.00;1102000.00;Espèces
380;ENS-0059;Janvier;2024;245000.00;0.00;23000.00;222000.00;Virement bancaire
381;ENS-0061;Janvier;2024;231000.00;0.00;27000.00;204000.00;Virement bancaire
382;ENS-0062;Janvier;2024;1351000.00;0.00;224000.00;1127000.00;Virement bancaire
383;ENS-0063;Janvier;2024;198000.00;0.00;34000.00;164000.00;Wave
384;ENS-0064;Janvier;2024;276000.00;0.00;48000.00;228000.00;Virement bancaire
385;ENS-0065;Janvier;2024;474000.00;0.00;39000.00;435000.00;Virement bancaire
386;ENS-0066;Janvier;2024;189000.00;0.00;27000.00;162000.00;Wave
387;ENS-0067;Janvier;2024;1067000.00;0.00;137000.00;930000.00;Virement bancaire
388;ENS-0068;Janvier;2024;1204000.00;0.00;106000.00;1098000.00;Virement bancaire
389;ENS-0069;Janvier;2024;217000.00;0.00;34000.00;183000.00;Orange Money
390;ENS-0070;janvier;2024;951000.00;0.00;121000.00;830000.00;Orange Money
391;ENS-0071;Janvier;2024;205000.00;0.00;21000.00;184000.00;Virement bancaire
392;ENS-0073;Janvier;2024;161000.00;0.00;24000.00;137000.00;Espèces
393;ENS-0074;Janvier;2024;491000.00;70000.00;70000.00;491000.00;Wave
394;ENS-0075;Janvier;2024;1742000.00;122000.00;306000.00;1558000.00;Virement bancaire
395;ENS-0076;Janvier;2024;1430000.00;0.00;164000.00;1266000.00;Wave
396;ENS-0078;Janvier;2024;1223000.00;0.00;200000.00;1023000.00;Virement bancaire
397;ENS-0079;Janvier;2024;313000.00;0.00;50000.00;263000.00;Orange Money
398;ENS-0080;Janvier;2024;273000.00;0.00;44000.00;-229000.00;Virement bancaire
399;ENS-0082;Janvier;2024;480000.00;0.00;61000.00;419000.00;Virement bancaire
400;ENS-0083;Janvier;2024;959000.00;0.00;154000.00;805000.00;Wave
401;ENS-0084;Janvier;2024;98000.00;0.00;14000.00;84000.00;Virement bancaire
402;ENS-0085;Janvier;2024;729000.00;89000.00;76000.00;742000.00;Virement bancaire
403;ENS-0086;Janvier;2024;845000.00;92000.00;81000.00;856000.00;Cash
404;ENS-0087;Janvier;2024;950000.00;0.00;95000.00;855000.00;Virement bancaire
405;ENS-0088;Janvier;2024;166000.00;0.00;26000.00;140000.00;Virement bancaire
406;ENS-0089;Janvier;2024;1181000.00;99000.00;167000.00;1113000.00;Orange Money
407;ENS-0090;Janvier;2024;1640000.00;100000.00;275000.00;1465000.00;Virement bancaire
408;ENS-0091;Janvier;2024;160000.00;0.00;16000.00;-144000.00;Virement bancaire
409;ENS-0092;Janvier;2024;1086000.00;0.00;114000.00;972000.00;Espèces
410;ENS-0093;Janvier;2024;514000.00;0.00;63000.00;451000.00;Virement bancaire
411;ENS-0094;Janvier;2024;1149000.00;146000.00;116000.00;1179000.00;Virement bancaire
412;ENS-0095;Janvier;2024;1703000.00;0.00;244000.00;1459000.00;Virement bancaire
413;ENS-0096;Janvier;2024;775000.00;0.00;93000.00;682000.00;Orange Money
414;ENS-0097;Janvier;2024;133000.00;0.00;21000.00;112000.00;Wave
415;ENS-0098;Janvier;2024;1147000.00;0.00;135000.00;1012000.00;Virement bancaire
416;ENS-0099;Janvier;2024;192000.00;0.00;16000.00;176000.00;Virement bancaire
417;ENS-0100;Janvier;2024;990000.00;0.00;130000.00;860000.00;Virement bancaire
418;ENS-0101;Janvier;2024;456000.00;0.00;74000.00;382000.00;Virement bancaire
419;ENS-0102;Janvier;2024;175000.00;0.00;16000.00;159000.00;Virement bancaire
420;ENS-0103;Janvier;2024;1120000.00;67000.00;141000.00;1046000.00;Virement bancaire
421;ENS-0104;Janvier;2024;679000.00;69000.00;69000.00;679000.00;Virement bancaire
422;ENS-0105;Janvier;2024;205000.00;0.00;25000.00;180000.00;Virement bancaire
423;ENS-0106;Janvier;2024;1023000.00;0.00;130000.00;893000.00;Virement bancaire
424;ENS-0107;JANVIER;2024;693000.00;0.00;90000.00;603000.00;Virement bancaire
425;ENS-0108;Janvier;2024;969000.00;0.00;125000.00;844000.00;Virement bancaire
425;ENS-0108;Janvier;2024;969000.00;0.00;125000.00;844000.00;Virement bancaire
426;ENS-0109;Janvier;2024;1688000.00;235000.00;237000.00;1686000.00;Virement bancaire
427;ENS-0110;Janvier;2024;240000.00;416899.69;42000.00;198000.00;Virement bancaire
428;ENS-0111;Janvier;2024;261000.00;0.00;42000.00;219000.00;Espèces
429;ENS-0112;Janvier;2024;1616000.00;179000.00;165000.00;1630000.00;Virement bancaire
430;ENS-0113;Janvier;2024;1010000.00;0.00;133000.00;877000.00;Virement bancaire
431;ENS-0114;Janvier;2024;1054000.00;99000.00;136000.00;1017000.00;Orange Money
432;ENS-0115;Janvier;2024;256000.00;0.00;44000.00;212000.00;Wave
433;ENS-0116;janvier;2024;1109000.00;0.00;164000.00;945000.00;Espèces
434;ENS-0117;Janvier;2024;256000.00;0.00;44000.00;212000.00;Virement bancaire
435;ENS-0118;Janvier;2024;483000.00;28000.00;73000.00;438000.00;Orange Money
436;ENS-0119;Janvier;2024;830000.00;0.00;132000.00;698000.00;Virement bancaire
437;ENS-0120;Janvier;2024;1091000.00;0.00;142000.00;949000.00;Virement bancaire
437;ENS-0120;Janvier;2024;1091000.00;0.00;142000.00;949000.00;Virement bancaire
438;ENS-0001;Février;2024;1120000.00;0.00;104000.00;1016000.00;Orange Money
439;ENS-0002;Février;2024;856000.00;0.00;125000.00;731000.00;Virement bancaire
440;ENS-0003;Février;2024;1143000.00;59000.00;186000.00;1016000.00;Orange Money
441;ENS-0004;Févr.;2024;172000.00;0.00;28000.00;144000.00;Virement bancaire
442;ENS-0005;Février;2024;135000.00;0.00;20000.00;115000.00;Virement bancaire
443;ENS-0006;Février;2024;225000.00;0.00;31000.00;194000.00;Orange Money
444;ENS-0007;Février;2024;1231000.00;0.00;119000.00;1112000.00;Virement bancaire
445;ENS-0008;Février;2024;1192000.00;166000.00;196000.00;1162000.00;Virement bancaire
446;ENS-0009;Février;2024;198000.00;0.00;34000.00;164000.00;Virement bancaire
447;ENS-0010;Février;2024;1622000.00;4416385.85;244000.00;1378000.00;Orange Money
448;ENS-0011;Février;2024;1796000.00;0.00;193000.00;1603000.00;Wave
449;ENS-0012;Février;2024;1822000.00;215000.00;308000.00;1729000.00;Virement bancaire
449;ENS-0012;Février;2024;1822000.00;215000.00;308000.00;1729000.00;Virement bancaire
450;ENS-0013;Février;2024;1006000.00;123000.00;163000.00;966000.00;Virement bancaire
451;ENS-0014;Février;2024;1040000.00;0.00;107000.00;933000.00;Orange Money
452;ENS-0015;Février;2024;480000.00;0.00;62000.00;418000.00;Virement bancaire
453;ENS-0016;Février;2024;1028000.00;0.00;85000.00;943000.00;Virement bancaire
454;ENS-0017;Février;2024;1059000.00;0.00;126000.00;933000.00;Wave
455;ENS-0018;Février;2024;517000.00;0.00;68000.00;449000.00;Orange Money
456;ENS-0019;Février;2024;381000.00;0.00;55000.00;326000.00;Virement bancaire
457;ENS-0020;Février;2024;537000.00;0.00;50000.00;487000.00;Virement bancaire
458;ENS-0022;Février;2024;210000.00;0.00;22000.00;188000.00;Virement bancaire
459;ENS-0023;Février;2024;810000.00;0.00;132000.00;678000.00;Virement bancaire
460;ENS-0024;Février;2024;700000.00;94000.00;97000.00;697000.00;Espèces
461;ENS-0025;Février;2024;501000.00;48000.00;51000.00;498000.00;Orange Money
462;ENS-0026;Février;2024;486000.00;0.00;68000.00;418000.00;Virement bancaire
463;ENS-0027;Février;2024;1148000.00;0.00;158000.00;990000.00;Wave
464;ENS-0029;Février;2024;357000.00;0.00;36000.00;321000.00;Virement bancaire
464;ENS-0029;Février;2024;357000.00;0.00;36000.00;321000.00;Virement bancaire
465;ENS-0030;Févr.;2024;1722000.00;150000.00;305000.00;1567000.00;VIREMENT
466;ENS-0031;Février;2024;692000.00;69000.00;89000.00;672000.00;Virement bancaire
467;ENS-0032;Février;2024;177000.00;321164.24;19000.00;158000.00;Virement bancaire
468;ENS-0033;Février;2024;483000.00;0.00;69000.00;414000.00;Wave
469;ENS-0034;Février;2024;1135000.00;0.00;131000.00;1004000.00;Virement bancaire
470;ENS-0036;02;2024;234000.00;0.00;29000.00;205000.00;Virement bancaire
471;ENS-0038;Février;2024;205000.00;0.00;26000.00;179000.00;Virement bancaire
472;ENS-0039;Février;2024;497000.00;0.00;86000.00;411000.00;Virement bancaire
473;ENS-0040;Févr.;2024;604000.00;0.00;106000.00;498000.00;Virement bancaire
474;ENS-0041;Février;2024;1046000.00;0.00;98000.00;948000.00;Virement bancaire
475;ENS-0042;Février;2024;1624000.00;5427678.16;245000.00;1379000.00;Virement bancaire
476;ENS-0043;Février;2024;223000.00;0.00;21000.00;202000.00;Virement bancaire
477;ENS-0044;Février;2024;183000.00;0.00;26000.00;157000.00;Virement bancaire
478;ENS-0045;Février;2024;369000.00;0.00;48000.00;321000.00;Virement bancaire
479;ENS-0047;02;2024;191000.00;0.00;21000.00;170000.00;Virement bancaire
480;ENS-0048;FÉVRIER;2024;155000.00;0.00;15000.00;-140000.00;Virement bancaire
481;ENS-0049;Févr.;2024;157000.00;0.00;21000.00;136000.00;Virement bancaire
482;ENS-0050;Février;2024;245000.00;0.00;21000.00;224000.00;Virement bancaire
483;ENS-0051;Février;2024;1142000.00;155000.00;117000.00;1180000.00;VIREMENT
484;ENS-0052;Février;2024;317000.00;0.00;50000.00;267000.00;Virement bancaire
485;ENS-0053;Février;2024;1117000.00;138000.00;158000.00;1097000.00;Virement bancaire
486;ENS-0054;Février;2024;716000.00;0.00;100000.00;616000.00;Espèces
487;ENS-0055;Février;2024;793000.00;0.00;135000.00;658000.00;Virement bancaire
488;ENS-0056;Février;2024;1548000.00;0.00;205000.00;1343000.00;Virement bancaire
489;ENS-0058;Février;2024;1107000.00;140000.00;123000.00;1124000.00;Espèces
490;ENS-0059;Février;2024;253000.00;0.00;28000.00;225000.00;Virement bancaire
491;ENS-0061;Février;2024;192000.00;0.00;30000.00;162000.00;Virement bancaire
492;ENS-0062;Février;2024;1351000.00;0.00;194000.00;1157000.00;Virement bancaire
492;ENS-0062;Février;2024;1351000.00;0.00;194000.00;1157000.00;Virement bancaire
493;ENS-0063;Février;2024;371000.00;0.00;66000.00;305000.00;Wave
494;ENS-0064;Février;2024;264000.00;0.00;30000.00;234000.00;Virement bancaire
495;ENS-0065;Février;2024;474000.00;0.00;61000.00;413000.00;Virement bancaire
496;ENS-0066;Février;2024;305000.00;0.00;39000.00;266000.00;Wave
497;ENS-0067;Février;2024;1067000.00;137000.00;90000.00;1114000.00;Virement bancaire
498;ENS-0068;Février;2024;1204000.00;131000.00;171000.00;1164000.00;Virement bancaire
499;ENS-0069;Février;2024;163000.00;0.00;26000.00;137000.00;Virement bancaire
500;ENS-0070;Février;2024;951000.00;0.00;109000.00;842000.00;Orange Money
501;ENS-0071;Février;2024;186000.00;0.00;18000.00;168000.00;Virement bancaire
502;ENS-0073;Fevrier;2024;263000.00;0.00;36000.00;227000.00;Espèces
503;ENS-0074;Février;2024;491000.00;0.00;77000.00;414000.00;Wave
504;ENS-0075;Février;2024;1742000.00;225000.00;295000.00;-1672000.00;Virement bancaire
505;ENS-0076;Février;2024;1430000.00;82000.00;154000.00;-1358000.00;Wave
506;ENS-0078;Février;2024;1223000.00;80000.00;107000.00;1196000.00;Orange Money
507;ENS-0079;Février;2024;181000.00;0.00;25000.00;156000.00;OM
508;ENS-0080;Février;2024;223000.00;0.00;25000.00;198000.00;Virement bancaire
509;ENS-0082;Février;2024;480000.00;0.00;49000.00;431000.00;Virement bancaire
510;ENS-0083;Février;2024;959000.00;0.00;101000.00;858000.00;Wave
511;ENS-0084;Février;2024;122000.00;0.00;11000.00;111000.00;Virement bancaire
512;ENS-0085;Février;2024;729000.00;0.00;60000.00;669000.00;Virement bancaire
513;ENS-0086;Février;2024;845000.00;0.00;130000.00;715000.00;Espèces
514;ENS-0087;Février;2024;950000.00;0.00;140000.00;810000.00;Virement bancaire
515;ENS-0088;Février;2024;181000.00;0.00;22000.00;159000.00;Virement bancaire
516;ENS-0089;Février;2024;1181000.00;101000.00;168000.00;1114000.00;Orange Money
517;ENS-0090;Février;2024;1640000.00;0.00;242000.00;1398000.00;Virement bancaire
518;ENS-0091;02;2024;160000.00;0.00;18000.00;142000.00;Virement bancaire
519;ENS-0092;Février;2024;1086000.00;0.00;124000.00;962000.00;Espèces
520;ENS-0093;Février;2024;514000.00;53000.00;87000.00;480000.00;Virement bancaire
521;ENS-0094;Février;2024;1149000.00;0.00;162000.00;987000.00;Virement bancaire
522;ENS-0095;Février;2024;1703000.00;0.00;163000.00;1540000.00;Virement bancaire
523;ENS-0096;Février;2024;775000.00;78000.00;89000.00;764000.00;Orange Money
524;ENS-0097;Février;2024;212000.00;0.00;21000.00;191000.00;Wave
525;ENS-0098;Février;2024;1147000.00;165000.00;136000.00;1176000.00;Virement bancaire
526;ENS-0099;Février;2024;309000.00;0.00;43000.00;266000.00;Virement bancaire
527;ENS-0100;Février;2024;990000.00;0.00;149000.00;841000.00;Virement bancaire
528;ENS-0101;Février;2024;471000.00;0.00;75000.00;396000.00;Virement bancaire
529;ENS-0102;Février;2024;194000.00;656254.82;33000.00;161000.00;Virement bancaire
530;ENS-0103;Février;2024;1120000.00;0.00;191000.00;929000.00;Virement bancaire
531;ENS-0104;Février;2024;679000.00;0.00;105000.00;574000.00;Virement bancaire
532;ENS-0105;Février;2024;108000.00;0.00;18000.00;90000.00;Virement bancaire
533;ENS-0106;Février;2024;1023000.00;54000.00;161000.00;916000.00;Virement bancaire
534;ENS-0107;Février;2024;693000.00;53000.00;78000.00;668000.00;Virement bancaire
535;ENS-0108;Février;2024;969000.00;76000.00;80000.00;965000.00;Virement bancaire
536;ENS-0109;Février;2024;1688000.00;0.00;238000.00;1450000.00;Virement bancaire
537;ENS-0110;Février;2024;503000.00;0.00;89000.00;414000.00;Virement bancaire
538;ENS-0111;Févr.;2024;307000.00;954974.70;50000.00;257000.00;Virement bancaire
539;ENS-0112;Février;2024;1616000.00;0.00;167000.00;1449000.00;Virement bancaire
540;ENS-0113;Février;2024;1010000.00;0.00;178000.00;-832000.00;Virement bancaire
541;ENS-0114;Février;2024;1054000.00;142000.00;104000.00;1092000.00;Orange Money
542;ENS-0115;Février;2024;447000.00;0.00;62000.00;385000.00;Wave
543;ENS-0116;Février;2024;1109000.00;133000.00;145000.00;1097000.00;Espèces
544;ENS-0117;Février;2024;232000.00;0.00;40000.00;192000.00;Virement bancaire
545;ENS-0118;Février;2024;483000.00;0.00;62000.00;421000.00;Orange Money
546;ENS-0119;Février;2024;830000.00;0.00;145000.00;685000.00;Virement bancaire
547;ENS-0120;Février;2024;1091000.00;0.00;144000.00;947000.00;Virement bancaire
548;ENS-0001;Mars;2024;1120000.00;0.00;167000.00;953000.00;orange money
549;ENS-0002;Mars;2024;856000.00;0.00;81000.00;775000.00;Virement bancaire
550;ENS-0003;Mars;2024;1143000.00;0.00;116000.00;1027000.00;Orange Money
551;ENS-0004;Mars;2024;290000.00;0.00;35000.00;255000.00;Virement bancaire
552;ENS-0005;Mars;2024;98000.00;0.00;17000.00;81000.00;Virement bancaire
553;ENS-0006;Mars;2024;179000.00;0.00;27000.00;152000.00;Orange Money
553;ENS-0006;Mars;2024;179000.00;0.00;27000.00;152000.00;Orange Money
554;ENS-0007;Mars;2024;1231000.00;0.00;202000.00;1029000.00;Virement bancaire
555;ENS-0008;Mars;2024;1192000.00;0.00;134000.00;-1058000.00;Virement bancaire
556;ENS-0009;Mars;2024;201000.00;0.00;18000.00;183000.00;Virement bancaire
557;ENS-0010;Mars;2024;1622000.00;0.00;287000.00;1335000.00;Orange Money
558;ENS-0011;mars;2024;1796000.00;0.00;189000.00;1607000.00;Espèces
559;ENS-0012;Mars;2024;1822000.00;0.00;163000.00;1659000.00;Virement bancaire
560;ENS-0013;Mars;2024;1006000.00;87000.00;124000.00;969000.00;Virement bancaire
561;ENS-0014;Mars;2024;1040000.00;0.00;156000.00;884000.00;Orange Money
562;ENS-0015;Mars;2024;480000.00;0.00;69000.00;411000.00;Wave
563;ENS-0016;Mars;2024;1028000.00;128000.00;138000.00;1018000.00;Virement bancaire
564;ENS-0017;Mars;2024;1059000.00;76000.00;88000.00;1047000.00;Wave
565;ENS-0018;Mars;2024;517000.00;43000.00;58000.00;502000.00;Orange Money
566;ENS-0019;Mars;2024;413000.00;1018428.31;60000.00;353000.00;Virement bancaire
567;ENS-0020;Mars;2024;537000.00;44000.00;56000.00;525000.00;Virement bancaire
568;ENS-0022;Mars;2024;149000.00;0.00;15000.00;134000.00;Wave
569;ENS-0023;mars;2024;810000.00;0.00;127000.00;683000.00;Virement bancaire
570;ENS-0024;Mars;2024;700000.00;0.00;93000.00;607000.00;Espèces
571;ENS-0025;Mars;2024;501000.00;0.00;81000.00;420000.00;Orange Money
572;ENS-0026;Mars;2024;486000.00;36000.00;40000.00;482000.00;Virement bancaire
573;ENS-0027;Mars;2024;1148000.00;0.00;93000.00;1055000.00;Wave
574;ENS-0028;Mars;2024;954000.00;0.00;107000.00;847000.00;Virement bancaire
575;ENS-0029;03;2024;263000.00;0.00;42000.00;221000.00;Virement bancaire
576;ENS-0030;Mars;2024;1722000.00;0.00;208000.00;1514000.00;Virement bancaire
577;ENS-0031;Mars;2024;692000.00;77000.00;93000.00;676000.00;Virement bancaire
578;ENS-0032;Mars;2024;289000.00;0.00;36000.00;253000.00;Virement bancaire
579;ENS-0033;Mars;2024;483000.00;0.00;47000.00;436000.00;Wave
580;ENS-0034;Mars;2024;1135000.00;170000.00;141000.00;1164000.00;Virement bancaire
581;ENS-0036;Mars;2024;340000.00;0.00;28000.00;312000.00;Orange Money
581;ENS-0036;Mars;2024;340000.00;0.00;28000.00;312000.00;Orange Money
582;ENS-0038;Mars;2024;130000.00;0.00;17000.00;113000.00;Virement bancaire
583;ENS-0039;Mars;2024;497000.00;31000.00;47000.00;481000.00;Virement bancaire
584;ENS-0040;Mars;2024;604000.00;0.00;88000.00;516000.00;VIREMENT
585;ENS-0041;Mars;2024;1046000.00;144000.00;94000.00;1096000.00;Virement bancaire
586;ENS-0042;Mars;2024;1624000.00;0.00;188000.00;1436000.00;Virement bancaire
587;ENS-0043;Mars;2024;249000.00;0.00;25000.00;224000.00;Virement bancaire
588;ENS-0044;Mars;2024;291000.00;0.00;25000.00;266000.00;Virement bancaire
589;ENS-0045;Mars;2024;481000.00;0.00;67000.00;-414000.00;Virement bancaire
590;ENS-0047;Mars;2024;193000.00;0.00;26000.00;167000.00;Virement bancaire
591;ENS-0048;Mars;2024;261000.00;0.00;40000.00;221000.00;Virement bancaire
592;ENS-0049;Mars;2024;140000.00;0.00;13000.00;127000.00;Virement bancaire
593;ENS-0050;Mars;2024;407000.00;0.00;53000.00;354000.00;Virement bancaire
594;ENS-0051;Mars;2024;1142000.00;0.00;114000.00;1028000.00;Virement bancaire
595;ENS-0052;Mars;2024;280000.00;0.00;48000.00;232000.00;Virement bancaire
596;ENS-0053;Mars;2024;1117000.00;0.00;90000.00;1027000.00;Virement bancaire
597;ENS-0054;Mars;2024;716000.00;97000.00;117000.00;696000.00;Espèces
598;ENS-0055;Mars;2024;793000.00;0.00;80000.00;713000.00;Virement bancaire
599;ENS-0056;Mars;2024;1548000.00;0.00;238000.00;1310000.00;Virement bancaire
600;ENS-0058;Mars;2024;1107000.00;0.00;130000.00;977000.00;Espèces
601;ENS-0059;Mars;2024;311000.00;0.00;43000.00;-268000.00;Virement bancaire
602;ENS-0061;Mars;2024;292000.00;0.00;26000.00;266000.00;Virement bancaire
603;ENS-0062;Mars;2024;1351000.00;153000.00;165000.00;1339000.00;Virement bancaire
604;ENS-0063;Mars;2024;398000.00;0.00;41000.00;357000.00;Wave
604;ENS-0063;Mars;2024;398000.00;0.00;41000.00;357000.00;Wave
605;ENS-0064;Mars;2024;144000.00;0.00;26000.00;118000.00;Virement bancaire
606;ENS-0065;Mars;2024;474000.00;40000.00;63000.00;451000.00;Virement bancaire
607;ENS-0066;Mars;2024;347000.00;0.00;30000.00;317000.00;Wave
608;ENS-0067;Mars;2024;1067000.00;115000.00;93000.00;1089000.00;Virement bancaire
609;ENS-0068;Mars;2024;1204000.00;2527246.83;168000.00;1204000.00;Virement bancaire
610;ENS-0069;Mars;2024;210000.00;0.00;36000.00;174000.00;Virement bancaire
611;ENS-0070;MARS;2024;951000.00;103000.00;171000.00;883000.00;Orange Money
612;ENS-0071;Mars;2024;118000.00;0.00;14000.00;104000.00;Virement bancaire
613;ENS-0073;Mars;2024;253000.00;0.00;37000.00;216000.00;Espèces
614;ENS-0074;Mars;2024;491000.00;0.00;76000.00;415000.00;Wave
615;ENS-0075;Mars;2024;1742000.00;0.00;284000.00;1458000.00;Espèces
616;ENS-0076;Mars;2024;1430000.00;0.00;220000.00;1210000.00;Wave
617;ENS-0078;MARS;2024;1223000.00;0.00;142000.00;1081000.00;Virement bancaire
618;ENS-0079;Mars;2024;321000.00;0.00;36000.00;285000.00;Orange Money
619;ENS-0080;Mars;2024;312000.00;0.00;39000.00;273000.00;Virement bancaire
620;ENS-0082;Mars;2024;480000.00;28000.00;84000.00;424000.00;Virement bancaire
621;ENS-0083;Mars;2024;959000.00;0.00;144000.00;815000.00;Wave
622;ENS-0084;Mars;2024;161000.00;0.00;20000.00;141000.00;Virement bancaire
623;ENS-0085;Mars;2024;729000.00;0.00;81000.00;648000.00;Wave
624;ENS-0086;Mars;2024;845000.00;0.00;111000.00;734000.00;Espèces
625;ENS-0087;Mars;2024;950000.00;142000.00;95000.00;997000.00;Virement bancaire
626;ENS-0088;Mars;2024;252000.00;0.00;22000.00;230000.00;Virement bancaire
627;ENS-0089;Mars;2024;1181000.00;0.00;178000.00;1003000.00;Orange Money
628;ENS-0090;Mars;2024;1640000.00;0.00;206000.00;1434000.00;Virement bancaire
629;ENS-0091;Mars;2024;281000.00;0.00;33000.00;248000.00;VIREMENT
630;ENS-0092;Mars.;2024;1086000.00;0.00;138000.00;948000.00;Espèces
631;ENS-0093;Mars;2024;514000.00;0.00;63000.00;451000.00;Virement bancaire
632;ENS-0094;Mars;2024;1149000.00;0.00;134000.00;1015000.00;Virement bancaire
633;ENS-0095;Mars;2024;1703000.00;132000.00;194000.00;1641000.00;Virement bancaire
634;ENS-0096;Mars;2024;775000.00;0.00;95000.00;680000.00;Orange Money
635;ENS-0097;Mars;2024;112000.00;0.00;17000.00;95000.00;Wave
636;ENS-0098;Mars;2024;1147000.00;111000.00;198000.00;1060000.00;Virement bancaire
637;ENS-0099;Mars;2024;417000.00;0.00;48000.00;369000.00;Orange Money
638;ENS-0100;Mars;2024;990000.00;71000.00;148000.00;913000.00;Virement bancaire
639;ENS-0101;Mars;2024;303000.00;0.00;30000.00;273000.00;Virement bancaire
640;ENS-0102;Mars;2024;159000.00;0.00;28000.00;131000.00;Virement bancaire
641;ENS-0103;Mars;2024;1120000.00;93000.00;143000.00;1070000.00;Virement bancaire
642;ENS-0104;Mars;2024;679000.00;61000.00;57000.00;683000.00;Espèces
643;ENS-0105;Mars;2024;144000.00;0.00;14000.00;130000.00;Virement bancaire
644;ENS-0106;Mars;2024;1023000.00;56000.00;130000.00;949000.00;Virement bancaire
645;ENS-0107;Mars;2024;693000.00;87000.00;104000.00;676000.00;Virement bancaire
646;ENS-0108;Mars;2024;969000.00;0.00;128000.00;841000.00;Virement bancaire
647;ENS-0109;Mars;2024;1688000.00;0.00;220000.00;1468000.00;Virement bancaire
648;ENS-0110;Mars;2024;250000.00;0.00;25000.00;225000.00;Virement bancaire
649;ENS-0111;Mars;2024;401000.00;0.00;32000.00;369000.00;Virement bancaire
650;ENS-0112;Mars;2024;1616000.00;198000.00;216000.00;1598000.00;Virement bancaire
651;ENS-0113;Mars;2024;1010000.00;0.00;102000.00;908000.00;Virement bancaire
652;ENS-0114;Mars;2024;1054000.00;0.00;107000.00;947000.00;Orange Money
653;ENS-0115;Mars;2024;199000.00;0.00;23000.00;176000.00;Wave
654;ENS-0116;Mars;2024;1109000.00;0.00;160000.00;949000.00;Espèces
654;ENS-0116;Mars;2024;1109000.00;0.00;160000.00;949000.00;Espèces
655;ENS-0117;Mars;2024;240000.00;0.00;26000.00;214000.00;Virement bancaire
656;ENS-0118;Mars;2024;483000.00;0.00;77000.00;406000.00;Orange Money
656;ENS-0118;Mars;2024;483000.00;0.00;77000.00;406000.00;Orange Money
657;ENS-0119;Mars;2024;830000.00;0.00;141000.00;689000.00;Orange Money
658;ENS-0120;Mars;2024;1091000.00;0.00;141000.00;950000.00;Virement bancaire
659;ENS-0001;Avril;2024;1120000.00;95000.00;147000.00;1068000.00;Orange Money
660;ENS-0002;Avril;2024;856000.00;0.00;117000.00;739000.00;Virement bancaire
661;ENS-0003;Avril;2024;1143000.00;0.00;173000.00;970000.00;Orange Money
662;ENS-0004;Avril;2024;194000.00;0.00;33000.00;161000.00;Virement bancaire
663;ENS-0005;04;2024;140000.00;0.00;15000.00;125000.00;Virement bancaire
664;ENS-0006;Avril;2024;204000.00;0.00;19000.00;185000.00;Orange Money
665;ENS-0007;Avril;2024;1231000.00;0.00;159000.00;1072000.00;Virement bancaire
666;ENS-0008;Avril;2024;1192000.00;91000.00;110000.00;1173000.00;Virement bancaire
667;ENS-0009;Avril;2024;193000.00;0.00;34000.00;159000.00;Virement bancaire
667;ENS-0009;Avril;2024;193000.00;0.00;34000.00;159000.00;Virement bancaire
668;ENS-0010;Avril;2024;1622000.00;0.00;136000.00;1486000.00;Orange Money
669;ENS-0011;Avril;2024;1796000.00;0.00;295000.00;1501000.00;Espèces
670;ENS-0012;Avril;2024;1822000.00;149000.00;178000.00;1793000.00;Virement bancaire
671;ENS-0013;Avril;2024;1006000.00;144000.00;110000.00;1040000.00;Virement bancaire
672;ENS-0014;Avril;2024;1040000.00;119000.00;121000.00;1038000.00;Orange Money
673;ENS-0015;Avril;2024;480000.00;58000.00;81000.00;457000.00;Wave
673;ENS-0015;Avril;2024;480000.00;58000.00;81000.00;457000.00;Wave
674;ENS-0016;Avril;2024;1028000.00;94000.00;94000.00;1028000.00;Virement bancaire
675;ENS-0017;Avril;2024;1059000.00;141000.00;105000.00;1095000.00;Wave
676;ENS-0018;Avril;2024;517000.00;0.00;48000.00;469000.00;Orange Money
677;ENS-0019;Avril;2024;214000.00;0.00;21000.00;193000.00;Virement bancaire
678;ENS-0020;Avril;2024;537000.00;0.00;44000.00;493000.00;Virement bancaire
679;ENS-0022;Avril;2024;218000.00;0.00;21000.00;197000.00;Virement bancaire
680;ENS-0023;Avril;2024;810000.00;0.00;112000.00;698000.00;Wave
681;ENS-0024;Avril;2024;700000.00;55000.00;112000.00;643000.00;Espèces
682;ENS-0025;Avril;2024;501000.00;0.00;57000.00;444000.00;Orange Money
683;ENS-0026;Avril;2024;486000.00;71000.00;80000.00;477000.00;Virement bancaire
684;ENS-0027;Avril;2024;1148000.00;106000.00;199000.00;1055000.00;Wave
685;ENS-0028;Avril;2024;954000.00;130000.00;147000.00;937000.00;Virement bancaire
686;ENS-0029;Avril;2024;204000.00;0.00;33000.00;171000.00;Virement bancaire
687;ENS-0030;avril;2024;1722000.00;0.00;204000.00;1518000.00;Virement bancaire
688;ENS-0031;Avril;2024;692000.00;0.00;115000.00;577000.00;Virement bancaire
689;ENS-0032;AVRIL;2024;310000.00;637408.46;43000.00;267000.00;Virement bancaire
690;ENS-0033;Avril;2024;483000.00;0.00;84000.00;399000.00;Wave
691;ENS-0034;Avril;2024;1135000.00;126000.00;118000.00;1143000.00;Virement bancaire
691;ENS-0034;Avril;2024;1135000.00;126000.00;118000.00;1143000.00;Virement bancaire
692;ENS-0036;Avril;2024;278000.00;0.00;42000.00;236000.00;Virement bancaire
693;ENS-0038;Avril;2024;136000.00;0.00;24000.00;112000.00;Virement bancaire
694;ENS-0039;Avril;2024;497000.00;0.00;68000.00;429000.00;Virement bancaire
695;ENS-0040;Avril;2024;604000.00;0.00;60000.00;544000.00;Virement bancaire
696;ENS-0041;Avril;2024;1046000.00;66000.00;111000.00;1001000.00;Virement bancaire
697;ENS-0042;Avril;2024;1624000.00;0.00;240000.00;1384000.00;Virement bancaire
698;ENS-0043;Avril;2024;146000.00;0.00;23000.00;123000.00;Virement bancaire
699;ENS-0044;Avril;2024;188000.00;0.00;32000.00;156000.00;Virement bancaire
700;ENS-0045;Avril;2024;418000.00;0.00;49000.00;369000.00;Virement bancaire
701;ENS-0047;Avril;2024;359000.00;0.00;29000.00;330000.00;Virement bancaire
702;ENS-0048;Avril;2024;227000.00;0.00;37000.00;190000.00;Virement bancaire
703;ENS-0049;Avril;2024;267000.00;0.00;30000.00;237000.00;Virement bancaire
704;ENS-0050;Avril;2024;368000.00;0.00;65000.00;303000.00;Virement bancaire
705;ENS-0051;Avril;2024;1142000.00;69000.00;107000.00;1104000.00;Virement bancaire
705;ENS-0051;Avril;2024;1142000.00;69000.00;107000.00;1104000.00;Virement bancaire
706;ENS-0052;Avril;2024;265000.00;0.00;43000.00;222000.00;Virement bancaire
707;ENS-0053;Avril;2024;1117000.00;0.00;146000.00;971000.00;Virement bancaire
708;ENS-0054;Avril;2024;716000.00;0.00;60000.00;656000.00;Espèces
709;ENS-0055;Avril;2024;793000.00;0.00;69000.00;724000.00;Virement bancaire
710;ENS-0056;Avri.;2024;1548000.00;0.00;174000.00;1374000.00;Virement bancaire
711;ENS-0058;Avril;2024;1107000.00;155000.00;185000.00;1077000.00;Espèces
712;ENS-0059;Avril;2024;222000.00;0.00;24000.00;198000.00;Virement bancaire
713;ENS-0061;Avril;2024;154000.00;0.00;12000.00;142000.00;Virement bancaire
714;ENS-0062;Avril;2024;1351000.00;0.00;134000.00;1217000.00;Virement bancaire
715;ENS-0063;Avril;2024;161000.00;0.00;21000.00;140000.00;Wave
716;ENS-0064;Avril;2024;249000.00;0.00;27000.00;222000.00;Virement bancaire
717;ENS-0065;Avril;2024;474000.00;0.00;60000.00;414000.00;Espèces
718;ENS-0066;Avril;2024;343000.00;0.00;34000.00;309000.00;Wave
719;ENS-0067;Avril;2024;1067000.00;124000.00;189000.00;1002000.00;Virement bancaire
719;ENS-0067;Avril;2024;1067000.00;124000.00;189000.00;1002000.00;Virement bancaire
720;ENS-0068;Avril;2024;1204000.00;0.00;136000.00;1068000.00;Virement bancaire
721;ENS-0069;Avril;2024;103000.00;0.00;10000.00;93000.00;Virement bancaire
722;ENS-0070;Avril;2024;951000.00;58000.00;104000.00;905000.00;Orange Money
723;ENS-0071;Avril;2024;114000.00;206027.53;17000.00;97000.00;Virement bancaire
724;ENS-0073;Avril;2024;305000.00;0.00;34000.00;271000.00;Espèces
725;ENS-0074;Avril;2024;491000.00;53000.00;84000.00;460000.00;Virement bancaire
726;ENS-0075;04;2024;1742000.00;0.00;147000.00;1595000.00;Virement bancaire
727;ENS-0076;Avril;2024;1430000.00;73000.00;255000.00;1248000.00;Wave
728;ENS-0078;AVRIL;2024;1223000.00;0.00;103000.00;1120000.00;Virement bancaire
729;ENS-0079;Avril;2024;251000.00;0.00;32000.00;219000.00;Orange Money
730;ENS-0080;Avril;2024;304000.00;0.00;31000.00;273000.00;Virement bancaire
731;ENS-0082;Avril;2024;480000.00;0.00;59000.00;-421000.00;Virement bancaire
732;ENS-0083;Avril;2024;959000.00;117000.00;158000.00;918000.00;Wave
733;ENS-0084;Avril;2024;198000.00;0.00;28000.00;170000.00;Virement bancaire
734;ENS-0085;Avril;2024;729000.00;106000.00;98000.00;737000.00;Virement bancaire
735;ENS-0086;Avril;2024;845000.00;0.00;121000.00;724000.00;Espèces
736;ENS-0087;Avril;2024;950000.00;136000.00;121000.00;965000.00;Virement bancaire
737;ENS-0088;Avril;2024;262000.00;0.00;28000.00;234000.00;Virement bancaire
738;ENS-0089;Avril;2024;1181000.00;0.00;136000.00;1045000.00;Orange Money
739;ENS-0090;Avril;2024;1640000.00;170000.00;274000.00;1536000.00;Virement bancaire
740;ENS-0091;Avril;2024;187000.00;0.00;24000.00;163000.00;Virement bancaire
741;ENS-0092;Avril;2024;1086000.00;2625420.49;148000.00;938000.00;Wave
742;ENS-0093;Avril;2024;514000.00;1699034.11;68000.00;446000.00;Virement bancaire
743;ENS-0094;Avril;2024;1149000.00;146000.00;180000.00;1115000.00;Virement bancaire
744;ENS-0095;Avril;2024;1703000.00;0.00;246000.00;1457000.00;Virement bancaire
745;ENS-0096;Avril;2024;775000.00;43000.00;87000.00;731000.00;Orange Money
746;ENS-0097;Avril;2024;136000.00;0.00;15000.00;-121000.00;Wave
747;ENS-0098;Avril;2024;1147000.00;135000.00;172000.00;1110000.00;Virement bancaire
748;ENS-0099;Avril;2024;176000.00;0.00;30000.00;146000.00;Virement bancaire
749;ENS-0100;Avril;2024;990000.00;137000.00;108000.00;1019000.00;Virement bancaire
750;ENS-0101;Avril;2024;272000.00;0.00;23000.00;249000.00;Virement bancaire
751;ENS-0102;Avril;2024;221000.00;0.00;30000.00;191000.00;Virement bancaire
752;ENS-0103;Avril;2024;1120000.00;68000.00;167000.00;1021000.00;Virement bancaire
753;ENS-0104;Avril;2024;679000.00;0.00;75000.00;604000.00;Virement bancaire
754;ENS-0105;Avril;2024;135000.00;0.00;11000.00;124000.00;Virement bancaire
755;ENS-0106;Avril;2024;1023000.00;67000.00;99000.00;991000.00;Virement bancaire
756;ENS-0107;Avril;2024;693000.00;0.00;84000.00;609000.00;Virement bancaire
757;ENS-0108;Avril;2024;969000.00;66000.00;99000.00;936000.00;VIREMENT
758;ENS-0109;Avril;2024;1688000.00;0.00;221000.00;1467000.00;Banque
759;ENS-0110;Avril;2024;354000.00;0.00;40000.00;314000.00;Virement bancaire
760;ENS-0111;Avril;2024;195000.00;0.00;17000.00;178000.00;Virement bancaire
761;ENS-0112;Avril;2024;1616000.00;0.00;172000.00;1444000.00;Virement bancaire
762;ENS-0113;Avril;2024;1010000.00;125000.00;124000.00;1011000.00;Virement bancaire
763;ENS-0114;Avril;2024;1054000.00;0.00;173000.00;881000.00;Orange Money
764;ENS-0115;Avril;2024;423000.00;0.00;74000.00;-349000.00;Wave
765;ENS-0116;Avril;2024;1109000.00;0.00;123000.00;986000.00;Espèces
765;ENS-0116;Avril;2024;1109000.00;0.00;123000.00;986000.00;Espèces
766;ENS-0117;Avril;2024;308000.00;0.00;29000.00;279000.00;Virement bancaire
767;ENS-0118;Avril;2024;483000.00;32000.00;69000.00;446000.00;Orange Money
768;ENS-0119;Avril;2024;830000.00;103000.00;142000.00;791000.00;Virement bancaire
769;ENS-0120;Avril;2024;1091000.00;68000.00;115000.00;1044000.00;Virement bancaire
769;ENS-0120;Avril;2024;1091000.00;68000.00;115000.00;1044000.00;Virement bancaire
770;ENS-0001;Mai;2024;1120000.00;0.00;145000.00;975000.00;Orange Money
771;ENS-0002;Mai;2024;856000.00;0.00;80000.00;776000.00;Virement bancaire
772;ENS-0003;Mai;2024;1143000.00;89000.00;92000.00;1140000.00;Orange Money
773;ENS-0004;Mai;2024;281000.00;0.00;36000.00;245000.00;Virement bancaire
774;ENS-0005;Mai;2024;125000.00;0.00;14000.00;-111000.00;Banque
775;ENS-0006;Mai;2024;219000.00;0.00;35000.00;184000.00;Orange Money
776;ENS-0007;Mai;2024;1231000.00;0.00;137000.00;1094000.00;Virement bancaire
777;ENS-0008;Mai;2024;1192000.00;78000.00;186000.00;1084000.00;Virement bancaire
778;ENS-0009;Mai;2024;115000.00;0.00;13000.00;102000.00;Virement bancaire
779;ENS-0010;Mai;2024;1622000.00;0.00;189000.00;1433000.00;Orange Money
780;ENS-0011;Mai;2024;1796000.00;0.00;198000.00;1598000.00;Espèces
781;ENS-0012;Mai;2024;1822000.00;132000.00;227000.00;1727000.00;Virement bancaire
781;ENS-0012;Mai;2024;1822000.00;132000.00;227000.00;1727000.00;Virement bancaire
782;ENS-0013;Mai;2024;1006000.00;2095241.69;87000.00;919000.00;Banque
783;ENS-0014;Mai;2024;1040000.00;124000.00;161000.00;1003000.00;Orange Money
784;ENS-0015;Mai;2024;480000.00;54000.00;40000.00;494000.00;Wave
784;ENS-0015;Mai;2024;480000.00;54000.00;40000.00;494000.00;Wave
785;ENS-0016;Mai;2024;1028000.00;100000.00;119000.00;1009000.00;Virement bancaire
786;ENS-0017;Mai;2024;1059000.00;0.00;102000.00;957000.00;Wave
787;ENS-0018;Mai;2024;517000.00;0.00;44000.00;473000.00;Espèces
788;ENS-0019;Mai;2024;178000.00;0.00;20000.00;158000.00;Virement bancaire
789;ENS-0020;Mai;2024;537000.00;63000.00;53000.00;547000.00;Virement bancaire
790;ENS-0022;Mai;2024;222000.00;0.00;27000.00;195000.00;Virement bancaire
790;ENS-0022;Mai;2024;222000.00;0.00;27000.00;195000.00;Virement bancaire
791;ENS-0023;Mai;2024;810000.00;0.00;93000.00;-717000.00;Wave
792;ENS-0024;Mai;2024;700000.00;0.00;91000.00;609000.00;Espèces
793;ENS-0025;Mai;2024;501000.00;0.00;74000.00;427000.00;Orange Money
794;ENS-0026;Mai;2024;486000.00;0.00;85000.00;401000.00;Virement bancaire
795;ENS-0027;Mai;2024;1148000.00;0.00;132000.00;1016000.00;Wave
796;ENS-0028;Mai;2024;954000.00;79000.00;94000.00;939000.00;Virement bancaire
797;ENS-0029;Mai;2024;234000.00;0.00;24000.00;210000.00;Virement bancaire
798;ENS-0030;Mai;2024;1722000.00;0.00;209000.00;1513000.00;Virement bancaire
799;ENS-0031;Mai;2024;692000.00;0.00;56000.00;636000.00;Virement bancaire
800;ENS-0032;Mai;2024;362000.00;0.00;35000.00;327000.00;Virement bancaire
801;ENS-0033;Mai;2024;483000.00;0.00;71000.00;412000.00;Wave
802;ENS-0034;Mai;2024;1135000.00;82000.00;108000.00;1109000.00;Virement bancaire
803;ENS-0036;Mai;2024;276000.00;0.00;25000.00;251000.00;Virement bancaire
804;ENS-0038;Mai;2024;145000.00;0.00;13000.00;132000.00;Virement bancaire
805;ENS-0039;Mai;2024;497000.00;48000.00;70000.00;475000.00;Virement bancaire
806;ENS-0040;Mai;2024;604000.00;0.00;79000.00;525000.00;Virement bancaire
807;ENS-0041;Mai;2024;1046000.00;99000.00;183000.00;962000.00;Virement bancaire
808;ENS-0042;Mai;2024;1624000.00;122000.00;143000.00;1603000.00;Virement bancaire
809;ENS-0043;Mai;2024;214000.00;355833.35;31000.00;183000.00;Virement bancaire
810;ENS-0044;Mai;2024;220000.00;0.00;30000.00;190000.00;Virement bancaire
811;ENS-0045;Mai;2024;397000.00;0.00;40000.00;357000.00;Virement bancaire
812;ENS-0047;Mai;2024;330000.00;0.00;29000.00;301000.00;Virement bancaire
812;ENS-0047;Mai;2024;330000.00;0.00;29000.00;301000.00;Virement bancaire
813;ENS-0048;Mai;2024;200000.00;0.00;27000.00;173000.00;Virement bancaire
814;ENS-0049;Mai;2024;247000.00;0.00;37000.00;210000.00;Virement bancaire
815;ENS-0050;Mai;2024;219000.00;0.00;36000.00;-183000.00;Virement bancaire
816;ENS-0051;Mai;2024;1142000.00;0.00;162000.00;980000.00;Virement bancaire
817;ENS-0052;Mai;2024;139000.00;0.00;16000.00;123000.00;Virement bancaire
818;ENS-0053;Mai;2024;1117000.00;0.00;197000.00;920000.00;Virement bancaire
819;ENS-0054;Mai;2024;716000.00;55000.00;116000.00;655000.00;Espèces
820;ENS-0055;Mai;2024;793000.00;0.00;109000.00;684000.00;Virement bancaire
821;ENS-0056;Mai;2024;1548000.00;0.00;231000.00;1317000.00;Banque
822;ENS-0058;Mai;2024;1107000.00;120000.00;150000.00;1077000.00;Espèces
823;ENS-0059;Mai;2024;262000.00;0.00;23000.00;239000.00;Virement bancaire
824;ENS-0061;Mai;2024;228000.00;0.00;24000.00;204000.00;Virement bancaire
825;ENS-0062;Mai;2024;1351000.00;196000.00;190000.00;1357000.00;Orange Money
826;ENS-0063;Mai;2024;323000.00;0.00;31000.00;292000.00;Wave
827;ENS-0064;Mai;2024;191000.00;0.00;28000.00;163000.00;Virement bancaire
828;ENS-0065;Mai;2024;474000.00;0.00;56000.00;418000.00;Virement bancaire
829;ENS-0066;Mai;2024;353000.00;0.00;51000.00;302000.00;Wave
830;ENS-0067;Mai;2024;1067000.00;67000.00;146000.00;988000.00;Virement bancaire
831;ENS-0068;Mai;2024;1204000.00;0.00;196000.00;1008000.00;Virement bancaire
832;ENS-0069;Mai;2024;168000.00;0.00;15000.00;153000.00;Virement bancaire
833;ENS-0070;Mai.;2024;951000.00;106000.00;105000.00;952000.00;Orange Money
834;ENS-0071;Mai;2024;195000.00;0.00;20000.00;175000.00;Virement bancaire
834;ENS-0071;Mai;2024;195000.00;0.00;20000.00;175000.00;Virement bancaire
835;ENS-0073;Mai;2024;301000.00;0.00;48000.00;253000.00;Espèces
836;ENS-0074;Mai;2024;491000.00;56000.00;73000.00;474000.00;Wave
837;ENS-0075;Mai;2024;1742000.00;217000.00;218000.00;1741000.00;Virement bancaire
838;ENS-0076;Mai;2024;1430000.00;108000.00;243000.00;1295000.00;Wave
839;ENS-0078;Mai;2024;1223000.00;0.00;181000.00;1042000.00;Virement bancaire
840;ENS-0079;Mai;2024;137000.00;0.00;13000.00;124000.00;Orange Money
841;ENS-0080;Mai;2024;211000.00;802507.05;28000.00;183000.00;Virement bancaire
842;ENS-0082;Mai;2024;480000.00;0.00;57000.00;423000.00;Virement bancaire
843;ENS-0083;Mai;2024;959000.00;0.00;132000.00;827000.00;Wave
844;ENS-0084;Mai;2024;185000.00;0.00;18000.00;167000.00;Virement bancaire
845;ENS-0085;Mai;2024;729000.00;0.00;127000.00;602000.00;Virement bancaire
846;ENS-0086;Mai;2024;845000.00;72000.00;88000.00;829000.00;Espèces
847;ENS-0087;Mai;2024;950000.00;69000.00;134000.00;885000.00;Virement bancaire
848;ENS-0088;Mai;2024;231000.00;0.00;26000.00;205000.00;Virement bancaire
849;ENS-0089;Mai;2024;1181000.00;0.00;208000.00;973000.00;Orange Money
850;ENS-0090;MAI;2024;1640000.00;238000.00;292000.00;1586000.00;Virement bancaire
851;ENS-0091;mai;2024;245000.00;0.00;23000.00;222000.00;Virement bancaire
852;ENS-0092;Mai;2024;1086000.00;0.00;144000.00;942000.00;Espèces
853;ENS-0093;Mai;2024;514000.00;0.00;85000.00;429000.00;Virement bancaire
854;ENS-0094;Mai;2024;1149000.00;163000.00;118000.00;1194000.00;Virement bancaire
854;ENS-0094;Mai;2024;1149000.00;163000.00;118000.00;1194000.00;Virement bancaire
855;ENS-0095;Mai;2024;1703000.00;0.00;267000.00;1436000.00;Virement bancaire
856;ENS-0096;Mai;2024;775000.00;0.00;128000.00;647000.00;Orange Money
857;ENS-0097;Mai;2024;139000.00;0.00;13000.00;126000.00;Wave
858;ENS-0098;Mai;2024;1147000.00;3731089.96;97000.00;1050000.00;Virement bancaire
859;ENS-0099;Mai;2024;231000.00;0.00;37000.00;194000.00;Virement bancaire
860;ENS-0100;Mai;2024;990000.00;0.00;121000.00;869000.00;Virement bancaire
861;ENS-0101;Mai;2024;374000.00;0.00;58000.00;316000.00;Virement bancaire
862;ENS-0102;Mai;2024;154000.00;0.00;18000.00;136000.00;Virement bancaire
863;ENS-0103;Mai;2024;1120000.00;0.00;175000.00;945000.00;Virement bancaire
864;ENS-0104;Mai;2024;679000.00;74000.00;99000.00;654000.00;Virement bancaire
865;ENS-0105;Mai;2024;216000.00;0.00;32000.00;-184000.00;Virement bancaire
866;ENS-0106;Mai;2024;1023000.00;0.00;153000.00;870000.00;Virement bancaire
867;ENS-0107;Mai;2024;693000.00;1680387.79;68000.00;625000.00;Virement bancaire
868;ENS-0108;Mai;2024;969000.00;65000.00;141000.00;893000.00;Virement bancaire
869;ENS-0109;Mai;2024;1688000.00;0.00;252000.00;1436000.00;Virement bancaire
870;ENS-0110;Mai;2024;210000.00;0.00;25000.00;185000.00;Wave
871;ENS-0111;Mai;2024;198000.00;0.00;31000.00;167000.00;Virement bancaire
872;ENS-0112;Mai;2024;1616000.00;0.00;284000.00;1332000.00;Virement bancaire
873;ENS-0113;Mai;2024;1010000.00;0.00;123000.00;887000.00;bank transfer
874;ENS-0114;Mai;2024;1054000.00;82000.00;116000.00;1020000.00;Orange Money
875;ENS-0115;Mai;2024;411000.00;0.00;34000.00;377000.00;WAVE
876;ENS-0116;Mai;2024;1109000.00;0.00;118000.00;991000.00;Espèces
877;ENS-0117;Mai;2024;230000.00;0.00;36000.00;194000.00;Orange Money
878;ENS-0118;Mai;2024;483000.00;0.00;75000.00;408000.00;Orange Money
879;ENS-0119;Mai;2024;830000.00;0.00;70000.00;760000.00;Virement bancaire
880;ENS-0120;Mai;2024;1091000.00;0.00;123000.00;968000.00;Virement bancaire
881;ENS-0001;Juin;2024;1120000.00;134000.00;122000.00;1132000.00;Orange Money
882;ENS-0002;Juin;2024;856000.00;0.00;120000.00;736000.00;Banque
883;ENS-0003;Juin;2024;1143000.00;0.00;183000.00;960000.00;Orange Money
884;ENS-0004;Juin;2024;338000.00;0.00;40000.00;298000.00;Virement bancaire
885;ENS-0005;Juin;2024;141000.00;0.00;19000.00;122000.00;Virement bancaire
886;ENS-0006;Juin;2024;195000.00;0.00;31000.00;164000.00;Orange Money
887;ENS-0007;Juin;2024;1231000.00;152000.00;126000.00;1257000.00;Virement bancaire
888;ENS-0008;juin;2024;1192000.00;0.00;208000.00;984000.00;Wave
889;ENS-0009;Juin;2024;279000.00;0.00;39000.00;240000.00;Virement bancaire
890;ENS-0010;Juin;2024;1622000.00;190000.00;225000.00;1587000.00;Orange Money
891;ENS-0011;Juin;2024;1796000.00;0.00;278000.00;1518000.00;Espèces
892;ENS-0012;Juin;2024;1822000.00;0.00;264000.00;1558000.00;Virement bancaire
892;ENS-0012;Juin;2024;1822000.00;0.00;264000.00;1558000.00;Virement bancaire
893;ENS-0013;Juin;2024;1006000.00;0.00;112000.00;894000.00;Virement bancaire
894;ENS-0014;Juin;2024;1040000.00;114000.00;174000.00;980000.00;Orange Money
895;ENS-0015;Juin;2024;480000.00;0.00;60000.00;420000.00;Wave
896;ENS-0016;Juin;2024;1028000.00;126000.00;86000.00;-1068000.00;Virement bancaire
897;ENS-0017;Juin;2024;1059000.00;0.00;167000.00;892000.00;Wave
898;ENS-0018;Juin;2024;517000.00;0.00;67000.00;450000.00;Orange Money
899;ENS-0019;Juin;2024;167000.00;0.00;24000.00;143000.00;Virement bancaire
899;ENS-0019;Juin;2024;167000.00;0.00;24000.00;143000.00;Virement bancaire
900;ENS-0020;Juin;2024;537000.00;45000.00;48000.00;534000.00;Virement bancaire
901;ENS-0022;Juin;2024;178000.00;0.00;25000.00;153000.00;Virement bancaire
901;ENS-0022;Juin;2024;178000.00;0.00;25000.00;153000.00;Virement bancaire
902;ENS-0023;Juin;2024;810000.00;69000.00;104000.00;775000.00;Virement bancaire
903;ENS-0024;Juin;2024;700000.00;49000.00;96000.00;-653000.00;Espèces
904;ENS-0025;Juin;2024;501000.00;0.00;77000.00;424000.00;Orange Money
905;ENS-0026;Juin;2024;486000.00;0.00;68000.00;418000.00;Virement bancaire
906;ENS-0027;Juin;2024;1148000.00;0.00;184000.00;964000.00;Wave
907;ENS-0028;Juin;2024;954000.00;0.00;164000.00;790000.00;Virement bancaire
907;ENS-0028;Juin;2024;954000.00;0.00;164000.00;790000.00;Virement bancaire
908;ENS-0029;Juin;2024;340000.00;0.00;49000.00;291000.00;Virement bancaire
909;ENS-0030;Juin;2024;1722000.00;230000.00;141000.00;1811000.00;Virement
910;ENS-0031;Juin;2024;692000.00;98000.00;75000.00;715000.00;Virement bancaire
911;ENS-0032;Juin;2024;347000.00;0.00;51000.00;296000.00;Virement bancaire
912;ENS-0033;Juin;2024;483000.00;47000.00;82000.00;448000.00;Wave
913;ENS-0034;Juin;2024;1135000.00;0.00;112000.00;1023000.00;Virement bancaire
914;ENS-0036;Juin;2024;255000.00;0.00;34000.00;221000.00;Virement bancaire
915;ENS-0038;Juin;2024;274000.00;0.00;42000.00;232000.00;Virement bancaire
916;ENS-0039;Juin;2024;497000.00;0.00;73000.00;424000.00;Virement bancaire
916;ENS-0039;Juin;2024;497000.00;0.00;73000.00;424000.00;Virement bancaire
917;ENS-0040;Juin;2024;604000.00;75000.00;52000.00;627000.00;Virement bancaire
918;ENS-0041;Juin;2024;1046000.00;0.00;167000.00;879000.00;Virement bancaire
919;ENS-0042;Juin;2024;1624000.00;0.00;284000.00;1340000.00;Virement bancaire
920;ENS-0043;Juin;2024;309000.00;0.00;25000.00;284000.00;Wave
921;ENS-0044;Juin;2024;328000.00;0.00;55000.00;273000.00;Virement bancaire
922;ENS-0045;Juin;2024;455000.00;0.00;41000.00;414000.00;Virement bancaire
923;ENS-0047;Juin;2024;364000.00;0.00;49000.00;315000.00;Wave
923;ENS-0047;Juin;2024;364000.00;0.00;49000.00;315000.00;Wave
924;ENS-0048;Juin;2024;153000.00;0.00;23000.00;130000.00;Virement bancaire
924;ENS-0048;Juin;2024;153000.00;0.00;23000.00;130000.00;Virement bancaire
925;ENS-0049;Juin;2024;132000.00;0.00;21000.00;111000.00;Virement bancaire
926;ENS-0050;Juin;2024;227000.00;0.00;35000.00;192000.00;Virement bancaire
927;ENS-0051;Juin;2024;1142000.00;0.00;148000.00;994000.00;Virement bancaire
928;ENS-0052;Juin;2024;153000.00;0.00;22000.00;131000.00;Orange Money
929;ENS-0053;Juin;2024;1117000.00;0.00;192000.00;925000.00;Virement bancaire
930;ENS-0054;Juin;2024;716000.00;0.00;114000.00;602000.00;Espèces
931;ENS-0055;Juin;2024;793000.00;0.00;128000.00;665000.00;Virement bancaire
932;ENS-0056;Juin;2024;1548000.00;211000.00;168000.00;1591000.00;Virement bancaire
933;ENS-0058;Juin;2024;1107000.00;0.00;125000.00;982000.00;Espèces
934;ENS-0059;Juin;2024;162000.00;0.00;15000.00;147000.00;Virement bancaire
935;ENS-0061;Juin;2024;271000.00;0.00;37000.00;234000.00;Virement
936;ENS-0062;Juin;2024;1351000.00;0.00;240000.00;1111000.00;Virement bancaire
937;ENS-0063;Juin;2024;236000.00;0.00;21000.00;215000.00;Wave
938;ENS-0064;Juin.;2024;325000.00;0.00;26000.00;299000.00;Virement bancaire
939;ENS-0065;Juin;2024;474000.00;0.00;39000.00;435000.00;Virement bancaire
940;ENS-0066;Juin;2024;408000.00;0.00;67000.00;341000.00;Orange Money
941;ENS-0067;Juin;2024;1067000.00;0.00;187000.00;880000.00;Virement bancaire
942;ENS-0068;Juin;2024;1204000.00;0.00;186000.00;1018000.00;Virement bancaire
943;ENS-0069;Juin;2024;144000.00;0.00;26000.00;118000.00;Virement bancaire
943;ENS-0069;Juin;2024;144000.00;0.00;26000.00;118000.00;Virement bancaire
944;ENS-0070;Juin;2024;951000.00;0.00;125000.00;826000.00;Orange Money
945;ENS-0071;Juin;2024;132000.00;0.00;13000.00;119000.00;Virement bancaire
946;ENS-0073;Juin;2024;301000.00;0.00;28000.00;273000.00;Cash
947;ENS-0074;Juin;2024;491000.00;61000.00;58000.00;494000.00;Wave
948;ENS-0075;Juin;2024;1742000.00;0.00;174000.00;1568000.00;Virement bancaire
949;ENS-0076;Juin;2024;1430000.00;207000.00;164000.00;-1473000.00;Wave
950;ENS-0078;Juin;2024;1223000.00;0.00;163000.00;1060000.00;Virement bancaire
951;ENS-0079;Juin;2024;285000.00;0.00;36000.00;249000.00;Orange Money
952;ENS-0080;Juin;2024;232000.00;0.00;26000.00;206000.00;Orange Money
953;ENS-0082;Juin;2024;480000.00;0.00;45000.00;435000.00;bank transfer
954;ENS-0083;Juin;2024;959000.00;107000.00;109000.00;957000.00;Wave
955;ENS-0084;Juin;2024;228000.00;0.00;25000.00;203000.00;Virement bancaire
956;ENS-0085;Juin;2024;729000.00;96000.00;59000.00;766000.00;Virement bancaire
957;ENS-0086;Juin;2024;845000.00;0.00;147000.00;698000.00;Espèces
958;ENS-0087;juin;2024;950000.00;75000.00;167000.00;858000.00;Virement bancaire
959;ENS-0088;Juin;2024;250000.00;0.00;43000.00;207000.00;Virement bancaire
960;ENS-0089;Juin;2024;1181000.00;0.00;127000.00;1054000.00;Orange Money
961;ENS-0090;Juin;2024;1640000.00;0.00;200000.00;1440000.00;Virement bancaire
962;ENS-0091;Juin;2024;229000.00;0.00;20000.00;209000.00;Virement bancaire
963;ENS-0092;Juin;2024;1086000.00;96000.00;163000.00;1019000.00;Espèces
964;ENS-0093;Juin;2024;514000.00;0.00;57000.00;457000.00;Virement bancaire
965;ENS-0094;Juin;2024;1149000.00;0.00;166000.00;983000.00;Virement bancaire
965;ENS-0094;Juin;2024;1149000.00;0.00;166000.00;983000.00;Virement bancaire
966;ENS-0095;Juin;2024;1703000.00;238000.00;142000.00;1799000.00;Virement bancaire
967;ENS-0096;Juin;2024;775000.00;87000.00;132000.00;730000.00;Orange Money
968;ENS-0097;juin;2024;170000.00;468097.30;17000.00;153000.00;Wave
969;ENS-0098;Juin;2024;1147000.00;122000.00;110000.00;1159000.00;Virement bancaire
970;ENS-0099;Juin;2024;240000.00;0.00;23000.00;217000.00;Virement bancaire
971;ENS-0100;Juin;2024;990000.00;0.00;109000.00;881000.00;Virement bancaire
972;ENS-0101;Juin;2024;482000.00;0.00;65000.00;417000.00;Virement bancaire
973;ENS-0102;Juin;2024;168000.00;0.00;25000.00;143000.00;Virement bancaire
974;ENS-0103;Juin;2024;1120000.00;0.00;195000.00;-925000.00;Virement bancaire
975;ENS-0104;Juin;2024;679000.00;57000.00;112000.00;624000.00;Espèces
976;ENS-0105;Juin;2024;104000.00;0.00;16000.00;88000.00;Virement bancaire
977;ENS-0106;Juin;2024;1023000.00;0.00;184000.00;839000.00;Virement bancaire
978;ENS-0107;Juin;2024;693000.00;0.00;65000.00;628000.00;Virement bancaire
979;ENS-0108;Juin;2024;969000.00;0.00;88000.00;881000.00;Virement bancaire
980;ENS-0109;Juin;2024;1688000.00;0.00;207000.00;1481000.00;Virement bancaire
981;ENS-0110;Juin;2024;336000.00;0.00;60000.00;276000.00;Virement bancaire
982;ENS-0111;Juin;2024;434000.00;0.00;57000.00;377000.00;Virement bancaire
983;ENS-0112;Juin;2024;1616000.00;212000.00;291000.00;1537000.00;Virement bancaire
984;ENS-0113;Juin;2024;1010000.00;107000.00;106000.00;1011000.00;Banque
985;ENS-0114;Juin;2024;1054000.00;86000.00;153000.00;-987000.00;Orange Money
986;ENS-0115;Juin;2024;262000.00;0.00;42000.00;220000.00;Wave
987;ENS-0116;Juin;2024;1109000.00;0.00;100000.00;1009000.00;Espèces
988;ENS-0117;Juin;2024;387000.00;0.00;34000.00;353000.00;Virement bancaire
989;ENS-0118;juin;2024;483000.00;0.00;76000.00;407000.00;Orange Money
990;ENS-0119;Juin;2024;830000.00;63000.00;146000.00;747000.00;Virement bancaire
991;ENS-0120;Juin;2024;1091000.00;0.00;137000.00;954000.00;Virement bancaire
991;ENS-0120;Juin;2024;1091000.00;0.00;137000.00;954000.00;Virement bancaire
992;ENS-0001;Juillet;2024;1120000.00;0.00;199000.00;921000.00;Orange Money
993;ENS-0002;Juillet;2024;856000.00;0.00;154000.00;702000.00;Virement bancaire
994;ENS-0003;Juillet;2024;1143000.00;0.00;154000.00;989000.00;Orange Money
994;ENS-0003;Juillet;2024;1143000.00;0.00;154000.00;989000.00;Orange Money
995;ENS-0004;Juillet;2024;153000.00;0.00;21000.00;132000.00;Virement bancaire
996;ENS-0005;Juillet;2024;132000.00;0.00;12000.00;120000.00;Virement bancaire
997;ENS-0006;07;2024;287000.00;0.00;31000.00;256000.00;Orange Money
998;ENS-0007;Juil.;2024;1231000.00;79000.00;211000.00;1099000.00;Virement bancaire
999;ENS-0008;Juillet;2024;1192000.00;0.00;98000.00;1094000.00;Virement bancaire
1000;ENS-0009;Juillet;2024;286000.00;0.00;48000.00;238000.00;Virement bancaire
1001;ENS-0010;Juillet;2024;1622000.00;142000.00;286000.00;1478000.00;Virement bancaire
1002;ENS-0011;Juillet;2024;1796000.00;0.00;183000.00;1613000.00;Espèces
1003;ENS-0012;Juillet;2024;1822000.00;0.00;241000.00;1581000.00;Virement bancaire
1004;ENS-0013;Juillet;2024;1006000.00;0.00;140000.00;866000.00;Virement bancaire
1005;ENS-0014;Juillet;2024;1040000.00;0.00;95000.00;945000.00;Orange Money
1006;ENS-0015;Juillet;2024;480000.00;1390779.19;78000.00;402000.00;Wave
1007;ENS-0016;Juillet;2024;1028000.00;0.00;160000.00;868000.00;Virement bancaire
1008;ENS-0017;Juillet;2024;1059000.00;0.00;105000.00;954000.00;Wave
1009;ENS-0018;Juillet;2024;517000.00;0.00;63000.00;454000.00;Orange Money
1010;ENS-0019;Juillet;2024;272000.00;0.00;24000.00;248000.00;Virement bancaire
1011;ENS-0020;Juillet;2024;537000.00;29000.00;72000.00;494000.00;Virement bancaire
1012;ENS-0022;Juillet;2024;198000.00;0.00;32000.00;166000.00;Virement bancaire
1013;ENS-0023;Juillet;2024;810000.00;111000.00;129000.00;792000.00;Virement bancaire
1014;ENS-0024;Juillet;2024;700000.00;0.00;108000.00;592000.00;Espèces
1015;ENS-0025;juillet;2024;501000.00;0.00;53000.00;448000.00;Orange Money
1016;ENS-0026;Juillet;2024;486000.00;754188.19;39000.00;447000.00;Virement bancaire
1017;ENS-0027;Juillet;2024;1148000.00;0.00;140000.00;1008000.00;Wave
1018;ENS-0028;Juillet;2024;954000.00;117000.00;126000.00;945000.00;Espèces
1019;ENS-0029;Juillet;2024;239000.00;0.00;28000.00;211000.00;Virement bancaire
1020;ENS-0030;Juillet;2024;1722000.00;235000.00;242000.00;1715000.00;Virement bancaire
1021;ENS-0031;Juillet;2024;692000.00;0.00;102000.00;590000.00;Virement bancaire
1022;ENS-0032;Juillet;2024;203000.00;0.00;17000.00;186000.00;Virement bancaire
1023;ENS-0033;Juillet;2024;483000.00;0.00;60000.00;-423000.00;Wave
1024;ENS-0034;Juillet;2024;1135000.00;164000.00;182000.00;1117000.00;Virement bancaire
1025;ENS-0036;Juillet;2024;193000.00;0.00;29000.00;-164000.00;Virement bancaire
1026;ENS-0038;Juillet;2024;226000.00;0.00;35000.00;191000.00;Virement bancaire
1027;ENS-0039;Juillet;2024;497000.00;0.00;49000.00;448000.00;Virement bancaire
1028;ENS-0040;Juillet;2024;604000.00;73000.00;69000.00;608000.00;Virement bancaire
1029;ENS-0041;Juillet;2024;1046000.00;0.00;182000.00;864000.00;Virement bancaire
1030;ENS-0042;Juillet;2024;1624000.00;0.00;230000.00;1394000.00;Virement bancaire
1031;ENS-0043;Juillet;2024;202000.00;0.00;29000.00;173000.00;Virement bancaire
1031;ENS-0043;Juillet;2024;202000.00;0.00;29000.00;173000.00;Virement bancaire
1032;ENS-0044;Juillet;2024;262000.00;0.00;42000.00;220000.00;Virement bancaire
1032;ENS-0044;Juillet;2024;262000.00;0.00;42000.00;220000.00;Virement bancaire
1033;ENS-0045;Juillet;2024;193000.00;0.00;30000.00;163000.00;Orange Money
1034;ENS-0047;Juillet;2024;333000.00;0.00;31000.00;302000.00;Virement bancaire
1035;ENS-0048;Juillet;2024;236000.00;0.00;40000.00;196000.00;Virement bancaire
1036;ENS-0049;Juillet;2024;157000.00;512741.33;24000.00;133000.00;Virement bancaire
1037;ENS-0050;Juillet;2024;450000.00;0.00;61000.00;389000.00;Virement bancaire
1038;ENS-0051;Juillet;2024;1142000.00;161000.00;166000.00;1137000.00;Virement bancaire
1039;ENS-0052;Juillet;2024;231000.00;0.00;29000.00;202000.00;Virement bancaire
1040;ENS-0053;Juillet;2024;1117000.00;0.00;129000.00;988000.00;Virement bancaire
1041;ENS-0054;Juillet;2024;716000.00;0.00;61000.00;655000.00;Espèces
1042;ENS-0055;Juillet;2024;793000.00;0.00;116000.00;-677000.00;Virement bancaire
1043;ENS-0056;Juillet;2024;1548000.00;0.00;180000.00;1368000.00;Virement bancaire
1044;ENS-0058;Juillet;2024;1107000.00;0.00;122000.00;985000.00;Espèces
1045;ENS-0059;juillet;2024;221000.00;0.00;20000.00;-201000.00;Virement bancaire
1046;ENS-0061;Juillet;2024;276000.00;0.00;32000.00;244000.00;Virement bancaire
1047;ENS-0062;Juillet;2024;1351000.00;185000.00;153000.00;1383000.00;Virement bancaire
1048;ENS-0063;Juillet;2024;256000.00;0.00;44000.00;212000.00;Wave
1049;ENS-0064;Juillet;2024;295000.00;0.00;34000.00;261000.00;Virement bancaire
1050;ENS-0065;07;2024;474000.00;32000.00;72000.00;434000.00;Virement bancaire
1051;ENS-0066;Juillet;2024;418000.00;0.00;45000.00;373000.00;Wave
1052;ENS-0067;Juillet;2024;1067000.00;0.00;170000.00;897000.00;Virement bancaire
1053;ENS-0068;Juillet;2024;1204000.00;2594847.02;158000.00;1046000.00;Virement bancaire
1054;ENS-0069;Juillet;2024;215000.00;0.00;27000.00;188000.00;Virement bancaire
1055;ENS-0070;Juillet;2024;951000.00;0.00;143000.00;808000.00;Orange Money
1056;ENS-0071;Juillet;2024;128000.00;0.00;17000.00;111000.00;Virement bancaire
1057;ENS-0073;Juillet;2024;302000.00;0.00;31000.00;271000.00;Espèces
1058;ENS-0074;Juillet;2024;491000.00;60000.00;76000.00;475000.00;Wave
1059;ENS-0075;Juillet;2024;1742000.00;233000.00;219000.00;1756000.00;Virement bancaire
1060;ENS-0076;Juillet;2024;1430000.00;78000.00;117000.00;1391000.00;Wave
1061;ENS-0078;Juillet;2024;1223000.00;136000.00;147000.00;1212000.00;Virement bancaire
1061;ENS-0078;Juillet;2024;1223000.00;136000.00;147000.00;1212000.00;Virement bancaire
1062;ENS-0079;Juillet;2024;149000.00;0.00;12000.00;137000.00;Orange Money
1063;ENS-0080;Juillet;2024;371000.00;0.00;37000.00;334000.00;Virement bancaire
1064;ENS-0082;Juillet;2024;480000.00;0.00;49000.00;431000.00;Virement bancaire
1065;ENS-0083;Juillet;2024;959000.00;101000.00;113000.00;947000.00;Orange Money
1066;ENS-0084;Juillet;2024;127000.00;0.00;16000.00;111000.00;VIREMENT
1067;ENS-0085;Juillet;2024;729000.00;0.00;86000.00;643000.00;Virement bancaire
1068;ENS-0086;Juillet;2024;845000.00;52000.00;142000.00;755000.00;Espèces
1069;ENS-0087;Juillet;2024;950000.00;0.00;122000.00;828000.00;Virement bancaire
1070;ENS-0088;Juillet;2024;132000.00;0.00;19000.00;113000.00;Virement bancaire
1071;ENS-0089;Juillet;2024;1181000.00;0.00;155000.00;1026000.00;Orange Money
1072;ENS-0090;Juillet;2024;1640000.00;150000.00;150000.00;1640000.00;Virement bancaire
1073;ENS-0091;Juillet;2024;264000.00;0.00;47000.00;217000.00;Virement bancaire
1074;ENS-0092;Juillet;2024;1086000.00;0.00;141000.00;945000.00;Espèces
1075;ENS-0093;Juillet;2024;514000.00;0.00;49000.00;465000.00;Virement bancaire
1076;ENS-0094;Juillet;2024;1149000.00;0.00;121000.00;1028000.00;VIREMENT
1077;ENS-0095;juillet;2024;1703000.00;0.00;152000.00;1551000.00;Virement bancaire
1078;ENS-0096;Juillet;2024;775000.00;0.00;94000.00;681000.00;Orange Money
1079;ENS-0097;Juillet;2024;142000.00;0.00;13000.00;129000.00;Wave
1080;ENS-0098;Juillet;2024;1147000.00;66000.00;168000.00;1045000.00;Virement bancaire
1081;ENS-0099;Juillet;2024;180000.00;0.00;30000.00;-150000.00;Virement bancaire
1082;ENS-0100;Juillet;2024;990000.00;0.00;124000.00;866000.00;Virement bancaire
1083;ENS-0101;Juillet;2024;401000.00;0.00;42000.00;-359000.00;Virement bancaire
1084;ENS-0102;Juillet;2024;219000.00;0.00;39000.00;180000.00;Virement bancaire
1085;ENS-0103;Juillet;2024;1120000.00;118000.00;186000.00;1052000.00;Virement bancaire
1085;ENS-0103;Juillet;2024;1120000.00;118000.00;186000.00;1052000.00;Virement bancaire
1086;ENS-0104;Juil.;2024;679000.00;76000.00;106000.00;649000.00;Virement bancaire
1087;ENS-0105;Juillet;2024;131000.00;0.00;12000.00;119000.00;Virement bancaire
1088;ENS-0106;Juillet;2024;1023000.00;0.00;150000.00;873000.00;Virement bancaire
1089;ENS-0107;juillet;2024;693000.00;36000.00;106000.00;623000.00;Virement bancaire
1090;ENS-0108;Juillet;2024;969000.00;0.00;109000.00;860000.00;Virement bancaire
1091;ENS-0109;Juillet;2024;1688000.00;0.00;284000.00;1404000.00;Virement bancaire
1092;ENS-0110;Juillet;2024;504000.00;0.00;75000.00;429000.00;Virement bancaire
1093;ENS-0111;Juillet;2024;427000.00;0.00;48000.00;379000.00;Virement bancaire
1094;ENS-0112;Juillet;2024;1616000.00;0.00;168000.00;1448000.00;Virement bancaire
1095;ENS-0113;Juillet;2024;1010000.00;0.00;148000.00;862000.00;Virement bancaire
1096;ENS-0114;Juillet;2024;1054000.00;146000.00;164000.00;1036000.00;Orange Money
1097;ENS-0115;Juillet;2024;251000.00;0.00;43000.00;208000.00;Wave
1098;ENS-0116;Juillet;2024;1109000.00;0.00;134000.00;975000.00;Espèces
1099;ENS-0117;Juillet;2024;426000.00;0.00;52000.00;374000.00;Virement bancaire
1100;ENS-0118;Juillet;2024;483000.00;43000.00;67000.00;459000.00;Orange Money
1100;ENS-0118;Juillet;2024;483000.00;43000.00;67000.00;459000.00;Orange Money
1101;ENS-0119;Juillet;2024;830000.00;0.00;79000.00;751000.00;Virement bancaire
1102;ENS-0120;Juillet;2024;1091000.00;0.00;93000.00;998000.00;Virement bancaire
1103;ENS-0001;Août;2024;1120000.00;0.00;155000.00;965000.00;Orange Money
1104;ENS-0002;Août;2024;856000.00;0.00;147000.00;709000.00;Virement bancaire
1105;ENS-0003;Août;2024;1143000.00;100000.00;125000.00;1118000.00;Orange Money
1106;ENS-0004;Août;2024;338000.00;0.00;39000.00;299000.00;Virement bancaire
1107;ENS-0005;Août;2024;85000.00;0.00;9000.00;76000.00;Virement bancaire
1108;ENS-0006;Août;2024;207000.00;0.00;18000.00;189000.00;orange money
1109;ENS-0007;Août;2024;1231000.00;98000.00;126000.00;1203000.00;Virement bancaire
1110;ENS-0008;Août;2024;1192000.00;0.00;151000.00;1041000.00;Virement bancaire
1111;ENS-0009;Août;2024;279000.00;618696.16;28000.00;251000.00;Virement bancaire
1112;ENS-0010;Août;2024;1622000.00;0.00;170000.00;1452000.00;Orange Money
1113;ENS-0011;Août;2024;1796000.00;0.00;245000.00;1551000.00;Espèces
1114;ENS-0012;Août;2024;1822000.00;0.00;295000.00;1527000.00;Virement bancaire
1115;ENS-0013;AOÛT;2024;1006000.00;0.00;125000.00;881000.00;Virement bancaire
1116;ENS-0014;Août;2024;1040000.00;0.00;153000.00;887000.00;Orange Money
1117;ENS-0015;Août;2024;480000.00;27000.00;84000.00;423000.00;OM
1118;ENS-0016;Août;2024;1028000.00;3144922.83;124000.00;904000.00;Virement bancaire
1119;ENS-0017;Août;2024;1059000.00;108000.00;100000.00;1067000.00;Virement bancaire
1120;ENS-0018;Août;2024;517000.00;0.00;54000.00;463000.00;Orange Money
1120;ENS-0018;Août;2024;517000.00;0.00;54000.00;463000.00;Orange Money
1121;ENS-0019;Août;2024;195000.00;0.00;24000.00;171000.00;Virement bancaire
1122;ENS-0020;Août;2024;537000.00;0.00;57000.00;480000.00;Virement bancaire
1123;ENS-0022;Août;2024;150000.00;0.00;20000.00;130000.00;Virement bancaire
1124;ENS-0023;Août;2024;810000.00;94000.00;110000.00;794000.00;Virement bancaire
1125;ENS-0024;Août;2024;700000.00;0.00;82000.00;618000.00;Virement bancaire
1126;ENS-0025;Août;2024;501000.00;0.00;70000.00;431000.00;Orange Money
1127;ENS-0026;Août;2024;486000.00;0.00;49000.00;437000.00;Virement bancaire
1128;ENS-0027;Août;2024;1148000.00;94000.00;161000.00;1081000.00;wave
1129;ENS-0028;Août;2024;954000.00;0.00;132000.00;822000.00;Virement bancaire
1130;ENS-0029;Août;2024;218000.00;0.00;38000.00;180000.00;Virement bancaire
1131;ENS-0030;Août;2024;1722000.00;176000.00;225000.00;1673000.00;Virement bancaire
1132;ENS-0031;Août;2024;692000.00;0.00;104000.00;588000.00;Virement bancaire
1133;ENS-0032;Août;2024;235000.00;0.00;34000.00;201000.00;Espèces
1134;ENS-0033;Août;2024;483000.00;68000.00;70000.00;481000.00;Wave
1135;ENS-0034;Aout;2024;1135000.00;0.00;97000.00;1038000.00;Virement bancaire
1136;ENS-0036;Août;2024;259000.00;0.00;46000.00;-213000.00;Virement bancaire
1137;ENS-0038;Août;2024;212000.00;0.00;19000.00;193000.00;Virement bancaire
1137;ENS-0038;Août;2024;212000.00;0.00;19000.00;193000.00;Virement bancaire
1138;ENS-0039;Août;2024;497000.00;64000.00;70000.00;491000.00;Virement bancaire
1139;ENS-0040;Août;2024;604000.00;89000.00;92000.00;601000.00;Virement bancaire
1140;ENS-0041;Août;2024;1046000.00;3064985.43;143000.00;903000.00;Espèces
1141;ENS-0042;Août;2024;1624000.00;0.00;237000.00;1387000.00;Virement bancaire
1142;ENS-0043;Août;2024;330000.00;0.00;28000.00;302000.00;Virement bancaire
1143;ENS-0044;08;2024;316000.00;0.00;49000.00;267000.00;Virement bancaire
1144;ENS-0045;Août;2024;238000.00;0.00;35000.00;203000.00;Virement bancaire
1145;ENS-0047;Août;2024;422000.00;0.00;53000.00;369000.00;Virement bancaire
1146;ENS-0048;Août;2024;228000.00;0.00;22000.00;206000.00;Virement bancaire
1147;ENS-0049;Août;2024;166000.00;0.00;24000.00;142000.00;Virement bancaire
1148;ENS-0050;Août;2024;232000.00;0.00;35000.00;197000.00;Virement bancaire
1149;ENS-0051;Août;2024;1142000.00;0.00;199000.00;943000.00;Virement bancaire
1149;ENS-0051;Août;2024;1142000.00;0.00;199000.00;943000.00;Virement bancaire
1150;ENS-0052;Août;2024;261000.00;0.00;39000.00;222000.00;Virement bancaire
1151;ENS-0053;Août;2024;1117000.00;81000.00;139000.00;1059000.00;Virement bancaire
1152;ENS-0054;Août;2024;716000.00;38000.00;126000.00;628000.00;Espèces
1153;ENS-0055;Août;2024;793000.00;0.00;94000.00;699000.00;Virement bancaire
1154;ENS-0056;Août;2024;1548000.00;0.00;247000.00;1301000.00;Virement bancaire
1155;ENS-0058;Août;2024;1107000.00;0.00;169000.00;938000.00;Espèces
1156;ENS-0059;Août;2024;177000.00;0.00;30000.00;147000.00;Virement bancaire
1157;ENS-0061;Août;2024;157000.00;0.00;19000.00;138000.00;Virement bancaire
1158;ENS-0062;Août;2024;1351000.00;0.00;162000.00;1189000.00;Virement bancaire
1159;ENS-0063;Août;2024;361000.00;0.00;50000.00;311000.00;Wave
1160;ENS-0064;Août;2024;323000.00;0.00;46000.00;277000.00;Virement bancaire
1161;ENS-0065;Août;2024;474000.00;58000.00;76000.00;456000.00;Virement bancaire
1162;ENS-0066;Août;2024;469000.00;0.00;82000.00;387000.00;Wave
1163;ENS-0067;Août;2024;1067000.00;0.00;151000.00;916000.00;Virement bancaire
1164;ENS-0068;Août;2024;1204000.00;65000.00;116000.00;1153000.00;Virement bancaire
1165;ENS-0069;Août;2024;221000.00;0.00;18000.00;203000.00;Virement bancaire
1166;ENS-0070;Août;2024;951000.00;0.00;149000.00;802000.00;OM
1167;ENS-0071;Août;2024;174000.00;0.00;27000.00;147000.00;Virement bancaire
1168;ENS-0073;août;2024;262000.00;0.00;41000.00;221000.00;Espèces
1169;ENS-0074;Août;2024;491000.00;0.00;79000.00;412000.00;Wave
1170;ENS-0075;Août;2024;1742000.00;92000.00;170000.00;1664000.00;Virement bancaire
1171;ENS-0076;Août;2024;1430000.00;0.00;168000.00;1262000.00;Wave
1172;ENS-0078;Août.;2024;1223000.00;0.00;180000.00;1043000.00;Virement bancaire
1173;ENS-0079;Août;2024;291000.00;994275.71;26000.00;265000.00;Orange Money
1174;ENS-0080;Août;2024;481000.00;0.00;63000.00;418000.00;Virement bancaire
1175;ENS-0082;Août;2024;480000.00;0.00;50000.00;430000.00;Virement bancaire
1176;ENS-0083;Août;2024;959000.00;0.00;105000.00;854000.00;Wave
1177;ENS-0084;Août;2024;139000.00;0.00;20000.00;119000.00;Virement bancaire
1178;ENS-0085;Août;2024;729000.00;0.00;61000.00;668000.00;Virement bancaire
1179;ENS-0086;Août;2024;845000.00;48000.00;84000.00;809000.00;Espèces
1180;ENS-0087;Août;2024;950000.00;0.00;152000.00;798000.00;Virement bancaire
1181;ENS-0088;Août;2024;183000.00;0.00;28000.00;155000.00;VIREMENT
1182;ENS-0089;Août;2024;1181000.00;157000.00;138000.00;1200000.00;orange money
1183;ENS-0090;Août;2024;1640000.00;0.00;133000.00;1507000.00;Orange Money
1184;ENS-0091;Août;2024;240000.00;0.00;38000.00;202000.00;Virement bancaire
1185;ENS-0092;Août;2024;1086000.00;0.00;108000.00;978000.00;Espèces
1186;ENS-0093;Août;2024;514000.00;70000.00;84000.00;-500000.00;Virement bancaire
1187;ENS-0094;Août;2024;1149000.00;106000.00;199000.00;1056000.00;Virement bancaire
1188;ENS-0095;Août;2024;1703000.00;188000.00;159000.00;1732000.00;Virement bancaire
1189;ENS-0096;AOÛT;2024;775000.00;0.00;85000.00;690000.00;Orange Money
1190;ENS-0097;Août;2024;91000.00;0.00;15000.00;76000.00;Wave
1191;ENS-0098;Août;2024;1147000.00;78000.00;138000.00;1087000.00;Virement bancaire
1192;ENS-0099;Août;2024;231000.00;0.00;39000.00;-192000.00;Virement bancaire
1193;ENS-0100;Août;2024;990000.00;0.00;149000.00;-841000.00;Virement bancaire
1194;ENS-0101;Août;2024;347000.00;0.00;51000.00;296000.00;Virement bancaire
1194;ENS-0101;Août;2024;347000.00;0.00;51000.00;296000.00;Virement bancaire
1195;ENS-0102;Août;2024;147000.00;0.00;23000.00;124000.00;Virement bancaire
1196;ENS-0103;Août;2024;1120000.00;0.00;199000.00;-921000.00;Virement bancaire
1197;ENS-0104;Août;2024;679000.00;0.00;61000.00;618000.00;Espèces
1198;ENS-0105;Août;2024;154000.00;0.00;23000.00;131000.00;Virement bancaire
1199;ENS-0106;Août;2024;1023000.00;135000.00;162000.00;996000.00;Virement bancaire
1200;ENS-0107;Août;2024;693000.00;96000.00;120000.00;669000.00;Virement bancaire
1201;ENS-0108;Août;2024;969000.00;70000.00;102000.00;937000.00;Virement bancaire
1202;ENS-0109;Août;2024;1688000.00;0.00;242000.00;1446000.00;Virement bancaire
1203;ENS-0110;Août;2024;297000.00;0.00;36000.00;261000.00;Virement bancaire
1204;ENS-0111;Août;2024;270000.00;0.00;33000.00;237000.00;Virement bancaire
1205;ENS-0112;Août;2024;1616000.00;0.00;193000.00;1423000.00;Virement bancaire
1206;ENS-0113;Août;2024;1010000.00;0.00;99000.00;911000.00;Virement bancaire
1206;ENS-0113;Août;2024;1010000.00;0.00;99000.00;911000.00;Virement bancaire
1207;ENS-0114;Août;2024;1054000.00;141000.00;127000.00;1068000.00;Orange Money
1208;ENS-0115;Août;2024;385000.00;0.00;63000.00;322000.00;Wave
1209;ENS-0116;Août;2024;1109000.00;0.00;115000.00;994000.00;Espèces
1210;ENS-0117;Août;2024;302000.00;0.00;37000.00;265000.00;Virement bancaire
1211;ENS-0118;Août;2024;483000.00;0.00;60000.00;423000.00;Orange Money
1212;ENS-0119;Août;2024;830000.00;0.00;93000.00;737000.00;Virement bancaire
1213;ENS-0120;Août;2024;1091000.00;113000.00;118000.00;1086000.00;Virement bancaire
1214;ENS-0001;Septembre;2024;1120000.00;0.00;93000.00;1027000.00;Orange Money
1215;ENS-0002;Septembre;2024;856000.00;60000.00;152000.00;764000.00;Virement bancaire
1216;ENS-0003;Septembre;2024;1143000.00;0.00;138000.00;1005000.00;Orange Money
1217;ENS-0004;Septembre;2024;298000.00;0.00;49000.00;249000.00;Virement bancaire
1218;ENS-0005;Septembre;2024;199000.00;429295.78;34000.00;165000.00;Virement bancaire
1219;ENS-0006;Septembre;2024;156000.00;0.00;20000.00;136000.00;Orange Money
1220;ENS-0007;Septembre;2024;1231000.00;79000.00;142000.00;1168000.00;Virement bancaire
1221;ENS-0008;Septembre;2024;1192000.00;87000.00;124000.00;1155000.00;Virement bancaire
1222;ENS-0009;Septembre;2024;201000.00;0.00;16000.00;185000.00;Espèces
1223;ENS-0010;Septembre;2024;1622000.00;3811371.53;187000.00;1435000.00;Orange Money
1224;ENS-0011;Septembre;2024;1796000.00;4621180.74;236000.00;1560000.00;Espèces
1225;ENS-0012;Septembre;2024;1822000.00;0.00;311000.00;1511000.00;VIREMENT
1226;ENS-0013;Septembre;2024;1006000.00;0.00;111000.00;895000.00;Virement bancaire
1227;ENS-0014;Septembre;2024;1040000.00;0.00;163000.00;877000.00;Orange Money
1228;ENS-0015;Septembre;2024;480000.00;57000.00;59000.00;478000.00;Wave
1229;ENS-0016;Septembre;2024;1028000.00;0.00;116000.00;912000.00;Virement bancaire
1230;ENS-0017;Septembre;2024;1059000.00;0.00;116000.00;943000.00;Wave
1231;ENS-0018;Septembre;2024;517000.00;0.00;50000.00;-467000.00;Orange Money
1232;ENS-0019;Septembre;2024;313000.00;0.00;28000.00;285000.00;Virement bancaire
1233;ENS-0020;Septembre;2024;537000.00;74000.00;66000.00;545000.00;Virement bancaire
1234;ENS-0022;Septembre;2024;187000.00;0.00;21000.00;166000.00;Virement bancaire
1235;ENS-0023;Septembre;2024;810000.00;0.00;138000.00;672000.00;Virement bancaire
1236;ENS-0024;Septembre;2024;700000.00;79000.00;126000.00;653000.00;Espèces
1237;ENS-0025;Septembre;2024;501000.00;0.00;47000.00;454000.00;Orange Money
1238;ENS-0026;Septembre;2024;486000.00;0.00;49000.00;437000.00;Virement bancaire
1239;ENS-0027;09;2024;1148000.00;0.00;153000.00;995000.00;Wave
1240;ENS-0028;Septembre;2024;954000.00;67000.00;139000.00;882000.00;Virement bancaire
1241;ENS-0029;Septembre;2024;417000.00;1295166.13;36000.00;381000.00;Virement bancaire
1242;ENS-0030;Septembre;2024;1722000.00;99000.00;193000.00;1628000.00;Virement bancaire
1243;ENS-0031;Septembre;2024;692000.00;80000.00;122000.00;650000.00;Virement bancaire
1244;ENS-0032;Septembre;2024;311000.00;0.00;43000.00;268000.00;Virement bancaire
1245;ENS-0033;Septembre;2024;483000.00;0.00;86000.00;397000.00;Wave
1246;ENS-0034;Septembre;2024;1135000.00;0.00;153000.00;982000.00;Virement bancaire
1247;ENS-0036;Septembre;2024;223000.00;0.00;22000.00;201000.00;Virement bancaire
1248;ENS-0038;Septembre;2024;222000.00;0.00;36000.00;186000.00;Virement bancaire
1249;ENS-0039;Septembre;2024;497000.00;0.00;61000.00;436000.00;Virement bancaire
1250;ENS-0040;Septembre;2024;604000.00;0.00;51000.00;553000.00;Virement bancaire
1251;ENS-0041;Septembre;2024;1046000.00;0.00;136000.00;-910000.00;Virement bancaire
1252;ENS-0042;Septembre;2024;1624000.00;0.00;243000.00;1381000.00;Virement bancaire
1253;ENS-0043;Septembre;2024;261000.00;0.00;25000.00;236000.00;Virement bancaire
1254;ENS-0044;Septembre;2024;297000.00;0.00;51000.00;246000.00;Virement bancaire
1255;ENS-0045;Septembre;2024;426000.00;0.00;36000.00;390000.00;Virement bancaire
1256;ENS-0047;Septembre;2024;191000.00;0.00;22000.00;169000.00;Virement bancaire
1257;ENS-0048;Septembre;2024;188000.00;0.00;25000.00;163000.00;Virement bancaire
1258;ENS-0049;Septembre;2024;265000.00;0.00;39000.00;226000.00;Virement
1259;ENS-0050;Septembre;2024;299000.00;0.00;45000.00;254000.00;Wave
1260;ENS-0051;Septembre;2024;1142000.00;148000.00;202000.00;1088000.00;Virement bancaire
1261;ENS-0052;Septembre;2024;313000.00;0.00;37000.00;276000.00;Virement bancaire
1262;ENS-0053;Septembre;2024;1117000.00;0.00;145000.00;972000.00;Virement bancaire
1263;ENS-0054;Septembre;2024;716000.00;100000.00;98000.00;718000.00;Espèces
1263;ENS-0054;Septembre;2024;716000.00;100000.00;98000.00;718000.00;Espèces
1264;ENS-0055;Septembre;2024;793000.00;0.00;131000.00;662000.00;Virement bancaire
1265;ENS-0056;Septembre;2024;1548000.00;172000.00;126000.00;1594000.00;Virement bancaire
1266;ENS-0058;Septembre;2024;1107000.00;154000.00;152000.00;1109000.00;Espèces
1267;ENS-0059;Septembre;2024;268000.00;0.00;27000.00;241000.00;Virement bancaire
1268;ENS-0061;Septembre;2024;226000.00;0.00;30000.00;196000.00;Virement bancaire
1269;ENS-0062;Septembre;2024;1351000.00;0.00;160000.00;1191000.00;Virement bancaire
1270;ENS-0063;Septembre;2024;384000.00;0.00;52000.00;332000.00;Wave
1271;ENS-0064;Septembre;2024;148000.00;0.00;13000.00;135000.00;Virement bancaire
1272;ENS-0065;Septembre;2024;474000.00;60000.00;55000.00;479000.00;Virement bancaire
1273;ENS-0066;Septembre;2024;442000.00;0.00;79000.00;363000.00;Wave
1274;ENS-0067;Septembre;2024;1067000.00;0.00;192000.00;875000.00;Virement bancaire
1275;ENS-0068;Septembre;2024;1204000.00;0.00;215000.00;989000.00;Virement bancaire
1276;ENS-0069;Septembre;2024;177000.00;0.00;20000.00;157000.00;Virement bancaire
1277;ENS-0070;Septembre;2024;951000.00;139000.00;79000.00;1011000.00;Orange Money
1278;ENS-0071;Septembre;2024;147000.00;0.00;24000.00;123000.00;Virement bancaire
1279;ENS-0073;Septembre;2024;263000.00;0.00;27000.00;236000.00;Espèces
1280;ENS-0074;Septembre;2024;491000.00;53000.00;75000.00;469000.00;Wave
1281;ENS-0075;Septembre;2024;1742000.00;0.00;173000.00;1569000.00;Virement bancaire
1282;ENS-0076;Septembre;2024;1430000.00;202000.00;147000.00;1485000.00;Wave
1283;ENS-0078;Septembre;2024;1223000.00;0.00;110000.00;1113000.00;Virement bancaire
1284;ENS-0079;Septembre;2024;311000.00;0.00;44000.00;267000.00;Wave
1285;ENS-0080;Septembre;2024;454000.00;0.00;75000.00;379000.00;Virement bancaire
1286;ENS-0082;Septembre;2024;480000.00;0.00;43000.00;437000.00;Virement bancaire
1287;ENS-0083;Septembre;2024;959000.00;0.00;78000.00;881000.00;Wave
1288;ENS-0084;Septembre;2024;146000.00;0.00;23000.00;123000.00;Virement bancaire
1289;ENS-0085;Septembre;2024;729000.00;0.00;97000.00;632000.00;Virement bancaire
1290;ENS-0086;Septembre;2024;845000.00;0.00;100000.00;745000.00;Espèces
1291;ENS-0087;Septembre;2024;950000.00;103000.00;96000.00;957000.00;Virement bancaire
1292;ENS-0088;Septembre;2024;143000.00;0.00;23000.00;120000.00;Virement bancaire
1293;ENS-0089;Septembre;2024;1181000.00;108000.00;95000.00;1194000.00;Orange Money
1294;ENS-0090;Sept.;2024;1640000.00;0.00;185000.00;1455000.00;Virement bancaire
1295;ENS-0091;Septembre;2024;205000.00;0.00;25000.00;180000.00;Wave
1296;ENS-0092;Septembre;2024;1086000.00;97000.00;174000.00;1009000.00;Espèces
1297;ENS-0093;Septembre;2024;514000.00;0.00;71000.00;443000.00;Virement bancaire
1297;ENS-0093;Septembre;2024;514000.00;0.00;71000.00;443000.00;Virement bancaire
1298;ENS-0094;Septembre;2024;1149000.00;61000.00;116000.00;1094000.00;Virement bancaire
1299;ENS-0095;Septembre;2024;1703000.00;0.00;238000.00;1465000.00;Virement bancaire
1300;ENS-0096;Septembre;2024;775000.00;49000.00;80000.00;744000.00;Orange Money
1301;ENS-0097;Septembre;2024;83000.00;0.00;9000.00;74000.00;Wave
1302;ENS-0098;Septembre;2024;1147000.00;144000.00;131000.00;1160000.00;Virement bancaire
1302;ENS-0098;Septembre;2024;1147000.00;144000.00;131000.00;1160000.00;Virement bancaire
1303;ENS-0099;Septembre;2024;401000.00;0.00;52000.00;349000.00;Virement bancaire
1304;ENS-0100;Septembre;2024;990000.00;117000.00;107000.00;-1000000.00;Virement bancaire
1305;ENS-0101;Septembre;2024;360000.00;0.00;48000.00;312000.00;Virement bancaire
1306;ENS-0102;Septembre;2024;166000.00;0.00;21000.00;145000.00;Virement bancaire
1307;ENS-0103;SEPTEMBRE;2024;1120000.00;95000.00;112000.00;1103000.00;Virement bancaire
1308;ENS-0104;Septembre;2024;679000.00;0.00;117000.00;562000.00;Virement bancaire
1309;ENS-0105;Septembre;2024;185000.00;0.00;18000.00;167000.00;Wave
1310;ENS-0106;Septembre;2024;1023000.00;0.00;110000.00;913000.00;Virement bancaire
1311;ENS-0107;Septembre;2024;693000.00;0.00;108000.00;585000.00;Virement bancaire
1312;ENS-0108;Septembre;2024;969000.00;63000.00;165000.00;867000.00;Virement bancaire
1313;ENS-0109;Septembre;2024;1688000.00;92000.00;155000.00;1625000.00;Virement bancaire
1314;ENS-0110;Septembre;2024;505000.00;0.00;80000.00;425000.00;Virement bancaire
1315;ENS-0111;Septembre;2024;243000.00;0.00;25000.00;218000.00;Virement bancaire
1316;ENS-0112;Septembre;2024;1616000.00;0.00;192000.00;1424000.00;Virement bancaire
1317;ENS-0113;Septembre;2024;1010000.00;0.00;164000.00;846000.00;Virement bancaire
1318;ENS-0114;Septembre;2024;1054000.00;54000.00;183000.00;925000.00;Orange Money
1319;ENS-0115;Septembre;2024;401000.00;0.00;60000.00;341000.00;Wave
1320;ENS-0116;Septembre;2024;1109000.00;0.00;92000.00;1017000.00;Espèces
1321;ENS-0117;Septembre;2024;427000.00;0.00;62000.00;365000.00;Virement bancaire
1322;ENS-0118;Septembre;2024;483000.00;0.00;40000.00;443000.00;Orange Money
1323;ENS-0119;Septembre;2024;830000.00;0.00;84000.00;746000.00;Virement bancaire
1324;ENS-0120;Septembre;2024;1091000.00;0.00;154000.00;937000.00;Virement bancaire
1325;ENS-0001;Octobre;2024;1120000.00;126000.00;105000.00;1141000.00;Orange Money
1326;ENS-0002;Octobre;2024;856000.00;0.00;80000.00;776000.00;Virement bancaire
1327;ENS-0003;Octobre;2024;1143000.00;170000.00;121000.00;1192000.00;Orange Money
1328;ENS-0004;Octobre;2024;284000.00;0.00;25000.00;259000.00;Virement bancaire
1329;ENS-0005;Octobre;2024;179000.00;0.00;22000.00;157000.00;Virement bancaire
1330;ENS-0006;Octobre;2024;211000.00;0.00;22000.00;189000.00;Orange Money
1331;ENS-0007;Octobre;2024;1231000.00;0.00;181000.00;1050000.00;Virement bancaire
1332;ENS-0008;Octobre;2024;1192000.00;68000.00;138000.00;1122000.00;Virement bancaire
1332;ENS-0008;Octobre;2024;1192000.00;68000.00;138000.00;1122000.00;Virement bancaire
1333;ENS-0009;Octobre;2024;225000.00;0.00;35000.00;190000.00;Virement bancaire
1334;ENS-0010;OCTOBRE;2024;1622000.00;152000.00;245000.00;1529000.00;Orange Money
1335;ENS-0011;Octobre;2024;1796000.00;214000.00;190000.00;1820000.00;Espèces
1336;ENS-0012;Octobre;2024;1822000.00;0.00;213000.00;1609000.00;Virement bancaire
1337;ENS-0013;Octobre;2024;1006000.00;142000.00;164000.00;984000.00;Virement bancaire
1338;ENS-0014;Octobre;2024;1040000.00;81000.00;91000.00;1030000.00;Orange Money
1339;ENS-0015;Octobre;2024;480000.00;0.00;41000.00;439000.00;Wave
1340;ENS-0016;Octobre;2024;1028000.00;62000.00;180000.00;910000.00;Virement bancaire
1341;ENS-0017;Octobre;2024;1059000.00;126000.00;142000.00;1043000.00;Wave
1342;ENS-0018;Octobre;2024;517000.00;0.00;45000.00;472000.00;Orange Money
1342;ENS-0018;Octobre;2024;517000.00;0.00;45000.00;472000.00;Orange Money
1343;ENS-0019;OCTOBRE;2024;168000.00;0.00;21000.00;147000.00;Virement bancaire
1344;ENS-0020;Octobre;2024;537000.00;63000.00;63000.00;537000.00;Virement bancaire
1345;ENS-0022;Octobre;2024;147000.00;0.00;19000.00;-128000.00;Virement bancaire
1346;ENS-0023;Octobre;2024;810000.00;51000.00;89000.00;772000.00;Virement bancaire
1347;ENS-0024;Octobre;2024;700000.00;47000.00;107000.00;640000.00;Espèces
1348;ENS-0025;Octobre;2024;501000.00;34000.00;60000.00;475000.00;Orange Money
1349;ENS-0026;Octobre;2024;486000.00;0.00;73000.00;413000.00;Virement bancaire
1350;ENS-0027;Octobre;2024;1148000.00;0.00;131000.00;1017000.00;Wave
1351;ENS-0028;Octobre;2024;954000.00;0.00;131000.00;823000.00;Virement bancaire
1352;ENS-0029;Octobre;2024;352000.00;0.00;39000.00;313000.00;Virement bancaire
1353;ENS-0030;Octobre;2024;1722000.00;143000.00;218000.00;1647000.00;Virement bancaire
1354;ENS-0031;Octobre;2024;692000.00;75000.00;75000.00;692000.00;Virement bancaire
1355;ENS-0032;Octobre;2024;188000.00;0.00;17000.00;171000.00;Virement bancaire
1356;ENS-0033;Octobre;2024;483000.00;0.00;81000.00;402000.00;Wave
1357;ENS-0034;Octobre;2024;1135000.00;0.00;170000.00;965000.00;Virement bancaire
1358;ENS-0036;Octobre;2024;245000.00;0.00;33000.00;212000.00;Virement bancaire
1358;ENS-0036;Octobre;2024;245000.00;0.00;33000.00;212000.00;Virement bancaire
1359;ENS-0038;Octobre;2024;269000.00;0.00;48000.00;221000.00;Virement bancaire
1360;ENS-0039;Octobre;2024;497000.00;0.00;47000.00;450000.00;Virement bancaire
1361;ENS-0040;Octobre;2024;604000.00;60000.00;97000.00;-567000.00;Virement bancaire
1362;ENS-0041;Octobre;2024;1046000.00;0.00;186000.00;860000.00;Virement bancaire
1363;ENS-0042;Octobre;2024;1624000.00;138000.00;202000.00;1560000.00;Virement bancaire
1364;ENS-0043;Octobre;2024;179000.00;0.00;22000.00;157000.00;Banque
1365;ENS-0044;Octobre;2024;138000.00;0.00;17000.00;121000.00;Virement bancaire
1366;ENS-0045;Octobre;2024;368000.00;0.00;60000.00;308000.00;Virement bancaire
1367;ENS-0047;Octobre;2024;223000.00;0.00;36000.00;187000.00;Virement bancaire
1368;ENS-0048;Octobre;2024;272000.00;0.00;33000.00;239000.00;Virement bancaire
1369;ENS-0049;Octobre;2024;251000.00;0.00;41000.00;210000.00;Virement bancaire
1370;ENS-0050;Octobre;2024;344000.00;0.00;60000.00;284000.00;Virement bancaire
1370;ENS-0050;Octobre;2024;344000.00;0.00;60000.00;284000.00;Virement bancaire
1371;ENS-0051;Octobre;2024;1142000.00;77000.00;136000.00;1083000.00;Virement bancaire
1372;ENS-0052;Octobre;2024;237000.00;0.00;26000.00;211000.00;Virement bancaire
1373;ENS-0053;Octobre;2024;1117000.00;57000.00;182000.00;992000.00;Virement bancaire
1374;ENS-0054;Octobre;2024;716000.00;0.00;102000.00;614000.00;Espèces
1375;ENS-0055;Octobre;2024;793000.00;73000.00;130000.00;736000.00;Virement bancaire
1376;ENS-0056;Octobre;2024;1548000.00;214000.00;224000.00;1538000.00;Virement bancaire
1377;ENS-0058;Octobre;2024;1107000.00;120000.00;111000.00;1116000.00;Espèces
1378;ENS-0059;Octobre;2024;230000.00;0.00;22000.00;208000.00;Virement bancaire
1379;ENS-0060;Octobre;2024;1487000.00;0.00;226000.00;1261000.00;Virement bancaire
1380;ENS-0061;Octobre;2024;171000.00;0.00;21000.00;150000.00;Virement bancaire
1381;ENS-0062;Octobre;2024;1351000.00;0.00;187000.00;1164000.00;Virement bancaire
1382;ENS-0063;Octo.;2024;302000.00;0.00;32000.00;270000.00;Wave
1383;ENS-0064;Octobre;2024;173000.00;0.00;18000.00;155000.00;Virement bancaire
1384;ENS-0065;OCTOBRE;2024;474000.00;0.00;79000.00;-395000.00;Virement bancaire
1385;ENS-0066;Octobre;2024;335000.00;0.00;57000.00;278000.00;Wave
1385;ENS-0066;Octobre;2024;335000.00;0.00;57000.00;278000.00;Wave
1386;ENS-0067;Octobre;2024;1067000.00;0.00;161000.00;906000.00;Virement bancaire
1387;ENS-0068;Octobre;2024;1204000.00;0.00;150000.00;1054000.00;Virement bancaire
1388;ENS-0069;Octobre;2024;201000.00;0.00;26000.00;175000.00;Virement bancaire
1389;ENS-0070;Octobre;2024;951000.00;0.00;103000.00;848000.00;Orange Money
1390;ENS-0071;Octobre;2024;175000.00;0.00;30000.00;145000.00;Virement bancaire
1391;ENS-0073;Octobre;2024;262000.00;0.00;21000.00;241000.00;Espèces
1392;ENS-0074;Octobre;2024;491000.00;0.00;41000.00;450000.00;Wave
1393;ENS-0075;Octobre;2024;1742000.00;0.00;209000.00;1533000.00;Virement bancaire
1393;ENS-0075;Octobre;2024;1742000.00;0.00;209000.00;1533000.00;Virement bancaire
1394;ENS-0076;Octobre;2024;1430000.00;0.00;250000.00;-1180000.00;Wave
1395;ENS-0077;Octobre;2024;315000.00;0.00;42000.00;273000.00;Orange Money
1396;ENS-0078;Octobre;2024;1223000.00;66000.00;126000.00;1163000.00;Virement bancaire
1397;ENS-0079;Octobre;2024;325000.00;0.00;27000.00;298000.00;Orange Money
1397;ENS-0079;Octobre;2024;325000.00;0.00;27000.00;298000.00;Orange Money
1398;ENS-0080;Octobre;2024;191000.00;0.00;29000.00;162000.00;Virement bancaire
1399;ENS-0082;Octobre;2024;480000.00;45000.00;43000.00;482000.00;Virement bancaire
1400;ENS-0083;Octobre;2024;959000.00;0.00;90000.00;869000.00;Wave
1401;ENS-0084;Octobre;2024;201000.00;0.00;35000.00;-166000.00;Virement bancaire
1402;ENS-0085;Octobre;2024;729000.00;0.00;68000.00;661000.00;Espèces
1403;ENS-0086;Octobre;2024;845000.00;126000.00;68000.00;903000.00;Espèces
1404;ENS-0087;Octobre;2024;950000.00;110000.00;98000.00;962000.00;Virement bancaire
1405;ENS-0088;Octobre;2024;158000.00;0.00;19000.00;139000.00;Banque
1406;ENS-0089;Octobre;2024;1181000.00;78000.00;109000.00;1150000.00;Orange Money
1406;ENS-0089;Octobre;2024;1181000.00;78000.00;109000.00;1150000.00;Orange Money
1407;ENS-0090;Octobre;2024;1640000.00;0.00;136000.00;1504000.00;Virement bancaire
1408;ENS-0091;10;2024;205000.00;0.00;33000.00;172000.00;Virement bancaire
1409;ENS-0092;Octobre;2024;1086000.00;0.00;195000.00;891000.00;Espèces
1410;ENS-0093;Octobre;2024;514000.00;0.00;55000.00;459000.00;Virement bancaire
1411;ENS-0094;Octobre;2024;1149000.00;143000.00;128000.00;1164000.00;Virement bancaire
1412;ENS-0095;Octobre;2024;1703000.00;0.00;157000.00;1546000.00;Virement bancaire
1413;ENS-0096;Octobre;2024;775000.00;73000.00;119000.00;729000.00;Orange Money
1414;ENS-0097;Octobre;2024;97000.00;204103.83;12000.00;85000.00;Espèces
1415;ENS-0098;Octobre;2024;1147000.00;0.00;165000.00;982000.00;Virement bancaire
1416;ENS-0099;Octobre;2024;222000.00;0.00;18000.00;204000.00;Virement bancaire
1417;ENS-0100;Octo.;2024;990000.00;0.00;167000.00;823000.00;Espèces
1418;ENS-0101;Octo.;2024;442000.00;0.00;74000.00;-368000.00;Virement bancaire
1419;ENS-0102;Octobre;2024;103000.00;0.00;14000.00;89000.00;Virement bancaire
1420;ENS-0103;Octobre;2024;1120000.00;0.00;118000.00;1002000.00;Virement bancaire
1421;ENS-0104;Octobre;2024;679000.00;0.00;114000.00;565000.00;Virement bancaire
1422;ENS-0105;Octobre;2024;118000.00;0.00;12000.00;106000.00;Virement bancaire
1423;ENS-0106;Octobre;2024;1023000.00;67000.00;84000.00;1006000.00;Virement bancaire
1424;ENS-0107;Octobre;2024;693000.00;2530303.47;96000.00;657000.00;Virement bancaire
1425;ENS-0108;Octobre;2024;969000.00;0.00;151000.00;818000.00;Virement bancaire
1426;ENS-0109;Octobre;2024;1688000.00;199000.00;282000.00;1605000.00;Virement bancaire
1427;ENS-0110;Octobre;2024;491000.00;0.00;42000.00;449000.00;Virement bancaire
1428;ENS-0111;Octobre;2024;307000.00;0.00;53000.00;254000.00;Virement bancaire
1429;ENS-0112;Octobre;2024;1616000.00;97000.00;158000.00;1555000.00;Virement bancaire
1430;ENS-0113;Octobre;2024;1010000.00;0.00;154000.00;856000.00;Virement bancaire
1431;ENS-0114;Octobre;2024;1054000.00;103000.00;176000.00;981000.00;Orange Money
1432;ENS-0115;Octobre;2024;430000.00;0.00;72000.00;358000.00;Wave
1433;ENS-0116;Octobre;2024;1109000.00;0.00;120000.00;989000.00;Espèces
1434;ENS-0117;Octobre;2024;393000.00;0.00;54000.00;339000.00;Virement bancaire
1435;ENS-0118;Octobre;2024;483000.00;67000.00;69000.00;481000.00;Orange Money
1436;ENS-0119;Octobre;2024;830000.00;0.00;69000.00;761000.00;Virement bancaire
1437;ENS-0120;Octobre;2024;1091000.00;84000.00;96000.00;-1079000.00;Virement bancaire
1438;ENS-0001;Novembre;2024;1120000.00;0.00;147000.00;973000.00;Orange Money
1439;ENS-0002;Novembre;2024;856000.00;0.00;87000.00;769000.00;Virement bancaire
1440;ENS-0003;Novembre;2024;1143000.00;81000.00;127000.00;1097000.00;Orange Money
1441;ENS-0004;Novembre;2024;343000.00;0.00;44000.00;299000.00;Virement bancaire
1442;ENS-0005;Novembre;2024;107000.00;0.00;10000.00;97000.00;Virement bancaire
1443;ENS-0006;Novembre;2024;173000.00;556632.95;29000.00;144000.00;Orange Money
1444;ENS-0007;Novembre;2024;1231000.00;0.00;138000.00;1093000.00;Virement bancaire
1445;ENS-0008;Novembre;2024;1192000.00;179000.00;103000.00;1268000.00;Virement bancaire
1445;ENS-0008;Novembre;2024;1192000.00;179000.00;103000.00;1268000.00;Virement bancaire
1446;ENS-0009;Novembre;2024;138000.00;0.00;18000.00;120000.00;Virement bancaire
1447;ENS-0010;Novembre;2024;1622000.00;0.00;225000.00;1397000.00;Orange Money
1448;ENS-0011;Novembre;2024;1796000.00;0.00;199000.00;1597000.00;Espèces
1449;ENS-0012;Novembre;2024;1822000.00;221000.00;226000.00;1817000.00;Virement bancaire
1450;ENS-0013;Novembre;2024;1006000.00;0.00;147000.00;859000.00;Orange Money
1451;ENS-0014;Novembre;2024;1040000.00;59000.00;142000.00;957000.00;Orange Money
1452;ENS-0015;Novembre;2024;480000.00;63000.00;63000.00;480000.00;Wave
1453;ENS-0016;Novembre;2024;1028000.00;0.00;83000.00;945000.00;Virement bancaire
1454;ENS-0017;Novembre;2024;1059000.00;0.00;153000.00;906000.00;Wave
1455;ENS-0018;novembre;2024;517000.00;65000.00;80000.00;502000.00;Orange Money
1456;ENS-0019;Novembre;2024;222000.00;0.00;19000.00;203000.00;Virement bancaire
1457;ENS-0020;Novembre;2024;537000.00;0.00;60000.00;477000.00;Virement bancaire
1458;ENS-0022;Novembre;2024;148000.00;0.00;24000.00;124000.00;Virement bancaire
1459;ENS-0023;Novembre;2024;810000.00;0.00;119000.00;691000.00;Virement bancaire
1460;ENS-0024;Novembre;2024;700000.00;0.00;78000.00;622000.00;Espèces
1461;ENS-0025;Novembre;2024;501000.00;0.00;61000.00;440000.00;Orange Money
1462;ENS-0026;Novembre;2024;486000.00;0.00;55000.00;431000.00;Virement bancaire
1463;ENS-0027;Novembre;2024;1148000.00;0.00;122000.00;1026000.00;Wave
1464;ENS-0028;Novembre;2024;954000.00;0.00;139000.00;815000.00;Virement bancaire
1465;ENS-0029;Novembre;2024;349000.00;0.00;42000.00;307000.00;Virement bancaire
1466;ENS-0030;Novembre;2024;1722000.00;0.00;277000.00;1445000.00;Virement bancaire
1467;ENS-0031;Novembre;2024;692000.00;0.00;112000.00;580000.00;Virement bancaire
1468;ENS-0032;Novembre;2024;382000.00;0.00;34000.00;348000.00;Virement bancaire
1469;ENS-0033;Novembre;2024;483000.00;53000.00;40000.00;496000.00;Wave
1470;ENS-0034;Novembre;2024;1135000.00;106000.00;110000.00;1131000.00;Virement bancaire
1471;ENS-0036;Novembre;2024;154000.00;0.00;14000.00;140000.00;Virement bancaire
1472;ENS-0038;Novembre;2024;167000.00;0.00;14000.00;153000.00;Virement bancaire
1473;ENS-0039;Novembre;2024;497000.00;0.00;41000.00;456000.00;Virement bancaire
1474;ENS-0040;Novembre;2024;604000.00;0.00;108000.00;496000.00;Virement bancaire
1475;ENS-0041;11;2024;1046000.00;0.00;139000.00;907000.00;Virement bancaire
1476;ENS-0042;Novembre;2024;1624000.00;160000.00;266000.00;1518000.00;Virement bancaire
1477;ENS-0043;Novembre;2024;240000.00;0.00;38000.00;202000.00;Virement bancaire
1478;ENS-0044;Novembre;2024;204000.00;0.00;37000.00;167000.00;Virement bancaire
1479;ENS-0045;Novembre;2024;280000.00;0.00;23000.00;257000.00;Virement bancaire
1480;ENS-0047;Novembre;2024;394000.00;0.00;45000.00;349000.00;Virement bancaire
1480;ENS-0047;Novembre;2024;394000.00;0.00;45000.00;349000.00;Virement bancaire
1481;ENS-0048;Novembre;2024;137000.00;0.00;22000.00;115000.00;Virement bancaire
1482;ENS-0049;Novembre;2024;286000.00;0.00;44000.00;242000.00;Virement bancaire
1483;ENS-0050;Novembre;2024;461000.00;0.00;62000.00;399000.00;Virement bancaire
1484;ENS-0051;Novembre;2024;1142000.00;140000.00;98000.00;1184000.00;Virement bancaire
1485;ENS-0052;Novembre;2024;126000.00;0.00;13000.00;113000.00;Virement bancaire
1486;ENS-0053;NOVEMBRE;2024;1117000.00;0.00;199000.00;918000.00;Virement bancaire
1487;ENS-0054;Novembre;2024;716000.00;45000.00;62000.00;699000.00;Cash
1488;ENS-0055;Novembre;2024;793000.00;0.00;65000.00;728000.00;Virement bancaire
1489;ENS-0056;novembre;2024;1548000.00;140000.00;262000.00;1426000.00;Virement bancaire
1490;ENS-0058;Novembre;2024;1107000.00;0.00;102000.00;1005000.00;Orange Money
1491;ENS-0059;Novembre;2024;124000.00;0.00;16000.00;-108000.00;Virement bancaire
1492;ENS-0060;Novembre;2024;1487000.00;0.00;149000.00;1338000.00;Virement bancaire
1493;ENS-0061;Novembre;2024;285000.00;0.00;29000.00;256000.00;Virement bancaire
1493;ENS-0061;Novembre;2024;285000.00;0.00;29000.00;256000.00;Virement bancaire
1494;ENS-0062;Novembre;2024;1351000.00;0.00;123000.00;1228000.00;Virement bancaire
1495;ENS-0063;Novembre;2024;379000.00;0.00;39000.00;340000.00;Wave
1496;ENS-0064;Novembre;2024;218000.00;0.00;38000.00;180000.00;Virement bancaire
1496;ENS-0064;Novembre;2024;218000.00;0.00;38000.00;180000.00;Virement bancaire
1497;ENS-0065;Novembre;2024;474000.00;59000.00;69000.00;464000.00;Virement bancaire
1498;ENS-0066;Novembre;2024;389000.00;0.00;38000.00;351000.00;Espèces
1499;ENS-0067;Novembre;2024;1067000.00;0.00;150000.00;917000.00;Virement bancaire
1500;ENS-0068;Novembre;2024;1204000.00;4061192.41;205000.00;999000.00;Virement bancaire
1501;ENS-0069;Novembre;2024;153000.00;0.00;14000.00;139000.00;Virement bancaire
1502;ENS-0070;Novembre;2024;951000.00;0.00;158000.00;793000.00;Orange Money
1503;ENS-0071;Novembre;2024;227000.00;0.00;30000.00;197000.00;Virement bancaire
1504;ENS-0073;Novembre;2024;170000.00;0.00;23000.00;147000.00;Espèces
1505;ENS-0074;Novembre;2024;491000.00;0.00;70000.00;421000.00;Wave
1506;ENS-0075;Novembre;2024;1742000.00;0.00;227000.00;1515000.00;Virement bancaire
1507;ENS-0076;Novembre;2024;1430000.00;0.00;164000.00;1266000.00;Wave
1508;ENS-0077;Novembre;2024;213000.00;0.00;35000.00;178000.00;Orange Money
1509;ENS-0078;Novembre;2024;1223000.00;0.00;128000.00;1095000.00;Virement bancaire
1510;ENS-0079;Novembre;2024;268000.00;0.00;39000.00;-229000.00;Orange Money
1511;ENS-0080;Novembre;2024;425000.00;0.00;75000.00;350000.00;Virement bancaire
1512;ENS-0082;Novembre;2024;480000.00;0.00;50000.00;430000.00;Virement bancaire
1513;ENS-0083;Novembre;2024;959000.00;57000.00;168000.00;848000.00;Wave
1514;ENS-0084;Novembre;2024;121000.00;0.00;13000.00;108000.00;Virement bancaire
1515;ENS-0085;Novembre;2024;729000.00;78000.00;80000.00;727000.00;Virement bancaire
1516;ENS-0086;Novembre;2024;845000.00;121000.00;122000.00;844000.00;Espèces
1517;ENS-0087;Novembre;2024;950000.00;0.00;135000.00;815000.00;Virement bancaire
1518;ENS-0088;Novembre;2024;242000.00;0.00;38000.00;204000.00;Virement bancaire
1519;ENS-0089;Novembre;2024;1181000.00;0.00;165000.00;1016000.00;Orange Money
1520;ENS-0090;Novembre;2024;1640000.00;0.00;195000.00;1445000.00;Virement bancaire
1521;ENS-0091;Novembre;2024;309000.00;0.00;40000.00;269000.00;Orange Money
1522;ENS-0092;Novembre;2024;1086000.00;0.00;143000.00;943000.00;Virement bancaire
1523;ENS-0093;Novembre;2024;514000.00;0.00;78000.00;436000.00;Virement bancaire
1524;ENS-0094;Novembre;2024;1149000.00;0.00;191000.00;958000.00;Virement bancaire
1525;ENS-0095;Novembre;2024;1703000.00;0.00;289000.00;1414000.00;Virement bancaire
1526;ENS-0096;Novembre;2024;775000.00;0.00;132000.00;643000.00;Orange Money
1527;ENS-0097;Novembre;2024;189000.00;0.00;17000.00;172000.00;Wave
1528;ENS-0098;Novembre;2024;1147000.00;0.00;186000.00;961000.00;Virement bancaire
1528;ENS-0098;Novembre;2024;1147000.00;0.00;186000.00;961000.00;Virement bancaire
1529;ENS-0099;Novembre;2024;353000.00;0.00;37000.00;316000.00;Virement bancaire
1530;ENS-0100;Novembre;2024;990000.00;0.00;174000.00;816000.00;Virement bancaire
1531;ENS-0101;Novembre;2024;326000.00;0.00;55000.00;-271000.00;Virement bancaire
1532;ENS-0102;Novembre;2024;138000.00;0.00;18000.00;120000.00;Banque
1533;ENS-0103;Novembre;2024;1120000.00;0.00;161000.00;959000.00;Virement bancaire
1533;ENS-0103;Novembre;2024;1120000.00;0.00;161000.00;959000.00;Virement bancaire
1534;ENS-0104;Novembre;2024;679000.00;0.00;83000.00;596000.00;Virement bancaire
1535;ENS-0105;Novembre;2024;92000.00;0.00;11000.00;81000.00;Virement bancaire
1536;ENS-0106;Novembre;2024;1023000.00;86000.00;100000.00;1009000.00;Virement bancaire
1537;ENS-0107;Novembre;2024;693000.00;0.00;107000.00;586000.00;Virement bancaire
1538;ENS-0108;Novembre;2024;969000.00;116000.00;83000.00;1002000.00;Virement bancaire
1539;ENS-0109;novembre;2024;1688000.00;0.00;215000.00;-1473000.00;Virement bancaire
1540;ENS-0110;Novembre;2024;394000.00;0.00;44000.00;350000.00;Virement bancaire
1541;ENS-0111;Novembre;2024;367000.00;0.00;53000.00;314000.00;Virement bancaire
1542;ENS-0112;Novembre;2024;1616000.00;0.00;286000.00;1330000.00;Virement bancaire
1542;ENS-0112;Novembre;2024;1616000.00;0.00;286000.00;1330000.00;Virement bancaire
1543;ENS-0113;Novembre;2024;1010000.00;0.00;177000.00;833000.00;Espèces
1544;ENS-0114;Novembre;2024;1054000.00;89000.00;115000.00;1028000.00;Orange Money
1545;ENS-0115;Novembre;2024;433000.00;0.00;73000.00;360000.00;Wave
1546;ENS-0116;Novembre;2024;1109000.00;106000.00;126000.00;1089000.00;Espèces
1547;ENS-0117;Novembre;2024;226000.00;0.00;20000.00;206000.00;Virement bancaire
1548;ENS-0118;Novembre;2024;483000.00;58000.00;68000.00;473000.00;Orange Money
1549;ENS-0119;Novembre;2024;830000.00;76000.00;95000.00;811000.00;Virement bancaire
1550;ENS-0120;Novembre;2024;1091000.00;0.00;192000.00;899000.00;Virement bancaire
1551;ENS-0001;Décembre;2024;1120000.00;61000.00;94000.00;1087000.00;Orange Money
1552;ENS-0002;Décembre;2024;856000.00;62000.00;72000.00;846000.00;Virement bancaire
1553;ENS-0003;Décembre;2024;1143000.00;166000.00;170000.00;1139000.00;Orange Money
1553;ENS-0003;Décembre;2024;1143000.00;166000.00;170000.00;1139000.00;Orange Money
1554;ENS-0004;Décembre;2024;140000.00;0.00;18000.00;122000.00;Cash
1555;ENS-0005;Décembre;2024;161000.00;0.00;20000.00;141000.00;Virement bancaire
1556;ENS-0006;Décembre;2024;165000.00;0.00;27000.00;138000.00;Cash
1557;ENS-0007;Décembre;2024;1231000.00;0.00;111000.00;1120000.00;Virement bancaire
1558;ENS-0008;Décembre;2024;1192000.00;131000.00;187000.00;1136000.00;Virement bancaire
1559;ENS-0009;Décembre;2024;281000.00;0.00;28000.00;253000.00;Virement bancaire
1560;ENS-0010;Décembre;2024;1622000.00;0.00;232000.00;1390000.00;Orange Money
1561;ENS-0011;Décembre;2024;1796000.00;0.00;195000.00;1601000.00;Espèces
1562;ENS-0012;Décembre;2024;1822000.00;259000.00;297000.00;1784000.00;Virement bancaire
1563;ENS-0013;Décembre;2024;1006000.00;0.00;127000.00;879000.00;Virement bancaire
1564;ENS-0014;Décembre;2024;1040000.00;154000.00;169000.00;1025000.00;Orange Money
1565;ENS-0015;Décembre;2024;480000.00;0.00;62000.00;418000.00;Wave
1566;ENS-0016;Décembre;2024;1028000.00;0.00;92000.00;936000.00;Virement bancaire
1567;ENS-0017;Décembre;2024;1059000.00;116000.00;103000.00;1072000.00;Wave
1568;ENS-0018;Décembre;2024;517000.00;0.00;60000.00;457000.00;Orange Money
1569;ENS-0019;Décembre;2024;275000.00;0.00;27000.00;248000.00;Virement bancaire
1570;ENS-0020;Décembre;2024;537000.00;0.00;83000.00;454000.00;Virement bancaire
1571;ENS-0022;Décembre;2024;192000.00;0.00;22000.00;170000.00;Virement bancaire
1572;ENS-0023;Décembre;2024;810000.00;119000.00;123000.00;806000.00;Virement bancaire
1573;ENS-0024;Décembre;2024;700000.00;1922769.04;67000.00;633000.00;Espèces
1574;ENS-0025;Décembre;2024;501000.00;51000.00;86000.00;466000.00;Orange Money
1575;ENS-0026;Décembre;2024;486000.00;52000.00;60000.00;478000.00;Virement bancaire
1576;ENS-0027;Décembre;2024;1148000.00;0.00;103000.00;1045000.00;WAVE
1577;ENS-0028;Décembre;2024;954000.00;88000.00;111000.00;931000.00;Virement bancaire
1578;ENS-0029;Décembre;2024;510000.00;0.00;78000.00;432000.00;Virement bancaire
1579;ENS-0030;Décembre;2024;1722000.00;107000.00;216000.00;1613000.00;Virement bancaire
1580;ENS-0031;Décembre;2024;692000.00;0.00;104000.00;588000.00;Virement bancaire
1581;ENS-0032;Décembre;2024;316000.00;0.00;27000.00;289000.00;Virement bancaire
1582;ENS-0033;Décembre;2024;483000.00;65000.00;69000.00;479000.00;Wave
1583;ENS-0034;Décembre;2024;1135000.00;0.00;201000.00;934000.00;Virement bancaire
1584;ENS-0036;Décembre;2024;269000.00;0.00;33000.00;236000.00;Virement bancaire
1585;ENS-0038;Décembre;2024;169000.00;0.00;15000.00;154000.00;Virement bancaire
1586;ENS-0039;Décembre;2024;497000.00;36000.00;64000.00;469000.00;Virement bancaire
1587;ENS-0040;Décembre;2024;604000.00;85000.00;62000.00;627000.00;Virement bancaire
1588;ENS-0041;Décembre;2024;1046000.00;65000.00;138000.00;973000.00;Virement bancaire
1588;ENS-0041;Décembre;2024;1046000.00;65000.00;138000.00;973000.00;Virement bancaire
1589;ENS-0042;Décembre;2024;1624000.00;238000.00;258000.00;1604000.00;Virement bancaire
1590;ENS-0043;Décembre;2024;287000.00;0.00;30000.00;257000.00;Virement bancaire
1591;ENS-0044;Décembre;2024;150000.00;0.00;14000.00;136000.00;Virement bancaire
1592;ENS-0045;Décembre;2024;407000.00;0.00;60000.00;347000.00;Virement bancaire
1593;ENS-0046;Décembre;2024;1141000.00;63000.00;142000.00;1062000.00;Virement bancaire
1594;ENS-0047;Décembre;2024;334000.00;0.00;28000.00;306000.00;Virement bancaire
1595;ENS-0048;Décembre;2024;211000.00;0.00;37000.00;174000.00;Virement bancaire
1596;ENS-0049;Décembre;2024;262000.00;0.00;43000.00;219000.00;Virement bancaire
1597;ENS-0050;Décembre;2024;304000.00;0.00;30000.00;274000.00;Virement bancaire
1598;ENS-0051;Décembre;2024;1142000.00;0.00;106000.00;1036000.00;Virement bancaire
1599;ENS-0052;Décembre;2024;149000.00;0.00;19000.00;130000.00;Virement bancaire
1600;ENS-0053;Décembre;2024;1117000.00;167000.00;142000.00;1142000.00;Virement bancaire
1601;ENS-0054;Décembre;2024;716000.00;0.00;71000.00;645000.00;Espèces
1602;ENS-0055;Décembre;2024;793000.00;68000.00;91000.00;770000.00;Virement bancaire
1603;ENS-0056;Décembre;2024;1548000.00;0.00;159000.00;1389000.00;Virement bancaire
1604;ENS-0058;Décembre;2024;1107000.00;0.00;125000.00;982000.00;Espèces
1605;ENS-0059;Décembre;2024;190000.00;0.00;29000.00;161000.00;Virement bancaire
1606;ENS-0060;Décembre;2024;1487000.00;98000.00;184000.00;1401000.00;Virement bancaire
1607;ENS-0061;Décembre;2024;278000.00;0.00;28000.00;250000.00;Virement bancaire
1608;ENS-0062;DÉCEMBRE;2024;1351000.00;123000.00;113000.00;1361000.00;Virement bancaire
1609;ENS-0063;Décembre;2024;174000.00;0.00;28000.00;146000.00;Wave
1610;ENS-0064;Décembre;2024;309000.00;0.00;41000.00;268000.00;Virement bancaire
1611;ENS-0065;Décembre;2024;474000.00;0.00;61000.00;413000.00;Virement bancaire
1612;ENS-0066;Décembre;2024;196000.00;0.00;24000.00;172000.00;Wave
1613;ENS-0067;Décembre;2024;1067000.00;0.00;95000.00;-972000.00;Virement bancaire
1614;ENS-0068;Décembre;2024;1204000.00;0.00;117000.00;-1087000.00;Virement bancaire
1615;ENS-0069;Décembre;2024;228000.00;0.00;34000.00;-194000.00;Virement bancaire
1616;ENS-0070;Décembre;2024;951000.00;128000.00;103000.00;976000.00;Orange Money
1617;ENS-0071;Décembre;2024;226000.00;0.00;21000.00;205000.00;Virement bancaire
1618;ENS-0073;Décembre;2024;324000.00;0.00;46000.00;278000.00;Espèces
1619;ENS-0074;Décembre;2024;491000.00;0.00;60000.00;431000.00;Wave
1620;ENS-0075;Décembre;2024;1742000.00;0.00;141000.00;1601000.00;Virement bancaire
1621;ENS-0076;Décembre;2024;1430000.00;0.00;254000.00;1176000.00;Wave
1622;ENS-0077;Décembre;2024;158000.00;0.00;19000.00;139000.00;Orange Money
1623;ENS-0078;Décembre;2024;1223000.00;0.00;105000.00;1118000.00;Virement bancaire
1624;ENS-0079;Décembre;2024;310000.00;0.00;36000.00;274000.00;Orange Money
1625;ENS-0080;Décembre;2024;215000.00;0.00;37000.00;178000.00;Virement bancaire
1626;ENS-0082;Décembre;2024;480000.00;0.00;82000.00;398000.00;Virement bancaire
1627;ENS-0083;Décembre;2024;959000.00;0.00;113000.00;846000.00;Wave
1628;ENS-0084;Décembre;2024;194000.00;0.00;30000.00;164000.00;VIREMENT
1629;ENS-0085;Décembre;2024;729000.00;0.00;103000.00;626000.00;Orange Money
1630;ENS-0086;Décembre;2024;845000.00;60000.00;72000.00;833000.00;Espèces
1631;ENS-0087;Décembre;2024;950000.00;105000.00;90000.00;965000.00;Virement bancaire
1632;ENS-0088;Décembre;2024;200000.00;0.00;17000.00;183000.00;Virement bancaire
1633;ENS-0089;Décembre;2024;1181000.00;140000.00;180000.00;1141000.00;Orange Money
1634;ENS-0090;Décembre;2024;1640000.00;0.00;172000.00;1468000.00;Virement bancaire
1635;ENS-0091;Décembre;2024;290000.00;0.00;51000.00;239000.00;Virement bancaire
1636;ENS-0092;Décembre;2024;1086000.00;122000.00;91000.00;1117000.00;Espèces
1637;ENS-0093;Décembre;2024;514000.00;0.00;43000.00;471000.00;Virement bancaire
1638;ENS-0094;Décembre;2024;1149000.00;137000.00;163000.00;1123000.00;Virement bancaire
1639;ENS-0095;Décembre;2024;1703000.00;249000.00;259000.00;1693000.00;Virement bancaire
1640;ENS-0096;Décembre;2024;775000.00;0.00;70000.00;705000.00;Wave
1641;ENS-0097;Décembre;2024;123000.00;0.00;13000.00;110000.00;Wave
1642;ENS-0098;Décembre;2024;1147000.00;0.00;204000.00;943000.00;Virement bancaire
1643;ENS-0099;Décembre;2024;263000.00;0.00;39000.00;224000.00;Virement bancaire
1644;ENS-0100;Décembre;2024;990000.00;85000.00;94000.00;981000.00;Virement bancaire
1645;ENS-0101;Décembre;2024;204000.00;0.00;30000.00;174000.00;Virement bancaire
1646;ENS-0102;Décembre;2024;223000.00;0.00;32000.00;191000.00;Virement bancaire
1647;ENS-0103;Décembre;2024;1120000.00;0.00;125000.00;995000.00;Virement bancaire
1648;ENS-0104;12;2024;679000.00;0.00;118000.00;561000.00;Virement bancaire
1649;ENS-0105;Décembre;2024;202000.00;0.00;22000.00;180000.00;Virement bancaire
1650;ENS-0106;Décembre;2024;1023000.00;0.00;178000.00;845000.00;Virement bancaire
1651;ENS-0107;Décembre;2024;693000.00;0.00;107000.00;586000.00;Virement bancaire
1652;ENS-0108;Décembre;2024;969000.00;0.00;141000.00;828000.00;VIREMENT
1653;ENS-0109;Décembre;2024;1688000.00;0.00;216000.00;1472000.00;Virement bancaire
1654;ENS-0110;Décembre;2024;305000.00;0.00;36000.00;269000.00;Virement bancaire
1655;ENS-0111;Décembre;2024;214000.00;0.00;18000.00;196000.00;Virement bancaire
1656;ENS-0112;Décembre;2024;1616000.00;0.00;198000.00;1418000.00;Virement bancaire
1657;ENS-0113;Décembre;2024;1010000.00;108000.00;119000.00;999000.00;Virement bancaire
1658;ENS-0114;Décembre;2024;1054000.00;115000.00;109000.00;1060000.00;Orange Money
1659;ENS-0115;Décembre;2024;363000.00;0.00;39000.00;324000.00;Wave
1660;ENS-0116;Décembre;2024;1109000.00;0.00;146000.00;963000.00;Espèces
1661;ENS-0117;Décembre;2024;376000.00;0.00;66000.00;310000.00;Virement bancaire
1662;ENS-0118;Décembre;2024;483000.00;51000.00;85000.00;449000.00;Orange Money
1663;ENS-0119;Décembre;2024;830000.00;99000.00;102000.00;827000.00;Virement bancaire
1664;ENS-0120;décembre;2024;1091000.00;0.00;142000.00;949000.00;Virement bancaire
1665;ENS-0001;Janvier;2025;1153000.00;0.00;142000.00;1011000.00;Orange Money
1666;ENS-0002;Janvier;2025;882000.00;52000.00;72000.00;862000.00;Virement bancaire
1667;ENS-0003;Janvier;2025;1178000.00;0.00;145000.00;1033000.00;Orange Money
1668;ENS-0004;Janvier;2025;173000.00;0.00;18000.00;155000.00;bank transfer
1669;ENS-0005;Janvier;2025;82000.00;0.00;12000.00;70000.00;Virement bancaire
1670;ENS-0006;Janvier;2025;297000.00;0.00;32000.00;265000.00;Orange Money
1671;ENS-0007;Janvier;2025;1268000.00;0.00;123000.00;1145000.00;Virement bancaire
1672;ENS-0008;Janvier;2025;1227000.00;165000.00;193000.00;1199000.00;Wave
1673;ENS-0009;Janvier;2025;262000.00;0.00;31000.00;231000.00;Virement bancaire
1674;ENS-0010;Janvier;2025;1671000.00;0.00;135000.00;1536000.00;Orange Money
1675;ENS-0011;Janvier;2025;1850000.00;135000.00;173000.00;1812000.00;Espèces
1676;ENS-0012;Janvier;2025;1877000.00;0.00;177000.00;1700000.00;Virement bancaire
1677;ENS-0013;Janvier;2025;1036000.00;109000.00;157000.00;988000.00;Virement bancaire
1677;ENS-0013;Janvier;2025;1036000.00;109000.00;157000.00;988000.00;Virement bancaire
1678;ENS-0014;Janvier;2025;1072000.00;0.00;128000.00;944000.00;Orange Money
1679;ENS-0015;Janvier;2025;494000.00;72000.00;44000.00;522000.00;Wave
1680;ENS-0016;Janvier;2025;1059000.00;0.00;147000.00;912000.00;Wave
1680;ENS-0016;Janvier;2025;1059000.00;0.00;147000.00;912000.00;Wave
1681;ENS-0017;01;2025;1091000.00;0.00;189000.00;902000.00;Wave
1682;ENS-0018;Janvier;2025;533000.00;0.00;76000.00;457000.00;Orange Money
1683;ENS-0019;01;2025;305000.00;0.00;26000.00;279000.00;Virement bancaire
1684;ENS-0020;Janvier;2025;553000.00;0.00;45000.00;508000.00;Virement bancaire
1685;ENS-0022;Janvier;2025;142000.00;0.00;22000.00;120000.00;Virement bancaire
1686;ENS-0023;Janvier;2025;834000.00;66000.00;132000.00;768000.00;Virement bancaire
1687;ENS-0024;Janvier;2025;721000.00;2519559.66;69000.00;652000.00;Espèces
1688;ENS-0025;Janvier;2025;516000.00;0.00;82000.00;434000.00;Orange Money
1689;ENS-0026;Janvier;2025;501000.00;0.00;57000.00;444000.00;Virement bancaire
1690;ENS-0027;Janvier;2025;1183000.00;0.00;128000.00;1055000.00;Wave
1691;ENS-0028;Janvier;2025;982000.00;0.00;132000.00;850000.00;Virement bancaire
1692;ENS-0029;Janvier;2025;221000.00;0.00;26000.00;195000.00;Virement bancaire
1693;ENS-0030;Janvier;2025;1774000.00;0.00;239000.00;1535000.00;Virement bancaire
1694;ENS-0031;Janvier;2025;713000.00;49000.00;122000.00;640000.00;Virement bancaire
1695;ENS-0032;Janvier;2025;199000.00;0.00;32000.00;167000.00;Virement bancaire
1696;ENS-0033;Janvier;2025;498000.00;0.00;40000.00;458000.00;Wave
1697;ENS-0034;Janvier;2025;1169000.00;90000.00;154000.00;1105000.00;Virement bancaire
1697;ENS-0034;Janvier;2025;1169000.00;90000.00;154000.00;1105000.00;Virement bancaire
1698;ENS-0036;Janvier;2025;308000.00;0.00;50000.00;258000.00;Virement bancaire
1699;ENS-0038;Janvier;2025;131000.00;0.00;11000.00;120000.00;Virement bancaire
1700;ENS-0039;Janvier;2025;512000.00;0.00;51000.00;461000.00;Virement bancaire
1701;ENS-0040;Janvier;2025;622000.00;55000.00;105000.00;572000.00;Virement bancaire
1702;ENS-0041;Janvier;2025;1078000.00;0.00;181000.00;897000.00;Virement bancaire
1703;ENS-0042;Janvier;2025;1673000.00;0.00;250000.00;1423000.00;Virement bancaire
1703;ENS-0042;Janvier;2025;1673000.00;0.00;250000.00;1423000.00;Virement bancaire
1704;ENS-0043;Janvier;2025;239000.00;903331.37;35000.00;204000.00;Virement bancaire
1705;ENS-0044;Janvier;2025;227000.00;0.00;32000.00;195000.00;Virement bancaire
1706;ENS-0045;Janvier;2025;326000.00;0.00;29000.00;297000.00;Virement bancaire
1707;ENS-0046;Janvier;2025;1175000.00;89000.00;160000.00;1104000.00;Virement bancaire
1708;ENS-0047;JANVIER;2025;397000.00;0.00;68000.00;329000.00;Virement bancaire
1709;ENS-0048;Janvier;2025;236000.00;0.00;42000.00;194000.00;Virement bancaire
1710;ENS-0049;Janvier;2025;261000.00;0.00;40000.00;221000.00;Virement bancaire
1711;ENS-0050;Janvier;2025;434000.00;0.00;55000.00;379000.00;Virement bancaire
1712;ENS-0051;Janvier;2025;1177000.00;0.00;143000.00;1034000.00;Virement bancaire
1713;ENS-0052;Janvier;2025;293000.00;0.00;37000.00;256000.00;Virement bancaire
1713;ENS-0052;Janvier;2025;293000.00;0.00;37000.00;256000.00;Virement bancaire
1714;ENS-0053;Janvier;2025;1150000.00;77000.00;174000.00;1053000.00;Virement bancaire
1715;ENS-0054;Janvier;2025;737000.00;76000.00;123000.00;690000.00;Espèces
1716;ENS-0055;Janvier;2025;817000.00;0.00;73000.00;744000.00;Virement bancaire
1717;ENS-0056;Janvier;2025;1595000.00;217000.00;249000.00;1563000.00;Virement bancaire
1718;ENS-0058;Janvier;2025;1140000.00;0.00;189000.00;951000.00;Espèces
1719;ENS-0059;Janvier;2025;135000.00;0.00;23000.00;112000.00;Virement bancaire
1720;ENS-0060;Janvier;2025;1532000.00;0.00;256000.00;1276000.00;Virement bancaire
1721;ENS-0061;Janvier;2025;225000.00;0.00;29000.00;196000.00;Virement bancaire
1722;ENS-0062;Janvier;2025;1392000.00;166000.00;241000.00;1317000.00;Virement bancaire
1723;ENS-0063;Janvier;2025;229000.00;0.00;41000.00;188000.00;Wave
1724;ENS-0064;Janvier;2025;153000.00;0.00;25000.00;128000.00;Virement bancaire
1725;ENS-0065;Janv.;2025;488000.00;53000.00;53000.00;488000.00;Virement bancaire
1726;ENS-0066;Janvier;2025;287000.00;0.00;25000.00;262000.00;Wave
1727;ENS-0067;Janvier;2025;1099000.00;0.00;94000.00;1005000.00;Virement bancaire
1728;ENS-0068;Janvier;2025;1240000.00;0.00;139000.00;1101000.00;Virement bancaire
1729;ENS-0069;Janvier;2025;186000.00;0.00;17000.00;169000.00;Virement bancaire
1730;ENS-0070;Janvier;2025;979000.00;130000.00;93000.00;-1016000.00;Orange Money
1731;ENS-0071;Janvier;2025;144000.00;0.00;16000.00;128000.00;Virement bancaire
1732;ENS-0073;Janvier;2025;363000.00;0.00;63000.00;300000.00;Espèces
1733;ENS-0074;Janvier;2025;506000.00;0.00;43000.00;463000.00;Wave
1734;ENS-0075;Janvier;2025;1794000.00;0.00;235000.00;1559000.00;Virement bancaire
1735;ENS-0076;Janvier;2025;1473000.00;182000.00;226000.00;1429000.00;Wave
1736;ENS-0077;Janvier;2025;304000.00;0.00;28000.00;276000.00;Orange Money
1737;ENS-0078;Janvier;2025;1259000.00;0.00;203000.00;1056000.00;Virement bancaire
1738;ENS-0079;Janvier;2025;142000.00;0.00;24000.00;118000.00;Orange Money
1739;ENS-0080;Janvier;2025;314000.00;0.00;47000.00;267000.00;Virement bancaire
1740;ENS-0082;Janvier;2025;494000.00;39000.00;76000.00;457000.00;Virement bancaire
1741;ENS-0083;Janvier;2025;988000.00;109000.00;98000.00;999000.00;Wave
1742;ENS-0084;Janvier;2025;131000.00;0.00;20000.00;111000.00;Virement
1743;ENS-0085;Janvier;2025;751000.00;0.00;69000.00;682000.00;Virement bancaire
1744;ENS-0086;Janvier;2025;870000.00;1618044.56;155000.00;715000.00;Espèces
1745;ENS-0087;Janvier;2025;978000.00;53000.00;152000.00;879000.00;Virement bancaire
1746;ENS-0088;Janvier;2025;232000.00;0.00;21000.00;211000.00;Virement bancaire
1747;ENS-0089;Janvier;2025;1217000.00;142000.00;205000.00;1154000.00;Orange Money
1748;ENS-0090;Janvier;2025;1689000.00;0.00;271000.00;1418000.00;Virement bancaire
1748;ENS-0090;Janvier;2025;1689000.00;0.00;271000.00;1418000.00;Virement bancaire
1749;ENS-0091;Janvier;2025;219000.00;726510.51;21000.00;198000.00;Banque
1750;ENS-0092;Janvier;2025;1118000.00;56000.00;163000.00;1011000.00;Espèces
1751;ENS-0093;Janvier;2025;529000.00;0.00;75000.00;454000.00;Virement bancaire
1752;ENS-0094;Janvier;2025;1184000.00;95000.00;123000.00;1156000.00;Virement bancaire
1753;ENS-0095;Janvier;2025;1754000.00;0.00;241000.00;1513000.00;Virement bancaire
1754;ENS-0096;Janvier;2025;798000.00;0.00;73000.00;725000.00;Orange Money
1755;ENS-0097;Janvier;2025;149000.00;0.00;19000.00;130000.00;Wave
1755;ENS-0097;Janvier;2025;149000.00;0.00;19000.00;130000.00;Wave
1756;ENS-0098;Janvier;2025;1182000.00;0.00;132000.00;1050000.00;Virement bancaire
1757;ENS-0099;Janvier;2025;383000.00;0.00;60000.00;323000.00;Virement bancaire
1758;ENS-0100;Janvier;2025;1020000.00;0.00;107000.00;913000.00;Virement bancaire
1759;ENS-0101;Janvier;2025;326000.00;0.00;58000.00;268000.00;Virement bancaire
1760;ENS-0102;Janvier;2025;153000.00;0.00;14000.00;139000.00;Virement bancaire
1761;ENS-0103;Janvier;2025;1153000.00;0.00;168000.00;985000.00;Virement bancaire
1762;ENS-0104;Janvier;2025;699000.00;57000.00;112000.00;-644000.00;bank transfer
1763;ENS-0105;Janvier;2025;129000.00;319171.87;13000.00;116000.00;Virement bancaire
1764;ENS-0106;Janvier;2025;1053000.00;0.00;135000.00;918000.00;Virement bancaire
1765;ENS-0107;Janvier;2025;714000.00;0.00;98000.00;616000.00;Virement bancaire
1766;ENS-0108;Janvier;2025;998000.00;0.00;92000.00;906000.00;Virement bancaire
1767;ENS-0109;Janvier;2025;1739000.00;143000.00;252000.00;1630000.00;Virement bancaire
1768;ENS-0110;Janvier;2025;397000.00;0.00;47000.00;350000.00;Virement bancaire
1769;ENS-0111;Janvier;2025;188000.00;0.00;26000.00;162000.00;Virement bancaire
1770;ENS-0112;Janvier;2025;1665000.00;0.00;163000.00;1502000.00;Virement bancaire
1771;ENS-0113;Janv.;2025;1041000.00;63000.00;116000.00;988000.00;Virement bancaire
1772;ENS-0114;Janvier;2025;1085000.00;0.00;141000.00;944000.00;Orange Money
1773;ENS-0115;Janvier;2025;308000.00;0.00;54000.00;254000.00;Wave
1774;ENS-0116;Janvier;2025;1143000.00;0.00;96000.00;1047000.00;Espèces
1775;ENS-0117;Janvier;2025;289000.00;0.00;48000.00;241000.00;Virement bancaire
1776;ENS-0118;Janvier;2025;498000.00;64000.00;62000.00;500000.00;Orange Money
1777;ENS-0119;Janvier;2025;855000.00;0.00;86000.00;769000.00;Virement bancaire
1778;ENS-0120;Janvier;2025;1123000.00;0.00;119000.00;1004000.00;Virement bancaire
1779;ENS-0001;Février;2025;1153000.00;0.00;126000.00;1027000.00;Orange Money
1780;ENS-0002;Février;2025;882000.00;62000.00;78000.00;866000.00;Virement bancaire
1781;ENS-0003;Février;2025;1178000.00;0.00;148000.00;1030000.00;Orange Money
1782;ENS-0004;Février;2025;356000.00;0.00;49000.00;307000.00;Wave
1783;ENS-0005;Février;2025;158000.00;0.00;28000.00;130000.00;Virement bancaire
1784;ENS-0006;Février;2025;253000.00;0.00;30000.00;223000.00;Orange Money
1785;ENS-0007;Février;2025;1268000.00;0.00;185000.00;1083000.00;Virement bancaire
1786;ENS-0008;Février;2025;1227000.00;0.00;163000.00;1064000.00;Virement bancaire
1787;ENS-0009;Février;2025;202000.00;0.00;19000.00;183000.00;Virement bancaire
1788;ENS-0010;Février;2025;1671000.00;172000.00;189000.00;1654000.00;Orange Money
1789;ENS-0011;Février;2025;1850000.00;140000.00;208000.00;-1782000.00;Espèces
1790;ENS-0012;Février;2025;1877000.00;0.00;225000.00;1652000.00;Virement bancaire
1791;ENS-0013;Fevrier;2025;1036000.00;0.00;123000.00;913000.00;Virement bancaire
1792;ENS-0014;Février;2025;1072000.00;68000.00;145000.00;995000.00;Orange Money
1793;ENS-0015;Février;2025;494000.00;37000.00;48000.00;483000.00;Wave
1794;ENS-0016;Février;2025;1059000.00;0.00;125000.00;934000.00;Virement bancaire
1795;ENS-0017;Février;2025;1091000.00;116000.00;177000.00;1030000.00;Wave
1796;ENS-0018;Février;2025;533000.00;0.00;70000.00;463000.00;Orange Money
1797;ENS-0019;Février;2025;340000.00;0.00;35000.00;305000.00;Virement bancaire
1798;ENS-0020;FÉVRIER;2025;553000.00;0.00;98000.00;455000.00;Virement bancaire
1799;ENS-0022;Février;2025;179000.00;0.00;19000.00;160000.00;Virement bancaire
1800;ENS-0023;Février;2025;834000.00;49000.00;81000.00;802000.00;Virement bancaire
1801;ENS-0024;Février;2025;721000.00;0.00;96000.00;625000.00;Espèces
1802;ENS-0025;Février;2025;516000.00;0.00;73000.00;443000.00;Orange Money
1803;ENS-0026;Février;2025;501000.00;65000.00;50000.00;516000.00;Virement bancaire
1804;ENS-0027;Février;2025;1183000.00;0.00;201000.00;982000.00;Wave
1805;ENS-0028;Février;2025;982000.00;0.00;133000.00;849000.00;Virement bancaire
1806;ENS-0029;Février;2025;285000.00;0.00;24000.00;261000.00;Virement bancaire
1807;ENS-0030;Février;2025;1774000.00;0.00;144000.00;1630000.00;Virement bancaire
1808;ENS-0031;Février;2025;713000.00;89000.00;122000.00;680000.00;Virement bancaire
1808;ENS-0031;Février;2025;713000.00;89000.00;122000.00;680000.00;Virement bancaire
1809;ENS-0032;Février;2025;341000.00;0.00;57000.00;284000.00;Virement bancaire
1809;ENS-0032;Février;2025;341000.00;0.00;57000.00;284000.00;Virement bancaire
1810;ENS-0033;Février;2025;498000.00;54000.00;69000.00;483000.00;Wave
1811;ENS-0034;Février;2025;1169000.00;0.00;116000.00;1053000.00;Virement bancaire
1812;ENS-0036;Février;2025;261000.00;0.00;22000.00;239000.00;Virement bancaire
1813;ENS-0038;Février;2025;208000.00;0.00;26000.00;182000.00;Virement bancaire
1814;ENS-0039;Février;2025;512000.00;0.00;75000.00;-437000.00;Virement bancaire
1815;ENS-0040;Février;2025;622000.00;0.00;65000.00;557000.00;Virement bancaire
1816;ENS-0041;Février;2025;1078000.00;0.00;95000.00;983000.00;Espèces
1817;ENS-0042;Février;2025;1673000.00;0.00;206000.00;1467000.00;Virement bancaire
1818;ENS-0043;Février;2025;155000.00;0.00;19000.00;136000.00;Virement bancaire
1819;ENS-0044;Février;2025;288000.00;0.00;39000.00;249000.00;Virement bancaire
1820;ENS-0045;Février;2025;287000.00;0.00;38000.00;249000.00;Espèces
1821;ENS-0046;Février;2025;1175000.00;91000.00;133000.00;1133000.00;VIREMENT
1822;ENS-0047;Février;2025;392000.00;0.00;48000.00;344000.00;Virement bancaire
1823;ENS-0048;Février;2025;252000.00;0.00;41000.00;211000.00;Virement bancaire
1824;ENS-0049;Février;2025;306000.00;0.00;43000.00;263000.00;Virement bancaire
1825;ENS-0050;Février;2025;413000.00;0.00;54000.00;359000.00;Virement bancaire
1826;ENS-0051;Février;2025;1177000.00;0.00;110000.00;1067000.00;Virement bancaire
1827;ENS-0052;Février;2025;229000.00;0.00;32000.00;197000.00;Virement bancaire
1828;ENS-0053;Février;2025;1150000.00;126000.00;193000.00;1083000.00;Virement bancaire
1829;ENS-0054;Février;2025;737000.00;82000.00;83000.00;736000.00;Virement bancaire
1830;ENS-0055;Février;2025;817000.00;75000.00;147000.00;745000.00;Virement bancaire
1831;ENS-0056;Février;2025;1595000.00;0.00;154000.00;1441000.00;Virement bancaire
1832;ENS-0058;Février;2025;1140000.00;144000.00;162000.00;1122000.00;Espèces
1833;ENS-0059;Février;2025;213000.00;0.00;23000.00;190000.00;Virement bancaire
1834;ENS-0060;Février;2025;1532000.00;0.00;216000.00;1316000.00;Virement bancaire
1835;ENS-0061;Février;2025;125000.00;0.00;19000.00;106000.00;Virement bancaire
1836;ENS-0062;Février;2025;1392000.00;0.00;167000.00;1225000.00;Virement bancaire
1837;ENS-0063;FÉVRIER;2025;391000.00;0.00;39000.00;352000.00;Wave
1838;ENS-0064;Février;2025;206000.00;0.00;22000.00;184000.00;Virement bancaire
1839;ENS-0065;Février;2025;488000.00;0.00;74000.00;414000.00;Virement bancaire
1840;ENS-0066;Février;2025;456000.00;0.00;66000.00;390000.00;Espèces
1841;ENS-0067;Février;2025;1099000.00;60000.00;128000.00;1031000.00;Virement bancaire
1842;ENS-0068;Février;2025;1240000.00;77000.00;189000.00;1128000.00;Virement bancaire
1843;ENS-0069;Février;2025;235000.00;0.00;26000.00;209000.00;Virement bancaire
1844;ENS-0070;Février;2025;979000.00;111000.00;91000.00;999000.00;Orange Money
1845;ENS-0071;février;2025;212000.00;0.00;32000.00;180000.00;Virement bancaire
1846;ENS-0072;Février;2025;1608000.00;181000.00;153000.00;1636000.00;Virement bancaire
1847;ENS-0073;Février;2025;295000.00;0.00;27000.00;268000.00;Espèces
1848;ENS-0074;Février;2025;506000.00;0.00;47000.00;459000.00;Wave
1849;ENS-0075;FÉVRIER;2025;1794000.00;96000.00;270000.00;1620000.00;Virement bancaire
1850;ENS-0076;Février;2025;1473000.00;206000.00;172000.00;1507000.00;Wave
1851;ENS-0077;Février;2025;318000.00;0.00;30000.00;288000.00;Orange Money
1852;ENS-0078;Février;2025;1259000.00;110000.00;138000.00;1231000.00;Virement bancaire
1852;ENS-0078;Février;2025;1259000.00;110000.00;138000.00;1231000.00;Virement bancaire
1853;ENS-0079;Février;2025;282000.00;0.00;47000.00;235000.00;Orange Money
1854;ENS-0080;Février;2025;361000.00;1155885.39;60000.00;301000.00;Virement bancaire
1855;ENS-0082;Février;2025;494000.00;0.00;70000.00;424000.00;Virement bancaire
1856;ENS-0083;Février;2025;988000.00;0.00;98000.00;890000.00;Wave
1857;ENS-0084;Février;2025;102000.00;0.00;10000.00;92000.00;Virement bancaire
1857;ENS-0084;Février;2025;102000.00;0.00;10000.00;92000.00;Virement bancaire
1858;ENS-0085;Février;2025;751000.00;97000.00;65000.00;783000.00;Virement bancaire
1859;ENS-0086;Février;2025;870000.00;0.00;156000.00;714000.00;Espèces
1860;ENS-0087;Février;2025;978000.00;86000.00;103000.00;961000.00;Virement bancaire
1861;ENS-0088;02;2025;122000.00;0.00;11000.00;111000.00;Virement bancaire
1862;ENS-0089;Février;2025;1217000.00;162000.00;102000.00;1277000.00;Orange Money
1863;ENS-0090;Février;2025;1689000.00;0.00;217000.00;1472000.00;Virement bancaire
1864;ENS-0091;Février;2025;225000.00;0.00;24000.00;201000.00;Virement bancaire
1865;ENS-0092;Février;2025;1118000.00;115000.00;200000.00;1033000.00;Espèces
1866;ENS-0093;Février;2025;529000.00;0.00;79000.00;450000.00;Virement bancaire
1867;ENS-0094;Février;2025;1184000.00;134000.00;174000.00;1144000.00;Virement bancaire
1868;ENS-0095;Février;2025;1754000.00;255000.00;239000.00;1770000.00;Virement bancaire
1868;ENS-0095;Février;2025;1754000.00;255000.00;239000.00;1770000.00;Virement bancaire
1869;ENS-0096;FÉVRIER;2025;798000.00;0.00;103000.00;695000.00;Virement bancaire
1870;ENS-0097;Février;2025;200000.00;0.00;30000.00;170000.00;Wave
1871;ENS-0098;Février;2025;1182000.00;0.00;115000.00;1067000.00;Virement bancaire
1872;ENS-0099;Février;2025;221000.00;0.00;27000.00;-194000.00;Virement bancaire
1873;ENS-0100;Février;2025;1020000.00;111000.00;123000.00;1008000.00;Virement bancaire
1874;ENS-0101;Février;2025;259000.00;0.00;32000.00;227000.00;Virement bancaire
1875;ENS-0102;Février;2025;199000.00;0.00;29000.00;170000.00;Virement bancaire
1876;ENS-0103;Février;2025;1153000.00;0.00;179000.00;974000.00;Virement bancaire
1877;ENS-0104;Février;2025;699000.00;0.00;82000.00;617000.00;Virement bancaire
1878;ENS-0105;Février;2025;205000.00;0.00;17000.00;188000.00;Virement bancaire
1879;ENS-0106;02;2025;1053000.00;74000.00;118000.00;1009000.00;Virement bancaire
1880;ENS-0107;Février;2025;714000.00;58000.00;92000.00;680000.00;Virement bancaire
1881;ENS-0108;Février;2025;998000.00;0.00;128000.00;870000.00;Virement bancaire
1882;ENS-0109;Février;2025;1739000.00;0.00;229000.00;1510000.00;Orange Money
1883;ENS-0110;Février;2025;354000.00;0.00;58000.00;296000.00;Virement bancaire
1884;ENS-0111;Février;2025;274000.00;0.00;22000.00;252000.00;Virement bancaire
1885;ENS-0112;Février;2025;1665000.00;0.00;254000.00;1411000.00;Virement bancaire
1886;ENS-0113;Février;2025;1041000.00;0.00;152000.00;889000.00;Virement bancaire
1887;ENS-0114;Février;2025;1085000.00;0.00;139000.00;946000.00;Orange Money
1888;ENS-0115;Février;2025;263000.00;0.00;21000.00;242000.00;Wave
1889;ENS-0116;Février;2025;1143000.00;0.00;152000.00;991000.00;Wave
1890;ENS-0117;Février;2025;497000.00;0.00;85000.00;-412000.00;Wave
1891;ENS-0118;Février;2025;498000.00;0.00;85000.00;413000.00;Orange Money
1892;ENS-0119;Février;2025;855000.00;0.00;84000.00;771000.00;Virement bancaire
1893;ENS-0120;Février;2025;1123000.00;126000.00;168000.00;1081000.00;Virement bancaire
1894;ENS-0001;Mars;2025;1153000.00;110000.00;166000.00;1097000.00;Orange Money
1895;ENS-0002;Mars;2025;882000.00;57000.00;93000.00;846000.00;Virement bancaire
1896;ENS-0003;Mars;2025;1178000.00;0.00;199000.00;-979000.00;Orange Money
1897;ENS-0004;Mars;2025;216000.00;0.00;25000.00;191000.00;Virement bancaire
1898;ENS-0005;Mars;2025;164000.00;465251.93;22000.00;142000.00;Virement bancaire
1899;ENS-0006;Mars;2025;171000.00;0.00;20000.00;151000.00;Orange Money
1900;ENS-0007;Mars;2025;1268000.00;0.00;147000.00;1121000.00;Virement bancaire
1900;ENS-0007;Mars;2025;1268000.00;0.00;147000.00;1121000.00;Virement bancaire
1901;ENS-0008;Mars;2025;1227000.00;69000.00;201000.00;1095000.00;Virement bancaire
1902;ENS-0009;Mars;2025;115000.00;0.00;17000.00;98000.00;Virement bancaire
1903;ENS-0010;Mars;2025;1671000.00;150000.00;219000.00;1602000.00;Orange Money
1904;ENS-0011;Mars;2025;1850000.00;0.00;191000.00;1659000.00;Espèces
1905;ENS-0012;Mars;2025;1877000.00;124000.00;315000.00;1686000.00;Virement bancaire
1906;ENS-0013;Mars;2025;1036000.00;0.00;126000.00;910000.00;Virement bancaire
1907;ENS-0014;Mars;2025;1072000.00;2067833.49;88000.00;1110000.00;Orange Money
1908;ENS-0015;Mars;2025;494000.00;0.00;58000.00;436000.00;Espèces
1909;ENS-0016;Mars;2025;1059000.00;66000.00;178000.00;947000.00;Virement bancaire
1910;ENS-0017;Mars;2025;1091000.00;0.00;168000.00;923000.00;Wave
1910;ENS-0017;Mars;2025;1091000.00;0.00;168000.00;923000.00;Wave
1911;ENS-0018;Mars;2025;533000.00;0.00;53000.00;480000.00;Orange Money
1912;ENS-0019;Mars;2025;249000.00;0.00;28000.00;221000.00;Virement bancaire
1913;ENS-0020;Mars;2025;553000.00;0.00;63000.00;490000.00;Virement bancaire
1914;ENS-0022;Mars;2025;96000.00;0.00;15000.00;81000.00;Virement bancaire
1915;ENS-0023;Mars;2025;834000.00;0.00;92000.00;742000.00;Virement bancaire
1916;ENS-0024;Mars;2025;721000.00;0.00;110000.00;611000.00;Espèces
1917;ENS-0025;Mars;2025;516000.00;0.00;83000.00;433000.00;Espèces
1918;ENS-0026;Mars;2025;501000.00;0.00;47000.00;454000.00;Virement bancaire
1919;ENS-0027;Mars.;2025;1183000.00;0.00;125000.00;1058000.00;Wave
1920;ENS-0028;Mars;2025;982000.00;0.00;134000.00;848000.00;Virement bancaire
1921;ENS-0029;Mars;2025;285000.00;0.00;46000.00;239000.00;Virement bancaire
1922;ENS-0030;Mars;2025;1774000.00;241000.00;164000.00;1851000.00;Virement bancaire
1923;ENS-0031;Mars;2025;713000.00;95000.00;82000.00;726000.00;Virement bancaire
1924;ENS-0032;Mars;2025;407000.00;0.00;49000.00;358000.00;Virement bancaire
1925;ENS-0033;Mars;2025;498000.00;0.00;69000.00;429000.00;Wave
1926;ENS-0034;Mars;2025;1169000.00;0.00;126000.00;1043000.00;Wave
1927;ENS-0036;Mars;2025;292000.00;1167637.32;39000.00;253000.00;Espèces
1928;ENS-0038;Mars;2025;164000.00;0.00;22000.00;-142000.00;Virement bancaire
1929;ENS-0039;Mars;2025;512000.00;48000.00;73000.00;487000.00;Virement bancaire
1930;ENS-0040;Mars;2025;622000.00;0.00;75000.00;547000.00;Virement bancaire
1931;ENS-0041;Mars;2025;1078000.00;138000.00;101000.00;1115000.00;Virement bancaire
1932;ENS-0042;Mars;2025;1673000.00;0.00;244000.00;1429000.00;Virement bancaire
1932;ENS-0042;Mars;2025;1673000.00;0.00;244000.00;1429000.00;Virement bancaire
1933;ENS-0043;Mars;2025;184000.00;0.00;23000.00;161000.00;Virement bancaire
1934;ENS-0044;Mars;2025;269000.00;0.00;46000.00;223000.00;Virement bancaire
1935;ENS-0045;Mars;2025;203000.00;0.00;32000.00;171000.00;Virement bancaire
1936;ENS-0046;Mars;2025;1175000.00;0.00;144000.00;1031000.00;Virement bancaire
1937;ENS-0047;Mars;2025;171000.00;0.00;16000.00;155000.00;Virement bancaire
1938;ENS-0048;Mars;2025;299000.00;0.00;41000.00;258000.00;Virement bancaire
1939;ENS-0049;Mars;2025;318000.00;0.00;43000.00;275000.00;Virement bancaire
1940;ENS-0050;Mars;2025;356000.00;0.00;63000.00;293000.00;Virement bancaire
1941;ENS-0051;Mars;2025;1177000.00;158000.00;190000.00;1145000.00;Virement bancaire
1942;ENS-0052;Mars;2025;251000.00;0.00;35000.00;216000.00;Virement bancaire
1943;ENS-0053;Mars;2025;1150000.00;0.00;200000.00;950000.00;Virement bancaire
1944;ENS-0054;Mars;2025;737000.00;0.00;80000.00;657000.00;Espèces
1945;ENS-0055;Mars;2025;817000.00;0.00;73000.00;744000.00;Virement bancaire
1946;ENS-0056;Mars;2025;1595000.00;0.00;166000.00;1429000.00;Virement bancaire
1947;ENS-0058;Mars;2025;1140000.00;95000.00;167000.00;1068000.00;Espèces
1948;ENS-0059;Mars;2025;189000.00;0.00;23000.00;166000.00;Virement bancaire
1949;ENS-0060;Mars;2025;1532000.00;0.00;133000.00;1399000.00;Virement bancaire
1950;ENS-0061;Mars;2025;157000.00;0.00;13000.00;144000.00;Virement bancaire
1951;ENS-0062;Mars;2025;1392000.00;0.00;200000.00;1192000.00;Virement bancaire
1952;ENS-0063;Mars;2025;218000.00;0.00;36000.00;182000.00;Wave
1953;ENS-0064;Mars;2025;216000.00;0.00;25000.00;191000.00;Virement bancaire
1954;ENS-0065;Mars;2025;488000.00;0.00;79000.00;409000.00;Virement bancaire
1955;ENS-0066;Mars;2025;418000.00;0.00;68000.00;350000.00;Wave
1956;ENS-0067;Mars;2025;1099000.00;80000.00;179000.00;1000000.00;Virement bancaire
1957;ENS-0068;Mars;2025;1240000.00;0.00;182000.00;1058000.00;Virement bancaire
1958;ENS-0069;Mars;2025;113000.00;0.00;16000.00;97000.00;Virement bancaire
1959;ENS-0070;Mars;2025;979000.00;0.00;131000.00;848000.00;Virement bancaire
1960;ENS-0071;Mars;2025;115000.00;0.00;14000.00;101000.00;Virement bancaire
1961;ENS-0072;Mars;2025;1608000.00;0.00;146000.00;1462000.00;Orange Money
1962;ENS-0073;Mars;2025;266000.00;0.00;21000.00;245000.00;Espèces
1963;ENS-0074;Mars;2025;506000.00;0.00;91000.00;415000.00;Wave
1964;ENS-0075;Mars;2025;1794000.00;0.00;253000.00;1541000.00;Virement bancaire
1965;ENS-0076;Mars;2025;1473000.00;0.00;191000.00;1282000.00;Wave
1966;ENS-0077;Mars;2025;186000.00;0.00;28000.00;158000.00;Orange Money
1967;ENS-0078;Mars;2025;1259000.00;76000.00;124000.00;1211000.00;Virement bancaire
1968;ENS-0079;Mars;2025;311000.00;0.00;39000.00;272000.00;Orange Money
1969;ENS-0080;Mars;2025;290000.00;0.00;50000.00;240000.00;Virement bancaire
1970;ENS-0082;Mars;2025;494000.00;0.00;72000.00;422000.00;Virement bancaire
1971;ENS-0083;Mars;2025;988000.00;0.00;87000.00;901000.00;Wave
1972;ENS-0084;Mars;2025;161000.00;0.00;13000.00;148000.00;Virement bancaire
1973;ENS-0085;Mars;2025;751000.00;0.00;99000.00;652000.00;Virement bancaire
1974;ENS-0086;Mars;2025;870000.00;2417690.77;154000.00;716000.00;Virement bancaire
1975;ENS-0087;Mars;2025;978000.00;110000.00;122000.00;966000.00;Virement bancaire
1976;ENS-0088;Mars;2025;164000.00;0.00;14000.00;150000.00;Virement bancaire
1977;ENS-0089;Mars;2025;1217000.00;0.00;154000.00;1063000.00;Orange Money
1978;ENS-0090;Mars;2025;1689000.00;0.00;150000.00;1539000.00;Virement bancaire
1979;ENS-0091;mars;2025;260000.00;0.00;43000.00;217000.00;Virement bancaire
1980;ENS-0092;Mars;2025;1118000.00;0.00;125000.00;993000.00;Espèces
1980;ENS-0092;Mars;2025;1118000.00;0.00;125000.00;993000.00;Espèces
1981;ENS-0093;Mars;2025;529000.00;79000.00;77000.00;531000.00;Virement bancaire
1982;ENS-0094;Mars;2025;1184000.00;0.00;173000.00;1011000.00;Virement bancaire
1983;ENS-0095;Mars;2025;1754000.00;0.00;189000.00;1565000.00;Virement bancaire
1984;ENS-0096;Mars;2025;798000.00;0.00;123000.00;675000.00;Orange Money
1985;ENS-0097;Mars;2025;107000.00;0.00;13000.00;94000.00;Wave
1986;ENS-0098;Mars;2025;1182000.00;0.00;146000.00;1036000.00;Virement bancaire
1987;ENS-0099;Mars;2025;304000.00;0.00;29000.00;275000.00;Virement bancaire
1988;ENS-0100;Mars;2025;1020000.00;3774622.77;168000.00;852000.00;Virement bancaire
1989;ENS-0101;Mars;2025;394000.00;0.00;49000.00;345000.00;Virement bancaire
1990;ENS-0102;Mars;2025;205000.00;0.00;18000.00;187000.00;Virement bancaire
1991;ENS-0103;Mars;2025;1153000.00;0.00;151000.00;1002000.00;Virement bancaire
1992;ENS-0104;Mars;2025;699000.00;0.00;79000.00;620000.00;Virement bancaire
1993;ENS-0105;Mars;2025;205000.00;0.00;34000.00;171000.00;Virement bancaire
1994;ENS-0106;Mars;2025;1053000.00;101000.00;151000.00;1003000.00;Virement bancaire
1995;ENS-0107;Mars;2025;714000.00;105000.00;128000.00;691000.00;Virement bancaire
1996;ENS-0108;Mars;2025;998000.00;143000.00;135000.00;1006000.00;Virement bancaire
1997;ENS-0109;Mars;2025;1739000.00;133000.00;181000.00;1691000.00;Virement bancaire
1998;ENS-0110;Mars;2025;255000.00;0.00;25000.00;-230000.00;Virement bancaire
1999;ENS-0111;Mars;2025;236000.00;0.00;29000.00;207000.00;Virement bancaire
2000;ENS-0112;Mars;2025;1665000.00;198000.00;199000.00;1664000.00;Virement bancaire
2001;ENS-0113;Mars;2025;1041000.00;0.00;137000.00;904000.00;Virement bancaire
2002;ENS-0114;Mars;2025;1085000.00;0.00;136000.00;949000.00;Orange Money
2003;ENS-0115;Mars;2025;425000.00;1682215.93;59000.00;366000.00;Wave
2004;ENS-0116;Mars;2025;1143000.00;91000.00;203000.00;1031000.00;Especes
2005;ENS-0117;Mars;2025;238000.00;0.00;36000.00;202000.00;Virement bancaire
2006;ENS-0118;MARS;2025;498000.00;44000.00;53000.00;489000.00;Orange Money
2007;ENS-0119;Mars;2025;855000.00;0.00;70000.00;785000.00;Virement bancaire
2008;ENS-0120;Mars;2025;1123000.00;0.00;129000.00;994000.00;Virement bancaire
2009;ENS-0001;AVRIL;2025;1153000.00;0.00;150000.00;1003000.00;Orange Money
2010;ENS-0002;Avril;2025;882000.00;0.00;84000.00;798000.00;Virement bancaire
2011;ENS-0003;Avril;2025;1178000.00;0.00;145000.00;1033000.00;Orange Money
2012;ENS-0004;Avril;2025;246000.00;0.00;40000.00;206000.00;Virement bancaire
2013;ENS-0005;AVRIL;2025;178000.00;0.00;26000.00;152000.00;Virement bancaire
2014;ENS-0006;Avril;2025;319000.00;0.00;28000.00;291000.00;Orange Money
2015;ENS-0007;Avril;2025;1268000.00;140000.00;211000.00;1197000.00;Virement bancaire
2016;ENS-0008;avril;2025;1227000.00;0.00;197000.00;1030000.00;Virement bancaire
2017;ENS-0009;Avril;2025;197000.00;0.00;33000.00;164000.00;Virement bancaire
2018;ENS-0010;Avril;2025;1671000.00;243000.00;295000.00;1619000.00;Orange Money
2019;ENS-0011;Avri.;2025;1850000.00;0.00;220000.00;1630000.00;Espèces
2020;ENS-0012;Avril;2025;1877000.00;222000.00;154000.00;1945000.00;Virement bancaire
2021;ENS-0013;avril;2025;1036000.00;0.00;154000.00;882000.00;Virement bancaire
2022;ENS-0014;Avril;2025;1072000.00;106000.00;141000.00;1037000.00;Virement bancaire
2023;ENS-0015;Avril;2025;494000.00;35000.00;63000.00;466000.00;Wave
2024;ENS-0016;Avril;2025;1059000.00;98000.00;185000.00;972000.00;Virement bancaire
2025;ENS-0017;Avril;2025;1091000.00;0.00;170000.00;921000.00;Wave
2026;ENS-0018;Avril;2025;533000.00;62000.00;52000.00;543000.00;Orange Money
2027;ENS-0019;Avril;2025;376000.00;0.00;31000.00;345000.00;Virement bancaire
2028;ENS-0020;Avril;2025;553000.00;0.00;92000.00;461000.00;Virement bancaire
2029;ENS-0022;Avril;2025;99000.00;0.00;13000.00;-86000.00;Virement bancaire
2030;ENS-0023;Avril;2025;834000.00;125000.00;102000.00;857000.00;Virement bancaire
2031;ENS-0024;Avril;2025;721000.00;91000.00;120000.00;692000.00;Espèces
2032;ENS-0025;Avril;2025;516000.00;0.00;68000.00;448000.00;Orange Money
2033;ENS-0026;Avril;2025;501000.00;1449148.21;75000.00;457000.00;Virement bancaire
2034;ENS-0027;Avril;2025;1183000.00;116000.00;165000.00;1134000.00;Wave
2035;ENS-0028;Avril;2025;982000.00;0.00;155000.00;827000.00;Virement bancaire
2036;ENS-0029;Avril;2025;438000.00;0.00;74000.00;364000.00;Virement bancaire
2036;ENS-0029;Avril;2025;438000.00;0.00;74000.00;364000.00;Virement bancaire
2037;ENS-0030;AVRIL;2025;1774000.00;227000.00;274000.00;1727000.00;Virement bancaire
2038;ENS-0031;Avril;2025;713000.00;0.00;106000.00;607000.00;Virement bancaire
2039;ENS-0032;Avril;2025;215000.00;0.00;21000.00;194000.00;Virement bancaire
2040;ENS-0033;Avril;2025;498000.00;0.00;40000.00;458000.00;Wave
2041;ENS-0034;Avril;2025;1169000.00;0.00;192000.00;977000.00;Virement bancaire
2042;ENS-0036;Avril;2025;210000.00;0.00;25000.00;185000.00;Virement bancaire
2043;ENS-0038;Avril;2025;112000.00;0.00;17000.00;-95000.00;Virement bancaire
2044;ENS-0039;Avril;2025;512000.00;0.00;42000.00;470000.00;Virement bancaire
2045;ENS-0040;Avril;2025;622000.00;38000.00;101000.00;559000.00;Virement bancaire
2046;ENS-0041;Avril;2025;1078000.00;0.00;92000.00;986000.00;Virement bancaire
2047;ENS-0042;Avril;2025;1673000.00;126000.00;284000.00;1515000.00;Virement bancaire
2048;ENS-0043;avril;2025;282000.00;0.00;25000.00;257000.00;Virement bancaire
2049;ENS-0044;Avril;2025;152000.00;0.00;19000.00;133000.00;VIREMENT
2050;ENS-0045;Avril;2025;372000.00;0.00;31000.00;341000.00;Virement bancaire
2051;ENS-0046;Avril;2025;1175000.00;0.00;97000.00;1078000.00;Virement bancaire
2052;ENS-0047;Avril;2025;253000.00;0.00;23000.00;230000.00;Virement bancaire
2053;ENS-0048;Avril;2025;301000.00;0.00;42000.00;259000.00;Virement bancaire
2054;ENS-0049;Avril;2025;153000.00;0.00;23000.00;130000.00;Virement bancaire
2055;ENS-0050;Avril;2025;424000.00;0.00;37000.00;387000.00;Virement bancaire
2056;ENS-0051;Avril;2025;1177000.00;0.00;116000.00;1061000.00;Virement bancaire
2057;ENS-0052;Avril;2025;227000.00;0.00;36000.00;191000.00;Virement bancaire
2058;ENS-0053;Avril;2025;1150000.00;0.00;132000.00;1018000.00;Virement bancaire
2059;ENS-0054;Avril;2025;737000.00;54000.00;110000.00;681000.00;Espèces
2060;ENS-0055;Avril;2025;817000.00;60000.00;132000.00;-745000.00;Virement bancaire
2061;ENS-0056;Avril;2025;1595000.00;0.00;145000.00;1450000.00;Virement bancaire
2062;ENS-0058;Avril;2025;1140000.00;134000.00;165000.00;1109000.00;Espèces
2063;ENS-0059;Avril;2025;177000.00;0.00;24000.00;153000.00;Virement bancaire
2064;ENS-0060;Avril;2025;1532000.00;0.00;189000.00;1343000.00;Virement bancaire
2065;ENS-0061;Avril;2025;310000.00;0.00;46000.00;264000.00;Virement bancaire
2066;ENS-0062;Avril;2025;1392000.00;0.00;194000.00;1198000.00;Virement bancaire
2067;ENS-0063;Avril;2025;261000.00;0.00;30000.00;231000.00;Wave
2068;ENS-0064;Avril;2025;299000.00;0.00;35000.00;264000.00;Virement bancaire
2069;ENS-0065;Avril;2025;488000.00;37000.00;52000.00;473000.00;Virement bancaire
2070;ENS-0066;Avril;2025;231000.00;0.00;32000.00;199000.00;Wave
2071;ENS-0067;Avril;2025;1099000.00;0.00;161000.00;938000.00;Virement bancaire
2072;ENS-0068;Avril;2025;1240000.00;79000.00;165000.00;1154000.00;Virement bancaire
2073;ENS-0069;Avril;2025;135000.00;0.00;24000.00;-111000.00;Virement bancaire
2074;ENS-0070;Avril;2025;979000.00;0.00;168000.00;811000.00;Orange Money
2075;ENS-0071;Avril;2025;144000.00;0.00;23000.00;121000.00;Virement bancaire
2076;ENS-0072;Avril;2025;1608000.00;83000.00;164000.00;1527000.00;Virement bancaire
2077;ENS-0073;Avril;2025;274000.00;0.00;22000.00;252000.00;Espèces
2078;ENS-0074;Avril;2025;506000.00;32000.00;46000.00;492000.00;Wave
2079;ENS-0075;Avril;2025;1794000.00;0.00;215000.00;1579000.00;Virement bancaire
2080;ENS-0076;Avril;2025;1473000.00;190000.00;198000.00;1465000.00;Wave
2081;ENS-0077;Avril;2025;300000.00;0.00;43000.00;257000.00;Orange Money
2082;ENS-0078;Avril;2025;1259000.00;0.00;159000.00;1100000.00;Virement bancaire
2083;ENS-0079;Avril;2025;211000.00;0.00;23000.00;188000.00;Orange Money
2084;ENS-0080;Avril;2025;278000.00;0.00;36000.00;242000.00;Virement bancaire
2085;ENS-0082;Avril;2025;494000.00;0.00;50000.00;444000.00;Virement bancaire
2085;ENS-0082;Avril;2025;494000.00;0.00;50000.00;444000.00;Virement bancaire
2086;ENS-0083;Avril;2025;988000.00;68000.00;172000.00;884000.00;Wave
2087;ENS-0084;Avril;2025;97000.00;0.00;8000.00;89000.00;Virement bancaire
2088;ENS-0085;Avril;2025;751000.00;0.00;101000.00;650000.00;Virement bancaire
2089;ENS-0086;Avril;2025;870000.00;3380162.65;124000.00;830000.00;Espèces
2090;ENS-0087;Avril;2025;978000.00;120000.00;128000.00;970000.00;Virement bancaire
2090;ENS-0087;Avril;2025;978000.00;120000.00;128000.00;970000.00;Virement bancaire
2091;ENS-0088;Avril;2025;150000.00;0.00;22000.00;128000.00;Virement bancaire
2092;ENS-0089;Avril;2025;1217000.00;2490113.03;158000.00;1213000.00;Orange Money
2093;ENS-0090;Avril;2025;1689000.00;0.00;301000.00;1388000.00;Virement bancaire
2094;ENS-0091;Avril;2025;244000.00;0.00;43000.00;201000.00;Virement bancaire
2095;ENS-0092;Avril;2025;1118000.00;154000.00;134000.00;1138000.00;Espèces
2096;ENS-0093;Avri.;2025;529000.00;0.00;65000.00;464000.00;Virement bancaire
2097;ENS-0094;Avril;2025;1184000.00;60000.00;132000.00;1112000.00;Virement bancaire
2098;ENS-0095;Avril;2025;1754000.00;231000.00;220000.00;1765000.00;Virement bancaire
2099;ENS-0096;Avril;2025;798000.00;56000.00;117000.00;737000.00;Orange Money
2100;ENS-0097;Avril;2025;107000.00;0.00;18000.00;89000.00;Wave
2101;ENS-0098;Avril;2025;1182000.00;0.00;146000.00;-1036000.00;Virement bancaire
2102;ENS-0099;Avril;2025;393000.00;0.00;58000.00;335000.00;Virement bancaire
2103;ENS-0100;Avril;2025;1020000.00;0.00;180000.00;840000.00;Virement bancaire
2104;ENS-0101;Avril;2025;240000.00;0.00;41000.00;199000.00;Virement bancaire
2105;ENS-0102;Avril;2025;118000.00;0.00;15000.00;103000.00;Virement bancaire
2106;ENS-0103;Avril;2025;1153000.00;0.00;190000.00;963000.00;Virement bancaire
2107;ENS-0104;AVRIL;2025;699000.00;0.00;125000.00;574000.00;Virement bancaire
2108;ENS-0105;Avril;2025;211000.00;0.00;20000.00;191000.00;Virement bancaire
2109;ENS-0106;Avril;2025;1053000.00;138000.00;94000.00;1097000.00;Virement bancaire
2109;ENS-0106;Avril;2025;1053000.00;138000.00;94000.00;1097000.00;Virement bancaire
2110;ENS-0107;Avril;2025;714000.00;0.00;116000.00;598000.00;Virement bancaire
2111;ENS-0108;Avril;2025;998000.00;130000.00;138000.00;990000.00;Virement bancaire
2112;ENS-0109;Avril;2025;1739000.00;100000.00;211000.00;1628000.00;Virement bancaire
2113;ENS-0110;Avril;2025;295000.00;0.00;37000.00;258000.00;Virement bancaire
2114;ENS-0111;Avril;2025;252000.00;0.00;27000.00;225000.00;Virement bancaire
2114;ENS-0111;Avril;2025;252000.00;0.00;27000.00;225000.00;Virement bancaire
2115;ENS-0112;Avril;2025;1665000.00;0.00;225000.00;1440000.00;Virement bancaire
2116;ENS-0113;avril;2025;1041000.00;0.00;180000.00;861000.00;Virement bancaire
2117;ENS-0114;Avril;2025;1085000.00;107000.00;176000.00;1016000.00;Orange Money
2118;ENS-0115;Avril;2025;219000.00;0.00;22000.00;197000.00;Wave
2119;ENS-0116;Avril;2025;1143000.00;61000.00;145000.00;1059000.00;Espèces
2120;ENS-0117;Avril;2025;427000.00;0.00;44000.00;383000.00;Virement bancaire
2121;ENS-0118;avril;2025;498000.00;57000.00;46000.00;509000.00;Orange Money
2122;ENS-0119;Avril;2025;855000.00;3127960.42;132000.00;789000.00;Virement bancaire
2123;ENS-0120;Avril;2025;1123000.00;0.00;111000.00;1012000.00;Virement bancaire
2124;ENS-0001;Mai;2025;1153000.00;87000.00;181000.00;1059000.00;Orange Money
2125;ENS-0002;Mai;2025;882000.00;72000.00;72000.00;882000.00;Virement bancaire
2126;ENS-0003;Mai;2025;1178000.00;0.00;176000.00;1002000.00;Orange Money
2127;ENS-0004;Mai;2025;161000.00;0.00;27000.00;134000.00;Virement bancaire
2128;ENS-0005;Mai;2025;169000.00;0.00;24000.00;145000.00;Virement bancaire
2129;ENS-0006;Mai;2025;198000.00;0.00;26000.00;172000.00;Orange Money
2130;ENS-0007;Mai;2025;1268000.00;72000.00;151000.00;1189000.00;Virement bancaire
2131;ENS-0008;Mai;2025;1227000.00;0.00;169000.00;1058000.00;Virement bancaire
2131;ENS-0008;Mai;2025;1227000.00;0.00;169000.00;1058000.00;Virement bancaire
2132;ENS-0009;Mai;2025;187000.00;0.00;26000.00;161000.00;Virement bancaire
2133;ENS-0010;Mai;2025;1671000.00;0.00;201000.00;1470000.00;Espèces
2134;ENS-0011;Mai;2025;1850000.00;0.00;153000.00;1697000.00;Espèces
2135;ENS-0012;Mai;2025;1877000.00;226000.00;275000.00;1828000.00;Virement bancaire
2136;ENS-0013;Mai;2025;1036000.00;0.00;132000.00;904000.00;Virement bancaire
2137;ENS-0014;mai;2025;1072000.00;0.00;146000.00;926000.00;Orange Money
2138;ENS-0015;Mai;2025;494000.00;0.00;47000.00;447000.00;Wave
2139;ENS-0016;Mai;2025;1059000.00;97000.00;126000.00;1030000.00;Orange Money
2140;ENS-0017;Mai;2025;1091000.00;2723477.68;92000.00;999000.00;Wave
2141;ENS-0018;Mai;2025;533000.00;67000.00;92000.00;508000.00;Orange Money
2142;ENS-0019;Mai;2025;310000.00;0.00;43000.00;267000.00;Virement bancaire
2143;ENS-0020;Mai;2025;553000.00;72000.00;92000.00;533000.00;Virement bancaire
2144;ENS-0022;Mai;2025;215000.00;0.00;26000.00;189000.00;Virement bancaire
2145;ENS-0023;Mai;2025;834000.00;0.00;110000.00;724000.00;Virement bancaire
2146;ENS-0024;Mai;2025;721000.00;46000.00;73000.00;694000.00;Espèces
2147;ENS-0025;Mai;2025;516000.00;0.00;48000.00;468000.00;Orange Money
2148;ENS-0026;Mai;2025;501000.00;0.00;86000.00;-415000.00;Virement bancaire
2149;ENS-0027;05;2025;1183000.00;129000.00;175000.00;1137000.00;Wave
2150;ENS-0028;MAI;2025;982000.00;0.00;114000.00;868000.00;Virement bancaire
2151;ENS-0029;Mai;2025;338000.00;0.00;51000.00;287000.00;Virement bancaire
2151;ENS-0029;Mai;2025;338000.00;0.00;51000.00;287000.00;Virement bancaire
2152;ENS-0030;Mai;2025;1774000.00;0.00;264000.00;1510000.00;Virement bancaire
2153;ENS-0031;Mai;2025;713000.00;38000.00;100000.00;651000.00;Virement bancaire
2154;ENS-0032;Mai;2025;379000.00;0.00;55000.00;324000.00;Orange Money
2155;ENS-0033;Mai;2025;498000.00;0.00;73000.00;425000.00;Wave
2156;ENS-0034;Mai;2025;1169000.00;0.00;154000.00;1015000.00;Virement bancaire
2157;ENS-0036;MAI;2025;253000.00;0.00;38000.00;215000.00;Virement bancaire
2158;ENS-0038;Mai;2025;176000.00;0.00;30000.00;146000.00;Virement bancaire
2159;ENS-0039;Mai;2025;512000.00;39000.00;66000.00;485000.00;Virement bancaire
2159;ENS-0039;Mai;2025;512000.00;39000.00;66000.00;485000.00;Virement bancaire
2160;ENS-0040;Mai;2025;622000.00;0.00;102000.00;520000.00;bank transfer
2161;ENS-0041;Mai;2025;1078000.00;0.00;140000.00;938000.00;Virement bancaire
2162;ENS-0042;Mai;2025;1673000.00;229000.00;280000.00;1622000.00;Virement bancaire
2163;ENS-0043;Mai;2025;188000.00;0.00;19000.00;-169000.00;Virement bancaire
2164;ENS-0044;Mai;2025;284000.00;0.00;43000.00;241000.00;Virement bancaire
2165;ENS-0045;MAI;2025;351000.00;0.00;57000.00;294000.00;Virement bancaire
2166;ENS-0046;Mai;2025;1175000.00;0.00;189000.00;986000.00;Virement bancaire
2167;ENS-0047;Mai;2025;325000.00;0.00;40000.00;285000.00;Virement bancaire
2167;ENS-0047;Mai;2025;325000.00;0.00;40000.00;285000.00;Virement bancaire
2168;ENS-0048;Mai;2025;162000.00;0.00;21000.00;141000.00;Virement bancaire
2169;ENS-0049;Mai;2025;328000.00;0.00;49000.00;279000.00;Virement bancaire
2170;ENS-0050;Mai;2025;308000.00;0.00;34000.00;274000.00;Virement bancaire
2171;ENS-0051;Mai;2025;1177000.00;132000.00;160000.00;1149000.00;Virement bancaire
2172;ENS-0052;Mai;2025;310000.00;0.00;35000.00;275000.00;Virement bancaire
2173;ENS-0053;Mai;2025;1150000.00;0.00;107000.00;1043000.00;Virement bancaire
2174;ENS-0054;Mai;2025;737000.00;0.00;111000.00;626000.00;Espèces
2175;ENS-0055;Mai;2025;817000.00;0.00;97000.00;720000.00;Virement bancaire
2176;ENS-0056;Mai;2025;1595000.00;108000.00;271000.00;1432000.00;Virement bancaire
2177;ENS-0058;Mai;2025;1140000.00;0.00;183000.00;957000.00;Orange Money
2177;ENS-0058;Mai;2025;1140000.00;0.00;183000.00;957000.00;Orange Money
2178;ENS-0059;Mai;2025;154000.00;0.00;19000.00;135000.00;Virement bancaire
2179;ENS-0060;Mai;2025;1532000.00;0.00;221000.00;1311000.00;Virement bancaire
2180;ENS-0061;Mai;2025;201000.00;0.00;36000.00;165000.00;Virement bancaire
2181;ENS-0062;Mai;2025;1392000.00;156000.00;224000.00;1324000.00;Virement bancaire
2182;ENS-0063;Mai;2025;193000.00;0.00;19000.00;174000.00;Wave
2183;ENS-0064;Mai;2025;172000.00;0.00;30000.00;142000.00;Virement bancaire
2184;ENS-0065;Mai;2025;488000.00;33000.00;48000.00;473000.00;Virement bancaire
2185;ENS-0066;Mai;2025;416000.00;0.00;68000.00;348000.00;Wave
2186;ENS-0067;Mai;2025;1099000.00;80000.00;122000.00;1057000.00;Virement bancaire
2187;ENS-0068;Mai;2025;1240000.00;4939731.00;219000.00;1083000.00;Virement bancaire
2188;ENS-0069;Mai;2025;126000.00;0.00;16000.00;110000.00;Virement bancaire
2189;ENS-0070;05;2025;979000.00;0.00;165000.00;814000.00;Orange Money
2190;ENS-0071;Mai;2025;102000.00;0.00;8000.00;94000.00;Virement bancaire
2191;ENS-0072;Mai;2025;1608000.00;0.00;191000.00;1417000.00;Virement bancaire
2192;ENS-0073;Mai;2025;271000.00;0.00;22000.00;249000.00;Espèces
2193;ENS-0074;Mai;2025;506000.00;65000.00;73000.00;498000.00;Wave
2194;ENS-0075;Mai;2025;1794000.00;0.00;195000.00;1599000.00;Virement bancaire
2195;ENS-0076;Mai;2025;1473000.00;0.00;155000.00;1318000.00;Wave
2196;ENS-0077;Mai;2025;250000.00;0.00;37000.00;213000.00;Orange Money
2197;ENS-0078;Mai;2025;1259000.00;0.00;144000.00;1115000.00;Virement bancaire
2198;ENS-0079;Mai;2025;219000.00;0.00;18000.00;201000.00;Orange Money
2199;ENS-0080;Mai;2025;396000.00;0.00;61000.00;335000.00;Virement bancaire
2200;ENS-0082;Mai;2025;494000.00;0.00;50000.00;444000.00;Virement bancaire
2201;ENS-0083;Mai;2025;988000.00;52000.00;174000.00;866000.00;Orange Money
2202;ENS-0084;Mai;2025;236000.00;0.00;26000.00;210000.00;Virement bancaire
2203;ENS-0085;Mai;2025;751000.00;98000.00;91000.00;758000.00;Virement bancaire
2204;ENS-0086;Mai;2025;870000.00;0.00;115000.00;755000.00;Espèces
2205;ENS-0087;Mai;2025;978000.00;103000.00;94000.00;987000.00;Virement bancaire
2206;ENS-0088;Mai;2025;257000.00;0.00;36000.00;221000.00;Virement bancaire
2207;ENS-0089;Mai;2025;1217000.00;158000.00;125000.00;1250000.00;Orange Money
2208;ENS-0090;Mai;2025;1689000.00;0.00;228000.00;1461000.00;Virement bancaire
2209;ENS-0091;Mai;2025;209000.00;0.00;25000.00;184000.00;Virement bancaire
2210;ENS-0092;Mai;2025;1118000.00;90000.00;181000.00;-1027000.00;Espèces
2211;ENS-0093;Mai;2025;529000.00;0.00;61000.00;468000.00;Virement bancaire
2212;ENS-0094;Mai;2025;1184000.00;0.00;140000.00;1044000.00;Virement bancaire
2213;ENS-0095;Mai;2025;1754000.00;0.00;244000.00;-1510000.00;Virement bancaire
2214;ENS-0096;Mai;2025;798000.00;91000.00;127000.00;762000.00;Orange Money
2215;ENS-0097;Mai;2025;93000.00;290211.67;10000.00;83000.00;Wave
2216;ENS-0098;Mai;2025;1182000.00;0.00;137000.00;1045000.00;Virement bancaire
2217;ENS-0099;Mai;2025;427000.00;0.00;46000.00;381000.00;Virement bancaire
2218;ENS-0100;Mai;2025;1020000.00;140000.00;174000.00;986000.00;Virement bancaire
2219;ENS-0101;Mai;2025;424000.00;0.00;38000.00;386000.00;Virement bancaire
2220;ENS-0102;Mai;2025;116000.00;0.00;16000.00;100000.00;Virement bancaire
2221;ENS-0103;Mai;2025;1153000.00;0.00;185000.00;968000.00;Virement bancaire
2222;ENS-0104;Mai;2025;699000.00;0.00;91000.00;608000.00;Virement
2223;ENS-0105;Mai;2025;128000.00;0.00;13000.00;115000.00;Virement bancaire
2224;ENS-0106;Mai;2025;1053000.00;0.00;174000.00;879000.00;Virement bancaire
2225;ENS-0107;Mai;2025;714000.00;0.00;119000.00;595000.00;Virement bancaire
2226;ENS-0108;Mai;2025;998000.00;0.00;122000.00;876000.00;Virement bancaire
2227;ENS-0109;Mai;2025;1739000.00;151000.00;256000.00;1634000.00;Virement bancaire
2228;ENS-0110;05;2025;394000.00;0.00;65000.00;329000.00;Virement bancaire
2229;ENS-0111;Mai;2025;277000.00;0.00;38000.00;239000.00;Virement bancaire
2230;ENS-0112;Mai;2025;1665000.00;101000.00;212000.00;1554000.00;Virement bancaire
2231;ENS-0113;Mai;2025;1041000.00;0.00;136000.00;905000.00;Virement bancaire
2232;ENS-0114;Mai;2025;1085000.00;0.00;101000.00;984000.00;Orange Money
2233;ENS-0115;Mai;2025;433000.00;712141.21;57000.00;376000.00;Wave
2234;ENS-0116;Mai;2025;1143000.00;2652970.37;198000.00;945000.00;Espèces
2235;ENS-0117;Mai;2025;295000.00;0.00;25000.00;270000.00;Virement bancaire
2236;ENS-0118;Mai;2025;498000.00;0.00;57000.00;441000.00;Orange Money
2236;ENS-0118;Mai;2025;498000.00;0.00;57000.00;441000.00;Orange Money
2237;ENS-0119;Mai;2025;855000.00;99000.00;98000.00;856000.00;Virement bancaire
2238;ENS-0120;Mai;2025;1123000.00;0.00;95000.00;1028000.00;Virement bancaire
2239;ENS-0001;Juin;2025;1153000.00;2031695.32;152000.00;1066000.00;Orange Money
2240;ENS-0002;Juin;2025;882000.00;0.00;81000.00;801000.00;Virement bancaire
2241;ENS-0003;Juin;2025;1178000.00;106000.00;193000.00;1091000.00;Orange Money
2242;ENS-0004;Juin;2025;312000.00;0.00;56000.00;256000.00;Virement bancaire
2243;ENS-0005;Juin;2025;94000.00;0.00;8000.00;86000.00;Virement bancaire
2243;ENS-0005;Juin;2025;94000.00;0.00;8000.00;86000.00;Virement bancaire
2244;ENS-0006;Juin;2025;256000.00;0.00;38000.00;218000.00;Orange Money
2245;ENS-0007;Juin;2025;1268000.00;0.00;215000.00;1053000.00;bank transfer
2246;ENS-0008;Juin;2025;1227000.00;0.00;117000.00;1110000.00;Virement bancaire
2247;ENS-0009;Juin;2025;155000.00;0.00;25000.00;130000.00;Virement bancaire
2248;ENS-0010;Juin;2025;1671000.00;0.00;200000.00;1471000.00;Orange Money
2249;ENS-0011;Juin;2025;1850000.00;0.00;318000.00;1532000.00;Espèces
2250;ENS-0012;Juin;2025;1877000.00;0.00;182000.00;1695000.00;Virement bancaire
2251;ENS-0013;Juin;2025;1036000.00;0.00;134000.00;902000.00;Virement bancaire
2252;ENS-0014;Juin;2025;1072000.00;82000.00;147000.00;1007000.00;Orange Money
2253;ENS-0015;Juin;2025;494000.00;58000.00;57000.00;495000.00;Wave
2254;ENS-0016;Juin;2025;1059000.00;0.00;117000.00;942000.00;Virement bancaire
2255;ENS-0017;Juin;2025;1091000.00;0.00;189000.00;902000.00;Wave
2256;ENS-0018;Juin;2025;533000.00;0.00;67000.00;466000.00;Orange Money
2257;ENS-0019;Juin;2025;398000.00;0.00;45000.00;353000.00;Virement bancaire
2258;ENS-0020;Juin;2025;553000.00;2090222.97;98000.00;455000.00;Virement bancaire
2259;ENS-0022;Juin;2025;120000.00;0.00;13000.00;107000.00;Virement bancaire
2260;ENS-0023;Juin;2025;834000.00;122000.00;143000.00;813000.00;Virement bancaire
2261;ENS-0024;06;2025;721000.00;0.00;71000.00;650000.00;Espèces
2262;ENS-0025;Juin;2025;516000.00;0.00;75000.00;441000.00;Orange Money
2263;ENS-0026;juin;2025;501000.00;0.00;85000.00;416000.00;Virement bancaire
2264;ENS-0027;Juin;2025;1183000.00;103000.00;129000.00;1157000.00;Wave
2265;ENS-0028;Juin;2025;982000.00;0.00;131000.00;851000.00;Virement bancaire
2266;ENS-0029;Juin;2025;412000.00;0.00;59000.00;353000.00;Virement bancaire
2267;ENS-0030;Juin;2025;1774000.00;226000.00;197000.00;1803000.00;Virement bancaire
2268;ENS-0031;Juin;2025;713000.00;0.00;78000.00;635000.00;Virement bancaire
2269;ENS-0032;Juin;2025;260000.00;0.00;43000.00;217000.00;Virement bancaire
2270;ENS-0033;Juin;2025;498000.00;29000.00;78000.00;449000.00;Wave
2271;ENS-0034;Juin;2025;1169000.00;0.00;206000.00;963000.00;Virement bancaire
2272;ENS-0035;Juin;2025;1750000.00;0.00;184000.00;1566000.00;Orange Money
2273;ENS-0036;Juin;2025;274000.00;0.00;49000.00;225000.00;Virement bancaire
2274;ENS-0038;Juin;2025;141000.00;0.00;15000.00;126000.00;Virement bancaire
2275;ENS-0039;Juin;2025;512000.00;0.00;71000.00;441000.00;Virement bancaire
2276;ENS-0040;Juin;2025;622000.00;65000.00;73000.00;614000.00;Virement bancaire
2277;ENS-0041;Juin;2025;1078000.00;0.00;170000.00;908000.00;Virement bancaire
2278;ENS-0042;Juin;2025;1673000.00;0.00;164000.00;1509000.00;Virement bancaire
2279;ENS-0043;Juin;2025;277000.00;0.00;27000.00;250000.00;Virement bancaire
2280;ENS-0044;Juin;2025;262000.00;0.00;40000.00;222000.00;Orange Money
2281;ENS-0045;Juin;2025;315000.00;0.00;49000.00;266000.00;Virement bancaire
2282;ENS-0046;Juin.;2025;1175000.00;0.00;182000.00;993000.00;Virement bancaire
2283;ENS-0047;Juin;2025;235000.00;0.00;39000.00;196000.00;Virement bancaire
2284;ENS-0048;Juin;2025;250000.00;0.00;33000.00;217000.00;Virement bancaire
2285;ENS-0049;Juin;2025;284000.00;0.00;39000.00;-245000.00;Virement bancaire
2286;ENS-0050;Juin;2025;431000.00;0.00;76000.00;355000.00;Virement bancaire
2287;ENS-0051;Juin;2025;1177000.00;0.00;103000.00;1074000.00;Virement bancaire
2288;ENS-0052;Juin.;2025;136000.00;0.00;13000.00;123000.00;Virement bancaire
2289;ENS-0053;Juin;2025;1150000.00;0.00;125000.00;1025000.00;Virement bancaire
2290;ENS-0054;Juin;2025;737000.00;0.00;124000.00;613000.00;Espèces
2291;ENS-0055;Juin;2025;817000.00;0.00;105000.00;712000.00;Virement bancaire
2292;ENS-0056;Juin;2025;1595000.00;0.00;173000.00;1422000.00;Virement bancaire
2293;ENS-0058;Juin;2025;1140000.00;0.00;182000.00;958000.00;Espèces
2294;ENS-0059;Juin;2025;242000.00;0.00;31000.00;211000.00;Virement bancaire
2295;ENS-0060;Juin;2025;1532000.00;0.00;209000.00;1323000.00;Virement bancaire
2296;ENS-0061;Juin;2025;292000.00;0.00;31000.00;261000.00;Virement bancaire
2297;ENS-0062;Juin;2025;1392000.00;145000.00;177000.00;1360000.00;Virement bancaire
2298;ENS-0063;Juin;2025;350000.00;0.00;51000.00;299000.00;Wave
2299;ENS-0064;Juin;2025;324000.00;0.00;26000.00;298000.00;Virement bancaire
2300;ENS-0065;Juin;2025;488000.00;0.00;74000.00;414000.00;Virement bancaire
2301;ENS-0066;Juin;2025;192000.00;0.00;26000.00;166000.00;Espèces
2302;ENS-0067;Juin;2025;1099000.00;103000.00;107000.00;1095000.00;Virement bancaire
2303;ENS-0068;juin;2025;1240000.00;150000.00;141000.00;1249000.00;Virement bancaire
2304;ENS-0069;Juin;2025;187000.00;0.00;20000.00;167000.00;Virement bancaire
2305;ENS-0070;Juin;2025;979000.00;0.00;155000.00;824000.00;Orange Money
2306;ENS-0071;Juin;2025;169000.00;0.00;14000.00;155000.00;Virement bancaire
2307;ENS-0072;Juin;2025;1608000.00;0.00;260000.00;-1348000.00;Virement bancaire
2308;ENS-0073;Juin;2025;225000.00;0.00;32000.00;193000.00;Espèces
2309;ENS-0074;Juin;2025;506000.00;0.00;74000.00;432000.00;Wave
2310;ENS-0075;Juin;2025;1794000.00;117000.00;175000.00;1736000.00;Virement bancaire
2311;ENS-0076;Juin;2025;1473000.00;0.00;248000.00;1225000.00;Wave
2312;ENS-0077;Juin;2025;256000.00;0.00;43000.00;213000.00;Orange Money
2313;ENS-0078;Juin;2025;1259000.00;0.00;219000.00;1040000.00;Virement bancaire
2314;ENS-0079;Juin;2025;252000.00;0.00;26000.00;226000.00;Orange Money
2315;ENS-0080;Juin;2025;410000.00;0.00;34000.00;376000.00;Virement bancaire
2316;ENS-0082;Juin;2025;494000.00;0.00;84000.00;410000.00;Virement bancaire
2317;ENS-0083;Juin;2025;988000.00;0.00;165000.00;823000.00;Virement bancaire
2318;ENS-0084;Juin;2025;221000.00;0.00;25000.00;196000.00;Virement bancaire
2319;ENS-0085;Juin;2025;751000.00;72000.00;74000.00;749000.00;Virement bancaire
2320;ENS-0086;Juin;2025;870000.00;0.00;111000.00;759000.00;Cash
2321;ENS-0087;Juin;2025;978000.00;0.00;88000.00;890000.00;Virement bancaire
2322;ENS-0088;Juin;2025;182000.00;0.00;20000.00;162000.00;Virement bancaire
2323;ENS-0089;Juin;2025;1217000.00;0.00;175000.00;1042000.00;Orange Money
2324;ENS-0090;Juin;2025;1689000.00;0.00;291000.00;1398000.00;Virement bancaire
2324;ENS-0090;Juin;2025;1689000.00;0.00;291000.00;1398000.00;Virement bancaire
2325;ENS-0091;Juin;2025;279000.00;0.00;41000.00;238000.00;Virement bancaire
2326;ENS-0092;Juin;2025;1118000.00;0.00;189000.00;929000.00;Espèces
2327;ENS-0093;Juin;2025;529000.00;43000.00;67000.00;505000.00;Virement bancaire
2328;ENS-0094;Juin;2025;1184000.00;0.00;190000.00;994000.00;Virement bancaire
2329;ENS-0095;Juin;2025;1754000.00;172000.00;290000.00;1636000.00;Virement bancaire
2330;ENS-0096;Juin;2025;798000.00;0.00;79000.00;719000.00;Orange Money
2331;ENS-0097;Juin;2025;195000.00;0.00;30000.00;-165000.00;Wave
2332;ENS-0098;Juin;2025;1182000.00;138000.00;199000.00;1121000.00;Virement bancaire
2333;ENS-0099;Juin;2025;222000.00;0.00;29000.00;193000.00;Virement bancaire
2334;ENS-0100;Juin;2025;1020000.00;110000.00;137000.00;993000.00;VIREMENT
2335;ENS-0101;Juin;2025;293000.00;0.00;52000.00;241000.00;Virement bancaire
2336;ENS-0102;Juin;2025;110000.00;0.00;12000.00;98000.00;Virement bancaire
2337;ENS-0103;Juin;2025;1153000.00;0.00;107000.00;1046000.00;Virement bancaire
2338;ENS-0104;Juin;2025;699000.00;0.00;60000.00;-639000.00;Virement bancaire
2339;ENS-0105;Juin;2025;185000.00;0.00;21000.00;164000.00;Virement bancaire
2340;ENS-0106;Juin;2025;1053000.00;55000.00;170000.00;938000.00;Virement bancaire
2341;ENS-0107;Juin;2025;714000.00;0.00;69000.00;645000.00;Virement bancaire
2342;ENS-0108;Juin;2025;998000.00;0.00;128000.00;870000.00;Virement bancaire
2343;ENS-0109;JUIN;2025;1739000.00;248000.00;236000.00;1751000.00;Virement bancaire
2344;ENS-0110;Juin;2025;409000.00;0.00;36000.00;373000.00;Virement bancaire
2345;ENS-0111;Juin;2025;327000.00;0.00;32000.00;295000.00;Virement bancaire
2346;ENS-0112;Juin;2025;1665000.00;0.00;236000.00;1429000.00;Virement bancaire
2347;ENS-0113;Juin;2025;1041000.00;0.00;113000.00;928000.00;Virement bancaire
2348;ENS-0114;Juin;2025;1085000.00;0.00;112000.00;973000.00;Orange Money
2348;ENS-0114;Juin;2025;1085000.00;0.00;112000.00;973000.00;Orange Money
2349;ENS-0115;Juin;2025;307000.00;0.00;34000.00;273000.00;Wave
2350;ENS-0116;Juin;2025;1143000.00;0.00;174000.00;969000.00;Espèces
2351;ENS-0117;Juin;2025;495000.00;0.00;61000.00;434000.00;Virement bancaire
2352;ENS-0118;Juin;2025;498000.00;26000.00;72000.00;452000.00;Orange Money
2353;ENS-0119;Juin;2025;855000.00;105000.00;112000.00;848000.00;Virement bancaire
2354;ENS-0120;Juin;2025;1123000.00;0.00;121000.00;-1002000.00;Virement bancaire
2355;ENS-0001;Juillet;2025;1153000.00;168000.00;136000.00;1185000.00;Orange Money
2356;ENS-0002;Juillet;2025;882000.00;96000.00;153000.00;825000.00;Virement bancaire
2357;ENS-0003;Juillet;2025;1178000.00;0.00;126000.00;1052000.00;Orange Money
2358;ENS-0004;Juillet;2025;202000.00;0.00;21000.00;181000.00;Virement bancaire
2359;ENS-0005;Juillet;2025;123000.00;0.00;19000.00;104000.00;Virement bancaire
2359;ENS-0005;Juillet;2025;123000.00;0.00;19000.00;104000.00;Virement bancaire
2360;ENS-0006;Juillet;2025;139000.00;0.00;14000.00;125000.00;Orange Money
2361;ENS-0007;Juillet;2025;1268000.00;176000.00;209000.00;1235000.00;Virement bancaire
2362;ENS-0008;Juillet;2025;1227000.00;0.00;185000.00;1042000.00;Virement bancaire
2363;ENS-0009;Juillet;2025;221000.00;0.00;39000.00;182000.00;Virement bancaire
2364;ENS-0010;Juillet;2025;1671000.00;245000.00;275000.00;1641000.00;Orange Money
2365;ENS-0011;Juillet;2025;1850000.00;0.00;288000.00;1562000.00;Espèces
2366;ENS-0012;Juillet;2025;1877000.00;0.00;199000.00;1678000.00;Virement bancaire
2367;ENS-0013;Juillet;2025;1036000.00;0.00;128000.00;908000.00;Virement bancaire
2368;ENS-0014;Juillet;2025;1072000.00;0.00;132000.00;940000.00;Orange Money
2369;ENS-0015;Juillet;2025;494000.00;0.00;71000.00;423000.00;Wave
2370;ENS-0016;Juillet;2025;1059000.00;62000.00;180000.00;941000.00;Virement bancaire
2371;ENS-0017;Juillet;2025;1091000.00;80000.00;123000.00;1048000.00;Wave
2372;ENS-0018;Juillet;2025;533000.00;0.00;46000.00;487000.00;Orange Money
2373;ENS-0019;Juillet;2025;183000.00;0.00;15000.00;168000.00;Virement bancaire
2374;ENS-0020;Juillet;2025;553000.00;47000.00;47000.00;553000.00;Virement bancaire
2375;ENS-0022;Juillet;2025;132000.00;0.00;17000.00;115000.00;Virement bancaire
2375;ENS-0022;Juillet;2025;132000.00;0.00;17000.00;115000.00;Virement bancaire
2376;ENS-0023;Juillet;2025;834000.00;0.00;129000.00;705000.00;Virement bancaire
2377;ENS-0024;Juillet;2025;721000.00;0.00;123000.00;598000.00;Espèces
2378;ENS-0025;07;2025;516000.00;38000.00;46000.00;508000.00;Orange Money
2379;ENS-0026;Juillet;2025;501000.00;66000.00;70000.00;497000.00;Virement bancaire
2380;ENS-0027;Juillet;2025;1183000.00;0.00;110000.00;1073000.00;Wave
2381;ENS-0028;Juillet;2025;982000.00;0.00;159000.00;823000.00;Virement bancaire
2382;ENS-0029;Juillet;2025;275000.00;0.00;45000.00;230000.00;Virement bancaire
2382;ENS-0029;Juillet;2025;275000.00;0.00;45000.00;230000.00;Virement bancaire
2383;ENS-0030;Juillet;2025;1774000.00;0.00;222000.00;1552000.00;Virement bancaire
2384;ENS-0031;Juillet;2025;713000.00;0.00;123000.00;590000.00;Virement bancaire
2385;ENS-0032;Juillet;2025;170000.00;0.00;27000.00;143000.00;Wave
2386;ENS-0033;Juillet;2025;498000.00;65000.00;40000.00;523000.00;Wave
2387;ENS-0034;Juillet;2025;1169000.00;123000.00;106000.00;1186000.00;Virement bancaire
2388;ENS-0035;Juillet;2025;1750000.00;88000.00;202000.00;1636000.00;Orange Money
2389;ENS-0036;Juillet;2025;193000.00;0.00;23000.00;170000.00;Virement bancaire
2390;ENS-0038;Juillet;2025;170000.00;0.00;22000.00;148000.00;Virement bancaire
2391;ENS-0039;Juillet;2025;512000.00;0.00;54000.00;458000.00;Virement bancaire
2392;ENS-0040;Juillet;2025;622000.00;0.00;95000.00;527000.00;Virement bancaire
2393;ENS-0041;Juillet;2025;1078000.00;83000.00;140000.00;1021000.00;Virement bancaire
2394;ENS-0042;Juillet;2025;1673000.00;139000.00;210000.00;1602000.00;Virement bancaire
2395;ENS-0043;Juillet;2025;345000.00;0.00;33000.00;312000.00;Virement bancaire
2396;ENS-0044;Juillet;2025;318000.00;0.00;34000.00;284000.00;Virement bancaire
2397;ENS-0045;Juillet;2025;404000.00;0.00;59000.00;345000.00;Virement bancaire
2398;ENS-0046;Juillet;2025;1175000.00;65000.00;141000.00;1099000.00;Virement
2399;ENS-0047;Juillet;2025;374000.00;0.00;54000.00;320000.00;Virement bancaire
2400;ENS-0048;Juillet;2025;295000.00;0.00;50000.00;245000.00;Virement bancaire
2401;ENS-0049;Juillet;2025;206000.00;0.00;29000.00;177000.00;Virement bancaire
2402;ENS-0050;Juillet;2025;204000.00;0.00;19000.00;185000.00;Virement bancaire
2403;ENS-0051;Juillet;2025;1177000.00;153000.00;203000.00;1127000.00;Virement bancaire
2404;ENS-0052;Juillet;2025;154000.00;0.00;24000.00;130000.00;Virement bancaire
2405;ENS-0053;Juillet;2025;1150000.00;101000.00;95000.00;1156000.00;Virement bancaire
2406;ENS-0054;Juillet;2025;737000.00;44000.00;69000.00;712000.00;Espèces
2407;ENS-0055;Juillet;2025;817000.00;0.00;94000.00;723000.00;Virement bancaire
2407;ENS-0055;Juillet;2025;817000.00;0.00;94000.00;723000.00;Virement bancaire
2408;ENS-0056;Juillet;2025;1595000.00;0.00;261000.00;1334000.00;Virement bancaire
2409;ENS-0058;Juillet;2025;1140000.00;156000.00;157000.00;1139000.00;Espèces
2410;ENS-0059;Juillet;2025;193000.00;0.00;21000.00;172000.00;Virement bancaire
2411;ENS-0060;Juillet;2025;1532000.00;0.00;204000.00;1328000.00;Virement bancaire
2412;ENS-0061;Juillet;2025;304000.00;804441.48;48000.00;256000.00;Virement bancaire
2413;ENS-0062;Juillet;2025;1392000.00;0.00;178000.00;1214000.00;Virement bancaire
2413;ENS-0062;Juillet;2025;1392000.00;0.00;178000.00;1214000.00;Virement bancaire
2414;ENS-0063;juillet;2025;351000.00;0.00;51000.00;300000.00;Wave
2415;ENS-0064;Juillet;2025;159000.00;0.00;23000.00;136000.00;Virement bancaire
2416;ENS-0065;Juillet;2025;488000.00;0.00;81000.00;407000.00;Virement bancaire
2417;ENS-0066;Juillet;2025;364000.00;0.00;48000.00;316000.00;Wave
2418;ENS-0067;Juillet;2025;1099000.00;0.00;144000.00;955000.00;Virement bancaire
2419;ENS-0068;Juillet;2025;1240000.00;0.00;190000.00;1050000.00;Virement bancaire
2420;ENS-0069;Juillet;2025;158000.00;0.00;17000.00;141000.00;Virement bancaire
2421;ENS-0070;Juillet;2025;979000.00;0.00;154000.00;825000.00;Orange Money
2422;ENS-0071;Juillet;2025;232000.00;0.00;20000.00;212000.00;Orange Money
2423;ENS-0072;Juillet;2025;1608000.00;0.00;287000.00;1321000.00;Virement bancaire
2424;ENS-0073;Juillet;2025;333000.00;0.00;33000.00;300000.00;Espèces
2425;ENS-0074;Juillet;2025;506000.00;0.00;86000.00;420000.00;Wave
2426;ENS-0075;JUILLET;2025;1794000.00;261000.00;306000.00;1749000.00;Virement bancaire
2427;ENS-0076;Juillet;2025;1473000.00;88000.00;121000.00;1440000.00;Wave
2428;ENS-0077;Juillet;2025;190000.00;0.00;24000.00;166000.00;Orange Money
2429;ENS-0078;Juillet;2025;1259000.00;0.00;101000.00;1158000.00;Virement bancaire
2430;ENS-0079;Juillet;2025;147000.00;0.00;15000.00;132000.00;Orange Money
2431;ENS-0080;Juillet;2025;473000.00;0.00;39000.00;434000.00;Virement bancaire
2432;ENS-0082;Juillet;2025;494000.00;0.00;44000.00;450000.00;Virement bancaire
2433;ENS-0083;JUILLET;2025;988000.00;0.00;144000.00;844000.00;Wave
2434;ENS-0084;Juillet;2025;184000.00;0.00;15000.00;169000.00;Virement bancaire
2435;ENS-0085;Juillet;2025;751000.00;0.00;95000.00;656000.00;Virement bancaire
2436;ENS-0086;Juillet;2025;870000.00;0.00;87000.00;783000.00;Espèces
2437;ENS-0087;Juillet;2025;978000.00;0.00;161000.00;817000.00;Virement bancaire
2438;ENS-0088;Juillet;2025;123000.00;0.00;11000.00;112000.00;Virement bancaire
2439;ENS-0089;Juillet;2025;1217000.00;102000.00;111000.00;1208000.00;Espèces
2440;ENS-0090;Juillet;2025;1689000.00;167000.00;178000.00;1678000.00;Virement bancaire
2441;ENS-0091;Juillet;2025;216000.00;0.00;26000.00;190000.00;Virement bancaire
2442;ENS-0092;Juillet;2025;1118000.00;138000.00;137000.00;1119000.00;Espèces
2443;ENS-0093;Juillet;2025;529000.00;0.00;64000.00;-465000.00;Virement bancaire
2444;ENS-0094;Juillet;2025;1184000.00;0.00;190000.00;994000.00;Virement bancaire
2444;ENS-0094;Juillet;2025;1184000.00;0.00;190000.00;994000.00;Virement bancaire
2445;ENS-0095;Juillet;2025;1754000.00;0.00;193000.00;1561000.00;Virement bancaire
2446;ENS-0096;Juillet;2025;798000.00;0.00;67000.00;731000.00;Orange Money
2447;ENS-0097;Juillet;2025;119000.00;0.00;21000.00;98000.00;Orange Money
2448;ENS-0098;Juillet;2025;1182000.00;0.00;98000.00;1084000.00;Virement bancaire
2449;ENS-0099;Juillet;2025;323000.00;0.00;43000.00;280000.00;Virement bancaire
2450;ENS-0100;Juillet;2025;1020000.00;112000.00;158000.00;974000.00;Virement bancaire
2451;ENS-0101;Juillet;2025;299000.00;0.00;41000.00;258000.00;Virement bancaire
2452;ENS-0102;Juillet;2025;189000.00;0.00;24000.00;165000.00;Virement bancaire
2453;ENS-0103;Juillet;2025;1153000.00;151000.00;163000.00;1141000.00;Virement bancaire
2454;ENS-0104;Juillet;2025;699000.00;0.00;102000.00;597000.00;Virement bancaire
2455;ENS-0105;Juillet;2025;139000.00;0.00;12000.00;127000.00;Virement bancaire
2456;ENS-0106;07;2025;1053000.00;97000.00;106000.00;1044000.00;Virement bancaire
2457;ENS-0107;JUILLET;2025;714000.00;47000.00;104000.00;657000.00;Virement bancaire
2458;ENS-0108;Juillet;2025;998000.00;0.00;100000.00;898000.00;Virement bancaire
2459;ENS-0109;Juillet;2025;1739000.00;194000.00;292000.00;1641000.00;Virement bancaire
2460;ENS-0110;Juillet;2025;238000.00;0.00;33000.00;205000.00;Virement bancaire
2461;ENS-0111;Juillet;2025;384000.00;0.00;66000.00;318000.00;Virement bancaire
2462;ENS-0112;Juillet;2025;1665000.00;86000.00;264000.00;1487000.00;Virement bancaire
2463;ENS-0113;Juillet;2025;1041000.00;0.00;175000.00;866000.00;Virement bancaire
2464;ENS-0114;Juillet;2025;1085000.00;0.00;144000.00;941000.00;Orange Money
2465;ENS-0115;Juillet;2025;280000.00;0.00;38000.00;242000.00;Wave
2466;ENS-0116;Juillet;2025;1143000.00;78000.00;189000.00;1032000.00;Wave
2467;ENS-0117;Juillet;2025;435000.00;0.00;38000.00;397000.00;Virement bancaire
2468;ENS-0118;Juillet;2025;498000.00;0.00;65000.00;433000.00;Orange Money
2469;ENS-0119;Juillet;2025;855000.00;0.00;128000.00;727000.00;Virement bancaire
2470;ENS-0120;Juillet;2025;1123000.00;0.00;193000.00;930000.00;Virement bancaire
2471;ENS-0001;Août;2025;1153000.00;0.00;153000.00;1000000.00;Orange Money
2472;ENS-0002;Août;2025;882000.00;0.00;106000.00;776000.00;Virement bancaire
2473;ENS-0003;Août;2025;1178000.00;146000.00;127000.00;1197000.00;Orange Money
2474;ENS-0004;Août;2025;155000.00;0.00;13000.00;142000.00;Virement bancaire
2475;ENS-0005;Août;2025;179000.00;0.00;24000.00;155000.00;Virement bancaire
2476;ENS-0006;Août;2025;166000.00;0.00;24000.00;142000.00;Orange Money
2477;ENS-0007;Août;2025;1268000.00;117000.00;158000.00;1227000.00;Virement bancaire
2478;ENS-0008;Août;2025;1227000.00;0.00;216000.00;1011000.00;Virement bancaire
2479;ENS-0009;Août;2025;197000.00;0.00;20000.00;177000.00;Virement bancaire
2480;ENS-0010;Août;2025;1671000.00;0.00;181000.00;1490000.00;Orange Money
2481;ENS-0011;Août;2025;1850000.00;0.00;327000.00;1523000.00;Espèces
2482;ENS-0012;Août;2025;1877000.00;0.00;257000.00;1620000.00;Virement bancaire
2483;ENS-0013;Août;2025;1036000.00;59000.00;136000.00;959000.00;Virement bancaire
2484;ENS-0014;Août;2025;1072000.00;0.00;189000.00;883000.00;Orange Money
2485;ENS-0015;Août;2025;494000.00;0.00;66000.00;428000.00;Wave
2486;ENS-0016;Août;2025;1059000.00;71000.00;117000.00;1013000.00;Virement bancaire
2486;ENS-0016;Août;2025;1059000.00;71000.00;117000.00;1013000.00;Virement bancaire
2487;ENS-0017;Août;2025;1091000.00;106000.00;128000.00;1069000.00;Wave
2488;ENS-0018;Août;2025;533000.00;48000.00;58000.00;523000.00;Orange Money
2489;ENS-0019;Août;2025;215000.00;0.00;36000.00;179000.00;Virement bancaire
2490;ENS-0020;Août;2025;553000.00;0.00;98000.00;455000.00;Virement bancaire
2491;ENS-0022;Août;2025;108000.00;0.00;10000.00;98000.00;Virement bancaire
2492;ENS-0023;Août;2025;834000.00;0.00;115000.00;719000.00;Virement bancaire
2493;ENS-0024;Août;2025;721000.00;0.00;66000.00;655000.00;Espèces
2494;ENS-0025;Août;2025;516000.00;0.00;70000.00;-446000.00;Virement bancaire
2495;ENS-0026;Août;2025;501000.00;35000.00;76000.00;460000.00;Virement bancaire
2496;ENS-0027;Août;2025;1183000.00;164000.00;149000.00;1198000.00;Wave
2497;ENS-0028;Août;2025;982000.00;110000.00;132000.00;960000.00;bank transfer
2498;ENS-0029;Août;2025;207000.00;0.00;17000.00;190000.00;Virement bancaire
2499;ENS-0030;Août;2025;1774000.00;0.00;296000.00;1478000.00;Virement bancaire
2500;ENS-0031;Août;2025;713000.00;0.00;104000.00;609000.00;Espèces
2501;ENS-0032;Août;2025;176000.00;0.00;21000.00;155000.00;Virement bancaire
2502;ENS-0033;Aout;2025;498000.00;0.00;54000.00;444000.00;Wave
2503;ENS-0034;Août;2025;1169000.00;113000.00;127000.00;1155000.00;Virement bancaire
2504;ENS-0035;Août;2025;1750000.00;0.00;177000.00;1573000.00;Orange Money
2505;ENS-0036;Août;2025;151000.00;0.00;13000.00;138000.00;Virement bancaire
2506;ENS-0038;Août;2025;205000.00;0.00;35000.00;170000.00;Virement bancaire
2507;ENS-0039;Août;2025;512000.00;0.00;64000.00;448000.00;Virement bancaire
2508;ENS-0040;Août;2025;622000.00;0.00;93000.00;529000.00;Banque
2509;ENS-0041;Août;2025;1078000.00;75000.00;133000.00;-1020000.00;Virement bancaire
2510;ENS-0042;Août.;2025;1673000.00;0.00;241000.00;1432000.00;Virement bancaire
2511;ENS-0043;Août;2025;244000.00;0.00;28000.00;216000.00;Virement bancaire
2512;ENS-0044;Août;2025;164000.00;0.00;29000.00;135000.00;Virement bancaire
2513;ENS-0045;Août;2025;341000.00;0.00;30000.00;311000.00;Virement bancaire
2513;ENS-0045;Août;2025;341000.00;0.00;30000.00;311000.00;Virement bancaire
2514;ENS-0046;Août;2025;1175000.00;0.00;205000.00;970000.00;Virement bancaire
2515;ENS-0047;Août;2025;198000.00;0.00;31000.00;167000.00;Virement bancaire
2515;ENS-0047;Août;2025;198000.00;0.00;31000.00;167000.00;Virement bancaire
2516;ENS-0048;Août;2025;149000.00;0.00;19000.00;-130000.00;Virement bancaire
2517;ENS-0049;Août;2025;279000.00;0.00;48000.00;231000.00;Virement bancaire
2518;ENS-0050;Août;2025;455000.00;0.00;45000.00;410000.00;Virement bancaire
2519;ENS-0051;Août;2025;1177000.00;64000.00;135000.00;1106000.00;Virement bancaire
2520;ENS-0052;Août;2025;177000.00;0.00;16000.00;161000.00;Virement bancaire
2521;ENS-0053;Août;2025;1150000.00;0.00;154000.00;996000.00;Virement bancaire
2521;ENS-0053;Août;2025;1150000.00;0.00;154000.00;996000.00;Virement bancaire
2522;ENS-0054;Août;2025;737000.00;68000.00;90000.00;715000.00;Espèces
2523;ENS-0055;Août;2025;817000.00;0.00;105000.00;712000.00;Virement bancaire
2524;ENS-0056;Août;2025;1595000.00;0.00;157000.00;1438000.00;Virement bancaire
2525;ENS-0058;Août;2025;1140000.00;68000.00;116000.00;1092000.00;Espèces
2526;ENS-0059;Août;2025;311000.00;0.00;55000.00;256000.00;Virement bancaire
2527;ENS-0060;Août;2025;1532000.00;0.00;144000.00;1388000.00;Virement bancaire
2528;ENS-0061;Août;2025;151000.00;0.00;13000.00;138000.00;Virement bancaire
2529;ENS-0062;Août;2025;1392000.00;200000.00;128000.00;1464000.00;Wave
2530;ENS-0063;Août;2025;181000.00;0.00;25000.00;156000.00;Wave
2531;ENS-0064;Août;2025;206000.00;0.00;29000.00;177000.00;Virement bancaire
2532;ENS-0065;Août;2025;488000.00;0.00;71000.00;417000.00;Virement bancaire
2533;ENS-0066;Août;2025;410000.00;0.00;37000.00;373000.00;Wave
2534;ENS-0067;Août;2025;1099000.00;157000.00;119000.00;1137000.00;Virement bancaire
2535;ENS-0068;Août;2025;1240000.00;0.00;180000.00;1060000.00;Virement bancaire
2536;ENS-0069;Août;2025;121000.00;0.00;15000.00;106000.00;Virement bancaire
2537;ENS-0070;Août;2025;979000.00;0.00;102000.00;877000.00;Orange Money
2538;ENS-0071;Août;2025;208000.00;0.00;21000.00;187000.00;Virement bancaire
2538;ENS-0071;Août;2025;208000.00;0.00;21000.00;187000.00;Virement bancaire
2539;ENS-0072;Août;2025;1608000.00;0.00;158000.00;1450000.00;Virement bancaire
2540;ENS-0073;août;2025;263000.00;0.00;26000.00;237000.00;Espèces
2541;ENS-0074;Août;2025;506000.00;0.00;77000.00;-429000.00;Wave
2542;ENS-0075;Août;2025;1794000.00;227000.00;178000.00;1843000.00;Virement bancaire
2543;ENS-0076;Août;2025;1473000.00;0.00;128000.00;1345000.00;Wave
2544;ENS-0077;Août;2025;286000.00;0.00;37000.00;249000.00;Orange Money
2545;ENS-0078;Août;2025;1259000.00;0.00;184000.00;-1075000.00;Virement bancaire
2546;ENS-0079;Août;2025;316000.00;0.00;34000.00;282000.00;Orange Money
2547;ENS-0080;Août;2025;387000.00;0.00;44000.00;343000.00;Virement bancaire
2548;ENS-0082;Août;2025;494000.00;67000.00;83000.00;478000.00;Virement bancaire
2549;ENS-0083;Août;2025;988000.00;0.00;175000.00;813000.00;Wave
2550;ENS-0084;Août;2025;225000.00;0.00;29000.00;196000.00;Virement bancaire
2551;ENS-0085;Août;2025;751000.00;67000.00;119000.00;699000.00;Virement bancaire
2552;ENS-0086;Août;2025;870000.00;84000.00;81000.00;873000.00;Espèces
2553;ENS-0087;Août;2025;978000.00;0.00;172000.00;-806000.00;Virement bancaire
2554;ENS-0088;Août;2025;146000.00;0.00;26000.00;120000.00;Virement bancaire
2555;ENS-0089;Août.;2025;1217000.00;0.00;183000.00;1034000.00;Orange Money
2556;ENS-0090;Août;2025;1689000.00;234000.00;153000.00;1770000.00;Virement bancaire
2557;ENS-0091;Août;2025;156000.00;0.00;14000.00;142000.00;Virement bancaire
2558;ENS-0092;Août;2025;1118000.00;0.00;190000.00;928000.00;Espèces
2559;ENS-0093;Août;2025;529000.00;71000.00;94000.00;506000.00;Virement bancaire
2560;ENS-0094;Août;2025;1184000.00;0.00;104000.00;1080000.00;Virement bancaire
2561;ENS-0095;Août;2025;1754000.00;0.00;299000.00;1455000.00;Virement bancaire
2562;ENS-0096;Août;2025;798000.00;0.00;139000.00;659000.00;Orange Money
2563;ENS-0097;Août;2025;207000.00;0.00;33000.00;174000.00;Wave
2564;ENS-0098;Août;2025;1182000.00;0.00;114000.00;1068000.00;Virement bancaire
2565;ENS-0099;Août;2025;218000.00;0.00;34000.00;184000.00;Virement bancaire
2566;ENS-0100;Août;2025;1020000.00;0.00;108000.00;912000.00;Virement bancaire
2567;ENS-0101;Août;2025;276000.00;0.00;24000.00;252000.00;Virement bancaire
2568;ENS-0102;Août;2025;103000.00;0.00;10000.00;93000.00;Virement bancaire
2569;ENS-0103;Août;2025;1153000.00;0.00;149000.00;1004000.00;Virement bancaire
2570;ENS-0104;Août;2025;699000.00;0.00;97000.00;602000.00;Virement bancaire
2571;ENS-0105;Août;2025;100000.00;0.00;15000.00;85000.00;Virement bancaire
2572;ENS-0106;Août;2025;1053000.00;0.00;168000.00;-885000.00;Virement bancaire
2573;ENS-0107;Août;2025;714000.00;0.00;73000.00;641000.00;Orange Money
2574;ENS-0108;Août;2025;998000.00;0.00;80000.00;918000.00;Virement bancaire
2575;ENS-0109;Août;2025;1739000.00;223000.00;160000.00;1802000.00;Virement bancaire
2576;ENS-0110;Août;2025;226000.00;0.00;19000.00;207000.00;Virement bancaire
2577;ENS-0111;Août;2025;199000.00;0.00;34000.00;165000.00;Virement bancaire
2578;ENS-0112;Août;2025;1665000.00;0.00;285000.00;1380000.00;Virement bancaire
2579;ENS-0113;Août;2025;1041000.00;0.00;142000.00;899000.00;Virement bancaire
2580;ENS-0114;Août;2025;1085000.00;0.00;123000.00;962000.00;Orange Money
2581;ENS-0115;Août;2025;332000.00;902453.39;40000.00;292000.00;Wave
2582;ENS-0116;Août;2025;1143000.00;81000.00;143000.00;1081000.00;Espèces
2583;ENS-0117;Août;2025;221000.00;0.00;31000.00;190000.00;Virement bancaire
2583;ENS-0117;Août;2025;221000.00;0.00;31000.00;190000.00;Virement bancaire
2584;ENS-0118;Août;2025;498000.00;66000.00;75000.00;489000.00;Wave
2585;ENS-0119;Août;2025;855000.00;0.00;140000.00;715000.00;Virement bancaire
2586;ENS-0120;Août;2025;1123000.00;0.00;162000.00;961000.00;Virement bancaire
2587;ENS-0001;Septembre;2025;1153000.00;137000.00;100000.00;1190000.00;Orange Money
2588;ENS-0002;Septembre;2025;882000.00;2756882.01;72000.00;882000.00;Virement bancaire
2589;ENS-0003;Septembre;2025;1178000.00;141000.00;151000.00;1168000.00;Orange Money
2590;ENS-0004;Septembre;2025;142000.00;0.00;19000.00;123000.00;Virement bancaire
2590;ENS-0004;Septembre;2025;142000.00;0.00;19000.00;123000.00;Virement bancaire
2591;ENS-0005;Septembre;2025;97000.00;0.00;15000.00;82000.00;Virement bancaire
2592;ENS-0006;Septembre;2025;279000.00;0.00;27000.00;252000.00;Orange Money
2593;ENS-0007;Septembre;2025;1268000.00;0.00;105000.00;1163000.00;Virement bancaire
2594;ENS-0008;Septembre;2025;1227000.00;138000.00;146000.00;1219000.00;Virement bancaire
2595;ENS-0009;Septembre;2025;160000.00;0.00;16000.00;144000.00;Virement bancaire
2596;ENS-0010;Septembre;2025;1671000.00;212000.00;276000.00;1607000.00;Orange Money
2596;ENS-0010;Septembre;2025;1671000.00;212000.00;276000.00;1607000.00;Orange Money
2597;ENS-0011;Septembre;2025;1850000.00;0.00;314000.00;1536000.00;Espèces
2598;ENS-0012;Septembre;2025;1877000.00;0.00;270000.00;1607000.00;Virement
2599;ENS-0013;Septembre;2025;1036000.00;0.00;128000.00;908000.00;Virement bancaire
2600;ENS-0014;Septembre;2025;1072000.00;0.00;99000.00;973000.00;Orange Money
2601;ENS-0015;Septembre;2025;494000.00;33000.00;89000.00;438000.00;Virement bancaire
2602;ENS-0016;Septembre;2025;1059000.00;84000.00;133000.00;1010000.00;Virement bancaire
2603;ENS-0017;Septembre;2025;1091000.00;0.00;112000.00;979000.00;Wave
2604;ENS-0018;Septembre;2025;533000.00;0.00;63000.00;470000.00;Orange Money
2605;ENS-0019;Sept.;2025;182000.00;0.00;32000.00;150000.00;Virement bancaire
2606;ENS-0020;Septembre;2025;553000.00;0.00;80000.00;473000.00;bank transfer
2607;ENS-0022;Septembre;2025;140000.00;0.00;11000.00;129000.00;Virement bancaire
2608;ENS-0023;Septembre;2025;834000.00;98000.00;102000.00;830000.00;Virement bancaire
2609;ENS-0024;Sept.;2025;721000.00;69000.00;124000.00;666000.00;Espèces
2610;ENS-0025;Septembre;2025;516000.00;0.00;78000.00;438000.00;Orange Money
2611;ENS-0026;SEPTEMBRE;2025;501000.00;42000.00;80000.00;-463000.00;Virement bancaire
2612;ENS-0027;Septembre;2025;1183000.00;0.00;141000.00;1042000.00;Wave
2613;ENS-0028;Septembre;2025;982000.00;121000.00;112000.00;991000.00;Virement bancaire
2614;ENS-0029;Septembre;2025;319000.00;0.00;27000.00;292000.00;VIREMENT
2615;ENS-0030;Septembre;2025;1774000.00;89000.00;207000.00;1656000.00;Virement bancaire
2616;ENS-0031;Septembre;2025;713000.00;45000.00;123000.00;635000.00;Virement bancaire
2617;ENS-0032;Septembre;2025;229000.00;0.00;24000.00;205000.00;Virement bancaire
2618;ENS-0033;Septembre;2025;498000.00;0.00;88000.00;410000.00;Wave
2619;ENS-0034;Septembre;2025;1169000.00;0.00;191000.00;978000.00;Virement bancaire
2620;ENS-0035;Septembre;2025;1750000.00;128000.00;187000.00;1691000.00;Orange Money
2621;ENS-0036;Septembre;2025;364000.00;0.00;60000.00;304000.00;Virement bancaire
2622;ENS-0038;Septembre;2025;218000.00;0.00;33000.00;185000.00;Virement bancaire
2623;ENS-0039;Septembre;2025;512000.00;0.00;59000.00;453000.00;Virement bancaire
2623;ENS-0039;Septembre;2025;512000.00;0.00;59000.00;453000.00;Virement bancaire
2624;ENS-0040;Septembre;2025;622000.00;72000.00;75000.00;619000.00;Espèces
2625;ENS-0041;Septembre;2025;1078000.00;0.00;169000.00;909000.00;Virement bancaire
2626;ENS-0042;Septembre;2025;1673000.00;212000.00;252000.00;1633000.00;Virement bancaire
2627;ENS-0043;Septembre;2025;263000.00;0.00;36000.00;227000.00;Virement bancaire
2628;ENS-0044;Septembre;2025;148000.00;0.00;18000.00;130000.00;Virement bancaire
2629;ENS-0045;Septembre;2025;358000.00;0.00;44000.00;314000.00;Virement bancaire
2630;ENS-0046;Septembre;2025;1175000.00;159000.00;96000.00;1238000.00;Virement bancaire
2631;ENS-0047;Septembre;2025;411000.00;0.00;70000.00;341000.00;Espèces
2632;ENS-0048;Septembre;2025;221000.00;0.00;27000.00;194000.00;Virement bancaire
2633;ENS-0049;Septembre;2025;278000.00;0.00;45000.00;233000.00;Virement bancaire
2634;ENS-0050;Septembre;2025;206000.00;675192.96;35000.00;171000.00;Virement bancaire
2635;ENS-0051;Septembre;2025;1177000.00;0.00;105000.00;1072000.00;Virement bancaire
2636;ENS-0052;Septembre;2025;133000.00;0.00;19000.00;114000.00;Virement bancaire
2637;ENS-0053;Septembre;2025;1150000.00;0.00;95000.00;1055000.00;Virement bancaire
2637;ENS-0053;Septembre;2025;1150000.00;0.00;95000.00;1055000.00;Virement bancaire
2638;ENS-0054;Septembre;2025;737000.00;2835633.59;132000.00;689000.00;Espèces
2639;ENS-0055;Septembre;2025;817000.00;0.00;69000.00;748000.00;Virement bancaire
2640;ENS-0056;Septembre;2025;1595000.00;0.00;164000.00;1431000.00;Virement bancaire
2640;ENS-0056;Septembre;2025;1595000.00;0.00;164000.00;1431000.00;Virement bancaire
2641;ENS-0058;Septembre;2025;1140000.00;4552576.18;158000.00;1107000.00;Espèces
2642;ENS-0059;Septembre;2025;223000.00;0.00;36000.00;187000.00;Virement bancaire
2643;ENS-0060;Septembre;2025;1532000.00;0.00;185000.00;1347000.00;Virement bancaire
2644;ENS-0061;Septembre;2025;202000.00;0.00;29000.00;173000.00;Virement bancaire
2644;ENS-0061;Septembre;2025;202000.00;0.00;29000.00;173000.00;Virement bancaire
2645;ENS-0062;Septembre;2025;1392000.00;0.00;215000.00;1177000.00;Virement bancaire
2646;ENS-0063;Septembre;2025;231000.00;0.00;25000.00;206000.00;Wave
2647;ENS-0064;Septembre;2025;259000.00;0.00;35000.00;224000.00;Virement bancaire
2648;ENS-0065;Septembre;2025;488000.00;0.00;51000.00;437000.00;Virement bancaire
2649;ENS-0066;Septembre;2025;300000.00;0.00;29000.00;271000.00;Wave
2650;ENS-0067;Septembre;2025;1099000.00;56000.00;113000.00;1042000.00;Virement bancaire
2651;ENS-0068;Septembre;2025;1240000.00;82000.00;211000.00;1111000.00;Virement bancaire
2652;ENS-0069;Septembre;2025;137000.00;0.00;13000.00;124000.00;Virement bancaire
2653;ENS-0070;Septembre;2025;979000.00;117000.00;109000.00;987000.00;Orange Money
2654;ENS-0071;Septembre;2025;233000.00;0.00;20000.00;213000.00;Virement bancaire
2655;ENS-0072;Septembre;2025;1608000.00;224000.00;285000.00;1547000.00;Virement bancaire
2656;ENS-0073;Septembre;2025;296000.00;0.00;32000.00;264000.00;Espèces
2657;ENS-0074;Septembre;2025;506000.00;0.00;88000.00;418000.00;Wave
2658;ENS-0075;Septembre;2025;1794000.00;0.00;264000.00;1530000.00;Virement bancaire
2659;ENS-0076;Septembre;2025;1473000.00;0.00;237000.00;1236000.00;Wave
2660;ENS-0077;Septembre;2025;132000.00;0.00;16000.00;116000.00;Orange Money
2661;ENS-0078;Septembre;2025;1259000.00;0.00;140000.00;1119000.00;Virement bancaire
2662;ENS-0079;Septembre;2025;210000.00;0.00;20000.00;190000.00;Orange Money
2663;ENS-0080;Septembre;2025;377000.00;0.00;34000.00;343000.00;Virement bancaire
2664;ENS-0082;Septembre;2025;494000.00;0.00;72000.00;422000.00;Virement bancaire
2665;ENS-0083;Septembre;2025;988000.00;132000.00;151000.00;969000.00;Wave
2666;ENS-0084;Septembre;2025;169000.00;0.00;20000.00;149000.00;Virement bancaire
2667;ENS-0085;Septembre;2025;751000.00;105000.00;132000.00;724000.00;Virement bancaire
2668;ENS-0086;Septembre;2025;870000.00;1375663.33;82000.00;788000.00;Espèces
2669;ENS-0087;Septembre;2025;978000.00;0.00;91000.00;887000.00;Virement bancaire
2670;ENS-0088;Septembre;2025;193000.00;0.00;22000.00;171000.00;Virement bancaire
2671;ENS-0089;Septembre;2025;1217000.00;0.00;208000.00;1009000.00;Orange Money
2671;ENS-0089;Septembre;2025;1217000.00;0.00;208000.00;1009000.00;Orange Money
2672;ENS-0090;Septembre;2025;1689000.00;157000.00;203000.00;1643000.00;Virement bancaire
2673;ENS-0091;Septembre;2025;313000.00;0.00;29000.00;284000.00;Virement bancaire
2674;ENS-0092;Septembre;2025;1118000.00;74000.00;102000.00;1090000.00;Espèces
2675;ENS-0093;Septembre;2025;529000.00;0.00;75000.00;454000.00;Virement bancaire
2676;ENS-0094;Septembre;2025;1184000.00;176000.00;105000.00;1255000.00;Virement bancaire
2677;ENS-0095;Septembre;2025;1754000.00;0.00;206000.00;1548000.00;Virement bancaire
2678;ENS-0096;Septembre;2025;798000.00;0.00;119000.00;679000.00;Orange Money
2679;ENS-0097;Septembre;2025;95000.00;0.00;8000.00;87000.00;Wave
2680;ENS-0098;Septembre;2025;1182000.00;0.00;115000.00;-1067000.00;Virement bancaire
2681;ENS-0099;Septembre;2025;351000.00;0.00;62000.00;289000.00;Virement bancaire
2682;ENS-0100;Septembre;2025;1020000.00;0.00;120000.00;900000.00;Virement bancaire
2683;ENS-0101;Septembre;2025;276000.00;0.00;39000.00;-237000.00;Virement bancaire
2684;ENS-0102;Septembre;2025;222000.00;0.00;28000.00;194000.00;Virement bancaire
2685;ENS-0103;Septembre;2025;1153000.00;0.00;150000.00;1003000.00;Virement bancaire
2686;ENS-0104;Septembre;2025;699000.00;0.00;91000.00;608000.00;Virement bancaire
2687;ENS-0105;Septembre;2025;103000.00;0.00;8000.00;95000.00;Virement bancaire
2688;ENS-0106;Septembre;2025;1053000.00;151000.00;142000.00;1062000.00;Virement bancaire
2689;ENS-0107;SEPTEMBRE;2025;714000.00;80000.00;128000.00;-666000.00;Virement bancaire
2690;ENS-0108;Septembre;2025;998000.00;0.00;96000.00;902000.00;Virement bancaire
2691;ENS-0109;Septembre;2025;1739000.00;0.00;178000.00;1561000.00;Virement bancaire
2692;ENS-0110;Septembre;2025;379000.00;0.00;33000.00;346000.00;Virement bancaire
2693;ENS-0111;Septembre;2025;301000.00;0.00;45000.00;256000.00;Virement bancaire
2694;ENS-0112;Septembre;2025;1665000.00;182000.00;146000.00;1701000.00;Virement bancaire
2695;ENS-0113;Septembre;2025;1041000.00;112000.00;91000.00;1062000.00;Virement bancaire
2696;ENS-0114;Septembre;2025;1085000.00;0.00;160000.00;925000.00;Orange Money
2697;ENS-0115;Septembre;2025;308000.00;0.00;35000.00;273000.00;Wave
2698;ENS-0116;Septembre;2025;1143000.00;0.00;140000.00;1003000.00;Espèces
2699;ENS-0117;Septembre;2025;389000.00;0.00;65000.00;324000.00;Virement bancaire
2700;ENS-0118;Septembre;2025;498000.00;0.00;57000.00;441000.00;Orange Money
2701;ENS-0119;Septembre;2025;855000.00;0.00;105000.00;750000.00;Virement bancaire
2702;ENS-0120;Septembre;2025;1123000.00;0.00;105000.00;1018000.00;Virement bancaire
2703;ENS-0001;Octobre;2025;1153000.00;83000.00;170000.00;1066000.00;Orange Money
2704;ENS-0002;Octobre;2025;882000.00;0.00;147000.00;735000.00;Virement bancaire
2705;ENS-0003;Octobre;2025;1178000.00;85000.00;172000.00;1091000.00;Orange Money
2706;ENS-0004;Octobre;2025;284000.00;951250.30;27000.00;257000.00;Virement bancaire
2707;ENS-0005;Octobre;2025;159000.00;0.00;27000.00;132000.00;Virement bancaire
2708;ENS-0006;Octobre;2025;237000.00;0.00;34000.00;203000.00;Orange Money
2709;ENS-0007;Octobre;2025;1268000.00;0.00;180000.00;1088000.00;Virement bancaire
2710;ENS-0008;Octobre;2025;1227000.00;176000.00;139000.00;1264000.00;Virement bancaire
2711;ENS-0009;Octobre;2025;295000.00;0.00;43000.00;252000.00;Virement bancaire
2712;ENS-0010;Octobre;2025;1671000.00;203000.00;274000.00;1600000.00;Orange Money
2713;ENS-0011;Octobre;2025;1850000.00;93000.00;239000.00;1704000.00;Espèces
2714;ENS-0012;Octobre;2025;1877000.00;154000.00;158000.00;1873000.00;Virement bancaire
2715;ENS-0013;Octobre;2025;1036000.00;2894907.01;84000.00;952000.00;Virement bancaire
2716;ENS-0014;Octobre;2025;1072000.00;4089525.89;170000.00;902000.00;Orange Money
2717;ENS-0015;Octobre;2025;494000.00;0.00;45000.00;449000.00;Wave
2718;ENS-0016;Octobre;2025;1059000.00;0.00;166000.00;893000.00;Virement bancaire
2719;ENS-0017;Octobre;2025;1091000.00;0.00;164000.00;927000.00;Orange Money
2720;ENS-0018;Octobre;2025;533000.00;45000.00;86000.00;492000.00;Orange Money
2721;ENS-0019;Octobre;2025;258000.00;0.00;39000.00;219000.00;Virement bancaire
2722;ENS-0020;Octobre;2025;553000.00;75000.00;65000.00;563000.00;Virement bancaire
2723;ENS-0022;Octobre;2025;171000.00;0.00;29000.00;142000.00;Virement bancaire
2724;ENS-0023;Octobre;2025;834000.00;0.00;125000.00;709000.00;Virement bancaire
2725;ENS-0024;Octobre;2025;721000.00;0.00;123000.00;598000.00;Espèces
2726;ENS-0025;OCTOBRE;2025;516000.00;55000.00;79000.00;492000.00;Orange Money
2727;ENS-0026;Octobre;2025;501000.00;0.00;86000.00;415000.00;Virement bancaire
2728;ENS-0027;Octobre;2025;1183000.00;91000.00;164000.00;1110000.00;Wave
2729;ENS-0028;Octobre;2025;982000.00;0.00;104000.00;878000.00;Orange Money
2730;ENS-0029;Octobre;2025;476000.00;0.00;43000.00;433000.00;Virement bancaire
2731;ENS-0030;Octobre;2025;1774000.00;5805769.18;298000.00;1476000.00;bank transfer
2732;ENS-0031;Octobre;2025;713000.00;52000.00;106000.00;659000.00;Virement bancaire
2733;ENS-0032;Octobre;2025;202000.00;0.00;22000.00;180000.00;Virement bancaire
2733;ENS-0032;Octobre;2025;202000.00;0.00;22000.00;180000.00;Virement bancaire
2734;ENS-0033;Octobre;2025;498000.00;49000.00;79000.00;468000.00;Wave
2735;ENS-0034;Octobre;2025;1169000.00;0.00;146000.00;1023000.00;Virement bancaire
2736;ENS-0035;Octobre;2025;1750000.00;109000.00;173000.00;1686000.00;Orange Money
2737;ENS-0036;Octobre;2025;214000.00;0.00;26000.00;188000.00;Virement bancaire
2738;ENS-0038;Octobre;2025;231000.00;0.00;26000.00;205000.00;Virement bancaire
2739;ENS-0039;OCTOBRE;2025;512000.00;64000.00;45000.00;531000.00;Virement bancaire
2740;ENS-0040;Octobre;2025;622000.00;0.00;103000.00;519000.00;Virement bancaire
2741;ENS-0041;Octobre;2025;1078000.00;0.00;110000.00;968000.00;Virement bancaire
2742;ENS-0042;Octobre;2025;1673000.00;195000.00;243000.00;1625000.00;Virement bancaire
2743;ENS-0043;Octobre;2025;326000.00;0.00;44000.00;282000.00;VIREMENT
2744;ENS-0044;Octobre;2025;247000.00;0.00;31000.00;216000.00;Virement bancaire
2745;ENS-0045;Octobre;2025;474000.00;0.00;62000.00;412000.00;Virement bancaire
2746;ENS-0046;Octobre;2025;1175000.00;106000.00;128000.00;1153000.00;Virement bancaire
2747;ENS-0047;Octobre;2025;406000.00;0.00;35000.00;371000.00;bank transfer
2748;ENS-0048;Octobre;2025;202000.00;0.00;21000.00;181000.00;Banque
2749;ENS-0049;Octobre;2025;145000.00;0.00;21000.00;124000.00;Virement bancaire
2750;ENS-0050;Octobre;2025;368000.00;0.00;51000.00;317000.00;Virement bancaire
2751;ENS-0051;Octobre;2025;1177000.00;0.00;195000.00;982000.00;Virement bancaire
2752;ENS-0052;Octobre;2025;221000.00;0.00;31000.00;190000.00;Virement bancaire
2753;ENS-0053;Octobre;2025;1150000.00;131000.00;143000.00;1138000.00;Virement bancaire
2753;ENS-0053;Octobre;2025;1150000.00;131000.00;143000.00;1138000.00;Virement bancaire
2754;ENS-0054;Octobre;2025;737000.00;97000.00;89000.00;745000.00;Espèces
2755;ENS-0055;Octobre;2025;817000.00;104000.00;73000.00;848000.00;Virement bancaire
2756;ENS-0056;Octobre;2025;1595000.00;87000.00;260000.00;1422000.00;WAVE
2757;ENS-0058;Octobre;2025;1140000.00;0.00;154000.00;986000.00;Espèces
2758;ENS-0059;Octobre;2025;125000.00;0.00;12000.00;113000.00;Virement bancaire
2759;ENS-0060;Octo.;2025;1532000.00;96000.00;131000.00;1497000.00;Virement bancaire
2760;ENS-0061;Octobre;2025;244000.00;0.00;36000.00;208000.00;Virement bancaire
2761;ENS-0062;Octobre;2025;1392000.00;103000.00;179000.00;1316000.00;Virement bancaire
2762;ENS-0063;Octobre;2025;204000.00;0.00;35000.00;-169000.00;Wave
2763;ENS-0064;Octobre;2025;143000.00;0.00;18000.00;125000.00;Virement bancaire
2763;ENS-0064;Octobre;2025;143000.00;0.00;18000.00;125000.00;Virement bancaire
2764;ENS-0065;Octobre;2025;488000.00;71000.00;50000.00;509000.00;Virement bancaire
2765;ENS-0066;Octobre;2025;201000.00;0.00;18000.00;183000.00;Wave
2766;ENS-0067;Octobre;2025;1099000.00;86000.00;148000.00;1037000.00;Virement bancaire
2767;ENS-0068;Octobre;2025;1240000.00;97000.00;210000.00;1127000.00;Virement bancaire
2768;ENS-0069;Octobre;2025;250000.00;0.00;24000.00;226000.00;Virement bancaire
2769;ENS-0070;Octobre;2025;979000.00;125000.00;89000.00;1015000.00;Orange Money
2769;ENS-0070;Octobre;2025;979000.00;125000.00;89000.00;1015000.00;Orange Money
2770;ENS-0071;Octobre;2025;137000.00;0.00;16000.00;121000.00;Virement bancaire
2771;ENS-0072;OCTOBRE;2025;1608000.00;190000.00;246000.00;1552000.00;Virement bancaire
2772;ENS-0073;octobre;2025;329000.00;0.00;46000.00;283000.00;Espèces
2773;ENS-0074;Octobre;2025;506000.00;0.00;67000.00;-439000.00;Wave
2774;ENS-0075;Octobre;2025;1794000.00;0.00;201000.00;1593000.00;Virement bancaire
2775;ENS-0076;Octobre;2025;1473000.00;80000.00;223000.00;1330000.00;Wave
2776;ENS-0077;octobre;2025;324000.00;0.00;38000.00;286000.00;Orange Money
2777;ENS-0078;Octobre;2025;1259000.00;162000.00;134000.00;1287000.00;Virement bancaire
2778;ENS-0079;Octobre;2025;169000.00;0.00;18000.00;151000.00;Orange Money
2779;ENS-0080;Octobre;2025;409000.00;0.00;48000.00;361000.00;Virement bancaire
2780;ENS-0082;Octobre;2025;494000.00;0.00;56000.00;438000.00;Virement bancaire
2781;ENS-0083;Octobre;2025;988000.00;81000.00;140000.00;929000.00;Wave
2782;ENS-0084;Octobre;2025;199000.00;0.00;23000.00;176000.00;Virement bancaire
2783;ENS-0085;Octobre;2025;751000.00;0.00;134000.00;617000.00;Virement bancaire
2784;ENS-0086;Octobre;2025;870000.00;0.00;146000.00;724000.00;Espèces
2785;ENS-0087;Octobre;2025;978000.00;0.00;85000.00;893000.00;Virement bancaire
2786;ENS-0088;Octobre;2025;225000.00;0.00;29000.00;196000.00;Espèces
2787;ENS-0089;Octobre;2025;1217000.00;0.00;138000.00;1079000.00;Virement bancaire
2788;ENS-0090;Octobre;2025;1689000.00;0.00;148000.00;1541000.00;Virement bancaire
2789;ENS-0091;Octobre;2025;324000.00;0.00;55000.00;269000.00;Virement bancaire
2790;ENS-0092;Octobre;2025;1118000.00;0.00;177000.00;941000.00;Espèces
2791;ENS-0093;Octobre;2025;529000.00;0.00;89000.00;440000.00;Virement bancaire
2792;ENS-0094;Octobre;2025;1184000.00;0.00;171000.00;1013000.00;Virement bancaire
2793;ENS-0095;Octobre;2025;1754000.00;260000.00;162000.00;1852000.00;Virement bancaire
2793;ENS-0095;Octobre;2025;1754000.00;260000.00;162000.00;1852000.00;Virement bancaire
2794;ENS-0096;10;2025;798000.00;50000.00;86000.00;762000.00;Orange Money
2795;ENS-0097;Octobre;2025;150000.00;0.00;22000.00;128000.00;Wave
2796;ENS-0098;Octobre;2025;1182000.00;147000.00;106000.00;1223000.00;Virement bancaire
2797;ENS-0099;Octobre;2025;228000.00;0.00;18000.00;210000.00;Virement bancaire
2798;ENS-0100;Octobre;2025;1020000.00;0.00;179000.00;841000.00;Virement bancaire
2799;ENS-0101;Octobre;2025;306000.00;0.00;36000.00;270000.00;Virement bancaire
2800;ENS-0102;Octobre;2025;91000.00;0.00;10000.00;81000.00;Virement bancaire
2801;ENS-0103;Octobre;2025;1153000.00;151000.00;93000.00;1211000.00;Virement bancaire
2802;ENS-0104;Octobre;2025;699000.00;0.00;120000.00;579000.00;Virement bancaire
2803;ENS-0105;Octobre;2025;157000.00;0.00;18000.00;139000.00;Virement bancaire
2804;ENS-0106;Octobre;2025;1053000.00;102000.00;135000.00;1020000.00;Virement bancaire
2805;ENS-0107;Octobre;2025;714000.00;0.00;78000.00;636000.00;Virement bancaire
2806;ENS-0108;Octobre;2025;998000.00;50000.00;150000.00;898000.00;Virement bancaire
2807;ENS-0109;Octobre;2025;1739000.00;0.00;256000.00;1483000.00;Virement bancaire
2808;ENS-0110;Octobre;2025;231000.00;0.00;22000.00;209000.00;Virement bancaire
2808;ENS-0110;Octobre;2025;231000.00;0.00;22000.00;209000.00;Virement bancaire
2809;ENS-0111;Octobre;2025;179000.00;0.00;21000.00;158000.00;Virement bancaire
2810;ENS-0112;Octobre;2025;1665000.00;90000.00;170000.00;1585000.00;Virement bancaire
2811;ENS-0113;Octobre;2025;1041000.00;138000.00;103000.00;1076000.00;Virement bancaire
2812;ENS-0114;Octobre;2025;1085000.00;139000.00;116000.00;1108000.00;Orange Money
2813;ENS-0115;Octobre;2025;335000.00;0.00;57000.00;278000.00;Wave
2814;ENS-0116;Octobre;2025;1143000.00;0.00;196000.00;947000.00;Espèces
2815;ENS-0117;Octobre;2025;374000.00;0.00;39000.00;335000.00;Virement bancaire
2816;ENS-0118;Octobre;2025;498000.00;35000.00;66000.00;467000.00;Orange Money
2817;ENS-0119;Octobre;2025;855000.00;48000.00;111000.00;792000.00;Virement bancaire
2818;ENS-0120;Octobre;2025;1123000.00;0.00;200000.00;923000.00;Virement bancaire
2819;ENS-0001;Novembre;2025;1153000.00;88000.00;189000.00;1052000.00;Orange Money
2820;ENS-0002;Novembre;2025;882000.00;0.00;83000.00;799000.00;Virement bancaire
2821;ENS-0003;Novembre;2025;1178000.00;4371471.97;116000.00;1062000.00;Orange Money
2822;ENS-0004;Novembre;2025;248000.00;0.00;35000.00;-213000.00;Virement bancaire
2823;ENS-0005;Novembre;2025;100000.00;218837.29;18000.00;82000.00;Virement bancaire
2824;ENS-0006;Novembre;2025;153000.00;0.00;13000.00;140000.00;Orange Money
2825;ENS-0007;Novembre;2025;1268000.00;116000.00;206000.00;-1178000.00;Espèces
2826;ENS-0008;Novembre;2025;1227000.00;0.00;149000.00;1078000.00;Virement bancaire
2827;ENS-0009;Novembre;2025;257000.00;0.00;33000.00;224000.00;Virement bancaire
2828;ENS-0010;Novembre;2025;1671000.00;115000.00;286000.00;1500000.00;Orange Money
2829;ENS-0011;Novembre;2025;1850000.00;0.00;211000.00;1639000.00;Espèces
2830;ENS-0012;Novembre;2025;1877000.00;0.00;254000.00;1623000.00;Virement bancaire
2831;ENS-0013;Novembre;2025;1036000.00;78000.00;142000.00;972000.00;Virement bancaire
2832;ENS-0014;Novembre;2025;1072000.00;0.00;116000.00;956000.00;Orange Money
2833;ENS-0015;Novembre;2025;494000.00;0.00;79000.00;415000.00;Wave
2834;ENS-0016;Novembre;2025;1059000.00;0.00;155000.00;904000.00;Virement bancaire
2835;ENS-0017;Novembre;2025;1091000.00;0.00;100000.00;991000.00;Wave
2836;ENS-0018;Novembre;2025;533000.00;0.00;43000.00;490000.00;Orange Money
2837;ENS-0019;NOVEMBRE;2025;264000.00;0.00;42000.00;-222000.00;Virement bancaire
2838;ENS-0020;Novembre;2025;553000.00;0.00;51000.00;502000.00;Virement bancaire
2839;ENS-0022;Novembre;2025;133000.00;0.00;18000.00;115000.00;Virement bancaire
2840;ENS-0023;Novembre;2025;834000.00;0.00;79000.00;755000.00;Virement bancaire
2841;ENS-0024;Novembre;2025;721000.00;0.00;83000.00;638000.00;Espèces
2842;ENS-0025;Novembre;2025;516000.00;52000.00;68000.00;500000.00;Orange Money
2843;ENS-0026;Novembre;2025;501000.00;0.00;49000.00;452000.00;Virement bancaire
2844;ENS-0027;Novembre;2025;1183000.00;166000.00;117000.00;1232000.00;Wave
2845;ENS-0028;Novembre;2025;982000.00;0.00;151000.00;831000.00;Virement bancaire
2846;ENS-0029;Novembre;2025;201000.00;0.00;34000.00;167000.00;Virement bancaire
2847;ENS-0030;Novembre;2025;1774000.00;0.00;165000.00;1609000.00;Virement bancaire
2848;ENS-0031;Novembre;2025;713000.00;0.00;75000.00;638000.00;Virement bancaire
2849;ENS-0032;Novembre;2025;376000.00;0.00;56000.00;320000.00;Virement bancaire
2850;ENS-0033;Novembre;2025;498000.00;0.00;41000.00;457000.00;Wave
2850;ENS-0033;Novembre;2025;498000.00;0.00;41000.00;457000.00;Wave
2851;ENS-0034;Novembre;2025;1169000.00;92000.00;134000.00;1127000.00;Virement bancaire
2852;ENS-0035;Novembre;2025;1750000.00;0.00;200000.00;1550000.00;Orange Money
2853;ENS-0036;Novembre;2025;275000.00;0.00;33000.00;242000.00;Virement bancaire
2854;ENS-0038;Novembre;2025;230000.00;0.00;21000.00;209000.00;Virement bancaire
2855;ENS-0039;Novembre;2025;512000.00;0.00;60000.00;452000.00;Virement bancaire
2856;ENS-0040;Novembre;2025;622000.00;36000.00;84000.00;574000.00;Virement bancaire
2857;ENS-0041;Novembre;2025;1078000.00;2851582.94;128000.00;950000.00;Virement bancaire
2858;ENS-0042;Novembre;2025;1673000.00;0.00;179000.00;1494000.00;Virement bancaire
2859;ENS-0043;Novembre;2025;258000.00;0.00;33000.00;225000.00;Virement bancaire
2860;ENS-0044;Novembre;2025;223000.00;0.00;38000.00;185000.00;Virement bancaire
2861;ENS-0045;Novembre;2025;288000.00;0.00;34000.00;254000.00;Virement bancaire
2862;ENS-0046;Novembre;2025;1175000.00;2440614.44;141000.00;1113000.00;Virement bancaire
2863;ENS-0047;Novembre;2025;229000.00;0.00;21000.00;208000.00;Virement bancaire
2864;ENS-0048;Novembre;2025;230000.00;0.00;39000.00;-191000.00;Virement bancaire
2865;ENS-0049;Novembre;2025;226000.00;0.00;39000.00;187000.00;Virement bancaire
2866;ENS-0050;Novembre;2025;302000.00;0.00;25000.00;277000.00;Virement bancaire
2867;ENS-0051;Novembre;2025;1177000.00;0.00;150000.00;-1027000.00;Virement bancaire
2868;ENS-0052;Novembre;2025;252000.00;0.00;34000.00;218000.00;Virement bancaire
2868;ENS-0052;Novembre;2025;252000.00;0.00;34000.00;218000.00;Virement bancaire
2869;ENS-0053;Novembre;2025;1150000.00;0.00;188000.00;962000.00;Virement bancaire
2870;ENS-0054;Novembre;2025;737000.00;0.00;91000.00;646000.00;Orange Money
2871;ENS-0055;Novembre;2025;817000.00;0.00;81000.00;-736000.00;Virement bancaire
2872;ENS-0056;Novembre;2025;1595000.00;175000.00;224000.00;1546000.00;Virement bancaire
2873;ENS-0057;Novembre;2025;777000.00;0.00;116000.00;661000.00;Virement bancaire
2874;ENS-0058;Novembre;2025;1140000.00;0.00;150000.00;990000.00;Espèces
2875;ENS-0059;Novembre;2025;223000.00;0.00;37000.00;186000.00;Virement bancaire
2876;ENS-0060;Novembre;2025;1532000.00;0.00;231000.00;1301000.00;Virement bancaire
2877;ENS-0061;Novembre;2025;288000.00;0.00;32000.00;256000.00;Virement bancaire
2878;ENS-0062;Novembre;2025;1392000.00;3646687.54;117000.00;1461000.00;Virement bancaire
2879;ENS-0063;Novembre;2025;303000.00;0.00;33000.00;270000.00;Wave
2880;ENS-0064;Novembre;2025;325000.00;0.00;58000.00;267000.00;Virement bancaire
2881;ENS-0065;Novembre;2025;488000.00;0.00;54000.00;434000.00;Virement bancaire
2882;ENS-0066;Novembre;2025;387000.00;0.00;60000.00;327000.00;Wave
2883;ENS-0067;Novembre;2025;1099000.00;109000.00;150000.00;1058000.00;Virement bancaire
2884;ENS-0068;Novembre;2025;1240000.00;0.00;165000.00;1075000.00;Virement bancaire
2885;ENS-0069;Novembre;2025;163000.00;0.00;29000.00;134000.00;Virement bancaire
2886;ENS-0070;Novembre;2025;979000.00;0.00;112000.00;867000.00;Orange Money
2887;ENS-0071;Novembre;2025;202000.00;0.00;24000.00;178000.00;Virement bancaire
2888;ENS-0072;Novembre;2025;1608000.00;4742018.54;267000.00;1553000.00;Virement bancaire
2889;ENS-0073;Novembre;2025;354000.00;0.00;63000.00;291000.00;Espèces
2890;ENS-0074;Novembre;2025;506000.00;0.00;79000.00;427000.00;Wave
2890;ENS-0074;Novembre;2025;506000.00;0.00;79000.00;427000.00;Wave
2891;ENS-0075;Novembre;2025;1794000.00;0.00;272000.00;1522000.00;Virement bancaire
2892;ENS-0076;Novembre;2025;1473000.00;0.00;140000.00;1333000.00;Wave
2893;ENS-0077;Novembre;2025;195000.00;0.00;34000.00;161000.00;Orange Money
2894;ENS-0078;Novembre;2025;1259000.00;0.00;125000.00;1134000.00;Virement bancaire
2895;ENS-0079;Novembre;2025;187000.00;0.00;32000.00;155000.00;Orange Money
2896;ENS-0080;Novembre;2025;201000.00;0.00;25000.00;176000.00;Virement bancaire
2897;ENS-0082;Novembre;2025;494000.00;1110031.89;45000.00;449000.00;Virement bancaire
2898;ENS-0083;Novembre;2025;988000.00;59000.00;95000.00;952000.00;Wave
2899;ENS-0084;Novembre;2025;188000.00;0.00;28000.00;160000.00;Virement bancaire
2900;ENS-0085;Novembre;2025;751000.00;74000.00;114000.00;711000.00;Orange Money
2901;ENS-0086;Novembre;2025;870000.00;88000.00;93000.00;865000.00;Espèces
2902;ENS-0087;Novembre;2025;978000.00;0.00;175000.00;803000.00;Virement bancaire
2903;ENS-0088;Novembre;2025;159000.00;0.00;22000.00;137000.00;bank transfer
2904;ENS-0089;Novembre;2025;1217000.00;100000.00;122000.00;1195000.00;Orange Money
2905;ENS-0090;Novembre;2025;1689000.00;183000.00;280000.00;1592000.00;Virement bancaire
2906;ENS-0091;Novembre;2025;181000.00;0.00;25000.00;156000.00;Virement bancaire
2907;ENS-0092;Novembre;2025;1118000.00;0.00;121000.00;-997000.00;Orange Money
2908;ENS-0093;Novembre;2025;529000.00;0.00;45000.00;484000.00;Virement bancaire
2909;ENS-0094;Novembre;2025;1184000.00;0.00;207000.00;977000.00;Virement bancaire
2910;ENS-0095;Novembre;2025;1754000.00;132000.00;172000.00;1714000.00;Virement bancaire
2911;ENS-0096;Novembre;2025;798000.00;101000.00;77000.00;822000.00;Orange Money
2912;ENS-0097;novembre;2025;187000.00;0.00;19000.00;168000.00;Wave
2913;ENS-0098;Novembre;2025;1182000.00;65000.00;106000.00;1141000.00;Virement bancaire
2914;ENS-0099;Novembre;2025;421000.00;0.00;71000.00;350000.00;Virement bancaire
2915;ENS-0100;Novembre;2025;1020000.00;94000.00;155000.00;959000.00;Virement bancaire
2916;ENS-0101;Novembre;2025;395000.00;0.00;54000.00;341000.00;Virement bancaire
2917;ENS-0102;Novembre;2025;100000.00;0.00;10000.00;90000.00;Virement bancaire
2918;ENS-0103;Novembre;2025;1153000.00;0.00;110000.00;1043000.00;Virement bancaire
2919;ENS-0104;Novembre;2025;699000.00;0.00;87000.00;612000.00;Virement bancaire
2920;ENS-0105;Novembre;2025;197000.00;0.00;22000.00;175000.00;Virement bancaire
2921;ENS-0106;Novembre;2025;1053000.00;0.00;117000.00;936000.00;Virement bancaire
2922;ENS-0107;Novembre;2025;714000.00;62000.00;95000.00;681000.00;Virement bancaire
2923;ENS-0108;Novembre;2025;998000.00;55000.00;172000.00;881000.00;Virement bancaire
2924;ENS-0109;11;2025;1739000.00;0.00;162000.00;1577000.00;Virement bancaire
2925;ENS-0110;Novembre;2025;266000.00;0.00;42000.00;224000.00;Virement bancaire
2926;ENS-0111;Novembre;2025;334000.00;0.00;54000.00;280000.00;Virement bancaire
2927;ENS-0112;Novembre;2025;1665000.00;0.00;151000.00;1514000.00;Virement bancaire
2928;ENS-0113;Novembre;2025;1041000.00;117000.00;162000.00;996000.00;Virement bancaire
2929;ENS-0114;Novembre;2025;1085000.00;3772865.32;137000.00;1049000.00;Orange Money
2930;ENS-0115;Novembre;2025;426000.00;0.00;48000.00;378000.00;Wave
2931;ENS-0116;Novembre;2025;1143000.00;0.00;147000.00;996000.00;Espèces
2932;ENS-0117;Novembre;2025;454000.00;0.00;57000.00;397000.00;Virement bancaire
2933;ENS-0118;Novembre;2025;498000.00;0.00;43000.00;455000.00;Orange Money
2934;ENS-0119;Novembre;2025;855000.00;67000.00;107000.00;815000.00;Wave
2935;ENS-0120;Novembre;2025;1123000.00;0.00;167000.00;956000.00;Virement bancaire
2936;ENS-0001;Décembre;2025;1153000.00;0.00;139000.00;1014000.00;OM
2937;ENS-0002;Décembre;2025;882000.00;0.00;158000.00;724000.00;Banque
2938;ENS-0003;Décembre;2025;1178000.00;0.00;163000.00;1015000.00;orange money
2939;ENS-0004;Décembre;2025;253000.00;0.00;42000.00;211000.00;Wave
2940;ENS-0005;Décembre;2025;171000.00;273630.61;14000.00;157000.00;Virement bancaire
2941;ENS-0006;Décembre;2025;221000.00;0.00;22000.00;199000.00;Orange Money
2942;ENS-0007;Décembre;2025;1268000.00;121000.00;214000.00;1175000.00;Virement bancaire
2943;ENS-0008;Décembre;2025;1227000.00;148000.00;150000.00;1225000.00;Virement bancaire
2944;ENS-0009;Décembre;2025;189000.00;0.00;18000.00;171000.00;Virement bancaire
2945;ENS-0010;Décembre;2025;1671000.00;0.00;183000.00;1488000.00;Orange Money
2946;ENS-0011;Décembre;2025;1850000.00;0.00;150000.00;1700000.00;Espèces
2947;ENS-0012;Décembre;2025;1877000.00;0.00;302000.00;1575000.00;Virement bancaire
2948;ENS-0013;Décembre;2025;1036000.00;0.00;91000.00;-945000.00;Virement bancaire
2949;ENS-0014;Décembre;2025;1072000.00;0.00;101000.00;971000.00;Orange Money
2949;ENS-0014;Décembre;2025;1072000.00;0.00;101000.00;971000.00;Orange Money
2950;ENS-0015;Décembre;2025;494000.00;0.00;66000.00;428000.00;Wave
2951;ENS-0016;Décembre;2025;1059000.00;0.00;175000.00;884000.00;Virement bancaire
2951;ENS-0016;Décembre;2025;1059000.00;0.00;175000.00;884000.00;Virement bancaire
2952;ENS-0017;Décembre;2025;1091000.00;3561633.32;128000.00;963000.00;Wave
2953;ENS-0018;Décembre;2025;533000.00;0.00;84000.00;449000.00;Orange Money
2954;ENS-0019;Déce.;2025;253000.00;0.00;25000.00;228000.00;Virement bancaire
2955;ENS-0020;Décembre;2025;553000.00;72000.00;52000.00;573000.00;Virement bancaire
2956;ENS-0022;décembre;2025;192000.00;0.00;25000.00;167000.00;Virement bancaire
2957;ENS-0023;Décembre;2025;834000.00;71000.00;130000.00;775000.00;Wave
2958;ENS-0024;Décembre;2025;721000.00;78000.00;93000.00;706000.00;Espèces
2959;ENS-0025;Décembre;2025;516000.00;29000.00;43000.00;502000.00;Orange Money
2960;ENS-0026;Décembre;2025;501000.00;0.00;90000.00;-411000.00;Virement bancaire
2961;ENS-0027;Décembre;2025;1183000.00;0.00;174000.00;1009000.00;Wave
2962;ENS-0028;Décembre;2025;982000.00;110000.00;117000.00;975000.00;Virement bancaire
2963;ENS-0029;Décembre;2025;289000.00;0.00;52000.00;237000.00;Virement bancaire
2964;ENS-0030;Décembre;2025;1774000.00;0.00;289000.00;1485000.00;Virement bancaire
2965;ENS-0031;Décembre;2025;713000.00;56000.00;64000.00;705000.00;Virement bancaire
2966;ENS-0032;Décembre;2025;381000.00;0.00;40000.00;341000.00;Virement bancaire
2967;ENS-0033;Décembre;2025;498000.00;0.00;79000.00;419000.00;Wave
2968;ENS-0034;Décembre;2025;1169000.00;0.00;131000.00;1038000.00;Virement bancaire
2969;ENS-0035;Décembre;2025;1750000.00;88000.00;285000.00;1553000.00;Orange Money
2970;ENS-0036;Décembre;2025;337000.00;0.00;29000.00;308000.00;Virement bancaire
2971;ENS-0038;Décembre;2025;116000.00;0.00;12000.00;104000.00;Virement bancaire
2972;ENS-0039;Décembre;2025;512000.00;48000.00;50000.00;510000.00;Virement bancaire
2973;ENS-0040;Décembre;2025;622000.00;85000.00;107000.00;600000.00;Virement bancaire
2974;ENS-0041;Décembre;2025;1078000.00;0.00;95000.00;983000.00;Virement bancaire
2975;ENS-0042;Décembre;2025;1673000.00;0.00;251000.00;1422000.00;Virement bancaire
2976;ENS-0043;Décembre;2025;238000.00;0.00;26000.00;212000.00;Virement bancaire
2977;ENS-0044;Décembre;2025;139000.00;0.00;12000.00;127000.00;Virement bancaire
2978;ENS-0045;Décembre;2025;431000.00;0.00;74000.00;357000.00;Virement bancaire
2979;ENS-0046;Décembre;2025;1175000.00;135000.00;99000.00;1211000.00;Virement bancaire
2980;ENS-0047;Décembre;2025;317000.00;0.00;49000.00;268000.00;Virement bancaire
2981;ENS-0048;Décembre;2025;150000.00;0.00;18000.00;132000.00;Virement bancaire
2982;ENS-0049;Décembre;2025;142000.00;0.00;13000.00;129000.00;Virement bancaire
2983;ENS-0050;Décembre;2025;466000.00;0.00;52000.00;414000.00;Virement bancaire
2984;ENS-0051;Décembre;2025;1177000.00;0.00;208000.00;969000.00;Virement bancaire
2985;ENS-0052;Décembre;2025;252000.00;0.00;23000.00;229000.00;Virement bancaire
2986;ENS-0053;Décembre;2025;1150000.00;150000.00;146000.00;1154000.00;Virement bancaire
2987;ENS-0054;Décembre;2025;737000.00;92000.00;62000.00;767000.00;Espèces
2988;ENS-0055;Décembre;2025;817000.00;0.00;109000.00;708000.00;Virement bancaire
2989;ENS-0056;Décembre;2025;1595000.00;0.00;277000.00;-1318000.00;Virement bancaire
2990;ENS-0057;Décembre;2025;777000.00;109000.00;66000.00;820000.00;Virement bancaire
2991;ENS-0058;Décembre;2025;1140000.00;0.00;131000.00;1009000.00;Espèces
2992;ENS-0059;Décembre;2025;224000.00;0.00;39000.00;185000.00;Virement bancaire
2993;ENS-0060;Décembre;2025;1532000.00;0.00;225000.00;1307000.00;Virement bancaire
2994;ENS-0061;Décembre;2025;162000.00;0.00;23000.00;139000.00;Virement bancaire
2995;ENS-0062;Décembre;2025;1392000.00;178000.00;162000.00;1408000.00;Virement bancaire
2996;ENS-0063;Décembre;2025;237000.00;0.00;25000.00;212000.00;Wave
2997;ENS-0064;Décembre;2025;219000.00;0.00;27000.00;192000.00;Virement bancaire
2998;ENS-0065;Décembre;2025;488000.00;0.00;62000.00;426000.00;Virement bancaire
2999;ENS-0066;Décembre;2025;423000.00;0.00;65000.00;358000.00;Wave
3000;ENS-0067;Décembre;2025;1099000.00;0.00;120000.00;979000.00;Virement bancaire
3001;ENS-0068;Décembre;2025;1240000.00;0.00;159000.00;1081000.00;Virement bancaire
3002;ENS-0069;12;2025;222000.00;0.00;36000.00;186000.00;Virement bancaire
3003;ENS-0070;Décembre;2025;979000.00;0.00;163000.00;816000.00;Orange Money
3004;ENS-0071;Décembre;2025;125000.00;0.00;16000.00;109000.00;Espèces
3005;ENS-0072;Décembre;2025;1608000.00;238000.00;139000.00;1707000.00;Virement bancaire
3006;ENS-0073;Décembre;2025;329000.00;0.00;48000.00;281000.00;Wave
3007;ENS-0074;Décembre;2025;506000.00;0.00;70000.00;436000.00;Wave
3008;ENS-0075;Décembre;2025;1794000.00;0.00;224000.00;1570000.00;Virement bancaire
3009;ENS-0076;Décembre;2025;1473000.00;156000.00;206000.00;1423000.00;Orange Money
3010;ENS-0077;Décembre;2025;148000.00;0.00;12000.00;136000.00;Orange Money
3011;ENS-0078;Décembre;2025;1259000.00;4553766.50;102000.00;1157000.00;Virement bancaire
3012;ENS-0079;Décembre;2025;231000.00;0.00;28000.00;203000.00;Orange Money
3013;ENS-0080;Décembre;2025;221000.00;0.00;36000.00;185000.00;Virement bancaire
3014;ENS-0082;Décembre;2025;494000.00;0.00;78000.00;416000.00;Virement bancaire
3015;ENS-0083;Décembre;2025;988000.00;64000.00;83000.00;969000.00;Wave
3016;ENS-0084;Décembre;2025;193000.00;0.00;19000.00;174000.00;Virement bancaire
3017;ENS-0085;Décembre;2025;751000.00;45000.00;83000.00;713000.00;Virement bancaire
3018;ENS-0086;Décembre;2025;870000.00;0.00;155000.00;715000.00;Espèces
3019;ENS-0087;Décembre;2025;978000.00;0.00;160000.00;818000.00;Virement bancaire
3020;ENS-0088;Décembre;2025;186000.00;0.00;21000.00;165000.00;Virement bancaire
3020;ENS-0088;Décembre;2025;186000.00;0.00;21000.00;165000.00;Virement bancaire
3021;ENS-0089;Décembre;2025;1217000.00;116000.00;170000.00;1163000.00;Orange Money
3022;ENS-0090;Decembre;2025;1689000.00;0.00;172000.00;1517000.00;Virement bancaire
3023;ENS-0091;Décembre;2025;241000.00;0.00;38000.00;203000.00;Virement bancaire
3024;ENS-0092;Décembre;2025;1118000.00;0.00;139000.00;979000.00;Espèces
3025;ENS-0093;Décembre;2025;529000.00;63000.00;83000.00;509000.00;Virement bancaire
3026;ENS-0094;Décembre;2025;1184000.00;153000.00;207000.00;1130000.00;Virement bancaire
3027;ENS-0095;Décembre;2025;1754000.00;0.00;228000.00;1526000.00;Virement bancaire
3028;ENS-0096;Décembre;2025;798000.00;0.00;79000.00;719000.00;Orange Money
3029;ENS-0097;Décembre;2025;131000.00;0.00;21000.00;-110000.00;Wave
3030;ENS-0098;Décembre;2025;1182000.00;0.00;131000.00;1051000.00;Virement bancaire
3031;ENS-0099;Décembre;2025;293000.00;0.00;52000.00;241000.00;Virement bancaire
3032;ENS-0100;Decembre;2025;1020000.00;0.00;132000.00;888000.00;Virement bancaire
3033;ENS-0101;Décembre;2025;430000.00;0.00;58000.00;372000.00;Virement bancaire
3034;ENS-0102;Décembre;2025;172000.00;0.00;17000.00;155000.00;Virement bancaire
3035;ENS-0103;Décembre;2025;1153000.00;0.00;134000.00;1019000.00;Virement bancaire
3036;ENS-0104;Décembre;2025;699000.00;0.00;99000.00;600000.00;Virement bancaire
3037;ENS-0105;Décembre;2025;135000.00;0.00;18000.00;117000.00;Virement bancaire
3038;ENS-0106;Décembre;2025;1053000.00;0.00;89000.00;964000.00;Virement bancaire
3039;ENS-0107;Décembre;2025;714000.00;59000.00;115000.00;658000.00;Virement bancaire
3040;ENS-0108;décembre;2025;998000.00;0.00;99000.00;899000.00;Virement bancaire
3041;ENS-0109;Décembre;2025;1739000.00;0.00;202000.00;1537000.00;Virement bancaire
3042;ENS-0110;Décembre;2025;255000.00;0.00;37000.00;218000.00;Virement bancaire
3043;ENS-0111;Décembre;2025;233000.00;0.00;26000.00;207000.00;Virement bancaire
3044;ENS-0112;DÉCEMBRE;2025;1665000.00;0.00;289000.00;1376000.00;Espèces
3045;ENS-0113;Décembre;2025;1041000.00;0.00;95000.00;946000.00;Virement bancaire
3046;ENS-0114;Décembre;2025;1085000.00;0.00;157000.00;-928000.00;Orange Money
3047;ENS-0115;Décembre;2025;255000.00;0.00;31000.00;224000.00;Wave
3048;ENS-0116;Décembre;2025;1143000.00;0.00;106000.00;1037000.00;Espèces
3049;ENS-0117;Décembre;2025;390000.00;0.00;34000.00;356000.00;Virement bancaire
3050;ENS-0118;Décembre;2025;498000.00;0.00;81000.00;417000.00;Orange Money
3050;ENS-0118;Décembre;2025;498000.00;0.00;81000.00;417000.00;Orange Money
3051;ENS-0119;Décembre;2025;855000.00;0.00;142000.00;713000.00;Virement
3052;ENS-0120;Décembre;2025;1123000.00;116000.00;169000.00;1070000.00;Virement bancaire
3053;ENS-0001;Janvier;2026;1188000.00;94000.00;174000.00;-1108000.00;Orange Money
3054;ENS-0002;Janvier;2026;908000.00;0.00;132000.00;776000.00;Virement bancaire
3055;ENS-0003;Janvier;2026;1213000.00;0.00;215000.00;998000.00;Orange Money
3056;ENS-0004;janvier;2026;254000.00;0.00;43000.00;211000.00;Virement bancaire
3057;ENS-0005;Janvier;2026;147000.00;0.00;13000.00;134000.00;Virement bancaire
3058;ENS-0006;Janvier;2026;279000.00;0.00;41000.00;238000.00;Orange Money
3059;ENS-0007;Janvier;2026;1306000.00;144000.00;166000.00;1284000.00;Virement bancaire
3060;ENS-0008;Janvier;2026;1264000.00;0.00;138000.00;1126000.00;Virement bancaire
3061;ENS-0009;Janvier;2026;184000.00;0.00;21000.00;163000.00;Virement bancaire
3062;ENS-0010;Janvier;2026;1721000.00;0.00;221000.00;-1500000.00;Orange Money
3063;ENS-0011;Janvier;2026;1906000.00;0.00;318000.00;1588000.00;Espèces
3064;ENS-0012;Janvier;2026;1933000.00;167000.00;325000.00;1775000.00;Virement bancaire
3065;ENS-0013;Janvier;2026;1068000.00;149000.00;90000.00;1127000.00;Virement bancaire
3066;ENS-0014;Janvier;2026;1104000.00;0.00;134000.00;-970000.00;Orange Money
3067;ENS-0015;Janvier;2026;509000.00;0.00;47000.00;462000.00;Wave
3068;ENS-0016;Janvier;2026;1091000.00;0.00;162000.00;929000.00;Virement bancaire
3069;ENS-0017;Janvier;2026;1123000.00;131000.00;98000.00;1156000.00;Wave
3070;ENS-0018;Janvier;2026;549000.00;32000.00;51000.00;530000.00;Orange Money
3071;ENS-0019;Janvier;2026;234000.00;0.00;38000.00;196000.00;Virement bancaire
3072;ENS-0020;Janvier;2026;569000.00;0.00;65000.00;504000.00;Virement bancaire
3073;ENS-0022;Janvier;2026;155000.00;0.00;17000.00;138000.00;Virement bancaire
3074;ENS-0023;Janvier;2026;859000.00;0.00;142000.00;717000.00;Virement bancaire
3075;ENS-0024;Janvier;2026;743000.00;0.00;77000.00;666000.00;Espèces
3076;ENS-0025;Janvier;2026;531000.00;66000.00;72000.00;525000.00;Orange Money
3077;ENS-0026;Janvier;2026;516000.00;0.00;59000.00;457000.00;Virement bancaire
3078;ENS-0027;Janvier;2026;1218000.00;0.00;123000.00;1095000.00;Wave
3079;ENS-0028;Janvier;2026;1012000.00;0.00;134000.00;878000.00;Virement bancaire
3080;ENS-0029;Janvier;2026;467000.00;0.00;74000.00;393000.00;Virement bancaire
3081;ENS-0030;Janvier;2026;1827000.00;0.00;194000.00;1633000.00;Virement bancaire
3082;ENS-0031;Janvier;2026;734000.00;0.00;84000.00;650000.00;Virement bancaire
3083;ENS-0032;Janvier;2026;200000.00;0.00;23000.00;177000.00;Virement bancaire
3084;ENS-0033;Janvier;2026;512000.00;44000.00;60000.00;496000.00;Virement bancaire
3085;ENS-0034;Janvier;2026;1204000.00;0.00;108000.00;1096000.00;Virement bancaire
3086;ENS-0035;Janvier;2026;1803000.00;228000.00;186000.00;1845000.00;Orange Money
3087;ENS-0036;janvier;2026;184000.00;0.00;25000.00;-159000.00;Virement bancaire
3088;ENS-0038;Janvier;2026;141000.00;0.00;15000.00;126000.00;Virement bancaire
3089;ENS-0039;Janvier;2026;528000.00;37000.00;61000.00;504000.00;Virement bancaire
3090;ENS-0040;Janvier;2026;640000.00;62000.00;80000.00;622000.00;Wave
3091;ENS-0041;Janvier;2026;1110000.00;0.00;163000.00;947000.00;Virement bancaire
3092;ENS-0042;Janvier;2026;1723000.00;0.00;168000.00;1555000.00;Virement bancaire
3093;ENS-0043;Janvier;2026;221000.00;0.00;38000.00;183000.00;Virement bancaire
3094;ENS-0044;Janvier;2026;192000.00;0.00;34000.00;158000.00;Virement bancaire
3095;ENS-0045;Janvier;2026;407000.00;0.00;61000.00;346000.00;Virement bancaire
3096;ENS-0046;Janvier;2026;1211000.00;0.00;128000.00;1083000.00;Virement bancaire
3097;ENS-0047;Janvier;2026;243000.00;0.00;25000.00;218000.00;Virement bancaire
3098;ENS-0048;Janvier;2026;174000.00;0.00;22000.00;152000.00;Virement bancaire
3099;ENS-0049;Janvier;2026;179000.00;0.00;31000.00;148000.00;Virement bancaire
3100;ENS-0050;Janvier;2026;258000.00;0.00;21000.00;237000.00;Virement bancaire
3101;ENS-0051;Janvier;2026;1212000.00;0.00;126000.00;1086000.00;Virement bancaire
3102;ENS-0052;Janvier;2026;254000.00;0.00;25000.00;229000.00;Virement bancaire
3103;ENS-0053;Janvier;2026;1185000.00;0.00;128000.00;1057000.00;Virement bancaire
3104;ENS-0054;Janvier;2026;759000.00;0.00;71000.00;688000.00;Espèces
3105;ENS-0055;Janvier;2026;841000.00;0.00;135000.00;706000.00;Virement bancaire
3106;ENS-0056;Janvier;2026;1642000.00;0.00;136000.00;1506000.00;Virement bancaire
3107;ENS-0057;Janvier;2026;800000.00;0.00;79000.00;721000.00;Virement bancaire
3108;ENS-0058;Janvier;2026;1175000.00;151000.00;185000.00;1141000.00;Espèces
3109;ENS-0059;Janvier;2026;209000.00;0.00;17000.00;192000.00;Virement bancaire
3110;ENS-0060;Janvier;2026;1578000.00;0.00;177000.00;1401000.00;Virement bancaire
3111;ENS-0061;Janvier;2026;273000.00;0.00;33000.00;240000.00;Virement bancaire
3112;ENS-0062;Janvier;2026;1434000.00;0.00;243000.00;1191000.00;Virement bancaire
3113;ENS-0063;Janvier;2026;284000.00;0.00;40000.00;244000.00;Wave
3113;ENS-0063;Janvier;2026;284000.00;0.00;40000.00;244000.00;Wave
3114;ENS-0064;Janvier;2026;303000.00;0.00;31000.00;272000.00;Virement bancaire
3115;ENS-0065;Janvier;2026;503000.00;0.00;51000.00;452000.00;Virement bancaire
3115;ENS-0065;Janvier;2026;503000.00;0.00;51000.00;452000.00;Virement bancaire
3116;ENS-0066;Janvier;2026;380000.00;0.00;47000.00;333000.00;Wave
3117;ENS-0067;Janvier;2026;1132000.00;137000.00;196000.00;1073000.00;Virement bancaire
3118;ENS-0068;Janvier;2026;1277000.00;3401074.89;167000.00;1189000.00;Virement bancaire
3119;ENS-0069;Janvier;2026;217000.00;0.00;31000.00;186000.00;Virement bancaire
3120;ENS-0070;Janvier;2026;1009000.00;0.00;112000.00;897000.00;Orange Money
3121;ENS-0071;Janvier;2026;125000.00;0.00;16000.00;109000.00;Virement bancaire
3122;ENS-0072;Janvier;2026;1657000.00;0.00;237000.00;1420000.00;Virement bancaire
3123;ENS-0073;Janvier;2026;330000.00;0.00;40000.00;290000.00;Espèces
3124;ENS-0074;Janvier;2026;521000.00;0.00;60000.00;461000.00;Wave
3125;ENS-0075;Janvier;2026;1848000.00;0.00;209000.00;1639000.00;Virement bancaire
3126;ENS-0076;Janvier;2026;1517000.00;101000.00;233000.00;1385000.00;Wave
3127;ENS-0077;Janvier;2026;142000.00;0.00;15000.00;127000.00;Orange Money
3128;ENS-0078;Janvier;2026;1297000.00;0.00;198000.00;1099000.00;Virement bancaire
3129;ENS-0079;Janvier;2026;284000.00;0.00;49000.00;235000.00;Wave
3130;ENS-0080;Janvier;2026;279000.00;0.00;33000.00;246000.00;Virement bancaire
3131;ENS-0082;Janvier;2026;509000.00;71000.00;68000.00;512000.00;Virement bancaire
3132;ENS-0083;Janvier;2026;1017000.00;0.00;154000.00;863000.00;Wave
3133;ENS-0084;Janvier;2026;225000.00;0.00;24000.00;201000.00;Virement bancaire
3134;ENS-0085;Janvier;2026;774000.00;84000.00;111000.00;747000.00;Virement bancaire
3135;ENS-0086;Janvier;2026;896000.00;0.00;121000.00;775000.00;Espèces
3136;ENS-0087;Janvier;2026;1007000.00;132000.00;112000.00;1027000.00;Virement bancaire
3137;ENS-0088;Janvier;2026;219000.00;0.00;19000.00;200000.00;OM
3138;ENS-0089;Janvier;2026;1253000.00;177000.00;140000.00;1290000.00;Orange Money
3139;ENS-0090;Janvier;2026;1740000.00;0.00;205000.00;1535000.00;Virement bancaire
3140;ENS-0091;Janvier;2026;298000.00;0.00;46000.00;252000.00;Virement bancaire
3141;ENS-0092;Janvier;2026;1152000.00;113000.00;100000.00;1165000.00;Espèces
3142;ENS-0093;Janvier;2026;545000.00;0.00;59000.00;486000.00;Virement bancaire
3142;ENS-0093;Janvier;2026;545000.00;0.00;59000.00;486000.00;Virement bancaire
3143;ENS-0094;Janvier;2026;1219000.00;76000.00;144000.00;1151000.00;Virement bancaire
3144;ENS-0095;Janvier;2026;1806000.00;96000.00;321000.00;1581000.00;Virement bancaire
3145;ENS-0096;Janvier;2026;822000.00;0.00;144000.00;678000.00;Orange Money
3146;ENS-0097;Janvier;2026;161000.00;0.00;15000.00;146000.00;Wave
3147;ENS-0098;Janvier;2026;1217000.00;0.00;193000.00;1024000.00;Orange Money
3148;ENS-0099;Janvier;2026;307000.00;0.00;50000.00;257000.00;Virement bancaire
3149;ENS-0100;Janvier;2026;1050000.00;0.00;123000.00;927000.00;Virement bancaire
3150;ENS-0101;Janvier;2026;452000.00;0.00;53000.00;399000.00;Virement bancaire
3150;ENS-0101;Janvier;2026;452000.00;0.00;53000.00;399000.00;Virement bancaire
3151;ENS-0102;Janvier;2026;125000.00;0.00;14000.00;111000.00;Virement bancaire
3152;ENS-0103;Janvier;2026;1188000.00;0.00;113000.00;1075000.00;Virement bancaire
3153;ENS-0104;Janvier;2026;720000.00;95000.00;97000.00;718000.00;Virement bancaire
3154;ENS-0105;Janvier;2026;185000.00;0.00;17000.00;168000.00;Virement bancaire
3155;ENS-0106;Janvier;2026;1085000.00;0.00;184000.00;901000.00;Virement bancaire
3156;ENS-0107;Janvier;2026;735000.00;38000.00;85000.00;688000.00;Virement bancaire
3157;ENS-0108;Janvier;2026;1028000.00;79000.00;93000.00;1014000.00;Virement bancaire
3158;ENS-0109;Janvier;2026;1791000.00;0.00;158000.00;1633000.00;Virement bancaire
3159;ENS-0110;Janvier;2026;401000.00;0.00;72000.00;329000.00;Virement bancaire
3160;ENS-0111;Janvier;2026;205000.00;0.00;24000.00;181000.00;Virement bancaire
3161;ENS-0112;Janvier;2026;1714000.00;0.00;204000.00;1510000.00;Virement bancaire
3162;ENS-0113;Janvier;2026;1072000.00;0.00;171000.00;901000.00;Virement bancaire
3163;ENS-0114;Janvier;2026;1118000.00;70000.00;151000.00;1037000.00;Orange Money
3164;ENS-0115;Janvier;2026;271000.00;0.00;29000.00;242000.00;Wave
3165;ENS-0116;Janvier;2026;1177000.00;0.00;124000.00;1053000.00;Espèces
3166;ENS-0117;Janvier;2026;405000.00;0.00;66000.00;339000.00;Virement bancaire
3167;ENS-0118;Janvier;2026;512000.00;1511997.12;71000.00;501000.00;orange money
3168;ENS-0119;Janvier;2026;881000.00;0.00;114000.00;767000.00;Virement bancaire
3169;ENS-0120;Janvier;2026;1157000.00;128000.00;135000.00;1150000.00;Virement bancaire
3170;ENS-0001;Février;2026;1188000.00;0.00;183000.00;1005000.00;Orange Money
3170;ENS-0001;Février;2026;1188000.00;0.00;183000.00;1005000.00;Orange Money
3171;ENS-0002;Février;2026;908000.00;0.00;94000.00;814000.00;Virement bancaire
3172;ENS-0003;Février;2026;1213000.00;154000.00;197000.00;1170000.00;Orange Money
3173;ENS-0004;Février;2026;176000.00;0.00;25000.00;151000.00;Virement bancaire
3174;ENS-0005;Février;2026;109000.00;0.00;17000.00;92000.00;Virement bancaire
3175;ENS-0006;Février;2026;150000.00;0.00;24000.00;-126000.00;Orange Money
3176;ENS-0007;Février;2026;1306000.00;0.00;131000.00;1175000.00;Virement bancaire
3177;ENS-0008;Février;2026;1264000.00;154000.00;121000.00;1297000.00;Virement bancaire
3178;ENS-0009;Février;2026;262000.00;0.00;24000.00;238000.00;Virement bancaire
3179;ENS-0010;Février;2026;1721000.00;0.00;152000.00;1569000.00;Orange Money
3180;ENS-0011;Février;2026;1906000.00;206000.00;198000.00;1914000.00;Espèces
3181;ENS-0012;Février;2026;1933000.00;263000.00;283000.00;1913000.00;Virement bancaire
3182;ENS-0013;Février;2026;1068000.00;0.00;176000.00;892000.00;Virement bancaire
3183;ENS-0014;Févr.;2026;1104000.00;94000.00;132000.00;1066000.00;Orange Money
3184;ENS-0015;Février;2026;509000.00;48000.00;45000.00;512000.00;Wave
3185;ENS-0016;Février;2026;1091000.00;75000.00;102000.00;1064000.00;Virement bancaire
3186;ENS-0017;Février;2026;1123000.00;0.00;131000.00;992000.00;Wave
3187;ENS-0018;Février;2026;549000.00;30000.00;52000.00;527000.00;Espèces
3188;ENS-0019;Février;2026;326000.00;0.00;28000.00;298000.00;Virement bancaire
3189;ENS-0020;Février;2026;569000.00;80000.00;81000.00;568000.00;Banque
3190;ENS-0022;Février;2026;96000.00;0.00;15000.00;81000.00;Virement bancaire
3191;ENS-0023;Février;2026;859000.00;0.00;129000.00;730000.00;Virement bancaire
3191;ENS-0023;Février;2026;859000.00;0.00;129000.00;730000.00;Virement bancaire
3192;ENS-0024;Février;2026;743000.00;0.00;97000.00;646000.00;Espèces
3193;ENS-0025;Février;2026;531000.00;0.00;84000.00;447000.00;Orange Money
3194;ENS-0026;Février;2026;516000.00;0.00;78000.00;438000.00;Virement bancaire
3195;ENS-0027;Février;2026;1218000.00;87000.00;109000.00;1196000.00;Wave
3196;ENS-0028;Fevrier;2026;1012000.00;105000.00;144000.00;-973000.00;Virement bancaire
3197;ENS-0029;Février;2026;243000.00;0.00;33000.00;210000.00;Virement bancaire
3198;ENS-0030;Février;2026;1827000.00;126000.00;296000.00;1657000.00;Espèces
3199;ENS-0031;Février;2026;734000.00;65000.00;116000.00;683000.00;Virement bancaire
3200;ENS-0032;Février;2026;252000.00;0.00;21000.00;231000.00;Virement bancaire
3201;ENS-0033;Février;2026;512000.00;0.00;78000.00;434000.00;Wave
3201;ENS-0033;Février;2026;512000.00;0.00;78000.00;434000.00;Wave
3202;ENS-0034;Février;2026;1204000.00;0.00;187000.00;1017000.00;Virement bancaire
3203;ENS-0035;Février;2026;1803000.00;0.00;213000.00;1590000.00;Orange Money
3204;ENS-0036;Février;2026;199000.00;655577.52;19000.00;180000.00;Virement bancaire
3205;ENS-0038;Février;2026;273000.00;0.00;49000.00;224000.00;Virement
3206;ENS-0039;Février;2026;528000.00;0.00;59000.00;469000.00;Virement bancaire
3207;ENS-0040;Février;2026;640000.00;0.00;98000.00;542000.00;Virement bancaire
3208;ENS-0041;Février;2026;1110000.00;139000.00;164000.00;1085000.00;Virement bancaire
3209;ENS-0042;Février;2026;1723000.00;0.00;246000.00;1477000.00;Virement bancaire
3210;ENS-0043;Février;2026;283000.00;0.00;46000.00;237000.00;Virement bancaire
3211;ENS-0044;Février;2026;339000.00;0.00;42000.00;297000.00;Virement bancaire
3212;ENS-0045;Février;2026;249000.00;0.00;41000.00;208000.00;Virement bancaire
3213;ENS-0046;Février;2026;1211000.00;0.00;118000.00;1093000.00;Virement bancaire
3214;ENS-0047;Février;2026;340000.00;0.00;56000.00;284000.00;Virement bancaire
3215;ENS-0048;Février;2026;146000.00;0.00;21000.00;125000.00;Virement bancaire
3216;ENS-0049;Février;2026;207000.00;0.00;35000.00;172000.00;Virement bancaire
3217;ENS-0050;Février;2026;211000.00;0.00;38000.00;173000.00;Virement bancaire
3218;ENS-0051;Février;2026;1212000.00;0.00;208000.00;1004000.00;Virement bancaire
3219;ENS-0052;Février;2026;161000.00;324345.74;16000.00;145000.00;Virement bancaire
3220;ENS-0053;Février;2026;1185000.00;0.00;162000.00;1023000.00;Virement bancaire
3221;ENS-0054;Février;2026;759000.00;45000.00;111000.00;-693000.00;Espèces
3222;ENS-0055;Février;2026;841000.00;0.00;140000.00;701000.00;Virement bancaire
3223;ENS-0056;Février;2026;1642000.00;0.00;292000.00;1350000.00;Virement bancaire
3224;ENS-0057;Février;2026;800000.00;0.00;118000.00;682000.00;Virement bancaire
3225;ENS-0058;Février;2026;1175000.00;0.00;119000.00;1056000.00;Espèces
3226;ENS-0059;Février;2026;256000.00;0.00;41000.00;215000.00;Virement bancaire
3227;ENS-0060;Février;2026;1578000.00;0.00;152000.00;1426000.00;Espèces
3228;ENS-0061;Février;2026;198000.00;0.00;34000.00;164000.00;Virement bancaire
3229;ENS-0062;Février;2026;1434000.00;139000.00;244000.00;1329000.00;Virement bancaire
3230;ENS-0063;Février;2026;264000.00;0.00;28000.00;236000.00;Wave
3231;ENS-0064;Février;2026;231000.00;0.00;27000.00;204000.00;Virement bancaire
3232;ENS-0065;Février;2026;503000.00;63000.00;70000.00;496000.00;Virement bancaire
3233;ENS-0066;Février;2026;456000.00;0.00;41000.00;415000.00;Orange Money
3234;ENS-0067;FÉVRIER;2026;1132000.00;0.00;158000.00;974000.00;Virement bancaire
3235;ENS-0068;Février;2026;1277000.00;66000.00;218000.00;1125000.00;Virement bancaire
3236;ENS-0069;Février;2026;248000.00;0.00;44000.00;204000.00;Orange Money
3237;ENS-0070;Février;2026;1009000.00;0.00;115000.00;894000.00;Orange Money
3238;ENS-0071;Février;2026;200000.00;0.00;30000.00;170000.00;Virement bancaire
3239;ENS-0072;Février;2026;1657000.00;0.00;246000.00;1411000.00;Virement bancaire
3240;ENS-0073;Février;2026;313000.00;0.00;46000.00;267000.00;Espèces
3241;ENS-0074;Février;2026;521000.00;0.00;76000.00;445000.00;Wave
3242;ENS-0075;Février;2026;1848000.00;189000.00;281000.00;1756000.00;Virement bancaire
3243;ENS-0076;Février;2026;1517000.00;161000.00;188000.00;1490000.00;Wave
3244;ENS-0077;Février;2026;181000.00;0.00;32000.00;149000.00;Orange Money
3245;ENS-0078;Février;2026;1297000.00;0.00;203000.00;1094000.00;Virement bancaire
3246;ENS-0079;Février;2026;298000.00;0.00;45000.00;253000.00;Orange Money
3247;ENS-0080;Février;2026;356000.00;0.00;30000.00;326000.00;Virement bancaire
3248;ENS-0082;Février;2026;509000.00;57000.00;73000.00;493000.00;Virement bancaire
3249;ENS-0083;Février;2026;1017000.00;0.00;151000.00;866000.00;Wave
3250;ENS-0084;Février;2026;105000.00;0.00;12000.00;93000.00;Virement bancaire
3251;ENS-0085;Février;2026;774000.00;93000.00;87000.00;780000.00;Virement bancaire
3252;ENS-0086;Février;2026;896000.00;0.00;151000.00;745000.00;Espèces
3253;ENS-0087;Février;2026;1007000.00;0.00;143000.00;864000.00;Virement bancaire
3254;ENS-0088;Février;2026;225000.00;0.00;25000.00;200000.00;Virement bancaire
3255;ENS-0089;Février;2026;1253000.00;0.00;106000.00;1147000.00;Orange Money
3256;ENS-0090;Février;2026;1740000.00;134000.00;147000.00;1727000.00;Virement bancaire
3257;ENS-0091;Février;2026;141000.00;0.00;17000.00;124000.00;Virement bancaire
3258;ENS-0092;Février;2026;1152000.00;70000.00;100000.00;1122000.00;Espèces
3259;ENS-0093;Février;2026;545000.00;0.00;69000.00;476000.00;Virement bancaire
3260;ENS-0094;Février;2026;1219000.00;0.00;166000.00;1053000.00;Virement bancaire
3261;ENS-0095;Février;2026;1806000.00;241000.00;162000.00;1885000.00;Virement bancaire
3262;ENS-0096;Février;2026;822000.00;3005475.87;96000.00;726000.00;Orange Money
3263;ENS-0097;Février;2026;131000.00;0.00;23000.00;108000.00;Wave
3263;ENS-0097;Février;2026;131000.00;0.00;23000.00;108000.00;Wave
3264;ENS-0098;Février;2026;1217000.00;0.00;113000.00;1104000.00;Virement bancaire
3265;ENS-0099;Février;2026;414000.00;0.00;54000.00;360000.00;Virement bancaire
3266;ENS-0100;Février;2026;1050000.00;0.00;93000.00;957000.00;Virement bancaire
3267;ENS-0101;Février;2026;344000.00;0.00;47000.00;297000.00;Virement bancaire
3267;ENS-0101;Février;2026;344000.00;0.00;47000.00;297000.00;Virement bancaire
3268;ENS-0102;Février;2026;142000.00;0.00;12000.00;130000.00;Virement bancaire
3269;ENS-0103;Février;2026;1188000.00;0.00;163000.00;1025000.00;Virement bancaire
3270;ENS-0104;Février;2026;720000.00;43000.00;111000.00;652000.00;Virement bancaire
3271;ENS-0105;Février;2026;210000.00;0.00;29000.00;181000.00;Virement bancaire
3272;ENS-0106;Février;2026;1085000.00;0.00;89000.00;996000.00;Virement bancaire
3273;ENS-0107;Février;2026;735000.00;0.00;131000.00;604000.00;Virement bancaire
3274;ENS-0108;Février;2026;1028000.00;0.00;145000.00;883000.00;Virement bancaire
3275;ENS-0109;Février;2026;1791000.00;0.00;239000.00;1552000.00;Virement bancaire
3276;ENS-0110;Février;2026;265000.00;0.00;48000.00;217000.00;Virement bancaire
3277;ENS-0111;Février;2026;306000.00;0.00;52000.00;254000.00;Virement bancaire
3278;ENS-0112;Février;2026;1714000.00;0.00;200000.00;1514000.00;Virement bancaire
3279;ENS-0113;Février;2026;1072000.00;69000.00;160000.00;981000.00;Virement bancaire
3280;ENS-0114;Février;2026;1118000.00;86000.00;192000.00;1012000.00;Orange Money
3281;ENS-0115;Février;2026;391000.00;0.00;37000.00;354000.00;Wave
3282;ENS-0116;Février;2026;1177000.00;98000.00;101000.00;1174000.00;Espèces
3282;ENS-0116;Février;2026;1177000.00;98000.00;101000.00;1174000.00;Espèces
3283;ENS-0117;Février;2026;427000.00;0.00;52000.00;375000.00;Wave
3284;ENS-0118;Février;2026;512000.00;41000.00;53000.00;500000.00;Orange Money
3285;ENS-0119;Février;2026;881000.00;0.00;153000.00;728000.00;Virement bancaire
3286;ENS-0120;Février;2026;1157000.00;0.00;105000.00;1052000.00;Virement bancaire
3287;ENS-0001;Mars;2026;1188000.00;0.00;183000.00;-1005000.00;Orange Money
3288;ENS-0002;Mars;2026;908000.00;50000.00;95000.00;863000.00;Virement bancaire
3289;ENS-0003;Mars;2026;1213000.00;0.00;151000.00;1062000.00;Orange Money
3290;ENS-0004;Mars;2026;187000.00;0.00;20000.00;167000.00;Virement bancaire
3291;ENS-0005;Mars;2026;187000.00;0.00;18000.00;169000.00;Virement bancaire
3292;ENS-0006;Mars;2026;142000.00;0.00;17000.00;125000.00;Orange Money
3293;ENS-0007;Mars;2026;1306000.00;0.00;219000.00;1087000.00;Virement bancaire
3294;ENS-0008;Mars;2026;1264000.00;0.00;219000.00;1045000.00;Virement bancaire
3295;ENS-0009;Mars;2026;265000.00;0.00;25000.00;240000.00;Virement bancaire
3296;ENS-0010;Mars;2026;1721000.00;192000.00;260000.00;1653000.00;Orange Money
3297;ENS-0011;Mars;2026;1906000.00;0.00;295000.00;1611000.00;Espèces
3298;ENS-0012;Mars;2026;1933000.00;0.00;210000.00;1723000.00;Virement bancaire
3299;ENS-0013;Mars;2026;1068000.00;0.00;98000.00;970000.00;Virement bancaire
3300;ENS-0014;Mars;2026;1104000.00;0.00;149000.00;955000.00;Orange Money
3301;ENS-0015;Mars;2026;509000.00;0.00;77000.00;432000.00;Wave
3302;ENS-0016;Mars;2026;1091000.00;0.00;186000.00;905000.00;Virement bancaire
3302;ENS-0016;Mars;2026;1091000.00;0.00;186000.00;905000.00;Virement bancaire
3303;ENS-0017;mars;2026;1123000.00;0.00;168000.00;955000.00;Wave
3304;ENS-0018;Mars;2026;549000.00;0.00;60000.00;489000.00;Orange Money
3305;ENS-0019;Mars;2026;399000.00;0.00;34000.00;365000.00;Banque
3306;ENS-0020;Mars;2026;569000.00;43000.00;70000.00;542000.00;Virement bancaire
3307;ENS-0021;Mars;2026;776000.00;109000.00;111000.00;-774000.00;Orange Money
3308;ENS-0022;Mars;2026;187000.00;0.00;26000.00;161000.00;Virement bancaire
3309;ENS-0023;Mars;2026;859000.00;50000.00;96000.00;813000.00;Virement bancaire
3310;ENS-0024;Mars;2026;743000.00;86000.00;69000.00;760000.00;Espèces
3310;ENS-0024;Mars;2026;743000.00;86000.00;69000.00;760000.00;Espèces
3311;ENS-0025;Mars;2026;531000.00;0.00;70000.00;461000.00;Orange Money
3312;ENS-0026;Mars;2026;516000.00;0.00;88000.00;428000.00;Espèces
3313;ENS-0027;Mars;2026;1218000.00;160000.00;144000.00;1234000.00;Wave
3314;ENS-0028;Mars;2026;1012000.00;0.00;116000.00;896000.00;Virement bancaire
3315;ENS-0029;Mars;2026;247000.00;0.00;44000.00;203000.00;Virement bancaire
3316;ENS-0030;MARS;2026;1827000.00;0.00;322000.00;1505000.00;Virement bancaire
3317;ENS-0031;Mars;2026;734000.00;109000.00;97000.00;746000.00;Banque
3318;ENS-0032;Mars;2026;419000.00;0.00;42000.00;377000.00;Virement bancaire
3319;ENS-0033;Mars;2026;512000.00;0.00;86000.00;426000.00;Wave
3320;ENS-0034;Mars;2026;1204000.00;0.00;135000.00;1069000.00;Virement bancaire
3321;ENS-0035;Mars;2026;1803000.00;0.00;213000.00;1590000.00;Orange Money
3322;ENS-0036;Mars;2026;318000.00;0.00;43000.00;275000.00;Virement bancaire
3323;ENS-0038;Mars;2026;198000.00;0.00;27000.00;171000.00;Virement bancaire
3323;ENS-0038;Mars;2026;198000.00;0.00;27000.00;171000.00;Virement bancaire
3324;ENS-0039;Mars;2026;528000.00;0.00;73000.00;455000.00;Virement bancaire
3325;ENS-0040;Mars;2026;640000.00;0.00;66000.00;574000.00;Virement bancaire
3326;ENS-0041;Mars;2026;1110000.00;104000.00;111000.00;1103000.00;Virement bancaire
3327;ENS-0042;Mars;2026;1723000.00;201000.00;148000.00;1776000.00;Virement bancaire
3328;ENS-0043;Mars;2026;173000.00;0.00;16000.00;157000.00;Virement bancaire
3329;ENS-0044;Mars;2026;224000.00;0.00;31000.00;193000.00;Virement bancaire
3330;ENS-0045;Mars;2026;437000.00;0.00;61000.00;376000.00;Virement bancaire
3331;ENS-0046;Mars;2026;1211000.00;139000.00;158000.00;1192000.00;Virement bancaire
3332;ENS-0047;Mars;2026;413000.00;0.00;62000.00;351000.00;Virement bancaire
3333;ENS-0048;Mars;2026;199000.00;0.00;17000.00;182000.00;Virement bancaire
3334;ENS-0049;Mars;2026;304000.00;0.00;48000.00;256000.00;Virement bancaire
3335;ENS-0050;Mars;2026;443000.00;0.00;50000.00;393000.00;Virement bancaire
3336;ENS-0051;Mars;2026;1212000.00;2909360.01;149000.00;1179000.00;Virement bancaire
3337;ENS-0052;Mars;2026;307000.00;0.00;48000.00;259000.00;Virement bancaire
3338;ENS-0053;Mars;2026;1185000.00;165000.00;115000.00;1235000.00;Virement bancaire
3339;ENS-0054;Mars;2026;759000.00;0.00;99000.00;660000.00;Espèces
3340;ENS-0055;Mars;2026;841000.00;71000.00;83000.00;829000.00;Virement bancaire
3341;ENS-0056;Mars;2026;1642000.00;0.00;285000.00;1357000.00;Virement bancaire
3342;ENS-0057;Mars;2026;800000.00;0.00;86000.00;714000.00;Virement bancaire
3343;ENS-0058;Mars;2026;1175000.00;89000.00;146000.00;1118000.00;Espèces
3344;ENS-0059;Mars;2026;314000.00;0.00;46000.00;268000.00;Virement bancaire
3345;ENS-0060;Mars;2026;1578000.00;0.00;205000.00;1373000.00;Virement bancaire
3346;ENS-0061;Mars;2026;284000.00;0.00;27000.00;257000.00;Virement bancaire
3347;ENS-0062;Mars;2026;1434000.00;0.00;252000.00;1182000.00;Virement bancaire
3348;ENS-0063;Mars;2026;268000.00;0.00;47000.00;221000.00;Wave
3349;ENS-0064;Mars;2026;231000.00;0.00;21000.00;210000.00;Virement bancaire
3350;ENS-0065;Mars;2026;503000.00;0.00;60000.00;443000.00;Virement bancaire
3351;ENS-0066;Mars;2026;304000.00;0.00;36000.00;268000.00;Wave
3352;ENS-0067;Mars;2026;1132000.00;151000.00;176000.00;1107000.00;Virement bancaire
3353;ENS-0068;Mars;2026;1277000.00;0.00;140000.00;1137000.00;Virement bancaire
3354;ENS-0069;Mars;2026;179000.00;0.00;16000.00;163000.00;Virement bancaire
3355;ENS-0070;Mars;2026;1009000.00;0.00;174000.00;835000.00;Orange Money
3356;ENS-0071;Mars;2026;216000.00;0.00;33000.00;183000.00;Virement bancaire
3357;ENS-0072;Mars;2026;1657000.00;116000.00;165000.00;1608000.00;Virement bancaire
3358;ENS-0073;Mars;2026;315000.00;0.00;43000.00;272000.00;Espèces
3359;ENS-0074;Mars;2026;521000.00;0.00;52000.00;469000.00;Wave
3360;ENS-0075;Mars;2026;1848000.00;0.00;235000.00;1613000.00;Virement bancaire
3361;ENS-0076;Mars;2026;1517000.00;0.00;216000.00;1301000.00;Wave
3362;ENS-0077;Mars;2026;305000.00;0.00;25000.00;-280000.00;Orange Money
3363;ENS-0078;Mars;2026;1297000.00;137000.00;169000.00;1265000.00;Virement bancaire
3364;ENS-0079;Mars;2026;174000.00;0.00;30000.00;144000.00;Orange Money
3365;ENS-0080;Mars;2026;347000.00;0.00;34000.00;313000.00;Virement bancaire
3366;ENS-0081;Mars;2026;357000.00;0.00;36000.00;321000.00;Virement bancaire
3367;ENS-0082;Mars;2026;509000.00;47000.00;56000.00;500000.00;Virement bancaire
3368;ENS-0083;Mars;2026;1017000.00;0.00;104000.00;913000.00;Wave
3369;ENS-0084;Mars;2026;110000.00;0.00;14000.00;-96000.00;Virement bancaire
3370;ENS-0085;03;2026;774000.00;66000.00;70000.00;770000.00;Virement bancaire
3371;ENS-0086;Mars;2026;896000.00;66000.00;98000.00;864000.00;Espèces
3372;ENS-0087;Mars;2026;1007000.00;0.00;111000.00;896000.00;Virement bancaire
3373;ENS-0088;Mars;2026;207000.00;0.00;36000.00;171000.00;Virement bancaire
3374;ENS-0089;Mars;2026;1253000.00;0.00;110000.00;1143000.00;Orange Money
3375;ENS-0090;Mars;2026;1740000.00;3088794.14;239000.00;1501000.00;Virement bancaire
3376;ENS-0091;Mars;2026;206000.00;589464.90;20000.00;186000.00;Virement bancaire
3377;ENS-0092;Mars;2026;1152000.00;0.00;203000.00;949000.00;Espèces
3378;ENS-0093;Mars;2026;545000.00;0.00;75000.00;-470000.00;Virement bancaire
3379;ENS-0094;Mars;2026;1219000.00;92000.00;118000.00;1193000.00;Virement bancaire
3380;ENS-0095;Mars;2026;1806000.00;0.00;284000.00;1522000.00;Virement bancaire
3381;ENS-0096;Mars;2026;822000.00;113000.00;85000.00;850000.00;Orange Money
3382;ENS-0097;Mars;2026;118000.00;0.00;17000.00;101000.00;Wave
3383;ENS-0098;Mars;2026;1217000.00;0.00;147000.00;1070000.00;Virement bancaire
3384;ENS-0099;Mars;2026;214000.00;0.00;30000.00;184000.00;Virement bancaire
3385;ENS-0100;Mars;2026;1050000.00;55000.00;122000.00;983000.00;Virement bancaire
3386;ENS-0101;Mars;2026;423000.00;0.00;70000.00;353000.00;Virement bancaire
3387;ENS-0102;Mars;2026;186000.00;0.00;29000.00;157000.00;Virement bancaire
3388;ENS-0103;Mars;2026;1188000.00;0.00;165000.00;1023000.00;Virement bancaire
3389;ENS-0104;Mars;2026;720000.00;39000.00;70000.00;689000.00;Virement bancaire
3390;ENS-0105;Mars;2026;189000.00;0.00;15000.00;174000.00;Virement
3391;ENS-0106;Mars;2026;1085000.00;75000.00;162000.00;998000.00;Virement bancaire
3392;ENS-0107;Mars;2026;735000.00;0.00;99000.00;636000.00;Virement bancaire
3393;ENS-0108;Mars;2026;1028000.00;0.00;109000.00;919000.00;Virement bancaire
3394;ENS-0109;MARS;2026;1791000.00;0.00;195000.00;1596000.00;Virement bancaire
3395;ENS-0110;Mars;2026;501000.00;0.00;63000.00;438000.00;Virement bancaire
3396;ENS-0111;Mars;2026;173000.00;0.00;22000.00;151000.00;Virement bancaire
3397;ENS-0112;Mars;2026;1714000.00;0.00;146000.00;1568000.00;Virement bancaire
3398;ENS-0113;Mars;2026;1072000.00;122000.00;110000.00;1084000.00;Virement bancaire
3399;ENS-0114;Mars;2026;1118000.00;91000.00;177000.00;1032000.00;Orange Money
3400;ENS-0115;Mars;2026;345000.00;0.00;29000.00;316000.00;Wave
3401;ENS-0116;Mars;2026;1177000.00;0.00;152000.00;1025000.00;Espèces
3402;ENS-0117;mars;2026;308000.00;0.00;35000.00;273000.00;Virement bancaire
3403;ENS-0118;Mars;2026;512000.00;76000.00;73000.00;515000.00;Orange Money
3404;ENS-0119;Mars;2026;881000.00;65000.00;111000.00;835000.00;Virement
3405;ENS-0120;Mars;2026;1157000.00;0.00;119000.00;1038000.00;Virement bancaire
3406;ENS-0001;Avril;2026;1188000.00;0.00;180000.00;1008000.00;Orange Money
3407;ENS-0002;Avril;2026;908000.00;71000.00;101000.00;878000.00;Virement bancaire
3408;ENS-0003;Avril;2026;1213000.00;0.00;154000.00;1059000.00;Orange Money
3409;ENS-0004;Avril;2026;210000.00;0.00;36000.00;174000.00;Virement bancaire
3410;ENS-0005;Avril;2026;155000.00;0.00;13000.00;142000.00;Virement bancaire
3411;ENS-0006;Avril;2026;252000.00;0.00;41000.00;211000.00;Orange Money
3412;ENS-0007;Avril;2026;1306000.00;0.00;138000.00;1168000.00;Virement bancaire
3413;ENS-0008;Avril;2026;1264000.00;0.00;136000.00;1128000.00;Virement bancaire
3414;ENS-0009;Avril;2026;292000.00;0.00;26000.00;266000.00;Virement bancaire
3415;ENS-0010;Avril;2026;1721000.00;0.00;259000.00;1462000.00;Orange Money
3416;ENS-0011;Avril;2026;1906000.00;0.00;254000.00;1652000.00;Espèces
3417;ENS-0012;Avril;2026;1933000.00;0.00;178000.00;1755000.00;Virement bancaire
3418;ENS-0013;Avril;2026;1068000.00;140000.00;160000.00;1048000.00;Virement bancaire
3419;ENS-0014;Avril;2026;1104000.00;0.00;89000.00;1015000.00;Orange Money
3420;ENS-0015;Avril;2026;509000.00;0.00;80000.00;429000.00;Wave
3421;ENS-0016;Avril;2026;1091000.00;0.00;93000.00;998000.00;Virement bancaire
3422;ENS-0017;Avril;2026;1123000.00;0.00;102000.00;1021000.00;Wave
3423;ENS-0018;Avril;2026;549000.00;0.00;89000.00;460000.00;Orange Money
3424;ENS-0019;Avril;2026;299000.00;0.00;47000.00;252000.00;Virement bancaire
3425;ENS-0020;Avril;2026;569000.00;0.00;87000.00;482000.00;Virement bancaire
3426;ENS-0021;Avril;2026;776000.00;88000.00;93000.00;771000.00;Orange Money
3427;ENS-0022;Avril;2026;128000.00;0.00;15000.00;113000.00;Virement bancaire
3428;ENS-0023;Avril;2026;859000.00;75000.00;141000.00;793000.00;Virement bancaire
3429;ENS-0024;Avril;2026;743000.00;0.00;75000.00;668000.00;Espèces
3430;ENS-0025;Avril;2026;531000.00;0.00;87000.00;444000.00;Orange Money
3430;ENS-0025;Avril;2026;531000.00;0.00;87000.00;444000.00;Orange Money
3431;ENS-0026;Avril;2026;516000.00;0.00;65000.00;451000.00;Virement bancaire
3432;ENS-0027;Avril;2026;1218000.00;162000.00;208000.00;1172000.00;Wave
3432;ENS-0027;Avril;2026;1218000.00;162000.00;208000.00;1172000.00;Wave
3433;ENS-0028;Avril;2026;1012000.00;85000.00;121000.00;976000.00;Espèces
3434;ENS-0029;Avril;2026;356000.00;0.00;61000.00;295000.00;Virement bancaire
3435;ENS-0030;Avril;2026;1827000.00;168000.00;253000.00;1742000.00;Virement bancaire
3436;ENS-0031;Avril;2026;734000.00;0.00;72000.00;662000.00;Virement bancaire
3437;ENS-0032;Avril;2026;333000.00;0.00;39000.00;294000.00;Virement bancaire
3438;ENS-0033;avril;2026;512000.00;46000.00;78000.00;480000.00;Wave
3439;ENS-0034;Avril;2026;1204000.00;0.00;137000.00;1067000.00;Virement bancaire
3440;ENS-0035;Avril;2026;1803000.00;0.00;179000.00;1624000.00;Orange Money
3441;ENS-0036;Avril;2026;166000.00;0.00;23000.00;143000.00;Wave
3442;ENS-0038;Avril;2026;189000.00;0.00;22000.00;167000.00;Virement bancaire
3443;ENS-0039;Avril;2026;528000.00;0.00;68000.00;-460000.00;Virement bancaire
3444;ENS-0040;Avril;2026;640000.00;69000.00;85000.00;624000.00;Virement bancaire
3445;ENS-0041;Avril;2026;1110000.00;0.00;126000.00;984000.00;Virement bancaire
3446;ENS-0042;Avril;2026;1723000.00;0.00;147000.00;1576000.00;Virement bancaire
3447;ENS-0043;Avril;2026;247000.00;0.00;42000.00;205000.00;Virement bancaire
3448;ENS-0044;Avril;2026;171000.00;0.00;22000.00;149000.00;Virement bancaire
3449;ENS-0045;Avril;2026;458000.00;0.00;79000.00;379000.00;Virement bancaire
3450;ENS-0046;Avril;2026;1211000.00;0.00;151000.00;-1060000.00;Virement bancaire
3451;ENS-0047;Avril;2026;222000.00;0.00;24000.00;198000.00;Virement bancaire
3452;ENS-0048;Avril;2026;287000.00;0.00;24000.00;263000.00;Virement bancaire
3453;ENS-0049;Avril;2026;243000.00;0.00;27000.00;216000.00;Virement bancaire
3454;ENS-0050;Avril;2026;207000.00;0.00;24000.00;183000.00;Virement bancaire
3455;ENS-0051;Avril;2026;1212000.00;140000.00;148000.00;1204000.00;Virement bancaire
3456;ENS-0052;Avril;2026;242000.00;0.00;32000.00;210000.00;Virement bancaire
3457;ENS-0053;Avril;2026;1185000.00;100000.00;161000.00;1124000.00;Virement bancaire
3458;ENS-0054;Avril;2026;759000.00;56000.00;114000.00;701000.00;Espèces
3459;ENS-0055;Avril;2026;841000.00;0.00;141000.00;700000.00;Virement bancaire
3459;ENS-0055;Avril;2026;841000.00;0.00;141000.00;700000.00;Virement bancaire
3460;ENS-0056;Avril;2026;1642000.00;0.00;142000.00;1500000.00;Virement bancaire
3461;ENS-0057;Avril;2026;800000.00;118000.00;79000.00;839000.00;Orange Money
3462;ENS-0058;04;2026;1175000.00;93000.00;114000.00;1154000.00;Espèces
3463;ENS-0059;Avril;2026;171000.00;0.00;19000.00;152000.00;Virement bancaire
3463;ENS-0059;Avril;2026;171000.00;0.00;19000.00;152000.00;Virement bancaire
3464;ENS-0060;Avril;2026;1578000.00;0.00;180000.00;1398000.00;Virement bancaire
3465;ENS-0061;Avril;2026;245000.00;0.00;33000.00;212000.00;Virement bancaire
3466;ENS-0062;Avril;2026;1434000.00;0.00;190000.00;-1244000.00;Virement bancaire
3467;ENS-0063;Avril;2026;241000.00;0.00;25000.00;216000.00;Wave
3468;ENS-0064;Avril;2026;159000.00;0.00;28000.00;131000.00;Virement bancaire
3469;ENS-0065;Avril;2026;503000.00;48000.00;61000.00;490000.00;Virement bancaire
3470;ENS-0066;Avril;2026;186000.00;0.00;22000.00;164000.00;Wave
3471;ENS-0067;Avril;2026;1132000.00;0.00;108000.00;1024000.00;Virement bancaire
3472;ENS-0068;Avril;2026;1277000.00;135000.00;205000.00;1207000.00;Virement bancaire
3473;ENS-0069;Avril;2026;243000.00;0.00;35000.00;208000.00;Virement bancaire
3474;ENS-0070;Avril;2026;1009000.00;51000.00;148000.00;912000.00;Orange Money
3475;ENS-0071;Avril;2026;202000.00;0.00;24000.00;178000.00;Virement bancaire
3476;ENS-0072;Avril;2026;1657000.00;0.00;151000.00;-1506000.00;Virement bancaire
3477;ENS-0073;Avril;2026;348000.00;0.00;59000.00;289000.00;Especes
3478;ENS-0074;Avril;2026;521000.00;0.00;73000.00;448000.00;Wave
3479;ENS-0075;04;2026;1848000.00;0.00;240000.00;1608000.00;Virement bancaire
3480;ENS-0076;Avril;2026;1517000.00;0.00;140000.00;1377000.00;Wave
3481;ENS-0077;Avril;2026;178000.00;0.00;15000.00;163000.00;Orange Money
3482;ENS-0078;AVRIL;2026;1297000.00;158000.00;171000.00;1284000.00;Virement bancaire
3483;ENS-0079;Avril;2026;198000.00;0.00;28000.00;170000.00;Orange Money
3484;ENS-0080;Avril;2026;469000.00;0.00;38000.00;431000.00;Virement bancaire
3485;ENS-0081;Avril;2026;390000.00;0.00;66000.00;324000.00;Virement bancaire
3486;ENS-0082;Avril;2026;509000.00;0.00;55000.00;454000.00;Virement bancaire
3487;ENS-0083;Avril;2026;1017000.00;0.00;124000.00;893000.00;Wave
3488;ENS-0084;Avril;2026;129000.00;0.00;14000.00;115000.00;Virement bancaire
3489;ENS-0085;Avril;2026;774000.00;81000.00;119000.00;736000.00;Virement bancaire
3490;ENS-0086;04;2026;896000.00;0.00;138000.00;758000.00;Espèces
3491;ENS-0087;Avril;2026;1007000.00;59000.00;145000.00;921000.00;Virement bancaire
3492;ENS-0088;Avril;2026;134000.00;0.00;20000.00;114000.00;Virement bancaire
3492;ENS-0088;Avril;2026;134000.00;0.00;20000.00;114000.00;Virement bancaire
3493;ENS-0089;Avril;2026;1253000.00;0.00;108000.00;1145000.00;Orange Money
3494;ENS-0090;Avril;2026;1740000.00;0.00;161000.00;1579000.00;Virement bancaire
3495;ENS-0091;Avril;2026;228000.00;0.00;26000.00;202000.00;Virement bancaire
3496;ENS-0092;Avril;2026;1152000.00;0.00;148000.00;1004000.00;Espèces
3497;ENS-0093;Avri.;2026;545000.00;0.00;59000.00;486000.00;Virement bancaire
3498;ENS-0094;Avril;2026;1219000.00;165000.00;155000.00;1229000.00;Virement bancaire
3499;ENS-0095;Avril;2026;1806000.00;0.00;260000.00;1546000.00;Virement bancaire
3500;ENS-0096;Avril;2026;822000.00;0.00;68000.00;754000.00;Orange Money
3501;ENS-0097;04;2026;158000.00;0.00;22000.00;136000.00;Wave
3502;ENS-0098;Avril;2026;1217000.00;122000.00;129000.00;1210000.00;Virement bancaire
3503;ENS-0099;Avril;2026;166000.00;0.00;26000.00;-140000.00;Virement bancaire
3504;ENS-0100;Avril;2026;1050000.00;145000.00;160000.00;1035000.00;Virement bancaire
3505;ENS-0101;Avril;2026;214000.00;0.00;31000.00;183000.00;Virement bancaire
3506;ENS-0102;Avril;2026;205000.00;0.00;33000.00;172000.00;Orange Money
3507;ENS-0103;Avril;2026;1188000.00;125000.00;158000.00;1155000.00;Virement bancaire
3508;ENS-0104;Avril;2026;720000.00;0.00;119000.00;601000.00;Virement bancaire
3509;ENS-0105;04;2026;155000.00;0.00;16000.00;139000.00;Virement bancaire
3510;ENS-0106;Avril;2026;1085000.00;3779016.53;163000.00;922000.00;Virement bancaire
3511;ENS-0107;Avril;2026;735000.00;91000.00;124000.00;702000.00;Virement bancaire
3512;ENS-0108;Avril;2026;1028000.00;0.00;117000.00;911000.00;Virement bancaire
3513;ENS-0109;04;2026;1791000.00;0.00;226000.00;1565000.00;Virement bancaire
3514;ENS-0110;Avril;2026;414000.00;0.00;74000.00;340000.00;Virement bancaire
3515;ENS-0111;Avril;2026;265000.00;0.00;44000.00;221000.00;Virement bancaire
3516;ENS-0112;Avril;2026;1714000.00;0.00;189000.00;1525000.00;Virement bancaire
3517;ENS-0113;Avril;2026;1072000.00;87000.00;193000.00;966000.00;Virement bancaire
3518;ENS-0114;Avril;2026;1118000.00;126000.00;197000.00;1047000.00;Orange Money
3519;ENS-0115;Avril;2026;271000.00;0.00;33000.00;-238000.00;Wave
3520;ENS-0116;Avril;2026;1177000.00;128000.00;203000.00;1102000.00;Espèces
3521;ENS-0117;Avril;2026;248000.00;0.00;43000.00;205000.00;Virement bancaire
3522;ENS-0118;Avril;2026;512000.00;0.00;48000.00;464000.00;Orange Money
3523;ENS-0119;04;2026;881000.00;0.00;74000.00;807000.00;Virement bancaire
3524;ENS-0120;Avril;2026;1157000.00;0.00;150000.00;1007000.00;Virement bancaire
3525;ENS-0001;Mai;2026;1188000.00;0.00;131000.00;1057000.00;Orange Money
3526;ENS-0002;Mai;2026;908000.00;93000.00;161000.00;840000.00;Virement bancaire
3527;ENS-0003;Mai;2026;1213000.00;99000.00;178000.00;1134000.00;Orange Money
3528;ENS-0004;Mai;2026;284000.00;0.00;27000.00;257000.00;Virement bancaire
3529;ENS-0005;Mai;2026;173000.00;0.00;14000.00;159000.00;Virement bancaire
3530;ENS-0006;Mai;2026;230000.00;451980.22;30000.00;200000.00;Orange Money
3531;ENS-0007;Mai;2026;1306000.00;84000.00;175000.00;1215000.00;Virement bancaire
3532;ENS-0008;Mai;2026;1264000.00;111000.00;118000.00;1257000.00;Virement bancaire
3533;ENS-0009;Mai;2026;170000.00;0.00;15000.00;155000.00;Virement bancaire
3534;ENS-0010;Mai;2026;1721000.00;195000.00;225000.00;1691000.00;Orange Money
3535;ENS-0011;Mai;2026;1906000.00;231000.00;317000.00;1820000.00;Espèces
3536;ENS-0012;Mai;2026;1933000.00;0.00;205000.00;1728000.00;Virement bancaire
3537;ENS-0013;Mai;2026;1068000.00;0.00;163000.00;905000.00;Virement bancaire
3538;ENS-0014;Mai;2026;1104000.00;0.00;115000.00;989000.00;Orange Money
3539;ENS-0015;Mai;2026;509000.00;0.00;59000.00;450000.00;Wave
3540;ENS-0016;Mai;2026;1091000.00;0.00;191000.00;900000.00;Virement bancaire
3541;ENS-0017;Mai;2026;1123000.00;147000.00;184000.00;1086000.00;Wave
3542;ENS-0018;Mai;2026;549000.00;80000.00;87000.00;542000.00;Orange Money
3543;ENS-0019;Mai;2026;205000.00;0.00;31000.00;174000.00;Virement bancaire
3544;ENS-0020;Mai;2026;569000.00;0.00;52000.00;517000.00;Virement bancaire
3545;ENS-0021;Mai;2026;776000.00;0.00;133000.00;643000.00;Orange Money
3546;ENS-0022;Mai;2026;173000.00;0.00;16000.00;157000.00;Virement bancaire
3547;ENS-0023;Mai;2026;859000.00;0.00;133000.00;726000.00;Virement bancaire
3548;ENS-0024;Mai;2026;743000.00;56000.00;107000.00;692000.00;Espèces
3549;ENS-0025;Mai;2026;531000.00;0.00;83000.00;448000.00;Orange Money
3550;ENS-0026;Mai;2026;516000.00;0.00;57000.00;459000.00;Virement bancaire
3551;ENS-0027;Mai;2026;1218000.00;0.00;152000.00;1066000.00;Wave
3552;ENS-0028;Mai;2026;1012000.00;109000.00;96000.00;-1025000.00;Virement
3553;ENS-0029;Mai;2026;335000.00;0.00;50000.00;285000.00;Virement bancaire
3554;ENS-0030;Mai;2026;1827000.00;0.00;296000.00;1531000.00;Virement bancaire
3555;ENS-0031;Mai;2026;734000.00;61000.00;79000.00;716000.00;Virement bancaire
3556;ENS-0032;Mai;2026;417000.00;0.00;38000.00;379000.00;Virement bancaire
3557;ENS-0033;Mai;2026;512000.00;37000.00;76000.00;473000.00;Wave
3558;ENS-0034;Mai;2026;1204000.00;167000.00;140000.00;1231000.00;Virement bancaire
3559;ENS-0035;Mai;2026;1803000.00;201000.00;306000.00;1698000.00;Orange Money
3560;ENS-0036;Mai;2026;200000.00;0.00;28000.00;172000.00;Virement bancaire
3561;ENS-0037;Mai;2026;1476000.00;3231298.16;211000.00;1265000.00;Virement bancaire
3562;ENS-0038;Mai;2026;204000.00;0.00;26000.00;178000.00;Virement bancaire
3563;ENS-0039;Mai;2026;528000.00;44000.00;43000.00;529000.00;Virement bancaire
3563;ENS-0039;Mai;2026;528000.00;44000.00;43000.00;529000.00;Virement bancaire
3564;ENS-0040;Mai;2026;640000.00;34000.00;104000.00;570000.00;Virement bancaire
3564;ENS-0040;Mai;2026;640000.00;34000.00;104000.00;570000.00;Virement bancaire
3565;ENS-0041;Mai;2026;1110000.00;95000.00;139000.00;1066000.00;Virement bancaire
3566;ENS-0042;Mai;2026;1723000.00;0.00;214000.00;1509000.00;Virement bancaire
3567;ENS-0043;Mai;2026;241000.00;0.00;24000.00;217000.00;Virement bancaire
3568;ENS-0044;Mai;2026;286000.00;0.00;29000.00;257000.00;Virement bancaire
3569;ENS-0045;Mai;2026;404000.00;0.00;48000.00;356000.00;Virement bancaire
3570;ENS-0046;Mai;2026;1211000.00;0.00;154000.00;1057000.00;Virement bancaire
3571;ENS-0047;Mai;2026;255000.00;0.00;37000.00;218000.00;Virement bancaire
3572;ENS-0048;Mai;2026;266000.00;0.00;44000.00;222000.00;Virement bancaire
3573;ENS-0049;Mai;2026;287000.00;538251.98;34000.00;253000.00;Virement bancaire
3574;ENS-0050;Mai;2026;424000.00;0.00;72000.00;352000.00;Virement bancaire
3575;ENS-0051;Mai;2026;1212000.00;0.00;176000.00;1036000.00;Virement bancaire
3576;ENS-0052;Mai;2026;251000.00;0.00;34000.00;217000.00;Virement bancaire
3577;ENS-0053;Mai;2026;1185000.00;0.00;155000.00;1030000.00;Virement bancaire
3578;ENS-0054;Mai;2026;759000.00;0.00;112000.00;647000.00;Espèces
3579;ENS-0055;05;2026;841000.00;97000.00;77000.00;861000.00;Virement bancaire
3580;ENS-0056;Mai;2026;1642000.00;171000.00;276000.00;1537000.00;Virement bancaire
3581;ENS-0057;Mai;2026;800000.00;102000.00;131000.00;771000.00;Virement bancaire
3582;ENS-0058;Mai;2026;1175000.00;102000.00;174000.00;1103000.00;Espèces
3583;ENS-0059;Mai;2026;164000.00;0.00;22000.00;142000.00;Virement bancaire
3584;ENS-0060;Mai;2026;1578000.00;153000.00;283000.00;1448000.00;Virement bancaire
3585;ENS-0061;Mai;2026;178000.00;0.00;27000.00;151000.00;Virement bancaire
3586;ENS-0062;Mai;2026;1434000.00;0.00;210000.00;1224000.00;Virement bancaire
3587;ENS-0063;Mai;2026;280000.00;0.00;26000.00;254000.00;Wave
3588;ENS-0064;Mai;2026;308000.00;0.00;42000.00;266000.00;Virement bancaire
3589;ENS-0065;Mai;2026;503000.00;0.00;44000.00;459000.00;Virement bancaire
3590;ENS-0066;Mai;2026;366000.00;0.00;48000.00;318000.00;Wave
3591;ENS-0067;Mai;2026;1132000.00;81000.00;121000.00;-1092000.00;Virement bancaire
3592;ENS-0068;Mai;2026;1277000.00;187000.00;153000.00;1311000.00;Virement bancaire
3593;ENS-0069;Mai;2026;247000.00;0.00;31000.00;216000.00;Virement bancaire
3594;ENS-0070;Mai;2026;1009000.00;0.00;180000.00;829000.00;Orange Money
3595;ENS-0071;Mai;2026;173000.00;0.00;28000.00;145000.00;Virement bancaire
3596;ENS-0072;Mai;2026;1657000.00;0.00;240000.00;1417000.00;Virement bancaire
3597;ENS-0073;Mai;2026;243000.00;0.00;38000.00;-205000.00;Espèces
3598;ENS-0074;Mai;2026;521000.00;38000.00;51000.00;508000.00;Wave
3599;ENS-0075;Mai;2026;1848000.00;221000.00;225000.00;1844000.00;Virement bancaire
3600;ENS-0076;Mai;2026;1517000.00;161000.00;252000.00;1426000.00;Wave
3601;ENS-0077;Mai;2026;313000.00;0.00;51000.00;262000.00;Orange Money
3602;ENS-0078;Mai;2026;1297000.00;0.00;178000.00;1119000.00;Virement bancaire
3603;ENS-0079;Mai;2026;290000.00;0.00;36000.00;254000.00;Orange Money
3604;ENS-0080;Mai;2026;322000.00;0.00;31000.00;291000.00;Wave
3605;ENS-0081;Mai;2026;336000.00;0.00;46000.00;290000.00;Virement bancaire
3606;ENS-0082;Mai;2026;509000.00;0.00;55000.00;454000.00;Virement bancaire
3607;ENS-0083;Mai;2026;1017000.00;0.00;141000.00;876000.00;Wave
3608;ENS-0084;Mai;2026;147000.00;0.00;16000.00;131000.00;Espèces
3609;ENS-0085;Mai;2026;774000.00;69000.00;90000.00;753000.00;Virement bancaire
3610;ENS-0086;Mai;2026;896000.00;128000.00;140000.00;884000.00;Especes
3611;ENS-0087;Mai;2026;1007000.00;83000.00;88000.00;1002000.00;Virement bancaire
3612;ENS-0088;Mai;2026;218000.00;0.00;32000.00;186000.00;Virement bancaire
3613;ENS-0089;Mai;2026;1253000.00;0.00;152000.00;1101000.00;Orange Money
3614;ENS-0090;Mai;2026;1740000.00;0.00;161000.00;1579000.00;Virement bancaire
3615;ENS-0091;Mai;2026;226000.00;0.00;23000.00;203000.00;Virement bancaire
3616;ENS-0092;Mai;2026;1152000.00;0.00;178000.00;974000.00;Espèces
3617;ENS-0093;Mai;2026;545000.00;0.00;77000.00;468000.00;Virement bancaire
3618;ENS-0094;05;2026;1219000.00;0.00;197000.00;1022000.00;Virement bancaire
3619;ENS-0095;Mai;2026;1806000.00;0.00;201000.00;1605000.00;Virement bancaire
3620;ENS-0096;Mai;2026;822000.00;0.00;84000.00;738000.00;Orange Money
3621;ENS-0097;Mai;2026;96000.00;145920.06;14000.00;82000.00;Wave
3622;ENS-0098;Mai;2026;1217000.00;154000.00;116000.00;1255000.00;Virement bancaire
3623;ENS-0099;Mai;2026;268000.00;0.00;46000.00;222000.00;Virement bancaire
3624;ENS-0100;Mai;2026;1050000.00;133000.00;104000.00;-1079000.00;Virement bancaire
3625;ENS-0101;Mai;2026;389000.00;0.00;46000.00;343000.00;Virement bancaire
3626;ENS-0102;Mai;2026;147000.00;0.00;18000.00;129000.00;Virement bancaire
3627;ENS-0103;Mai;2026;1188000.00;0.00;163000.00;1025000.00;Virement bancaire
3628;ENS-0104;Mai;2026;720000.00;0.00;111000.00;609000.00;Virement bancaire
3629;ENS-0105;Mai;2026;178000.00;0.00;18000.00;160000.00;Virement bancaire
3630;ENS-0106;Mai;2026;1085000.00;0.00;155000.00;930000.00;Virement bancaire
3631;ENS-0107;Mai;2026;735000.00;1389544.22;71000.00;664000.00;Virement bancaire
3632;ENS-0108;Mai;2026;1028000.00;148000.00;170000.00;1006000.00;Virement bancaire
3633;ENS-0109;Mai;2026;1791000.00;0.00;302000.00;1489000.00;Virement bancaire
3634;ENS-0110;Mai;2026;426000.00;0.00;76000.00;350000.00;Virement bancaire
3635;ENS-0111;Mai;2026;416000.00;0.00;73000.00;343000.00;Virement bancaire
3636;ENS-0112;Mai;2026;1714000.00;111000.00;226000.00;1599000.00;Virement bancaire
3637;ENS-0113;Mai;2026;1072000.00;118000.00;118000.00;1072000.00;Virement bancaire
3638;ENS-0114;Mai;2026;1118000.00;0.00;158000.00;960000.00;Orange Money
3639;ENS-0115;Mai;2026;290000.00;0.00;45000.00;245000.00;Wave
3640;ENS-0116;Mai;2026;1177000.00;174000.00;177000.00;1174000.00;Espèces
3641;ENS-0117;Mai;2026;332000.00;0.00;56000.00;276000.00;Virement bancaire
3642;ENS-0118;Mai;2026;512000.00;26000.00;60000.00;478000.00;Orange Money
3643;ENS-0119;Mai;2026;881000.00;0.00;146000.00;735000.00;Virement bancaire
3644;ENS-0120;Mai;2026;1157000.00;0.00;161000.00;-996000.00;Virement bancaire
3645;ENS-0001;juin;2026;1188000.00;0.00;118000.00;1070000.00;Orange Money
3646;ENS-0002;Juin;2026;908000.00;0.00;129000.00;779000.00;Virement bancaire
3647;ENS-0003;Juin;2026;1213000.00;0.00;201000.00;-1012000.00;Orange Money
3648;ENS-0004;Juin;2026;264000.00;0.00;24000.00;240000.00;Virement bancaire
3649;ENS-0005;Juin;2026;173000.00;0.00;28000.00;145000.00;Virement bancaire
3650;ENS-0006;Juin;2026;256000.00;0.00;45000.00;211000.00;Orange Money
3651;ENS-0007;Juin;2026;1306000.00;67000.00;199000.00;1174000.00;Virement bancaire
3652;ENS-0008;Juin;2026;1264000.00;177000.00;164000.00;1277000.00;Virement bancaire
3653;ENS-0009;Juin;2026;138000.00;0.00;18000.00;120000.00;Virement bancaire
3654;ENS-0010;Juin;2026;1721000.00;0.00;189000.00;1532000.00;Orange Money
3655;ENS-0011;Juin;2026;1906000.00;201000.00;198000.00;1909000.00;Cash
3656;ENS-0012;Juin;2026;1933000.00;0.00;267000.00;1666000.00;Espèces
3657;ENS-0013;Juin;2026;1068000.00;92000.00;152000.00;1008000.00;Virement bancaire
3658;ENS-0014;Juin;2026;1104000.00;0.00;155000.00;-949000.00;Orange Money
3659;ENS-0015;Juin;2026;509000.00;0.00;57000.00;452000.00;Wave
3660;ENS-0016;Juin;2026;1091000.00;114000.00;166000.00;1039000.00;bank transfer
3661;ENS-0017;Juin;2026;1123000.00;0.00;136000.00;987000.00;Wave
3662;ENS-0018;Juin;2026;549000.00;46000.00;60000.00;535000.00;Orange Money
3663;ENS-0019;Juin;2026;253000.00;0.00;21000.00;232000.00;Virement bancaire
3664;ENS-0020;Juin;2026;569000.00;0.00;76000.00;493000.00;Virement bancaire
3665;ENS-0021;Juin;2026;776000.00;58000.00;91000.00;743000.00;Orange Money
3666;ENS-0022;Juin;2026;103000.00;0.00;13000.00;90000.00;Virement bancaire
3667;ENS-0023;Juin;2026;859000.00;48000.00;110000.00;797000.00;Virement bancaire
3668;ENS-0024;Juin;2026;743000.00;0.00;94000.00;649000.00;Espèces
3669;ENS-0025;juin;2026;531000.00;1849981.16;62000.00;469000.00;Orange Money
3670;ENS-0026;Juin;2026;516000.00;74000.00;89000.00;501000.00;Virement bancaire
3671;ENS-0027;Juin;2026;1218000.00;107000.00;196000.00;1129000.00;Wave
3672;ENS-0028;Juin;2026;1012000.00;0.00;106000.00;906000.00;Virement bancaire
3673;ENS-0029;Juin;2026;263000.00;0.00;41000.00;222000.00;Espèces
3674;ENS-0030;Juin;2026;1827000.00;111000.00;230000.00;1708000.00;Virement bancaire
3675;ENS-0031;Juin;2026;734000.00;0.00;113000.00;621000.00;Virement bancaire
3676;ENS-0032;Juin;2026;177000.00;0.00;19000.00;158000.00;Virement bancaire
3677;ENS-0033;Juin;2026;512000.00;0.00;77000.00;435000.00;Wave
3678;ENS-0034;Juin;2026;1204000.00;69000.00;170000.00;1103000.00;Virement bancaire
3679;ENS-0035;Juin;2026;1803000.00;0.00;226000.00;1577000.00;Orange Money
3680;ENS-0036;Juin;2026;364000.00;0.00;34000.00;330000.00;Virement bancaire
3681;ENS-0037;Juin;2026;1476000.00;0.00;192000.00;1284000.00;Virement bancaire
3682;ENS-0038;Juin;2026;183000.00;0.00;18000.00;165000.00;Virement bancaire
3683;ENS-0039;Juin;2026;528000.00;0.00;64000.00;464000.00;Virement bancaire
3684;ENS-0040;juin;2026;640000.00;46000.00;99000.00;587000.00;Virement bancaire
3685;ENS-0041;Juin;2026;1110000.00;56000.00;195000.00;971000.00;Virement bancaire
3686;ENS-0042;Juin;2026;1723000.00;0.00;157000.00;1566000.00;Virement bancaire
3687;ENS-0043;Juin;2026;227000.00;0.00;34000.00;193000.00;Virement bancaire
3688;ENS-0044;Juin;2026;301000.00;0.00;44000.00;257000.00;Espèces
3689;ENS-0045;Juin;2026;308000.00;0.00;49000.00;259000.00;Virement bancaire
3690;ENS-0046;Juin;2026;1211000.00;0.00;140000.00;1071000.00;Virement bancaire
3690;ENS-0046;Juin;2026;1211000.00;0.00;140000.00;1071000.00;Virement bancaire
3691;ENS-0047;Juin;2026;242000.00;0.00;21000.00;221000.00;Virement bancaire
3692;ENS-0048;Juin;2026;285000.00;0.00;46000.00;239000.00;Virement bancaire
3693;ENS-0049;Juin;2026;241000.00;0.00;25000.00;216000.00;Virement bancaire
3694;ENS-0050;Juin;2026;432000.00;0.00;56000.00;376000.00;Virement bancaire
3695;ENS-0051;Juin;2026;1212000.00;138000.00;148000.00;1202000.00;Virement bancaire
3696;ENS-0052;Juin;2026;314000.00;0.00;30000.00;284000.00;Virement bancaire
3697;ENS-0053;Juin;2026;1185000.00;0.00;185000.00;1000000.00;Virement bancaire
3698;ENS-0054;Juin;2026;759000.00;0.00;73000.00;686000.00;Espèces
3699;ENS-0055;Juin;2026;841000.00;0.00;95000.00;746000.00;Virement bancaire
3700;ENS-0056;Juin;2026;1642000.00;185000.00;232000.00;1595000.00;Virement bancaire
3701;ENS-0057;Juin;2026;800000.00;70000.00;128000.00;742000.00;Espèces
3702;ENS-0058;Juin;2026;1175000.00;0.00;139000.00;1036000.00;Espèces
3703;ENS-0059;Juin;2026;308000.00;0.00;28000.00;280000.00;Virement
3704;ENS-0060;Juin;2026;1578000.00;181000.00;151000.00;1608000.00;Virement bancaire
3705;ENS-0061;Juin;2026;199000.00;0.00;35000.00;164000.00;Virement bancaire
3706;ENS-0062;Juin;2026;1434000.00;0.00;118000.00;1316000.00;Virement bancaire
3707;ENS-0063;Juin;2026;200000.00;0.00;18000.00;182000.00;Wave
3708;ENS-0064;Juin;2026;320000.00;0.00;47000.00;273000.00;Virement bancaire
3709;ENS-0065;Juin;2026;503000.00;0.00;59000.00;444000.00;Virement bancaire
3710;ENS-0066;Juin;2026;188000.00;0.00;29000.00;159000.00;Espèces
3711;ENS-0067;Juin;2026;1132000.00;160000.00;166000.00;1126000.00;Virement bancaire
3712;ENS-0068;Juin;2026;1277000.00;0.00;148000.00;1129000.00;Virement bancaire
3713;ENS-0069;Juin;2026;253000.00;0.00;42000.00;211000.00;Virement bancaire
3714;ENS-0070;Juin;2026;1009000.00;144000.00;91000.00;1062000.00;orange money
3715;ENS-0071;Juin;2026;119000.00;0.00;19000.00;100000.00;Virement bancaire
3716;ENS-0072;Juin;2026;1657000.00;0.00;175000.00;1482000.00;Virement bancaire
3717;ENS-0073;Juin;2026;307000.00;0.00;42000.00;265000.00;Espèces
3718;ENS-0074;Juin;2026;521000.00;0.00;53000.00;468000.00;Wave
3719;ENS-0075;Juin;2026;1848000.00;155000.00;239000.00;1764000.00;Virement bancaire
3720;ENS-0076;Juin;2026;1517000.00;0.00;262000.00;1255000.00;Wave
3721;ENS-0077;Juin;2026;225000.00;0.00;24000.00;-201000.00;orange money
3722;ENS-0078;Juin;2026;1297000.00;79000.00;121000.00;1255000.00;Virement bancaire
3723;ENS-0079;Juin;2026;205000.00;0.00;33000.00;172000.00;Orange Money
3724;ENS-0080;Juin;2026;431000.00;0.00;62000.00;-369000.00;Virement bancaire
3725;ENS-0081;Juin;2026;371000.00;0.00;34000.00;337000.00;Virement bancaire
3726;ENS-0082;Juin;2026;509000.00;0.00;52000.00;457000.00;Virement bancaire
3727;ENS-0083;Juin;2026;1017000.00;0.00;172000.00;845000.00;Wave
3728;ENS-0084;Juin;2026;176000.00;0.00;17000.00;159000.00;Virement bancaire
3728;ENS-0084;Juin;2026;176000.00;0.00;17000.00;159000.00;Virement bancaire
3729;ENS-0085;Juin;2026;774000.00;86000.00;72000.00;788000.00;Virement bancaire
3730;ENS-0086;Juin;2026;896000.00;0.00;89000.00;807000.00;Espèces
3731;ENS-0087;Juin;2026;1007000.00;2564253.77;89000.00;987000.00;Virement bancaire
3732;ENS-0088;Juin;2026;199000.00;0.00;27000.00;172000.00;Virement bancaire
3733;ENS-0089;Juin;2026;1253000.00;0.00;158000.00;1095000.00;Orange Money
3734;ENS-0090;Juin;2026;1740000.00;0.00;246000.00;1494000.00;Virement bancaire
3734;ENS-0090;Juin;2026;1740000.00;0.00;246000.00;1494000.00;Virement bancaire
3735;ENS-0091;Juin;2026;192000.00;0.00;16000.00;176000.00;Virement bancaire
3735;ENS-0091;Juin;2026;192000.00;0.00;16000.00;176000.00;Virement bancaire
3736;ENS-0092;Juin;2026;1152000.00;0.00;133000.00;1019000.00;Espèces
3737;ENS-0093;Juin;2026;545000.00;48000.00;68000.00;525000.00;Virement bancaire
3738;ENS-0094;Juin;2026;1219000.00;0.00;143000.00;-1076000.00;Virement bancaire
3739;ENS-0095;Juin;2026;1806000.00;3665703.18;271000.00;1535000.00;Virement bancaire
3740;ENS-0096;Juin;2026;822000.00;0.00;143000.00;679000.00;Orange Money
3741;ENS-0097;Juin;2026;155000.00;0.00;23000.00;132000.00;Wave
3742;ENS-0098;Juin;2026;1217000.00;0.00;148000.00;1069000.00;Virement bancaire
3743;ENS-0099;Juin;2026;430000.00;668672.40;37000.00;393000.00;Virement bancaire
3744;ENS-0100;Juin;2026;1050000.00;100000.00;168000.00;982000.00;Virement bancaire
3745;ENS-0101;Juin;2026;204000.00;0.00;36000.00;168000.00;Virement bancaire
3746;ENS-0102;Juin;2026;112000.00;0.00;19000.00;93000.00;Virement bancaire
3747;ENS-0103;Juin;2026;1188000.00;0.00;199000.00;989000.00;Virement bancaire
3748;ENS-0104;Juin;2026;720000.00;0.00;125000.00;595000.00;Virement bancaire
3749;ENS-0105;Juin;2026;115000.00;0.00;10000.00;105000.00;Virement bancaire
3750;ENS-0106;Juin;2026;1085000.00;95000.00;131000.00;1049000.00;Virement bancaire
3751;ENS-0107;Juin;2026;735000.00;0.00;59000.00;676000.00;Virement bancaire
3752;ENS-0108;Juin;2026;1028000.00;139000.00;184000.00;983000.00;Virement bancaire
3753;ENS-0109;Juin;2026;1791000.00;227000.00;277000.00;1741000.00;Virement bancaire
3754;ENS-0110;Juin;2026;267000.00;0.00;48000.00;219000.00;Wave
3755;ENS-0111;Juin;2026;188000.00;0.00;24000.00;164000.00;Virement bancaire
3756;ENS-0112;Juin;2026;1714000.00;186000.00;267000.00;1633000.00;Virement bancaire
3757;ENS-0113;Juin;2026;1072000.00;143000.00;119000.00;1096000.00;Virement bancaire
3758;ENS-0114;Juin;2026;1118000.00;0.00;109000.00;1009000.00;Orange Money
3759;ENS-0115;Juin;2026;347000.00;0.00;39000.00;308000.00;Wave
3760;ENS-0116;Juin;2026;1177000.00;73000.00;180000.00;1070000.00;Espèces
3760;ENS-0116;Juin;2026;1177000.00;73000.00;180000.00;1070000.00;Espèces
3761;ENS-0117;Juin;2026;399000.00;0.00;65000.00;334000.00;Virement bancaire
3762;ENS-0118;Juin;2026;512000.00;74000.00;61000.00;525000.00;Orange Money
3763;ENS-0119;Juin;2026;881000.00;0.00;73000.00;808000.00;Virement bancaire
3764;ENS-0120;Juin;2026;1157000.00;0.00;146000.00;1011000.00;Virement bancaire
3765;ENS-0001;Juillet;2026;1188000.00;0.00;107000.00;1081000.00;orange money
3766;ENS-0002;Juillet;2026;908000.00;114000.00;115000.00;907000.00;Virement bancaire
3767;ENS-0003;Juillet;2026;1213000.00;0.00;141000.00;1072000.00;Orange Money
3768;ENS-0004;Juillet;2026;207000.00;0.00;25000.00;182000.00;Virement bancaire
3769;ENS-0005;Juillet;2026;184000.00;0.00;15000.00;169000.00;Virement bancaire
3770;ENS-0006;Juillet;2026;211000.00;0.00;37000.00;174000.00;Orange Money
3771;ENS-0007;Juillet;2026;1306000.00;195000.00;123000.00;1378000.00;Virement bancaire
3772;ENS-0008;Juillet;2026;1264000.00;0.00;150000.00;1114000.00;Virement bancaire
3773;ENS-0009;Juillet;2026;277000.00;0.00;30000.00;247000.00;Virement bancaire
3774;ENS-0010;Juillet;2026;1721000.00;120000.00;268000.00;1573000.00;Orange Money
3775;ENS-0011;07;2026;1906000.00;0.00;307000.00;1599000.00;Especes
3776;ENS-0012;Juillet;2026;1933000.00;0.00;207000.00;1726000.00;Virement bancaire
3777;ENS-0013;Juillet;2026;1068000.00;0.00;121000.00;947000.00;Virement bancaire
3778;ENS-0014;Juillet;2026;1104000.00;0.00;133000.00;971000.00;Orange Money
3779;ENS-0015;Juillet;2026;509000.00;73000.00;89000.00;493000.00;Wave
3780;ENS-0016;Juillet;2026;1091000.00;0.00;114000.00;977000.00;Virement bancaire
3781;ENS-0017;Juillet;2026;1123000.00;75000.00;95000.00;1103000.00;Wave
3782;ENS-0018;Juillet;2026;549000.00;0.00;55000.00;494000.00;Wave
3783;ENS-0019;Juillet;2026;406000.00;0.00;48000.00;358000.00;Virement bancaire
3784;ENS-0020;Juillet;2026;569000.00;0.00;62000.00;507000.00;Virement bancaire
3785;ENS-0021;Juillet;2026;776000.00;0.00;96000.00;680000.00;Orange Money
3786;ENS-0022;Juillet;2026;122000.00;0.00;11000.00;-111000.00;Virement bancaire
3787;ENS-0023;Juillet;2026;859000.00;0.00;87000.00;772000.00;Virement bancaire
3788;ENS-0024;Juillet;2026;743000.00;48000.00;77000.00;714000.00;Espèces
3789;ENS-0025;Juillet;2026;531000.00;68000.00;63000.00;536000.00;Orange Money
3790;ENS-0026;Juillet;2026;516000.00;0.00;55000.00;461000.00;Virement bancaire
3791;ENS-0027;Juillet;2026;1218000.00;4209287.92;169000.00;1049000.00;Wave
3792;ENS-0028;JUILLET;2026;1012000.00;81000.00;174000.00;919000.00;Virement bancaire
3793;ENS-0029;Juillet;2026;236000.00;0.00;41000.00;195000.00;Virement bancaire
3793;ENS-0029;Juillet;2026;236000.00;0.00;41000.00;195000.00;Virement bancaire
3794;ENS-0030;Juillet;2026;1827000.00;0.00;183000.00;1644000.00;Virement bancaire
3795;ENS-0031;Juillet;2026;734000.00;0.00;64000.00;670000.00;Virement bancaire
3796;ENS-0032;Juillet;2026;416000.00;0.00;50000.00;366000.00;Virement bancaire
3797;ENS-0033;Juillet;2026;512000.00;33000.00;85000.00;460000.00;Wave
3798;ENS-0034;Juillet;2026;1204000.00;0.00;142000.00;1062000.00;Virement bancaire
3799;ENS-0035;Juillet;2026;1803000.00;0.00;237000.00;1566000.00;Orange Money
3800;ENS-0036;Juillet;2026;196000.00;0.00;22000.00;174000.00;Virement bancaire
3801;ENS-0037;Juillet;2026;1476000.00;0.00;178000.00;1298000.00;Virement bancaire
3802;ENS-0038;Juillet;2026;122000.00;0.00;13000.00;109000.00;Espèces
3803;ENS-0039;Juillet;2026;528000.00;36000.00;55000.00;509000.00;Virement bancaire
3804;ENS-0040;Juillet;2026;640000.00;0.00;112000.00;528000.00;Virement bancaire
3805;ENS-0041;Juillet;2026;1110000.00;81000.00;187000.00;1004000.00;Virement bancaire
3805;ENS-0041;Juillet;2026;1110000.00;81000.00;187000.00;1004000.00;Virement bancaire
3806;ENS-0042;Juillet;2026;1723000.00;0.00;179000.00;1544000.00;Virement bancaire
3807;ENS-0043;Juillet;2026;283000.00;0.00;33000.00;250000.00;Virement bancaire
3808;ENS-0044;Juil.;2026;230000.00;0.00;36000.00;194000.00;Virement bancaire
3809;ENS-0045;Juillet;2026;220000.00;0.00;21000.00;-199000.00;Virement bancaire
3810;ENS-0046;Juillet;2026;1211000.00;137000.00;146000.00;1202000.00;Virement bancaire
3811;ENS-0047;07;2026;357000.00;0.00;55000.00;302000.00;Virement bancaire
3812;ENS-0048;Juillet;2026;212000.00;0.00;29000.00;183000.00;Virement bancaire
3813;ENS-0049;Juillet;2026;235000.00;0.00;32000.00;203000.00;Virement bancaire
3814;ENS-0050;Juillet;2026;445000.00;0.00;48000.00;397000.00;Virement bancaire
3815;ENS-0051;Juillet;2026;1212000.00;111000.00;146000.00;1177000.00;Virement
3816;ENS-0052;Juillet;2026;185000.00;0.00;30000.00;155000.00;Virement bancaire
3817;ENS-0053;Juillet;2026;1185000.00;0.00;205000.00;980000.00;Virement bancaire
3818;ENS-0054;Juillet;2026;759000.00;40000.00;104000.00;695000.00;Espèces
3819;ENS-0055;Juillet;2026;841000.00;0.00;89000.00;752000.00;Virement bancaire
3820;ENS-0056;Juillet;2026;1642000.00;119000.00;168000.00;1593000.00;Virement bancaire
3821;ENS-0057;Juillet;2026;800000.00;90000.00;114000.00;776000.00;Virement bancaire
3822;ENS-0058;Juillet;2026;1175000.00;100000.00;179000.00;1096000.00;Espèces
3822;ENS-0058;Juillet;2026;1175000.00;100000.00;179000.00;1096000.00;Espèces
3823;ENS-0059;Juillet;2026;274000.00;0.00;32000.00;242000.00;Virement bancaire
3824;ENS-0060;Juillet;2026;1578000.00;129000.00;248000.00;1459000.00;Virement bancaire
3825;ENS-0061;Juillet;2026;285000.00;0.00;29000.00;256000.00;Virement bancaire
3826;ENS-0062;Juillet;2026;1434000.00;0.00;239000.00;1195000.00;Virement bancaire
3827;ENS-0063;Juillet;2026;156000.00;0.00;24000.00;132000.00;Wave
3828;ENS-0064;Juillet;2026;280000.00;0.00;28000.00;252000.00;Virement bancaire
3829;ENS-0065;Juillet;2026;503000.00;58000.00;44000.00;517000.00;Virement bancaire
3830;ENS-0066;Juillet;2026;259000.00;0.00;45000.00;214000.00;Wave
3831;ENS-0067;Juillet;2026;1132000.00;0.00;164000.00;968000.00;Virement bancaire
3832;ENS-0068;Juillet;2026;1277000.00;125000.00;221000.00;1181000.00;Virement bancaire
3833;ENS-0069;Juillet;2026;133000.00;0.00;18000.00;115000.00;Virement bancaire
3834;ENS-0070;Juillet;2026;1009000.00;0.00;94000.00;915000.00;Orange Money
3835;ENS-0071;Juillet;2026;228000.00;0.00;27000.00;201000.00;Virement bancaire
3836;ENS-0072;Juillet;2026;1657000.00;0.00;182000.00;1475000.00;Virement bancaire
3837;ENS-0073;Juillet;2026;158000.00;0.00;28000.00;130000.00;Espèces
3838;ENS-0074;Juillet;2026;521000.00;55000.00;89000.00;487000.00;Wave
3839;ENS-0075;Juillet;2026;1848000.00;0.00;255000.00;1593000.00;Virement bancaire
3840;ENS-0076;Juillet;2026;1517000.00;0.00;124000.00;1393000.00;Wave
3840;ENS-0076;Juillet;2026;1517000.00;0.00;124000.00;1393000.00;Wave
3841;ENS-0077;Juillet;2026;279000.00;0.00;26000.00;253000.00;Orange Money
3842;ENS-0078;Juillet;2026;1297000.00;0.00;129000.00;1168000.00;Virement bancaire
3843;ENS-0079;Juillet;2026;148000.00;0.00;19000.00;129000.00;Orange Money
3844;ENS-0080;Juillet;2026;252000.00;0.00;39000.00;213000.00;Virement bancaire
3845;ENS-0081;Juillet;2026;368000.00;0.00;42000.00;326000.00;Virement bancaire
3846;ENS-0082;Juillet;2026;509000.00;35000.00;61000.00;483000.00;Virement bancaire
3847;ENS-0083;Juillet;2026;1017000.00;88000.00;173000.00;932000.00;Espèces
3848;ENS-0084;Juillet;2026;190000.00;0.00;21000.00;169000.00;Virement bancaire
3848;ENS-0084;Juillet;2026;190000.00;0.00;21000.00;169000.00;Virement bancaire
3849;ENS-0085;Juillet;2026;774000.00;0.00;89000.00;685000.00;Virement bancaire
3850;ENS-0086;Juillet;2026;896000.00;0.00;108000.00;788000.00;Espèces
3851;ENS-0087;Juillet;2026;1007000.00;0.00;158000.00;849000.00;Virement bancaire
3852;ENS-0088;Juillet;2026;176000.00;0.00;14000.00;162000.00;Virement bancaire
3853;ENS-0089;Juillet;2026;1253000.00;0.00;120000.00;1133000.00;Orange Money
3854;ENS-0090;Juillet;2026;1740000.00;0.00;259000.00;1481000.00;Virement bancaire
3855;ENS-0091;Juillet;2026;257000.00;0.00;33000.00;224000.00;Virement bancaire
3856;ENS-0092;Juillet;2026;1152000.00;0.00;175000.00;977000.00;Espèces
3857;ENS-0093;Juillet;2026;545000.00;51000.00;55000.00;541000.00;Virement bancaire
3858;ENS-0094;Juillet;2026;1219000.00;0.00;179000.00;1040000.00;Virement bancaire
3858;ENS-0094;Juillet;2026;1219000.00;0.00;179000.00;1040000.00;Virement bancaire
3859;ENS-0095;Juillet;2026;1806000.00;131000.00;187000.00;1750000.00;Virement bancaire
3860;ENS-0096;Juillet;2026;822000.00;107000.00;135000.00;-794000.00;Orange Money
3861;ENS-0097;Juillet;2026;141000.00;0.00;20000.00;121000.00;Wave
3862;ENS-0098;Juillet;2026;1217000.00;0.00;135000.00;1082000.00;Wave
3863;ENS-0099;Juillet;2026;372000.00;0.00;37000.00;335000.00;Virement bancaire
3864;ENS-0100;Juillet;2026;1050000.00;91000.00;161000.00;980000.00;Banque
3865;ENS-0101;Juillet;2026;290000.00;0.00;43000.00;247000.00;Virement bancaire
3866;ENS-0102;Juillet;2026;166000.00;0.00;21000.00;145000.00;Virement bancaire
3867;ENS-0103;Juillet;2026;1188000.00;153000.00;185000.00;1156000.00;Orange Money
3868;ENS-0104;07;2026;720000.00;0.00;91000.00;629000.00;Virement bancaire
3869;ENS-0105;Juillet;2026;180000.00;0.00;19000.00;161000.00;Virement bancaire
3870;ENS-0106;Juillet;2026;1085000.00;63000.00;158000.00;990000.00;Orange Money
3871;ENS-0107;Juillet;2026;735000.00;0.00;100000.00;-635000.00;Virement bancaire
3872;ENS-0108;Juillet;2026;1028000.00;114000.00;166000.00;976000.00;Virement bancaire
3873;ENS-0109;Juillet;2026;1791000.00;0.00;251000.00;1540000.00;Virement bancaire
3874;ENS-0110;Juillet;2026;346000.00;0.00;57000.00;289000.00;Virement bancaire
3875;ENS-0111;Juillet;2026;412000.00;0.00;53000.00;359000.00;Virement bancaire
3875;ENS-0111;Juillet;2026;412000.00;0.00;53000.00;359000.00;Virement bancaire
3876;ENS-0112;Juillet;2026;1714000.00;0.00;162000.00;1552000.00;Virement bancaire
3877;ENS-0113;Juillet;2026;1072000.00;143000.00;87000.00;1128000.00;Espèces
3878;ENS-0114;Juillet;2026;1118000.00;0.00;160000.00;958000.00;Orange Money
3879;ENS-0115;Juillet;2026;218000.00;0.00;32000.00;186000.00;Wave
3880;ENS-0116;Juillet;2026;1177000.00;152000.00;211000.00;1118000.00;Espèces
3881;ENS-0117;07;2026;309000.00;0.00;49000.00;260000.00;Virement bancaire
3882;ENS-0118;Juillet;2026;512000.00;49000.00;78000.00;483000.00;Orange Money
3882;ENS-0118;Juillet;2026;512000.00;49000.00;78000.00;483000.00;Orange Money
3883;ENS-0119;Juillet;2026;881000.00;118000.00;73000.00;926000.00;Virement bancaire
3884;ENS-0120;Juillet;2026;1157000.00;3765606.25;200000.00;1056000.00;Virement bancaire
3885;ENS-0001;Août;2026;1188000.00;0.00;207000.00;981000.00;Orange Money
3886;ENS-0002;Août;2026;908000.00;0.00;160000.00;748000.00;Virement bancaire
3887;ENS-0003;Août;2026;1213000.00;150000.00;158000.00;1205000.00;Orange Money
3888;ENS-0004;Août;2026;166000.00;0.00;20000.00;146000.00;Virement bancaire
3889;ENS-0005;Août;2026;169000.00;0.00;16000.00;153000.00;Virement bancaire
3890;ENS-0006;Août;2026;235000.00;0.00;34000.00;201000.00;Orange Money
3891;ENS-0007;Août;2026;1306000.00;0.00;187000.00;1119000.00;Virement bancaire
3892;ENS-0008;Août;2026;1264000.00;90000.00;160000.00;1194000.00;Virement bancaire
3893;ENS-0009;Août;2026;213000.00;0.00;38000.00;175000.00;Virement bancaire
3894;ENS-0010;Août;2026;1721000.00;0.00;285000.00;1436000.00;Orange Money
3895;ENS-0011;Août;2026;1906000.00;0.00;235000.00;1671000.00;Espèces
3896;ENS-0012;Août;2026;1933000.00;5776472.58;309000.00;1624000.00;Virement bancaire
3897;ENS-0013;Août;2026;1068000.00;121000.00;137000.00;1052000.00;Virement bancaire
3898;ENS-0014;Août;2026;1104000.00;0.00;165000.00;939000.00;Orange Money
3899;ENS-0015;Août;2026;509000.00;0.00;89000.00;420000.00;Wave
3900;ENS-0016;Août;2026;1091000.00;143000.00;110000.00;1124000.00;Virement bancaire
3901;ENS-0017;Août;2026;1123000.00;136000.00;128000.00;1131000.00;Wave
3902;ENS-0018;Août;2026;549000.00;0.00;87000.00;462000.00;Orange Money
3903;ENS-0019;Août;2026;269000.00;0.00;46000.00;223000.00;Virement bancaire
3904;ENS-0020;Août;2026;569000.00;0.00;46000.00;523000.00;Virement bancaire
3905;ENS-0021;Août;2026;776000.00;0.00;105000.00;671000.00;Orange Money
3906;ENS-0022;Août;2026;124000.00;0.00;13000.00;111000.00;Virement bancaire
3907;ENS-0023;Août;2026;859000.00;50000.00;82000.00;827000.00;Virement bancaire
3908;ENS-0024;Août;2026;743000.00;109000.00;131000.00;721000.00;Espèces
3909;ENS-0025;Août;2026;531000.00;0.00;75000.00;456000.00;Orange Money
3910;ENS-0026;Août;2026;516000.00;0.00;76000.00;440000.00;Virement bancaire
3911;ENS-0027;Août;2026;1218000.00;0.00;116000.00;1102000.00;Wave
3912;ENS-0028;Août;2026;1012000.00;0.00;120000.00;892000.00;Virement bancaire
3913;ENS-0029;Août;2026;427000.00;0.00;61000.00;366000.00;Virement bancaire
3914;ENS-0030;Août;2026;1827000.00;0.00;155000.00;1672000.00;Virement bancaire
3915;ENS-0031;Août;2026;734000.00;1652795.35;98000.00;636000.00;Virement bancaire
3916;ENS-0032;Août;2026;213000.00;0.00;20000.00;193000.00;Virement bancaire
3917;ENS-0033;Août;2026;512000.00;0.00;68000.00;444000.00;Wave
3917;ENS-0033;Août;2026;512000.00;0.00;68000.00;444000.00;Wave
3918;ENS-0034;Août;2026;1204000.00;0.00;214000.00;990000.00;Virement bancaire
3919;ENS-0035;Août;2026;1803000.00;268000.00;180000.00;1891000.00;Orange Money
3920;ENS-0036;Août;2026;326000.00;0.00;40000.00;286000.00;Virement bancaire
3921;ENS-0037;Août;2026;1476000.00;0.00;195000.00;1281000.00;Virement bancaire
3922;ENS-0038;Août;2026;222000.00;0.00;19000.00;203000.00;Virement bancaire
3923;ENS-0039;Août;2026;528000.00;0.00;53000.00;475000.00;Virement bancaire
3924;ENS-0040;Août;2026;640000.00;0.00;97000.00;543000.00;Virement bancaire
3925;ENS-0041;Août;2026;1110000.00;0.00;184000.00;926000.00;Virement bancaire
3926;ENS-0042;Août;2026;1723000.00;125000.00;250000.00;1598000.00;Virement bancaire
3927;ENS-0043;Août;2026;218000.00;0.00;28000.00;190000.00;Wave
3928;ENS-0044;Août;2026;172000.00;0.00;28000.00;144000.00;Virement bancaire
3929;ENS-0045;08;2026;326000.00;0.00;33000.00;293000.00;Virement bancaire
3930;ENS-0046;Août;2026;1211000.00;178000.00;176000.00;-1213000.00;Virement bancaire
3931;ENS-0047;Août;2026;206000.00;0.00;27000.00;179000.00;Virement bancaire
3932;ENS-0048;Août.;2026;133000.00;0.00;19000.00;-114000.00;Virement bancaire
3933;ENS-0049;Août;2026;184000.00;0.00;18000.00;166000.00;Virement bancaire
3934;ENS-0050;Août;2026;471000.00;1189280.73;81000.00;390000.00;Virement bancaire
3935;ENS-0051;Août;2026;1212000.00;168000.00;210000.00;1170000.00;Virement bancaire
3936;ENS-0052;Août;2026;272000.00;0.00;36000.00;236000.00;Virement bancaire
3937;ENS-0053;Août;2026;1185000.00;103000.00;163000.00;1125000.00;Virement bancaire
3938;ENS-0054;Août;2026;759000.00;46000.00;117000.00;688000.00;Espèces
3939;ENS-0055;Août;2026;841000.00;0.00;80000.00;761000.00;Virement bancaire
3940;ENS-0056;Août;2026;1642000.00;127000.00;218000.00;1551000.00;Virement bancaire
3941;ENS-0057;Août;2026;800000.00;0.00;86000.00;714000.00;Virement bancaire
3942;ENS-0058;Août;2026;1175000.00;0.00;197000.00;978000.00;Espèces
3943;ENS-0059;Août;2026;161000.00;458178.84;25000.00;136000.00;Virement bancaire
3944;ENS-0060;Août;2026;1578000.00;0.00;248000.00;1330000.00;Virement bancaire
3945;ENS-0061;Aout;2026;209000.00;0.00;32000.00;177000.00;Virement bancaire
3946;ENS-0062;Août;2026;1434000.00;0.00;254000.00;1180000.00;Virement bancaire
3947;ENS-0063;Août;2026;392000.00;0.00;65000.00;327000.00;Wave
3948;ENS-0064;Aout;2026;305000.00;0.00;24000.00;281000.00;Virement bancaire
3949;ENS-0065;Août;2026;503000.00;0.00;66000.00;437000.00;Virement bancaire
3950;ENS-0066;Août;2026;236000.00;0.00;39000.00;197000.00;Wave
3951;ENS-0067;Août;2026;1132000.00;122000.00;185000.00;1069000.00;Virement bancaire
3952;ENS-0068;Août;2026;1277000.00;78000.00;142000.00;1213000.00;Virement bancaire
3953;ENS-0069;Août;2026;207000.00;0.00;25000.00;182000.00;Virement bancaire
3954;ENS-0070;Août;2026;1009000.00;87000.00;90000.00;1006000.00;Orange Money
3955;ENS-0071;Août;2026;197000.00;0.00;25000.00;172000.00;Virement bancaire
3956;ENS-0072;Août;2026;1657000.00;110000.00;179000.00;1588000.00;Orange Money
3957;ENS-0073;Août;2026;249000.00;0.00;20000.00;229000.00;Espèces
3958;ENS-0074;Août;2026;521000.00;58000.00;73000.00;506000.00;Wave
3959;ENS-0075;Août;2026;1848000.00;0.00;246000.00;1602000.00;Virement bancaire
3960;ENS-0076;Août.;2026;1517000.00;0.00;229000.00;1288000.00;Wave
3961;ENS-0077;Août;2026;324000.00;0.00;29000.00;295000.00;Orange Money
3962;ENS-0078;Août;2026;1297000.00;88000.00;142000.00;1243000.00;Virement bancaire
3963;ENS-0079;Août;2026;265000.00;0.00;32000.00;233000.00;Orange Money
3964;ENS-0080;Août;2026;408000.00;0.00;43000.00;365000.00;Virement bancaire
3965;ENS-0081;Août;2026;454000.00;0.00;50000.00;404000.00;Virement bancaire
3966;ENS-0082;Août;2026;509000.00;46000.00;89000.00;466000.00;Virement bancaire
3967;ENS-0083;Août;2026;1017000.00;67000.00;180000.00;904000.00;Wave
3968;ENS-0084;Août;2026;215000.00;0.00;29000.00;186000.00;Virement bancaire
3969;ENS-0085;Août;2026;774000.00;0.00;100000.00;674000.00;Virement bancaire
3970;ENS-0086;Août;2026;896000.00;0.00;86000.00;810000.00;Espèces
3970;ENS-0086;Août;2026;896000.00;0.00;86000.00;810000.00;Espèces
3971;ENS-0087;Août;2026;1007000.00;0.00;85000.00;922000.00;Virement bancaire
3972;ENS-0088;août;2026;177000.00;0.00;31000.00;146000.00;Virement bancaire
3973;ENS-0089;Août;2026;1253000.00;0.00;144000.00;1109000.00;Orange Money
3973;ENS-0089;Août;2026;1253000.00;0.00;144000.00;1109000.00;Orange Money
3974;ENS-0090;Août;2026;1740000.00;112000.00;156000.00;1696000.00;Virement bancaire
3975;ENS-0091;Août;2026;300000.00;0.00;32000.00;268000.00;Virement bancaire
3976;ENS-0092;Août;2026;1152000.00;58000.00;188000.00;1022000.00;Espèces
3977;ENS-0093;Août;2026;545000.00;0.00;49000.00;496000.00;Virement bancaire
3978;ENS-0094;Août;2026;1219000.00;106000.00;206000.00;1119000.00;Virement bancaire
3979;ENS-0095;Août;2026;1806000.00;0.00;189000.00;1617000.00;Virement bancaire
3980;ENS-0096;Août;2026;822000.00;0.00;85000.00;737000.00;Orange Money
3981;ENS-0097;Août;2026;97000.00;0.00;8000.00;89000.00;Wave
3982;ENS-0098;Août;2026;1217000.00;0.00;132000.00;1085000.00;Virement bancaire
3983;ENS-0099;Août;2026;349000.00;0.00;28000.00;321000.00;Virement bancaire
3984;ENS-0100;Août;2026;1050000.00;110000.00;107000.00;1053000.00;Virement bancaire
3985;ENS-0101;Août;2026;294000.00;0.00;32000.00;-262000.00;Virement bancaire
3986;ENS-0102;Août;2026;221000.00;0.00;36000.00;185000.00;Virement bancaire
3987;ENS-0103;Août;2026;1188000.00;0.00;100000.00;-1088000.00;Virement bancaire
3988;ENS-0104;Août;2026;720000.00;105000.00;102000.00;723000.00;Virement bancaire
3989;ENS-0105;Août;2026;168000.00;0.00;20000.00;148000.00;Virement bancaire
3990;ENS-0106;Août;2026;1085000.00;1650760.83;129000.00;956000.00;Virement bancaire
3991;ENS-0107;Août;2026;735000.00;0.00;106000.00;629000.00;Virement bancaire
3992;ENS-0108;Août;2026;1028000.00;0.00;133000.00;895000.00;Virement bancaire
3993;ENS-0109;Août;2026;1791000.00;258000.00;247000.00;1802000.00;Virement bancaire
3994;ENS-0110;Août;2026;208000.00;0.00;19000.00;189000.00;Virement bancaire
3995;ENS-0111;Août;2026;323000.00;0.00;35000.00;288000.00;Virement bancaire
3996;ENS-0112;Août;2026;1714000.00;3143770.41;165000.00;1549000.00;Virement bancaire
3997;ENS-0113;Août;2026;1072000.00;88000.00;137000.00;1023000.00;Virement bancaire
3998;ENS-0114;Août;2026;1118000.00;112000.00;92000.00;1138000.00;Orange Money
3999;ENS-0115;Août;2026;329000.00;0.00;54000.00;275000.00;Wave
4000;ENS-0116;Août;2026;1177000.00;107000.00;178000.00;1106000.00;Espèces
4001;ENS-0117;Août;2026;251000.00;0.00;32000.00;219000.00;Virement bancaire
4002;ENS-0118;Août;2026;512000.00;0.00;72000.00;440000.00;Orange Money
4003;ENS-0119;Août;2026;881000.00;0.00;136000.00;745000.00;Virement bancaire
4003;ENS-0119;Août;2026;881000.00;0.00;136000.00;745000.00;Virement bancaire
4004;ENS-0120;Août;2026;1157000.00;173000.00;195000.00;1135000.00;Virement bancaire
