id_etudiant,matricule,student_code
da1b0f67-7afe-400a-8546-8d16ea6d39cb,ESM-2023-00001,LMS-000812
c06efbf5-e33b-46a8-8bbe-a5f4330cc0ee,ESM-2023-00002,LMS-002702
0d59916f-857a-4312-847f-249d552c4a74,ESM-2023-00003,LMS-006260
c49e2589-88eb-4255-ad95-fb64ffccdd5a,ESM-2023-00004,LMS-005784
98ffccf6-345d-49e3-8067-a0ed4e26c991,ESM-2023-00005,LMS-000469
2db4b12b-0b94-4e8d-ac24-01a119f92867,ESM-2023-00006,LMS-004175
22778ad8-9057-40a8-9d93-4bc33c01715c,ESM-2023-00007,LMS-003835
53881c04-aa04-421d-b9a8-f87bd7470ee8,ESM-2023-00008,LMS-008264
ef266202-1c44-43e2-bd1d-0b10aaba6ceb,ESM-2023-00009,LMS-003069
ac6c37da-b267-4d88-aab3-83d3fe9cf903,ESM-2023-00010,LMS-001051
7218c974-c9a2-4d2b-bcef-881a76ee745e,ESM-2023-00011,LMS-008571
a52f2167-10a8-4af2-ab3a-0cfda4599c8d,ESM-2023-00012,LMS-002854
c6331b21-eef0-4c36-9cf7-9807044f61ea,ESM-2023-00013,LMS-003427
145fea52-3d04-45b7-8577-6bfaec39dc86,ESM-2023-00015,LMS-004701
b062976a-8a5b-44bf-8267-04f7d16b8c37,ESM-2023-00016,LMS-003267
cc5d57c1-299c-483b-a234-f5287f1e1105,ESM-2023-00017,LMS-001780
aceb498d-1993-47f3-8236-2702433492d9,ESM-2023-00018,LMS-000108
bcf5e47f-70fe-45bf-9104-04432dd327da,ESM-2023-00019,LMS-008683
c4513db9-8a8d-46dc-9f60-7a6cd3369cf1,ESM-2023-00021,LMS-002619
bdbb6d25-cf41-4626-8268-b54f1cfcf666,ESM-2023-00022,LMS-004755
38c21c3a-fb63-44a8-86b1-d1fbf9236d21,ESM-2023-00023,LMS-004176
8d7acc65-37e6-4a9d-9ced-02d4fa86e413,ESM-2023-00024,LMS-009100
81c66f8e-50bc-4a1c-b7f0-ea9b1fd72bc1,ESM-2023-00025,LMS-005081
0fdf1498-976b-4764-9acc-c476723ce018,ESM-2023-00026,LMS-003982
ef76cc66-5569-4f55-9d38-3c516b3bfb98,ESM-2023-00027,LMS-005073
e62443e7-4461-4f4c-8730-595dc8ef2a98,ESM-2023-00029,LMS-000302
d616e5c1-3842-4fd5-aefd-6a521eeed86d,ESM-2023-00031,LMS-002886
cd7211ec-7fa5-43c5-9fd6-b61548b9ed1b,ESM-2023-00032,LMS-000028
c29bc4f9-5327-487f-881d-e4948d7053df,ESM-2023-00033,LMS-009494
b109cebe-fcca-4152-87e3-ada01857cbcb,ESM-2023-00034,LMS-005265
d3dcce53-e9d5-4b5f-9c04-1a90f513cf03,ESM-2023-00035,LMS-001063
1b0de615-e26a-481a-948b-76ce7b5f74b8,ESM-2023-00036,LMS-000295
df705c11-7bb5-46ab-9171-e539f92913d1,ESM-2023-00038,LMS-004950
d7b779c8-0fd7-4bc5-ba7e-225c3f6ea4f3,ESM-2023-00039,LMS-008707
04c743cb-812b-42ec-8c6b-e737611e46dc,ESM-2023-00040,LMS-001012
54236381-1ce5-465e-af6d-b5e7ac7e1af0,ESM-2023-00042,LMS-001598
87de6826-40cd-483f-a16e-23b2477e2ae0,ESM-2023-00043,LMS-003184
fe5da31a-37ae-4f63-b6d0-b6524a1f18e8,ESM-2023-00044,LMS-004115
35b2ba1c-300a-4434-ab9d-0ebe9cd3d534,ESM-2023-00045,LMS-002827
4cd90b31-8cb6-42fc-84d3-280a8c08b4e4,ESM-2023-00046,LMS-002837
8858c9b5-2584-4e45-9b05-e832db355df1,ESM-2023-00047,LMS-008137
cd1d90aa-6212-4a1e-a298-ba8cdefe6380,ESM-2023-00048,LMS-005351
8b7c48f1-78e6-497d-9d14-78d20feea63d,ESM-2023-00049,LMS-002919
c8c506cc-aa63-4bdf-9a33-0f60a449f019,ESM-2023-00050,LMS-003719
6ee01d2c-13dd-4aed-a080-55bb2a37cad5,ESM-2023-00051,LMS-007562
1243702b-c4da-4a04-89a0-7a4ccdf1e316,ESM-2023-00052,LMS-006001
ac4350cf-d26c-41f4-bf03-66d108ad48c8,ESM-2023-00053,LMS-007159
16d59174-28c6-4407-9d49-09718686f1fe,ESM-2023-00054,LMS-002717
84109f97-1feb-46c7-a0bb-10c4674d8b9e,ESM-2023-00055,LMS-000515
1f5abffd-eeba-4ae4-8aed-93129702e390,ESM-2023-00056,LMS-002896
227ac67f-4cf8-435e-b0b0-ddb42b372ccf,ESM-2023-00057,LMS-003407
92cef770-7b45-49d8-99d1-cb592e444bc0,ESM-2023-00058,LMS-005815
6de8ce92-d857-4e62-9beb-7c633443f861,ESM-2023-00059,LMS-007947
cb5b6f2f-d76b-4911-ad1d-66a89050fedb,ESM-2023-00060,LMS-001790
79d38848-09da-4c8f-9b6f-9b816917ed51,ESM-2023-00061,LMS-002661
c82471c6-c54f-4dc0-9ad7-1c3fa3179859,ESM-2023-00062,LMS-006597
a1f14abe-50cd-40be-893d-8eb05e19c342,ESM-2023-00063,LMS-008984
72b476cd-0077-4da3-b869-4288e390efa4,ESM-2023-00064,LMS-009329
2feb784e-9158-4558-88c6-b80fd02b4e3d,ESM-2023-00065,LMS-004135
d1f9612b-a252-411d-a893-ad97700028a5,ESM-2023-00066,LMS-007057
136a97a5-3ec9-4d1c-a8ce-b83f40a4329d,ESM-2023-00067,LMS-003782
42fc1879-4299-4608-9ef7-3204ac351e73,ESM-2023-00070,LMS-000750
50bf28e2-79ef-40d9-aae4-793c59ec180a,ESM-2023-00071,LMS-004880
d8f757a7-9043-4b48-9719-15c6381d1a90,ESM-2023-00072,LMS-000281
2c08fad7-c726-4095-8861-a8a75cf2166b,ESM-2023-00074,LMS-008153
bb86008d-6a08-4ce0-a22c-917da9dd6120,ESM-2023-00075,LMS-003450
67a1d538-bc63-404a-a840-397fab34b951,ESM-2023-00076,LMS-002091
fc86b722-19f7-438e-836a-05a8417d9967,ESM-2023-00077,LMS-005794
e4166267-033b-4f09-af3e-e69a4653bd28,ESM-2023-00079,LMS-006451
3f2487ae-9b15-4e5d-a6ed-3885901dbea3,ESM-2023-00080,LMS-007827
9dec0e4e-537a-4755-8aa1-ed90f100e8db,ESM-2023-00081,LMS-002812
8034ec35-c12c-4a78-85c0-b73f907f68cd,ESM-2023-00082,LMS-003148
b84f76ea-3311-48d2-ba2a-d6f8b86a13f1,ESM-2023-00083,LMS-003312
b40a4694-5538-4f2d-b72b-22c07abe9b90,ESM-2023-00084,LMS-003525
eef3991a-7206-4bae-8f58-923ee09f2281,ESM-2023-00085,LMS-006245
7260b405-72bc-4449-99d7-ecf2729b9c2e,ESM-2023-00087,LMS-003863
b2484b61-bd0b-4942-86ae-1c46ead64cef,ESM-2023-00088,LMS-008150
39f1ae48-3167-4997-9a44-afb38035eeb7,ESM-2023-00089,LMS-003643
74592436-f4c7-46e7-b821-d839297c0a7d,ESM-2023-00090,LMS-005580
2b5da46b-4d6b-40b2-ac43-a34500c7fd90,ESM-2023-00091,LMS-003064
1f7af446-0b4d-4ced-943d-caf0eaae5d01,ESM-2023-00092,LMS-007449
9e23c8b4-16fa-4c73-b782-c3995cb840ca,ESM-2023-00093,LMS-002333
3b89c341-0d48-4141-a8ec-5ceb9903ced6,ESM-2023-00094,LMS-005318
3b33e21a-2ef3-4113-9afc-3089da4d0500,ESM-2023-00095,LMS-008257
77cab3a1-1d84-4e6a-b5f3-33c3acbe71c6,ESM-2023-00096,LMS-006219
9417450a-964a-4452-bc31-ff0d625939ff,ESM-2023-00097,LMS-006357
538eb01d-dea5-4b09-aaab-4bb3831803ae,ESM-2023-00100,LMS-005007
2c688c9b-52b1-4242-949c-6029eebc1760,ESM-2023-00101,LMS-001851
478f51fe-9e5f-4ab0-81ac-f997d522de5f,ESM-2023-00102,LMS-008095
472865b3-c778-4695-9cc4-c46655b1822d,ESM-2023-00103,LMS-007904
2fd0ad35-1d00-4740-8a93-6e474a3ba75e,ESM-2023-00104,LMS-000488
b4fb5c1a-f347-45d8-9a8d-35b604990d84,ESM-2023-00105,LMS-004830
71205e50-a9a3-4282-9982-85fa0618d1c0,ESM-2023-00106,LMS-007276
eb914e33-5ffd-41bb-9df1-4ee6df4eef50,ESM-2023-00107,LMS-003331
4b3c8950-2997-4264-9bdc-50ae0aab58e5,ESM-2023-00109,LMS-008586
d6e58aec-da3e-4a6b-934b-7550b711fc9e,ESM-2023-00110,LMS-004793
d040fa87-5f93-4e17-a373-ffbf51c51619,ESM-2023-00111,LMS-006996
60556a0b-0825-48f4-9078-534c032b5eb5,ESM-2023-00112,LMS-006358
fea6fa46-ef9b-4baf-9ab6-4b7cb2f8348f,ESM-2023-00113,LMS-001176
100a8085-3667-4922-9edb-5ff06545de40,ESM-2023-00114,LMS-005392
dceb12e2-9e11-42d1-803e-74758287e7cf,ESM-2023-00115,LMS-002335
5c5e9336-6feb-48bf-9aeb-9a97c01577e6,ESM-2023-00116,LMS-004925
623a1851-58e1-4ccd-952c-203ba9223ff8,ESM-2023-00117,LMS-008656
a370763f-34c2-4388-84c7-dd65d9146f21,ESM-2023-00118,LMS-008982
9342e034-81ba-4c30-9555-1dbe6eafee3c,ESM-2023-00119,LMS-003300
e0d661ad-93ec-4237-b26a-f1b6ddc6eaf6,ESM-2023-00120,LMS-009279
8a18a86a-03f9-4256-8de9-043c35480be3,ESM-2023-00121,LMS-001807
a1cc2a3c-46f5-4a86-84df-1f621b4c39a1,ESM-2023-00122,LMS-003282
f95dcdb2-63fd-4dbd-bce6-9d5b13356c6a,ESM-2023-00123,LMS-003715
5294704f-d07f-4ba3-9815-be5f75cc0dca,ESM-2023-00124,LMS-003054
e41e50d9-c01c-4c17-a6be-7303313008c7,ESM-2023-00125,LMS-003348
d65c74b3-500d-4546-ba00-a7e741ffac49,ESM-2023-00126,LMS-006172
6199001c-a227-4d91-9601-05670dffab59,ESM-2023-00127,LMS-004568
d77879b8-45c3-41b9-8056-2876ebecc756,ESM-2023-00128,LMS-004840
19829738-fcf6-41dc-b8f7-4e6b20ae3d17,ESM-2023-00129,LMS-008749
47a9decd-8420-41ef-99fd-c0a1bc183d46,ESM-2023-00130,LMS-007858
40abae31-4f01-4f4f-b01d-1c8c993ac222,ESM-2023-00131,LMS-003404
7b864aed-1aea-4a80-a9d3-a8b30ea44364,ESM-2023-00132,LMS-001095
24f072c2-1d4d-4dc4-b7b6-fa467bb9bf82,ESM-2023-00133,LMS-008482
24b25a8d-f828-41a2-a0d7-657b4e5b30fd,ESM-2023-00134,LMS-001153
3b4e5277-8699-43f0-bd29-8913c17160ab,ESM-2023-00135,LMS-006957
ddfbf3b1-ac86-4724-9485-385265285e84,ESM-2023-00136,LMS-000409
b21cd53e-645e-41d7-9926-da46eb9f4329,ESM-2023-00137,LMS-002306
bc563da3-615e-43a6-8ecf-ea61583eb8d9,ESM-2023-00138,LMS-006267
6d00b85d-58c5-4d96-b698-af4c0657170a,ESM-2023-00140,LMS-000602
59439358-6111-4a94-b2ea-eacedf38d24a,ESM-2023-00141,LMS-009333
7a098b91-c309-48f9-9128-9f0cf7c878aa,ESM-2023-00142,LMS-008747
e4395054-2883-4788-bf2d-f777926edcb2,ESM-2023-00144,LMS-000309
dfcfea4d-e674-4c1a-9b79-4d83e0b9c4d5,ESM-2023-00145,LMS-005437
718a0ee4-0dfe-4da9-9bd5-0be306309dcb,ESM-2023-00146,LMS-004605
45d69057-6756-48f1-8422-73ac9b31c8b2,ESM-2023-00147,LMS-001874
0b5c92af-ec22-4e6c-b616-bd1b20504872,ESM-2023-00148,LMS-002494
edc87237-e469-4e23-abf5-56e19d2cfbf6,ESM-2023-00149,LMS-008404
a2a4353b-79f9-47a5-9098-6f4fc950d36f,ESM-2023-00150,LMS-003356
ca361872-1ae1-4352-aa93-a15ba04418ca,ESM-2023-00151,LMS-002617
84861cb1-9912-4e59-8cfb-f4e807e64e76,ESM-2023-00152,LMS-008702
1fc177f8-b4ee-4754-b086-53fc9ad15992,ESM-2023-00153,LMS-008020
ae8a63be-968a-40e8-b3eb-c609b6bfd38e,ESM-2023-00154,LMS-000538
b8cbfdd2-5bc6-456c-83ab-dc4de1063883,ESM-2023-00155,LMS-002310
f76aa26e-39d0-4739-b823-11f40aae44e7,ESM-2023-00156,LMS-001457
7e288d5d-6f03-4e74-b2a3-cce189f21ebd,ESM-2023-00159,LMS-002296
68f17cde-3679-42cb-960b-d7718996f354,ESM-2023-00160,LMS-003051
4044b38e-4c91-4dcd-a1e3-a5aafcb559a2,ESM-2023-00161,LMS-003751
745a4c63-b4f4-481f-83de-4f7415da585a,ESM-2023-00162,LMS-006227
d0a6cadd-095d-45b9-b51c-626ffd2bdff5,ESM-2023-00163,LMS-005725
ada6e9ce-2300-423d-b5a0-83a7c3bf2d42,ESM-2023-00164,LMS-004277
a7f74810-1130-424f-bb7d-11fd30fe1957,ESM-2023-00165,LMS-004114
17811e4f-9d8b-4ea8-b086-9d43dd69f979,ESM-2023-00166,LMS-009389
56057857-305e-4725-9872-23f5bc98f857,ESM-2023-00167,LMS-001929
ef3b9080-9d46-44c6-b383-b7e16e4605de,ESM-2023-00168,LMS-005696
64b0749a-82a6-4def-a2b3-7c3c4d13394b,ESM-2023-00170,LMS-004262
20b61b4a-dc0f-489d-a598-9ff2b9aff855,ESM-2023-00171,LMS-001204
6583487b-0324-42f1-8420-991dc64374c6,ESM-2023-00174,LMS-007018
40d21177-c54d-4a7c-a6c0-677ec9dcc28a,ESM-2023-00175,LMS-003085
a55d0f65-ee25-42db-9a42-665b74499e71,ESM-2023-00176,LMS-006500
fdb7e382-d887-4656-baf6-25ea801b6ce9,ESM-2023-00177,LMS-006879
934542f9-2e76-4f94-90ab-6ab2f041342e,ESM-2023-00178,LMS-007801
f64394c3-ed18-4eae-b4c8-ed0b243954fe,ESM-2023-00179,LMS-007886
14eab08b-e6b2-41e6-84a4-7726a3cd5182,ESM-2023-00180,LMS-000320
842ef73e-8fc8-4d10-9448-0028f3132928,ESM-2023-00181,LMS-002325
e4abce3a-b618-4ddf-a0ee-c705a8997ba5,ESM-2023-00182,LMS-003101
2d0a9dea-d628-4596-9f00-c8a3c9bb873c,ESM-2023-00183,LMS-007837
5aa6e3d1-5b4c-46af-92bc-abd1b7a6fc8b,ESM-2023-00184,LMS-003043
219353d6-0d90-4f7d-9af6-64af00bc6f8e,ESM-2023-00185,LMS-005382
0c3a9703-ba6b-49e1-b2ca-0bcc5bbdc852,ESM-2023-00186,LMS-001227
3be43e5b-2001-4d95-808b-be9b36275646,ESM-2023-00187,LMS-000225
fb524eba-1041-4d6f-9a5e-6faae1964fd0,ESM-2023-00188,LMS-000396
779f2bc8-2232-4927-abe5-e63d7042e90a,ESM-2023-00189,LMS-008642
325017e8-4cab-43b6-8535-dddafc019f1c,ESM-2023-00190,LMS-002798
bf49ff0f-f8b5-40cb-a4e4-5c049b2fe3b9,ESM-2023-00191,LMS-001872
1bc65a7a-f553-4efc-84d4-da662c7ec066,ESM-2023-00192,LMS-003626
a32ec0b7-7cbe-4852-980f-630dd77ef563,ESM-2023-00194,LMS-005425
059ef8c2-de36-4b18-bf03-93f7de9b772e,ESM-2023-00195,LMS-006519
db44dea1-4862-4110-b0c6-ed2664d2707b,ESM-2023-00196,LMS-002115
ff1ef68c-503b-45b3-807c-b46a4efbc194,ESM-2023-00197,LMS-005824
7519d9b9-f0f4-4684-970f-b5c156e28005,ESM-2023-00199,LMS-002137
970e343e-3cbb-4477-bd7b-3c4c63803028,ESM-2023-00200,LMS-005227
465fbc5e-f1bf-4025-85b3-18a7e768a885,ESM-2023-00201,LMS-002835
7223b99e-e525-4635-a910-32a4595ea490,ESM-2023-00202,LMS-008764
034e8845-9ffe-41d3-b292-d5ae252d267d,ESM-2023-00203,LMS-001892
069eecf4-7f65-4d71-aa1d-bf7714c5e773,ESM-2023-00204,LMS-003220
337b6224-c5db-4431-8db4-9fc99bee525b,ESM-2023-00205,LMS-001375
1f482e99-0088-44cf-9f4c-213c3cd015cf,ESM-2023-00206,LMS-006147
493f89f0-43ce-4955-8510-1c497a3e0664,ESM-2023-00207,LMS-008024
bae2a877-d400-4f4a-b4c6-6e196c441337,ESM-2023-00209,LMS-002748
463f92a8-6db3-432f-bb89-14c9479f38d1,ESM-2023-00211,LMS-007375
dfbc3c1a-a846-47d3-b588-f94cc9cdc9a5,ESM-2023-00212,LMS-006044
5a6ab5fa-a7b9-46e5-bce9-d1b558b2c4a6,ESM-2023-00214,LMS-008968
1fae7680-5077-4e0c-820b-1e2c2b34edc9,ESM-2023-00215,LMS-003003
542262ba-0a90-4f4c-9c47-5d7bee7a246b,ESM-2023-00216,LMS-000077
7dc14417-3af2-4c61-9f33-e0a2ed225fdd,ESM-2023-00217,LMS-000169
7b9b9a1c-d184-4ed3-add4-f6964f60e778,ESM-2023-00218,LMS-004777
22cbcf38-8e42-47e7-8dd5-6ee4dc59b2f3,ESM-2023-00219,LMS-003446
37220f88-a554-4318-87fa-33c5ffd061c2,ESM-2023-00221,LMS-000719
726b28f4-7c0c-43bf-9b98-962266a9f70a,ESM-2023-00222,LMS-006484
5503a1cd-13a1-46cd-96da-17ff3efc3614,ESM-2023-00223,LMS-008466
274d19c1-0c26-474d-8929-f2b1be99070b,ESM-2023-00224,LMS-001743
c940ccde-b29f-485c-893d-1f68bcd23c77,ESM-2023-00225,LMS-000990
72126403-cb09-478a-abcb-291908d7aff1,ESM-2023-00226,LMS-004639
7e7c81db-285c-4cb7-a352-d1cefec90671,ESM-2023-00227,LMS-005704
d5815d4f-6083-4a37-aea5-116704ddf046,ESM-2023-00228,LMS-003194
b1bbee42-e1ad-4800-9f91-914ce3a058d7,ESM-2023-00229,LMS-002747
d05ee2bf-e898-4b7f-8e06-f4e91f18f055,ESM-2023-00230,LMS-009301
572ab0eb-90bc-40ae-849d-77213f08a243,ESM-2023-00231,LMS-005825
b8ae16a3-32aa-4114-9a45-4df47eb39696,ESM-2023-00232,LMS-006004
5c81aa35-85b1-40e8-a50f-bafe9902c5e6,ESM-2023-00234,LMS-007427
8d67a909-93d0-4a72-8d6d-c73ff4eff324,ESM-2023-00235,LMS-000437
2decab5b-6614-475b-922f-aca987bdf122,ESM-2023-00237,LMS-006017
7d7fa58b-db7d-4c6a-ba62-6a65dac797af,ESM-2023-00238,LMS-003952
6a0cfb0b-1191-4c66-ae89-18bdd01ecd46,ESM-2023-00241,LMS-005980
281d8a5d-0eb4-4113-b4cc-d8fb5f1f55a7,ESM-2023-00242,LMS-003035
0c28dece-9c8f-4844-a100-d4786fe8d57d,ESM-2023-00243,LMS-001236
eefcdd52-6420-4c30-90f8-c26bbf0c9ca5,ESM-2023-00244,LMS-004448
19895b8c-8c51-43dd-8c53-faeffda37ee3,ESM-2023-00245,LMS-006533
0174c115-5253-45b1-bc64-732f83a8d089,ESM-2023-00246,LMS-004235
e00ce14f-3586-449a-80ff-f3f82052388d,ESM-2023-00247,LMS-007596
9b060763-be32-43e5-8f1b-4184867c73ce,ESM-2023-00248,LMS-005667
01ea93bc-b171-473d-adfd-caa851b7b63b,ESM-2023-00249,LMS-002813
8692734c-24e8-419c-9f02-72d79e9847d6,ESM-2023-00250,LMS-000066
8bbc4f1c-b6c9-4c5c-aee6-ab7e58f32af4,ESM-2023-00251,LMS-001628
d6b063b8-d748-43a7-af9b-72c9566654df,ESM-2023-00252,LMS-002614
3bf73a2c-7029-4004-95a8-f96db57edec7,ESM-2023-00253,LMS-004700
b008d3b6-751a-4568-8952-561c34694ad3,ESM-2023-00254,LMS-002405
36d5cfb5-1235-4513-9341-15ce29847fcf,ESM-2023-00255,LMS-002865
ddc6820b-0287-47ff-9289-2e931bd7657a,ESM-2023-00257,LMS-001035
9605509e-8765-4923-a3d1-ae092ebc5138,ESM-2023-00258,LMS-001235
b71ab115-fc70-4cd7-99cf-b1605bf06faf,ESM-2023-00259,LMS-008838
aba524f3-d027-477b-b52e-d0ed5a390459,ESM-2023-00260,LMS-007706
39e2dd79-e480-4798-85e1-5676c23aed54,ESM-2023-00261,LMS-007162
95123863-2e79-44f5-947c-2f5cd7f9ddd4,ESM-2023-00263,LMS-002693
10c5eb89-dab3-4b34-8888-26c2e7239dc7,ESM-2023-00264,LMS-001485
d50f0efc-e0c2-4f81-a15b-2083ff2a6c42,ESM-2023-00265,LMS-004389
e6515e0a-9fd5-4b22-80a0-e0024cf7ace4,ESM-2023-00266,LMS-004281
d25352e8-20eb-48ee-869e-c8b6acf30554,ESM-2023-00267,LMS-000294
49c4450e-6b54-4084-9ac8-d1fd3824bf2a,ESM-2023-00268,LMS-005845
7f44884f-2856-4f85-99e6-5fb113387af7,ESM-2023-00269,LMS-006808
e666077c-b1b6-4ab6-a9a3-4ad33f211793,ESM-2023-00270,LMS-001565
230e3ae3-c130-4452-8110-f9278434839a,ESM-2023-00271,LMS-005378
26d9aaf4-f15d-403f-8239-d83785cf12a4,ESM-2023-00272,LMS-007094
14627043-3124-4a2a-b2ab-af5bb27847ad,ESM-2023-00274,LMS-002839
48ea1a23-4548-4934-83c6-bb71fa1f57ce,ESM-2023-00275,LMS-002805
78da5f19-ffcc-478c-9434-d9077c690f85,ESM-2023-00276,LMS-008798
38a63f5f-e0f4-49ef-b1b0-23e957a59512,ESM-2023-00277,LMS-008158
71024d49-90a2-4ac2-a0c7-41dd6ee73445,ESM-2023-00280,LMS-002927
fae78cfc-21e2-4c58-9836-d53bc9c43c39,ESM-2023-00282,LMS-008714
d980a268-7db7-4dac-8e91-6d43a1ff802d,ESM-2023-00283,LMS-007381
24f3b206-3819-42cb-a621-7b563cb6ea95,ESM-2023-00284,LMS-004077
7f571443-6fc7-4d52-a37f-c43e7ded4828,ESM-2023-00285,LMS-003205
6f5b6b84-dab7-4705-8d91-3bdd0005f731,ESM-2023-00286,LMS-004512
d825e109-bce5-48e9-9a18-1d96a776a6b6,ESM-2023-00287,LMS-004703
830a2de8-d8a0-41e3-ba17-fc6b2e8d5a8f,ESM-2023-00288,LMS-003986
3ab11dc3-9b48-4e0b-aa35-6d223b031e74,ESM-2023-00289,LMS-003709
190c0711-062c-4223-b88e-66e743da7475,ESM-2023-00290,LMS-007718
52d8ac76-5301-487d-a517-10f37481dd16,ESM-2023-00291,LMS-003092
ade50e3e-9d67-4772-8ea2-c55fb987fa14,ESM-2023-00293,LMS-009238
4dadfee1-4c0d-4d41-85f2-c54f137d5298,ESM-2023-00294,LMS-009484
f7bad5bd-9421-49e9-a3cc-9539d6365c0b,ESM-2023-00295,LMS-001146
8d5effaa-9e97-4ef1-84d6-6ab2a883f34a,ESM-2023-00296,LMS-003333
d61ba5b5-ac80-40a5-9810-9023c3036f97,ESM-2023-00297,LMS-002546
e7ae0610-b855-417d-b426-d14331dc820b,ESM-2023-00298,LMS-008934
17f0b007-6557-4f93-bbf6-bd47a92c2ee0,ESM-2023-00299,LMS-007388
18cc7ec4-f9f6-46f1-b43f-cf7579f98900,ESM-2023-00300,LMS-001561
83093772-bbdb-4b2b-a529-5032003e14a6,ESM-2023-00301,LMS-007832
49ecaa4a-c5ed-4096-9a98-69372dcb0887,ESM-2023-00302,LMS-000430
f1c2d514-531c-4718-8529-d5a65b180316,ESM-2023-00303,LMS-007992
f98405dd-eae3-4121-b6ec-08c874f0217a,ESM-2023-00304,LMS-000170
6d3c7599-6dd7-4c9e-a490-718f597598a2,ESM-2023-00305,LMS-009480
b7558cad-1d13-4913-a032-f0187eb3521e,ESM-2023-00306,LMS-001840
4913d81c-acae-4aee-bd9c-ff9b6faa02be,ESM-2023-00307,LMS-001489
4a8b1f05-7281-49ed-8ad8-b518387b4206,ESM-2023-00308,LMS-008649
9866ffa4-e4eb-473d-94db-042f1472bba2,ESM-2023-00309,LMS-008487
b36bf617-68bd-4c30-9ada-8de0d515daca,ESM-2023-00310,LMS-008165
7b6d66b1-98a3-4ef7-aeae-2a5e83b7c7d5,ESM-2023-00311,LMS-009018
3932548c-3676-45d1-9530-67a5648901eb,ESM-2023-00312,LMS-002332
9b1dc17c-ea34-4e8b-b8b4-7e685b3d7e29,ESM-2023-00313,LMS-001619
21ec7826-3025-46dd-9eb8-5bf18e3a7865,ESM-2023-00314,LMS-005217
e7d37fd1-1db8-4422-bb74-9ae5f6b7d21e,ESM-2023-00315,LMS-005066
d661b717-c8e2-49cc-89b5-fb35f4136a93,ESM-2023-00316,LMS-005738
89fc53d8-efc9-42ac-8040-81cd51815a68,ESM-2023-00317,LMS-006065
d58f3043-0da0-4c83-9958-0467d82ee340,ESM-2023-00318,LMS-003560
12e0d325-47ae-4659-b0ec-7f28450ce49f,ESM-2023-00319,LMS-006406
15d58ef3-bab7-4dfe-b391-a208eefbe74a,ESM-2023-00320,LMS-006440
81b867ac-b48e-4ef2-9b47-16e3ff370caa,ESM-2023-00321,LMS-007617
7e851b38-018e-43fd-9af4-d2e25efb7349,ESM-2023-00322,LMS-000033
73fd4261-59e1-4463-a311-8cf0caf35c40,ESM-2023-00323,LMS-008735
d84369a2-0ece-46c2-bb0b-499d3210f393,ESM-2023-00324,LMS-007348
5e2f2159-d300-4d3b-b82a-07f74acdccf2,ESM-2023-00325,LMS-004839
e6e13a82-813b-4958-8257-a0e175cb0a2d,ESM-2023-00326,LMS-002493
11e36d0d-ed61-49db-a4c5-8f2cae7dd13f,ESM-2023-00327,LMS-001360
ad91ff44-21fa-4caa-a347-57d053854b79,ESM-2023-00329,LMS-007526
9c037a32-a9be-4a95-8653-20b246512428,ESM-2023-00330,LMS-005186
bf02bc2c-da40-46e7-b560-a38aad698011,ESM-2023-00331,LMS-008210
d3fcd8a0-6373-43e5-b125-650670680a07,ESM-2023-00332,LMS-006093
947c4d31-65f1-45a5-b5df-8b70464e2935,ESM-2023-00333,LMS-000978
a281eb4b-7f62-4604-b055-7ce32684c8dd,ESM-2023-00334,LMS-006102
faefe6f0-bc63-4f95-a248-8ba03cd7c475,ESM-2023-00335,LMS-002904
e0f56e28-1765-4af1-9ea5-2ef5d120fa3f,ESM-2023-00336,LMS-001304
849f3938-7df6-4e0a-be28-b5bf4f6e53cc,ESM-2023-00337,LMS-003086
c7c1f352-2ff4-40b6-8ec4-d70fb15f13d5,ESM-2023-00338,LMS-003025
614955d4-8fcf-43ad-a56c-bd23f535b0f7,ESM-2023-00339,LMS-002524
a2f1d125-3bcb-454c-8074-aa1375153f7d,ESM-2023-00340,LMS-002107
47c08495-be1d-4a8e-a54b-e5c49c5a6653,ESM-2023-00341,LMS-000722
91a59fe4-5e1d-465e-b060-5ebc59fb608e,ESM-2023-00342,LMS-000285
775c1d5a-8d71-4e73-b437-297fac4a7145,ESM-2023-00343,LMS-008848
4650750f-322b-4448-99f5-9cdc90bd7fee,ESM-2023-00344,LMS-000172
07b8c853-9ea4-4155-8915-1731531219df,ESM-2023-00345,LMS-000533
015bd7de-35d4-45ec-b02e-b9839eb5ca67,ESM-2023-00346,LMS-000651
a9b78099-ef22-4898-a5cf-cef60c36f9ed,ESM-2023-00347,LMS-003765
4f11cc5d-4ca0-4bc3-b937-053cfd00e12c,ESM-2023-00348,LMS-001342
4aad0a63-4c2b-47e9-9572-f806ab53e6d3,ESM-2023-00349,LMS-000458
0c4eb9fa-c605-4e44-b6db-66a8a4c88fb6,ESM-2023-00350,LMS-000908
f71f0085-6743-4dc6-8f28-dc59c60e6fa4,ESM-2023-00351,LMS-006666
821dc03f-690b-4544-a49b-bc59de367011,ESM-2023-00352,LMS-000616
e1d71d25-4265-4636-b6a5-5411fe966f87,ESM-2023-00353,LMS-003176
07979884-7c57-4e97-8c19-d52ca0511fe1,ESM-2023-00354,LMS-006679
8ef9f876-9a89-4cfe-a379-141360d85faf,ESM-2023-00355,LMS-008312
1b9c9c27-5eac-43ae-8cdb-5a3e9e05ca59,ESM-2023-00356,LMS-007184
ac0d3bb2-961a-4857-bc89-1f489570a0f5,ESM-2023-00357,LMS-003691
0d912726-0665-4dc4-a10b-891bdbe5b103,ESM-2023-00358,LMS-007923
c11de216-c7f1-4166-9509-069b51745174,ESM-2023-00359,LMS-000645
4982a5ce-c13b-46df-8a31-562dec883d5d,ESM-2023-00360,LMS-005170
214138ae-365c-440e-9617-e0978f5ed0c2,ESM-2023-00361,LMS-007939
fcce38cf-ca50-4aeb-abcf-7ac126a06c29,ESM-2023-00362,LMS-008570
9b2d375e-65ba-4132-90e0-ff10cd30821d,ESM-2023-00363,LMS-008588
94855c1d-fe95-4709-a2c1-1aff2d1ca6b3,ESM-2023-00365,LMS-002446
0e8c2ffb-03b9-47c4-98e2-50ab28ea8750,ESM-2023-00366,LMS-006872
718e2366-58b2-4804-a804-9fe407d6f39f,ESM-2023-00367,LMS-003913
d93be4ec-ecb4-4456-ab81-97e1c2d6454d,ESM-2023-00368,LMS-000969
84123c5c-c7b5-47eb-a2c8-3f77d082290a,ESM-2023-00369,LMS-007439
654d8a08-bc26-47e2-b808-187421e21405,ESM-2023-00370,LMS-000970
4daef6b2-3d11-499e-93e6-f72f0e8c746c,ESM-2023-00371,LMS-006864
5650a582-0831-4dbf-b8b7-54c1a1fcf9e2,ESM-2023-00373,LMS-009001
8f759537-ae6c-435e-a590-231db76787d8,ESM-2023-00374,LMS-005503
42912a8c-f330-43d8-913b-c83107835860,ESM-2023-00375,LMS-001225
cbd15104-6371-4312-a5d0-ace25a1cb672,ESM-2023-00376,LMS-004656
1a661611-2c19-4287-b5b3-f2537667fe67,ESM-2023-00377,LMS-008412
925a59c6-7a91-4618-9e0d-f15011a0d444,ESM-2023-00378,LMS-006257
fc43bb9d-c518-4f95-b94c-475063f26734,ESM-2023-00379,LMS-006641
a22a32f7-cf1b-4cdb-b448-e921d59e370b,ESM-2023-00380,LMS-000446
84fee314-bc58-4b6f-9ab9-85602f26a8ba,ESM-2023-00381,LMS-008204
ac9f8a24-5197-4b0c-b658-447a6d4ba35b,ESM-2023-00382,LMS-003132
b76dbaa4-c654-4a72-ab41-6cfe54471377,ESM-2023-00383,LMS-001454
25c3ddb6-e0ec-47b1-a2d9-5cd60bcab865,ESM-2023-00384,LMS-004384
5ae2a7fb-96f9-44e7-b856-0fa100e14fd8,ESM-2023-00385,LMS-008797
e86ca481-aff8-4f59-80e3-4238c9feba6e,ESM-2023-00386,LMS-002269
6be8dff0-cb80-47d8-9685-b8f02c3c5221,ESM-2023-00387,LMS-002172
84120e94-376a-4a3b-8da0-ce043e4efe28,ESM-2023-00388,LMS-004870
86b43d24-bed2-4db5-a751-5a53499b9813,ESM-2023-00389,LMS-009338
6d0e5c34-d3d0-45ae-9dfb-4ada265cc3d2,ESM-2023-00390,LMS-005321
3f903bf6-410a-4bbf-bb2f-94d90aaa5c49,ESM-2023-00391,LMS-007146
85ac403b-6780-4d47-8016-d8f79466c254,ESM-2023-00392,LMS-003948
f024fb93-12ce-4961-b310-b56805d42f86,ESM-2023-00393,LMS-002967
6fe47901-3afb-44c0-8072-93d1647671e4,ESM-2023-00394,LMS-004022
99df46e1-70ca-47db-8cbe-78680d7a5c43,ESM-2023-00395,LMS-003536
5f257fed-4449-4158-9f8f-3ae4f9a7d29a,ESM-2023-00396,LMS-006658
a897e109-0f2c-4ea5-815f-cf7df9418b0a,ESM-2023-00397,LMS-005247
2f103d60-20bd-4866-ad39-901d5f2e2ed2,ESM-2023-00398,LMS-008638
e3da3a3f-0b77-4d6c-9d94-857586b7e526,ESM-2023-00399,LMS-002047
e4afcbdc-589c-47d7-a6b7-db3e500a0a9c,ESM-2023-00400,LMS-009158
816ff382-ed2b-4b97-9936-de600be4b66f,ESM-2023-00401,LMS-000495
214c10d3-a274-4fd3-8bbe-6798303cc15d,ESM-2023-00402,LMS-009267
ab6f3a3f-8bce-4912-a4ea-a5d6c384aa01,ESM-2023-00403,LMS-000155
40533d26-4ec2-410b-bb49-c35dc1152be2,ESM-2023-00405,LMS-008356
75e2a108-054f-4dd9-8116-571e579fb045,ESM-2023-00406,LMS-001541
1b98bee3-d640-48a8-bdb4-cd37cfac61db,ESM-2023-00407,LMS-006063
a594a73a-16b6-4321-9111-045baa3718e6,ESM-2023-00408,LMS-007639
ba2f25c9-d36c-41b8-bad1-e5b6a33d73ec,ESM-2023-00409,LMS-001614
a00564b4-8900-4c5e-86a4-53eae1424ad8,ESM-2023-00410,LMS-001056
bfee18c5-70de-4c51-8aa5-965c8c36f210,ESM-2023-00411,LMS-009189
3d58724f-325a-4b86-ae54-47fa7ed36f29,ESM-2023-00412,LMS-009414
99fb1572-63a2-4bf7-a4fa-3669ff4f5e6e,ESM-2023-00413,LMS-003754
0ab38b58-24ac-49eb-b1dc-3ea5cee54791,ESM-2023-00414,LMS-000233
02c0050c-6b54-4b3c-95d6-b5a231f73588,ESM-2023-00415,LMS-005192
85803212-ad89-426f-87c4-14941a704090,ESM-2023-00416,LMS-003512
c5297dab-8b5f-4ac7-975b-d5c502b012e2,ESM-2023-00417,LMS-006303
ab532986-c72a-4f6c-8501-07ea49a94586,ESM-2023-00420,LMS-002241
102c835e-b664-4e9d-9c47-9b4f0c407d54,ESM-2023-00421,LMS-001122
e394cc0c-59d0-405b-bed0-2cd5404f85a4,ESM-2023-00422,LMS-006705
941e13e4-9b5a-4080-a1d6-e841e3ade2b5,ESM-2023-00423,LMS-005354
33366cce-502c-4f2b-b59e-bf8985c3a658,ESM-2023-00424,LMS-000659
80bfabf3-bd3d-4b0e-b8bc-34d702d84de5,ESM-2023-00425,LMS-004148
07acfc41-fc4d-48d5-805a-0a7d125cec48,ESM-2023-00426,LMS-002651
d5b2357b-4484-454a-9bb3-d92ef6a141f0,ESM-2023-00427,LMS-006900
6b684c1c-8cd4-430e-a3f6-900df4b35aa8,ESM-2023-00428,LMS-005121
b42947b9-94d8-4b83-b060-4f3c7ea58f59,ESM-2023-00429,LMS-005770
5874c3d9-c760-41e8-9ed1-9154f2d5618d,ESM-2023-00430,LMS-007994
330fdbe7-b3a8-49c0-b98b-d6dc4854b20f,ESM-2023-00431,LMS-004082
174574c3-de7d-4f67-9ad9-4f49fa03d51c,ESM-2023-00432,LMS-000606
326f9df1-ab3b-49a2-9b8c-a108b532d727,ESM-2023-00433,LMS-007844
464bfdbc-cfaf-4b0a-9812-7d196418872d,ESM-2023-00436,LMS-000636
678fd565-67a6-4eec-9b16-278160aed6e0,ESM-2023-00437,LMS-006333
bc4376cb-6113-41b9-bc62-47e4c685d336,ESM-2023-00438,LMS-005027
0f18387e-6c35-4dac-8e58-47c0da4d178b,ESM-2023-00439,LMS-000419
6e7f5e4d-5e4f-4c13-ae4f-9d0850743741,ESM-2023-00440,LMS-008285
d4301e1b-2704-4394-8790-d9a41e9d1a92,ESM-2023-00441,LMS-009236
9f90863a-deb2-48bc-8856-ce25e56cd755,ESM-2023-00442,LMS-006956
d6509759-68a3-4179-aedc-73cdc68bd3c1,ESM-2023-00443,LMS-001793
2befc36f-32be-432d-9e3d-2d6c05688034,ESM-2023-00444,LMS-000742
91e8e100-045a-4739-90a7-b8f5a027e308,ESM-2023-00446,LMS-004215
43fdb188-4efb-4569-885d-1aedb605849b,ESM-2023-00447,LMS-004842
516f9a18-92a1-485d-9d42-9d3970d48483,ESM-2023-00449,LMS-005652
37e473e7-afdd-4065-8ab9-0cfd8283024b,ESM-2023-00450,LMS-005744
6b75db66-0e6c-46c8-8bbb-1cf9c5f7372b,ESM-2023-00451,LMS-002214
1140b648-a8dc-4480-9441-4f77648707ba,ESM-2023-00452,LMS-000595
a7b03f75-e547-41e4-a137-394fe4b1a29f,ESM-2023-00453,LMS-008784
aed3f4c6-3a13-4ebb-8837-56417bfd54fb,ESM-2023-00454,LMS-003892
a7a5795d-b485-4ac4-bf01-3466c22ca017,ESM-2023-00455,LMS-002011
68d621b1-a61d-4b86-a283-43eb3df04fae,ESM-2023-00456,LMS-009411
c11875a9-61e2-4125-96f8-7aaa227cd3bf,ESM-2023-00457,LMS-006477
1b43d1dc-e7cf-4126-88ab-7bafa1416d4c,ESM-2023-00458,LMS-001292
7ed639f3-0a8a-4853-a98f-f83a9a7abf51,ESM-2023-00459,LMS-007034
7c249b64-10f9-4aed-961c-84c16ef6ac66,ESM-2023-00460,LMS-004593
3bb1e2e3-fe8d-436f-b1f0-9f3229b89e85,ESM-2023-00461,LMS-000412
375a48a5-0ea3-402e-acb4-7f7c89fc22a1,ESM-2023-00462,LMS-006684
dc4b5326-5eea-461c-a39a-cf9a03b33f84,ESM-2023-00465,LMS-002372
b3d04958-2b30-48e8-bdb7-14de445e8b74,ESM-2023-00466,LMS-005346
1aae0c37-419a-4709-a892-aad618c48204,ESM-2023-00467,LMS-002468
01aa8c39-e2b0-4154-b345-e57f6bb28b58,ESM-2023-00468,LMS-008085
37f75793-9071-4482-9bcd-4e8e993ee955,ESM-2023-00470,LMS-003792
bcdf98dc-cf99-46ac-ab23-55880584713c,ESM-2023-00472,LMS-001295
a8cde71e-c4ac-4bef-8fe5-670c39512dd4,ESM-2023-00473,LMS-000715
392b8e29-b096-4306-9c37-b57ef3b79914,ESM-2023-00474,LMS-003403
b7ecbaa3-c0e5-4839-bdcb-46095b109ba8,ESM-2023-00475,LMS-002179
5047a4c3-03f8-49df-a1b5-27886b91bd45,ESM-2023-00476,LMS-004455
5fefa37f-4186-4d9a-98b0-e52dae709c76,ESM-2023-00477,LMS-002929
cb7ea444-8bd8-45f7-97cb-719248ae9705,ESM-2023-00478,LMS-001760
00076261-f5ef-41b4-900c-eaadad7ff430,ESM-2023-00479,LMS-003693
d578a2a4-4b58-4694-ac8f-e14b3af584a6,ESM-2023-00480,LMS-004530
6be7378f-77d0-4d94-b297-d5936252d496,ESM-2023-00481,LMS-005169
d97d0575-2e46-465b-94ba-2861dec5f53e,ESM-2023-00482,LMS-006852
7be2126d-b0aa-41e9-b612-f60d94044e65,ESM-2023-00483,LMS-006703
95d75afc-2bc3-4ae2-bfd2-0dcf38147e3c,ESM-2023-00484,LMS-004674
a4d08297-8f63-4cc9-a7cd-1845a74e433e,ESM-2023-00485,LMS-003423
e12b38ed-1b99-42d4-8ecc-4b2a7eaf1670,ESM-2023-00486,LMS-000830
161bae1d-578d-4ae2-9111-87dc837f237e,ESM-2023-00487,LMS-006574
3b1855bf-507a-4ab5-8142-5d630feb8e9b,ESM-2023-00488,LMS-006719
9615d73e-4013-4448-b611-37e49919d33e,ESM-2023-00489,LMS-000232
410715cc-43b3-43c5-ba08-5dbe8205ff2d,ESM-2023-00490,LMS-000373
694fe8dc-e869-4705-b9b8-f9602d3fce8e,ESM-2023-00491,LMS-004147
e854dae4-173f-4a93-863a-48ec1f618716,ESM-2023-00492,LMS-009029
e2d15952-7b1a-4ffe-8f7a-170e477e1e59,ESM-2023-00493,LMS-000861
6a846419-8c78-428f-85fd-7638334c3b69,ESM-2023-00494,LMS-006225
3f8ab991-83b0-4dd1-ada3-3ea362f2518f,ESM-2023-00496,LMS-006516
7e33eead-9114-48bb-b80f-80ef84fa5086,ESM-2023-00499,LMS-004930
cf1dd4e1-d885-401e-852d-7744f3cc35be,ESM-2023-00500,LMS-003321
fd2ceb59-bbea-4359-a4c2-da3858dee105,ESM-2023-00501,LMS-005218
8d18cf70-6f96-45ce-bd7f-a30e47003abb,ESM-2023-00502,LMS-001251
a118f390-b4a0-4607-b8a1-1468d902bf3a,ESM-2023-00503,LMS-007908
bf5ef2ac-873b-4711-8421-d66c81cb5edc,ESM-2023-00504,LMS-002531
8c20c8b5-b68c-4188-950e-6e00ea18d09e,ESM-2023-00505,LMS-000423
257144ab-4677-4653-af0c-8999445eb6b6,ESM-2023-00506,LMS-009107
07626405-a239-4767-92a4-9e958f67bb3d,ESM-2023-00507,LMS-003337
98e84fce-83df-430a-adcb-069368a3447d,ESM-2023-00508,LMS-001934
b4cb898b-e32f-4541-81fa-d253d28b793d,ESM-2023-00509,LMS-006414
7c2d1da6-11da-4c3b-866d-d0ac033f85f9,ESM-2023-00510,LMS-007867
0b01f7b3-a84f-465d-b20a-b472c81d9ab4,ESM-2023-00512,LMS-000286
617741fb-c97c-4c3f-ad96-d7e8308e1fcb,ESM-2023-00513,LMS-000931
7836ce47-1e17-4b43-aff2-d838dd203ea2,ESM-2023-00514,LMS-006319
536c3bdc-ab99-4ca8-ba18-fce7044e42b6,ESM-2023-00515,LMS-007243
cd2ea02f-cdbe-4a49-a7bd-0099e3f92c27,ESM-2023-00516,LMS-002939
27b5e03a-5b45-4b4a-9dca-82c3babf8310,ESM-2023-00517,LMS-005581
5690428f-2cdc-438d-a866-9ec4e800a2c6,ESM-2023-00518,LMS-006239
fc6b2818-f3d8-4d2a-90de-30caa5584354,ESM-2023-00519,LMS-004982
2ba3026d-3d3f-46fc-8e8b-df6e8d5f9906,ESM-2023-00521,LMS-008177
38749c0e-6f08-48e7-8df5-774100deb1a4,ESM-2023-00522,LMS-008705
8bc6649d-9009-455b-8130-3d78862fc8ef,ESM-2023-00523,LMS-006229
adcec337-d389-4f97-a2ca-7bae722fc59c,ESM-2023-00524,LMS-008355
c6c7b3d8-7d3e-4aaf-bf4a-1518612cec81,ESM-2023-00525,LMS-003599
8112beb1-d779-4895-8e47-c995e7ea1d48,ESM-2023-00526,LMS-001069
d64c97fb-44c1-4948-b92f-b185b8db5393,ESM-2023-00527,LMS-005364
1c66bf65-8bcc-44c9-83cf-7a807a29096b,ESM-2023-00529,LMS-009422
13ad7d1c-861a-4104-9edc-a6f70ae7d15c,ESM-2023-00530,LMS-000961
1129ca61-6b44-48f1-82d9-e979b714f672,ESM-2023-00531,LMS-003816
0f7b0be6-5cd4-4390-953f-d938831d139e,ESM-2023-00532,LMS-004650
9ffef137-2334-4e73-b341-e72ea1d79fb0,ESM-2023-00533,LMS-003862
b28dc939-0845-4d4a-902f-84bc6eb80789,ESM-2023-00534,LMS-002791
7cfba528-30cc-435f-950e-6fd987e45248,ESM-2023-00535,LMS-008857
66a3f3a8-b5a9-46f0-ab4c-b711a7d9dfa9,ESM-2023-00537,LMS-004360
c4266f46-09d9-4918-99f0-c4a242f234be,ESM-2023-00538,LMS-001421
53568041-ef0e-4459-9db5-a9545dbbd332,ESM-2023-00539,LMS-007444
cff5a8cd-f1d9-49c9-998b-d3f44151d8dc,ESM-2023-00540,LMS-003616
5c7f8dce-50cf-48ca-9790-137438378faa,ESM-2023-00541,LMS-000692
33115cee-a452-4471-b17b-7403783ec5c5,ESM-2023-00542,LMS-007426
3a6d147c-c92a-44dd-91fe-88eef118254e,ESM-2023-00543,LMS-002097
28b7e9d7-bef9-4b38-96bc-079d90faeed6,ESM-2023-00544,LMS-000937
89a8ba2e-0441-4eed-a82f-fe16fbcadb5b,ESM-2023-00545,LMS-008602
c04ceefe-eb11-4c8e-89ae-2e6820de9b06,ESM-2023-00547,LMS-007782
c38bcaa1-d56b-4544-820b-b4495e94dbc1,ESM-2023-00548,LMS-004535
ea25a6ea-4706-40e2-91b7-e142c3a54b90,ESM-2023-00549,LMS-004496
7bc49176-0cf8-4153-92b0-80319d3e3b58,ESM-2023-00550,LMS-002417
2ced8a4f-ad0b-42ac-bc80-bba767e0f873,ESM-2023-00551,LMS-004662
c8154008-6f14-4c8c-8902-8b185ee502cc,ESM-2023-00553,LMS-008750
9ecb5cc3-421e-47a1-b43f-e616222f1b97,ESM-2023-00554,LMS-004195
e126722c-0d05-48a6-82f6-c2af1031cc58,ESM-2023-00555,LMS-009416
3a6ea27d-2491-4afe-b448-a526bc5dd171,ESM-2023-00556,LMS-008105
42d024e4-523e-406b-a9fd-53af412c52e8,ESM-2023-00557,LMS-000604
e3bee743-8e8a-490b-bcd4-fe7b2233274f,ESM-2023-00558,LMS-002953
ab7fa5a2-6de7-4456-836d-f13ce98f8dcb,ESM-2023-00559,LMS-002200
8805c194-d802-46fb-9951-8fde366325b5,ESM-2023-00560,LMS-005860
4d459db8-6611-48b2-8396-640b42fc0b44,ESM-2023-00561,LMS-008174
0513488a-eddc-4cd0-a679-b2885b0715e3,ESM-2023-00562,LMS-002141
3d935974-bcba-4e72-9318-a30fac2a9efc,ESM-2023-00563,LMS-005164
b752c12d-a68c-4d78-ae59-87d7cbce80c3,ESM-2023-00564,LMS-000957
7228b72f-ac86-40f0-ac0f-295ed8fa0836,ESM-2023-00565,LMS-007731
24f6fbe4-53f1-46e0-90e7-c4ac62b7230e,ESM-2023-00566,LMS-006097
6261bb4f-3e65-4906-9e30-a123f0a3baea,ESM-2023-00567,LMS-001461
bf500741-eb0b-4149-a6c4-21e0dba71386,ESM-2023-00568,LMS-003723
0ab083b1-8358-4b39-9ee5-5f14a45f7bf8,ESM-2023-00569,LMS-002913
9836188c-dd4c-4187-b7dc-ea496f0c986a,ESM-2023-00572,LMS-007789
9830412d-35de-4d39-a792-11715acf9b72,ESM-2023-00574,LMS-009300
5ff89ec4-3664-40e7-841d-24d1d1db161b,ESM-2023-00575,LMS-007584
9613f950-d2d8-4c7c-843a-91327c6779c0,ESM-2023-00576,LMS-008830
22228359-dc07-496a-bb91-f8586334a57e,ESM-2023-00577,LMS-008904
462c701b-3a08-4032-aff5-1d31a9f32fe8,ESM-2023-00578,LMS-007441
fe13d106-6dde-43b3-97ab-4cca6381a468,ESM-2023-00579,LMS-008677
b0ca3797-7162-47c1-8a8d-e7b0a69afe54,ESM-2023-00580,LMS-004116
8b92696f-932a-4e3a-95f3-5fedef446091,ESM-2023-00581,LMS-000376
a171abaa-d47b-4617-becc-0b05d43b6a90,ESM-2023-00582,LMS-007777
ca8a6ac5-8892-44bd-90fb-9308a3d6730d,ESM-2023-00583,LMS-004080
12948186-ec26-42dd-99d2-030bbc7d5395,ESM-2023-00584,LMS-005963
b5176e70-7796-49ca-90a2-e4e3567e9d35,ESM-2023-00585,LMS-001972
b2491342-2543-4ed2-8f40-f2d1dada82f1,ESM-2023-00586,LMS-000716
b707828f-f5ca-4b3f-b026-a3ba94efbae9,ESM-2023-00587,LMS-003416
c2e414b7-1272-4dae-9968-b4bb8787e05b,ESM-2023-00588,LMS-001831
d0f3c5b5-8c9b-4d54-9e46-9fba6f3f7993,ESM-2023-00589,LMS-000234
7152d2d0-8aae-411f-bfcd-eaf47a00c168,ESM-2023-00590,LMS-001134
c035e416-145a-41f0-8e06-113b9b9a3849,ESM-2023-00591,LMS-004625
6096b710-21be-45e4-b4c8-c25ea246c8f6,ESM-2023-00592,LMS-004418
d617905f-4aac-4b78-8eae-23740f19033d,ESM-2023-00593,LMS-007044
0d03bd05-0e2d-4107-9517-ab47ee5c5fb8,ESM-2023-00595,LMS-002930
c18700b0-e119-4563-8174-d6cf8e8edc98,ESM-2023-00596,LMS-005957
d74043a1-83ba-4692-b6d5-ffc8048e48cc,ESM-2023-00597,LMS-007778
73fe2c92-506a-4b05-b5f3-92d742b4ed84,ESM-2023-00598,LMS-001945
dc519742-718f-42b0-a187-b1f25443edb7,ESM-2023-00599,LMS-000796
9f884b88-b670-4e79-b759-efcaed3c5c37,ESM-2023-00601,LMS-003978
4121c971-8d49-4eab-a5b4-b97a58444c07,ESM-2023-00602,LMS-006571
b2929e83-b15d-4ef9-a648-024238fdb149,ESM-2023-00603,LMS-009143
e855c667-6697-48ee-88c5-82563227bc1a,ESM-2023-00604,LMS-001000
afb58b64-1e53-4e4e-8e5e-a6ebb47c6815,ESM-2023-00605,LMS-003067
5b909a66-a453-47e9-8a46-52864d6c589e,ESM-2023-00606,LMS-004183
2e983aab-e2bd-4606-b7ee-dd69e4846242,ESM-2023-00607,LMS-009363
d89cf8e3-7fd1-41dc-a5f2-baad0dc5c06e,ESM-2023-00608,LMS-006867
b2788159-3166-4d36-9a27-fd9eb2757a12,ESM-2023-00609,LMS-000730
ee043df7-ab1c-47e0-866b-d76b8a17db1a,ESM-2023-00610,LMS-000714
86fb8619-46b0-42eb-b122-a8c103ac6a4b,ESM-2023-00611,LMS-006850
cab077cd-aea0-4b54-afcf-381f6fc4a160,ESM-2023-00612,LMS-000605
d3def16c-3940-47fc-9fe2-aaf08fe64d94,ESM-2023-00613,LMS-000217
49261763-1763-454f-96ba-a460fbdf6451,ESM-2023-00614,LMS-004423
289d345a-ea67-4738-bf7f-2ef70591c69f,ESM-2023-00615,LMS-007809
893fb65d-231c-41e6-9d8f-1a701b99a10f,ESM-2023-00616,LMS-008194
e64ac9dc-2bd0-40b2-b7fd-c7e919923e07,ESM-2023-00617,LMS-000407
e7924ecf-1dc9-485f-9635-6ba739f5b72a,ESM-2023-00618,LMS-001788
5953a9eb-a038-40d2-8dda-596c0b4db3b3,ESM-2023-00619,LMS-004218
c118510f-19a6-492b-a371-e86737e31b41,ESM-2023-00620,LMS-007488
509fa248-4d75-4ff6-a8f0-83a28db56853,ESM-2023-00621,LMS-003938
afe3ac45-3553-4564-9b4c-75217f181b96,ESM-2023-00622,LMS-009488
f4dc37ff-1143-42ca-b243-faeea2598cff,ESM-2023-00623,LMS-000188
64ecbc89-9e85-4ef9-9637-f9f9e9185060,ESM-2023-00624,LMS-000621
cdfba04b-5b30-459d-a68e-0c2e6f9c0900,ESM-2023-00625,LMS-009119
b262ffd7-8436-4808-98a3-b135202f7906,ESM-2023-00627,LMS-008348
e8970614-69da-47a0-ae85-d7d1b4f09b7f,ESM-2023-00628,LMS-005099
dc4b71f5-1252-4d17-b95f-7d97bd7d10fe,ESM-2023-00629,LMS-006878
bc283567-3223-4289-8032-a2855ed9fbd2,ESM-2023-00630,LMS-004023
48afec54-126e-46f7-8cf9-f9c20ab69f13,ESM-2023-00631,LMS-001307
9532edf3-4a72-4659-8311-d285286f14e7,ESM-2023-00632,LMS-004986
31353904-1631-4673-9882-42d8b64202fd,ESM-2023-00633,LMS-006532
e5a0ef3a-8709-4426-b812-1aca175f082c,ESM-2023-00635,LMS-000843
ab17cb8f-0666-4572-b649-ae8f3497c005,ESM-2023-00636,LMS-000101
bebf17a8-35dd-4ed6-92dc-b78e22dd0cc1,ESM-2023-00637,LMS-006646
d388e07d-b657-49d6-82d2-e7b8dc3dbcd8,ESM-2023-00638,LMS-004555
17025fa7-57d7-4115-bd58-66914338285f,ESM-2023-00639,LMS-005808
7ba2508d-9b9e-4972-8384-825328da2e62,ESM-2023-00640,LMS-002566
c7741d9a-d15e-4655-a272-f43cc241015d,ESM-2023-00641,LMS-005070
d3cd529d-4ff0-4320-9f5e-abbe9e2f0011,ESM-2023-00642,LMS-008522
03839bf2-f1a8-4c0f-a276-a2f24f368106,ESM-2023-00643,LMS-004916
05480eaa-57c0-4a3f-9692-cf2c672096e9,ESM-2023-00644,LMS-002586
d1aa5bab-fc90-4840-8862-3d9f28cddbd4,ESM-2023-00645,LMS-004047
fc70542c-9361-4e63-b2b9-4a8be415120d,ESM-2023-00646,LMS-008647
a9b24093-8222-495d-b949-d4011c50e9b7,ESM-2023-00647,LMS-008483
d8532da8-33e1-4653-9e7e-9bef207c72a0,ESM-2023-00648,LMS-003859
ce14173f-9abd-4882-ba6e-edfa4cb3fbc8,ESM-2023-00649,LMS-001773
8c9a5e6b-ad73-4a83-bd1d-ec10d42e43c2,ESM-2023-00650,LMS-003633
bafda067-7bce-4b9a-86ba-f019de9721a6,ESM-2023-00651,LMS-000244
b6bc0ca1-5d39-4866-8d2f-f6e35898a239,ESM-2023-00653,LMS-005687
f68f9a48-b4ae-48ca-aacf-a16d7b4b4de9,ESM-2023-00654,LMS-002715
0bf70983-e0ed-47a0-9663-43c793f96f38,ESM-2023-00655,LMS-001701
7c5914eb-88b7-4a86-941d-ae54359a09d0,ESM-2023-00656,LMS-001971
5d71ddc4-de1d-431b-9073-941c273a9c25,ESM-2023-00657,LMS-002496
528136e0-e2b9-49df-a43b-24a4b76f3006,ESM-2023-00658,LMS-006243
916a50d4-d205-40f8-b25f-577b7c3381b7,ESM-2023-00659,LMS-003638
37a63c14-c819-4dcc-b79e-85e7cbe81fe2,ESM-2023-00660,LMS-008847
fdefcc70-8141-4f18-b713-319c796288f5,ESM-2023-00661,LMS-008974
f2f38155-cee5-4a2e-a880-bc1dac0f5baf,ESM-2023-00662,LMS-009025
eb917789-7ac1-4f23-a904-eb743b64d7d8,ESM-2023-00663,LMS-004709
0bd614e1-0e2d-463c-8a4d-a7931e54163e,ESM-2023-00664,LMS-007594
239d3a73-5b4c-43d6-a5ba-2b90270d80fa,ESM-2023-00665,LMS-002959
70977fbe-54f2-4568-8752-5ab2db3f7fa1,ESM-2023-00666,LMS-005148
133eedd9-607f-48bf-bee9-68530da2c5be,ESM-2023-00667,LMS-009042
f0df08bd-0cde-4117-9bb0-ccf08a3b0821,ESM-2023-00668,LMS-009078
c01ac3f1-dd05-47fa-932c-518b80992979,ESM-2023-00669,LMS-000006
da05edc2-d0c9-41b2-9fc8-b4a8f5bf9eae,ESM-2023-00670,LMS-003671
84632a0f-a21f-4d5d-9d76-cf20dd8c21d8,ESM-2023-00671,LMS-002758
20e93f51-9b35-4457-b719-fde655cbaad3,ESM-2023-00672,LMS-004101
65da185b-f132-40b0-9127-906440cd884a,ESM-2023-00673,LMS-000548
ac5741e1-95a5-46c9-808f-4867174f132f,ESM-2023-00674,LMS-005651
908562a2-14d2-4e55-8a04-7b86b34ba988,ESM-2023-00675,LMS-003629
2cb3da22-a00b-4647-bd6e-12f4e35a9d9a,ESM-2023-00676,LMS-002694
e15202e8-527c-4ef6-b56d-5f788beb4e4a,ESM-2023-00677,LMS-008244
c3fa4205-d438-4959-8869-9da2351e38d8,ESM-2023-00678,LMS-001230
989a98af-36b2-461e-a5f5-d8db58ab4e1e,ESM-2023-00679,LMS-008040
144e47b2-35ce-4d34-9763-8f5bdbc18fcb,ESM-2023-00680,LMS-006498
216ca1fb-6457-4dc1-89f1-b516941a2413,ESM-2023-00681,LMS-002917
b967c20f-aa7f-427e-bc9f-2f4afaf24001,ESM-2023-00682,LMS-005645
39bad67a-68ca-4097-8ca0-77b2f6f4ea2e,ESM-2023-00683,LMS-006625
566ae4f4-6fad-4715-b90e-fa7c632086a8,ESM-2023-00684,LMS-000560
7fe0ab8e-18cb-45a2-b862-a024d94fbfa1,ESM-2023-00686,LMS-001057
e57d8f62-5ad0-4624-beaa-bcc246b56fbf,ESM-2023-00688,LMS-004053
f375a9c2-dacd-43e5-ba7b-94df8b26f242,ESM-2023-00689,LMS-008929
cc2f11dd-dc17-412c-9da6-ad15cfbba613,ESM-2023-00690,LMS-005177
a63baae1-d4f7-49f2-a816-651a4b60b9a0,ESM-2023-00691,LMS-000717
6cb50e5d-f348-41d4-bb6d-00040330dc2e,ESM-2023-00692,LMS-000237
1baf4fe4-4093-462f-9f45-82f013ff4b19,ESM-2023-00693,LMS-003866
eb2f26ec-5ede-486a-b541-5163a788bb97,ESM-2023-00694,LMS-005116
f883a081-d044-429b-8f7d-4ff140d0e854,ESM-2023-00695,LMS-001170
a9494c36-b6af-4edc-bbf9-282a38a2a6c0,ESM-2023-00696,LMS-000589
846cd7dd-335b-4500-a10a-d2c4c98191b4,ESM-2023-00697,LMS-006445
c7ebcd34-c6e5-444b-a818-eb39ef0fb7a6,ESM-2023-00698,LMS-007817
3ac936bb-e6ea-4f40-ae4a-ff5780a0c8d3,ESM-2023-00699,LMS-008480
2d013b07-f1c0-4b24-9d01-981ec0ffb2e4,ESM-2023-00700,LMS-000387
746f7ff9-7b5f-4a2e-b50b-de5ce056e3aa,ESM-2023-00701,LMS-002131
1a7be903-3a7e-4747-b30e-4f8dfba136ca,ESM-2023-00702,LMS-006578
9dd18162-a9c2-4829-8dea-76f6960fee35,ESM-2023-00703,LMS-009006
ab4d402e-5d1e-499f-8d4a-f4b93813c5ce,ESM-2023-00704,LMS-004123
01077494-cf63-4c91-8c3a-89ab76f626db,ESM-2023-00705,LMS-006112
0be8dfb7-344b-4654-a57a-9a94d816b70d,ESM-2023-00706,LMS-000425
a4981e87-ef4d-4fdd-a9af-9640f8a023b4,ESM-2023-00707,LMS-009131
8907d359-2748-4a83-b00d-dfbe3e71f2c3,ESM-2023-00708,LMS-005042
6875e447-17fc-4ee6-8acf-606bfadbcd72,ESM-2023-00709,LMS-001490
3affa24b-40f1-41f8-ad3f-63312c17cc9f,ESM-2023-00710,LMS-001143
a420a4cc-17d4-4001-8a8b-4c40e877221b,ESM-2023-00713,LMS-006739
2b5373c2-fec3-40f0-a95c-255f936bdbcc,ESM-2023-00714,LMS-005866
ffb7f23f-1e58-4a66-974c-8eacdfa3ecae,ESM-2023-00715,LMS-006794
9e1a0359-c20f-457b-a334-5c7a0b3e4ee8,ESM-2023-00716,LMS-003611
b6e59acf-0c7c-40e2-a9f8-d5d2f8c9083e,ESM-2023-00717,LMS-008290
1f94724b-6895-4154-a31c-b9d9665cad29,ESM-2023-00718,LMS-005859
7d23aadb-e2ec-4204-9253-ca282390e6da,ESM-2023-00719,LMS-000254
6f66bb94-bcbd-446c-b3d8-05498b656b42,ESM-2023-00720,LMS-006412
a0a48b49-60e7-4abc-b757-ca32fa2245e6,ESM-2023-00721,LMS-001476
70d012f7-d4ea-4ef2-ae56-6a3fcd4183de,ESM-2023-00722,LMS-007031
31ef494b-3c21-40fd-8942-37c3afedbcd8,ESM-2023-00724,LMS-000121
081c864d-69bb-4ed1-9abc-1d2ea09fed58,ESM-2023-00725,LMS-004707
ca02af01-be8e-4bb5-a5a5-7e9409dbd77d,ESM-2023-00726,LMS-003227
986c4ea3-dc4f-49df-92e8-764af9c90f4c,ESM-2023-00727,LMS-003537
8425f9b4-9d0e-49c2-aff4-3afbba52cdb3,ESM-2023-00728,LMS-001113
48cd6795-1adf-4c69-9dee-7d28d6b6d608,ESM-2023-00729,LMS-000186
917643ab-a61d-4fe8-bafd-73a5767bece0,ESM-2023-00730,LMS-009091
96917c8c-df73-4c78-b1c7-05465ea99e95,ESM-2023-00731,LMS-004416
455efff5-bc13-428c-a26a-f4db57457980,ESM-2023-00732,LMS-007505
ec6c01ed-0bbe-45a4-bb98-405f2c856d7f,ESM-2023-00733,LMS-006076
9d586710-67c4-46d9-8c77-1a52e8c4bb26,ESM-2023-00734,LMS-004883
ff850e33-8025-49bd-9c15-1bc3c6c41d79,ESM-2023-00735,LMS-007711
acfaf71d-908c-4ba6-a780-5686a83df0ee,ESM-2023-00736,LMS-004028
0edb89c7-9166-421c-a07f-6ceed50899db,ESM-2023-00737,LMS-001586
9c4803b6-05ab-4883-877c-95ef0549f854,ESM-2023-00738,LMS-006334
9e7ad4cd-08d5-45cf-994d-ab0eeb55bdf0,ESM-2023-00739,LMS-004974
b4fe11b6-5cb0-4a92-865a-923384e4d301,ESM-2023-00740,LMS-006661
42575c56-6655-4fdc-8cb4-9f8a8fd78451,ESM-2023-00741,LMS-000038
b35b0ef1-9d7c-4eda-8405-fbad081ced1a,ESM-2023-00742,LMS-006442
2ceb41e6-ca68-4e36-ad94-3e8181fbf60f,ESM-2023-00743,LMS-002730
a5f1481e-2528-47fd-ab02-9d4214baa08c,ESM-2023-00744,LMS-004067
f34cec94-00fb-4f99-a1fc-71984bc63ba3,ESM-2023-00746,LMS-008065
99a58122-3dfe-4795-8f53-c59e7580ce6a,ESM-2023-00747,LMS-005899
f44f6ad2-554c-42a7-a753-9951ad0706e0,ESM-2023-00748,LMS-003027
a6289050-e439-44cc-ab43-64632a75accb,ESM-2023-00749,LMS-002628
987c1fca-620d-44fe-b189-99cda41d23a3,ESM-2023-00750,LMS-004614
a303e750-fb78-4bee-bdc7-a3c14f58ab06,ESM-2023-00751,LMS-006497
4f148421-3501-44ab-a9ef-ac7589febbb6,ESM-2023-00752,LMS-004756
019b210a-3962-486b-b6a7-7fd5bf0f21da,ESM-2023-00753,LMS-007420
60a99ccd-821f-4016-b535-a98d7bd507bd,ESM-2023-00754,LMS-005347
067f1f7e-073e-40a7-bea2-be7ff694f92b,ESM-2023-00755,LMS-008548
ef7bc2d4-d256-48f9-9a78-26619c1d4564,ESM-2023-00756,LMS-006940
a797713c-2af8-461b-80e0-1455805ed14a,ESM-2023-00757,LMS-009047
a7cf748b-4b0f-48eb-a12c-8d7c26a6a69f,ESM-2023-00758,LMS-008035
13e9b713-19ba-46c7-84e2-00dc77e6ba7d,ESM-2023-00759,LMS-009290
ce901329-2b19-438c-b48c-64ebc825bf14,ESM-2023-00760,LMS-009395
78745689-a172-4b73-941e-9d0c99729ca5,ESM-2023-00761,LMS-005888
0041b7f7-64e0-4bee-9876-e15ef7e8cd95,ESM-2023-00762,LMS-008100
fc433f2a-918b-4371-b6dc-577df1053b99,ESM-2023-00763,LMS-005305
3a535a93-03e4-499c-8033-d86ba02d767b,ESM-2023-00764,LMS-003161
ca6e80cd-226b-4c22-897c-dcf48f6f02b3,ESM-2023-00765,LMS-008722
fe2207cd-f177-4cc1-9cb2-fff7c2fbf2a5,ESM-2023-00766,LMS-005706
c0148263-afba-4752-9419-b6e1e544508c,ESM-2023-00767,LMS-007309
f44a3041-d000-4077-907f-d0ab51300dad,ESM-2023-00768,LMS-004984
5289e5df-0652-4101-81af-fc80b9a7201d,ESM-2023-00769,LMS-001055
04c888fd-59db-4547-bad1-636e4f60bdab,ESM-2023-00771,LMS-004570
8f20112b-a1b5-4eb7-8cb4-b528eecc0234,ESM-2023-00772,LMS-003230
aa31cd12-cc0f-4b7f-b184-a83bdcbd0d62,ESM-2023-00773,LMS-004150
0102200c-e83b-4255-bb48-4b502ae3fd81,ESM-2023-00774,LMS-009358
7e27f94d-d485-41c1-b3af-270689662030,ESM-2023-00775,LMS-008054
6162116c-2433-406d-8190-188fae7e8680,ESM-2023-00777,LMS-001697
3543d778-ae21-408e-9fc0-d41fcefcc692,ESM-2023-00778,LMS-001178
079e836a-b359-4d5c-8016-ebc0190a9313,ESM-2023-00779,LMS-000366
64675e73-bba6-481f-b866-094aadf51d1d,ESM-2023-00780,LMS-008537
5e57e668-7e02-493f-b112-5189b448164e,ESM-2023-00781,LMS-000599
1ee573a6-b19a-4fce-90ea-924cfa984e9e,ESM-2023-00783,LMS-004229
e7958913-0bf3-4207-aea0-528b1a1c43ed,ESM-2023-00784,LMS-004924
aa9bfde2-8b99-48e2-b5f4-79e204900779,ESM-2023-00785,LMS-007056
5d82b7e0-823d-44b4-92dc-571ce62fb6a5,ESM-2023-00786,LMS-003947
43a12c02-3c97-4887-8309-e19b14c9fd30,ESM-2023-00787,LMS-003541
9a493e9b-0f10-4c4b-8fa0-9248e54b98f1,ESM-2023-00788,LMS-003636
a521f872-a2f0-4a8b-bcf4-9e9bde9fd716,ESM-2023-00789,LMS-004019
67700237-fa61-42cc-87f9-e07ff08c825b,ESM-2023-00790,LMS-004769
786cdb32-97f5-4791-a795-fdb64ca33792,ESM-2023-00792,LMS-002561
c7def57f-d4cf-4c00-a75b-7d36d5e9dc86,ESM-2023-00793,LMS-008821
e17f9e82-da26-4c1a-b2e3-6ffff421da64,ESM-2023-00794,LMS-007500
b397c158-0c0d-4360-9700-aed634bcab3a,ESM-2023-00795,LMS-003705
6bac6954-91b3-4fb6-9181-cc2e8844cd99,ESM-2023-00796,LMS-005727
6624d2d6-8128-406f-8bdf-30ce37f4536b,ESM-2023-00797,LMS-008117
2eb7462b-7641-46ce-aced-1b85f7a60214,ESM-2023-00798,LMS-002408
9a065594-da5d-44f3-a1e4-3fe4a1114777,ESM-2023-00799,LMS-006779
81f8ee70-824b-4641-8bb8-b4c0cbb319e4,ESM-2023-00800,LMS-000622
06b0f7c0-90d1-43f1-9cfa-0ebadfbfe08a,ESM-2023-00801,LMS-001933
dd171495-d496-482d-bc29-44a5f9a546f5,ESM-2023-00802,LMS-001389
c85ec164-8e08-4e24-a82c-b5433c69b377,ESM-2023-00804,LMS-005745
a86b510b-08ed-42e1-858f-6d7fbefb3cfe,ESM-2023-00805,LMS-001391
c63b5050-9305-476c-b2ff-0720779d2372,ESM-2023-00806,LMS-009090
40351fc5-04d5-471b-82d9-9a49072d432b,ESM-2023-00807,LMS-007556
0e7bfc1a-6f5f-4f4c-9961-7b01c74dd79b,ESM-2023-00808,LMS-002962
e47492d1-da25-4d48-83b5-0444ffa01f9e,ESM-2023-00809,LMS-004266
146cc252-e0f6-4f1e-8891-aa7849036fe4,ESM-2023-00810,LMS-001160
b73d63fe-e96c-4b56-923b-97529eee5644,ESM-2023-00811,LMS-008421
e9d0938a-62a6-471d-89b3-00c569ac8198,ESM-2023-00812,LMS-004016
dc89e515-3151-4637-a337-2c6d3ed036e5,ESM-2023-00813,LMS-003389
a7cbbe0f-6590-4ec8-a358-d7ee2cb58a71,ESM-2023-00814,LMS-006493
2ee4015b-636c-4484-a491-6ad3580087f7,ESM-2023-00815,LMS-004601
0b5a2e7f-cf95-4fd6-9051-6cc6c1ff6e27,ESM-2023-00816,LMS-006538
b3668b74-6e35-4efd-ab4c-9f57b410bbc8,ESM-2023-00817,LMS-000918
b9109837-5076-46e0-a4bd-4a10f5886b72,ESM-2023-00818,LMS-004649
871f0b61-a851-4097-8d9e-ce044ad66666,ESM-2023-00819,LMS-002103
7b6faad8-bc11-4757-9724-c9f63681b52b,ESM-2023-00820,LMS-000164
e14b9e03-e8fa-4bd6-9600-2e79fc50a3f5,ESM-2023-00821,LMS-005453
c5512cce-5586-4244-aecd-ca338caf5311,ESM-2023-00822,LMS-006460
961f89cc-cf5f-4187-9a53-834b20dc7e6b,ESM-2023-00823,LMS-003686
ee1ec6a8-a757-48ee-8107-cf78a3d0fcf4,ESM-2023-00824,LMS-002455
868d0d48-0f0c-4001-b2ca-3f4166a0c4af,ESM-2023-00825,LMS-004585
9ddd7c39-37f0-4580-a396-9ac2e875d2e6,ESM-2023-00826,LMS-002402
f3d133a0-0e51-45f3-af84-cc2bd5c4fed3,ESM-2023-00828,LMS-005675
1b4f73a5-872b-4615-8d8d-d41ad2ea3f4b,ESM-2023-00829,LMS-008207
38cec585-b77c-4b08-8643-687547065b99,ESM-2023-00830,LMS-002076
07a88453-2b0b-4fc9-b003-60b7430941fe,ESM-2023-00831,LMS-006213
a898e8a7-4e93-4faa-9962-c0102722233b,ESM-2023-00832,LMS-004636
962989a9-77bd-422c-8e4e-26d1688c9435,ESM-2023-00833,LMS-001101
9a847523-4573-4f63-b950-4901e0433be5,ESM-2023-00834,LMS-001015
3ae2485b-f0f9-424a-86fd-28bf9f5b71f2,ESM-2023-00835,LMS-002557
14b56909-ab09-47da-ad5c-757a808812ba,ESM-2023-00836,LMS-006024
4061a8b7-4d74-475d-8dd7-5c1f02889d38,ESM-2023-00837,LMS-007961
783d0ee9-1800-4506-a9ae-c1d8c66fea1e,ESM-2023-00839,LMS-000229
5ad685ab-5eb9-4162-bb84-57b841d93450,ESM-2023-00840,LMS-005977
39b32319-c083-4622-ae61-f2fd03f1a390,ESM-2023-00841,LMS-005473
94027669-2bc4-43be-b56f-95ba7d5ad4c5,ESM-2023-00842,LMS-001357
6850c627-daeb-41ca-b69b-e75b3d20d6c2,ESM-2023-00843,LMS-008881
a59227b2-0184-43dc-b2be-48bcdef3941e,ESM-2023-00845,LMS-000857
b27dff2c-d07a-4f78-b912-81cb687a3b9b,ESM-2023-00846,LMS-005000
2ec0beac-b31a-4aa3-ad41-3fb524543bca,ESM-2023-00847,LMS-007323
f55117a9-c4c6-4641-a833-97079bc72daa,ESM-2023-00848,LMS-004331
264a1eb4-c70e-483a-908d-84b7b7773a6e,ESM-2023-00849,LMS-004522
1bda740d-f0c9-46fb-bf97-1be793b4ffe6,ESM-2023-00850,LMS-004068
cacf94af-3891-4ad1-9df6-c5b32cd6f8fc,ESM-2023-00851,LMS-007218
f0dddc80-ea13-4135-b303-95f3980cf40a,ESM-2023-00852,LMS-007838
d7fc4eeb-5deb-4c9b-afa0-4ebb254c47f8,ESM-2023-00853,LMS-007783
d13bfd7b-dd84-4dda-abfa-2004bd2e3d06,ESM-2023-00854,LMS-002421
642df8eb-8978-4f0b-9fe2-8661cd5008de,ESM-2023-00857,LMS-000767
21bae526-a5c7-4e3b-9c21-4b6fffb34553,ESM-2023-00858,LMS-002059
4d34d4bd-56fb-4522-9215-ec8f813877f2,ESM-2023-00859,LMS-006242
45b0a167-afb4-4f51-a9d9-24218bf95ffd,ESM-2023-00860,LMS-004005
ec3a394d-2c47-4288-8baf-e17798242ebe,ESM-2023-00861,LMS-005187
f73ff701-cfaf-4f5d-a0ac-b5f0b3bcbff4,ESM-2023-00862,LMS-003198
00cf912a-cb25-40b5-923e-c40d3d307edb,ESM-2023-00864,LMS-003570
c5dfcdde-7941-4c10-9809-1d14548b9c18,ESM-2023-00865,LMS-002444
40aabb58-30f5-4010-99cf-1b55695d07f4,ESM-2023-00868,LMS-008370
7718e3b0-b787-4f03-af11-64ba5dfedc76,ESM-2023-00870,LMS-004297
73a626b6-bf6f-49ae-8740-fa699e4edb70,ESM-2023-00871,LMS-004810
8cd4ed38-d6b2-407e-a48c-e1dfbcb176ba,ESM-2023-00872,LMS-002397
2c205b5a-73a4-45fc-b006-fd2c88f8acba,ESM-2023-00873,LMS-009406
e77f26b7-0c38-4e53-ac91-1f27a0941515,ESM-2023-00874,LMS-002473
1f984bde-12e5-47d8-a088-adf9ca7b6abd,ESM-2023-00875,LMS-009137
050fd875-295b-4b6a-bc2d-673ec2ba35d2,ESM-2023-00876,LMS-008023
01ff3540-6786-44dd-bd5b-45c8286b0f1c,ESM-2023-00877,LMS-008868
77ba4d00-b188-4d61-adfe-3ceaf7b3ed27,ESM-2023-00878,LMS-000262
20de5726-157e-482e-b4a4-32e6ff5ca27d,ESM-2023-00879,LMS-006570
fb1fff8e-fdda-4825-b89c-8899ae9fe0dc,ESM-2023-00881,LMS-008309
ec58a1fc-d921-49a7-943a-f7a219cc2e0f,ESM-2023-00882,LMS-000864
a51b9831-3af5-4b6b-bdef-9c3921b8cb2a,ESM-2023-00883,LMS-007630
8bfde436-a2ec-4a57-85c2-f1bf57b4a2db,ESM-2023-00884,LMS-005766
746974b5-c557-4274-8e0c-c5bd95c9cd31,ESM-2023-00885,LMS-007978
af488db3-5119-4039-9285-62ced6c1e5bc,ESM-2023-00886,LMS-006609
a045670e-c8ff-4ea7-981a-585741a4cea8,ESM-2023-00888,LMS-002511
7614fb51-a951-4c55-b052-e41d85ca8def,ESM-2023-00889,LMS-009049
078cc801-119d-40f0-8310-d501206aecc0,ESM-2023-00890,LMS-002910
f1b75ad9-1f26-4a75-a014-4cbec992fd54,ESM-2023-00891,LMS-007321
55ed37c9-2389-490f-9607-9a2dc3b03b62,ESM-2023-00892,LMS-005440
3d0cfd53-d0dd-4f3d-bcb0-7f9a3b8625af,ESM-2023-00893,LMS-006049
685ebd43-e501-4202-a7a9-80c2cccc10ca,ESM-2023-00895,LMS-002386
ecd2c3d9-c6a6-4651-a1ef-bae12d12ea13,ESM-2023-00896,LMS-008576
c711ba9b-ea0f-4b81-8a13-a5062bb00358,ESM-2023-00897,LMS-004948
a0775751-56c7-43be-956f-73435fda8b98,ESM-2023-00898,LMS-006348
8bb2ece8-8b12-42f2-a903-7a24ece8adff,ESM-2023-00899,LMS-006048
4e8cc2d3-5aac-4cce-ad2b-5471f43b5201,ESM-2023-00900,LMS-008009
4aa35234-c6dc-49b9-9afc-53f14b9f3ea9,ESM-2023-00901,LMS-005767
16cf306f-25a4-4361-8a52-4fc370395890,ESM-2023-00902,LMS-005932
5b53c6e6-4756-4d95-ba5b-cc19701480b2,ESM-2023-00903,LMS-002645
1151382e-7d7a-46f7-8d41-db6f4605b1d7,ESM-2023-00906,LMS-007975
5e9ffb14-3271-4c96-8712-c771ef7f6919,ESM-2023-00907,LMS-000574
c324a3a7-a37a-4be5-ac1d-5aceac1fbd56,ESM-2023-00908,LMS-009474
f79b6c11-0aae-4d52-87bb-43ca28e87d9b,ESM-2023-00909,LMS-003060
064e7484-6d10-4bd3-8576-0919cb889dc0,ESM-2023-00910,LMS-004158
5d90ec1f-fd29-4923-8a42-e86a3d5ca62b,ESM-2023-00911,LMS-005182
7ec2bb13-2cf3-48d5-8574-3779ea76340e,ESM-2023-00912,LMS-003904
eb4d733d-fac8-44f9-8acc-2d490b70f5c0,ESM-2023-00913,LMS-001409
062a6ccc-aa83-435e-9fbe-0a8b76f6bfc7,ESM-2023-00914,LMS-001186
e5652379-08e0-43d5-9583-4363339753b0,ESM-2023-00915,LMS-007831
1a529161-3c04-4274-90fb-2a2ad9943b28,ESM-2023-00916,LMS-000240
08b20468-31c3-4d45-9f32-0d46be318f0b,ESM-2023-00917,LMS-009391
c9a8a546-b7c9-440c-ae3b-cb0f737251a6,ESM-2023-00918,LMS-002940
365d05d4-eec8-4311-a36d-ab9d971555de,ESM-2023-00919,LMS-005119
2deeae0c-68cd-4d0f-b46e-40aa7f0c9338,ESM-2023-00920,LMS-006691
f6f6cfa1-eec5-4834-937c-5ccdc7611c87,ESM-2023-00921,LMS-005729
53a3890e-7150-4eee-a465-a2593d64e918,ESM-2023-00922,LMS-005015
849de5dc-5857-4600-bb7a-ffa453584241,ESM-2023-00923,LMS-002277
1b78e525-18f0-478c-aa42-f0193aed30ed,ESM-2023-00924,LMS-007643
4e56ddd8-0ce7-4235-8b81-234390177095,ESM-2023-00925,LMS-008906
e67bfa87-902b-4870-9035-0de1900cbf7b,ESM-2023-00926,LMS-000096
535bfd06-5639-4b14-a692-a3f1e31c7656,ESM-2023-00927,LMS-005454
b2dd9563-4967-47d7-90af-d02e9611464b,ESM-2023-00928,LMS-000248
eb26aed6-5cc0-43d5-9776-3ee81fac818c,ESM-2023-00929,LMS-001687
1beee1f8-09bd-43ab-871d-6b78059b3d18,ESM-2023-00930,LMS-002163
42c45562-d3f7-444d-b90f-9e7ee2148fb4,ESM-2023-00932,LMS-002118
8b20c092-74a1-447a-a4b0-d76b0be7c0ba,ESM-2023-00933,LMS-009148
005ceeba-8097-49be-be0f-78fbaba3d513,ESM-2023-00934,LMS-003298
482e5fb7-2c90-4700-af26-2ce5e627a316,ESM-2023-00935,LMS-006921
85bd397e-e9ba-499a-beb3-546661b5e097,ESM-2023-00936,LMS-002956
a0317456-bed6-47b2-8915-a1a110357d27,ESM-2023-00937,LMS-007306
d8ec7b8a-6347-4d6b-b196-887cfdfab655,ESM-2023-00938,LMS-001954
67b1dcde-8f85-41b7-a5f2-97759da60a51,ESM-2023-00939,LMS-005307
09a810db-06f3-4409-bdc5-f128916a9436,ESM-2023-00940,LMS-006871
aab1f615-0079-4539-84dd-2ed5a3327bf3,ESM-2023-00942,LMS-002973
cc623306-0934-4f44-a5cb-8d7e9975665d,ESM-2023-00943,LMS-003760
f95f52be-ecec-4ef6-a976-2acafb55e456,ESM-2023-00944,LMS-003665
c4ac7d15-dd7e-447c-8481-97835eb6977e,ESM-2023-00945,LMS-001767
0d95bcca-9244-4a65-a522-b464d194694d,ESM-2023-00946,LMS-002521
27b1232f-6677-4e90-86eb-478001552436,ESM-2023-00947,LMS-009277
f3a8b8f6-393b-426f-afaa-ed7cf9d61275,ESM-2023-00948,LMS-002990
a0856e21-7bea-4f2e-b610-15533bb31598,ESM-2023-00949,LMS-003861
2dc3236c-423c-45b4-8346-710ff9fe0cdf,ESM-2023-00950,LMS-008928
25ac0fa8-6013-431e-bb7d-21de0ff71a48,ESM-2023-00951,LMS-006945
907e419c-8c90-4d1c-ae61-aec8ba9dba1b,ESM-2023-00952,LMS-001588
e538f545-453c-4160-88c2-bd915152bc57,ESM-2023-00953,LMS-007734
6f5816e1-12a5-41d0-8f22-33baaf9dce1a,ESM-2023-00954,LMS-009269
da4dff5a-4b41-43d7-a350-93b2e83eebd9,ESM-2023-00955,LMS-006116
94656661-666c-48f7-a45b-8840738080b4,ESM-2023-00956,LMS-001999
88fb8c72-eba9-49a3-9c3a-79c4565e3418,ESM-2023-00957,LMS-008289
347abf28-3db5-4937-99f0-4eebb905917e,ESM-2023-00958,LMS-005461
d299f96d-5b6f-400d-ab6b-cae7c4586074,ESM-2023-00959,LMS-007000
ccd35ae1-88b8-4c2d-9217-735c36fec136,ESM-2023-00960,LMS-000349
92b08f44-df84-442d-b588-8b0635bc0bb7,ESM-2023-00961,LMS-004051
02bcaee0-2537-4db7-a1c3-1c23df9e8a2b,ESM-2023-00962,LMS-006429
243932fe-8c3f-4ef2-9b31-5b419c216eaa,ESM-2023-00963,LMS-000350
c95b8b49-e644-4765-a167-7dea86e5ec1e,ESM-2023-00964,LMS-004245
9da9aafe-ea9c-49a3-9d08-bddeb5a45b24,ESM-2023-00965,LMS-002786
cb2c9616-fb78-4467-b82c-94c378a5105d,ESM-2023-00966,LMS-008775
13935d71-7c22-4b7d-b2d4-a97a6badd9a9,ESM-2023-00967,LMS-001737
3f4493d1-a836-4ed9-9e67-feff6b205244,ESM-2023-00968,LMS-003458
edbc9de2-7e35-4888-84cf-c745ec336773,ESM-2023-00969,LMS-000839
439ed88e-b117-459f-919f-767b0850abdf,ESM-2023-00970,LMS-006690
96f465d1-7633-48cb-a09f-cb12f2ba440f,ESM-2023-00971,LMS-004751
d2941bf9-4b6b-4556-9ec3-678ea3261ddd,ESM-2023-00972,LMS-004822
34d921f5-6232-41a4-bdbb-2a9e9db86052,ESM-2023-00973,LMS-008181
a13666ab-f910-4216-97a2-59182eb45204,ESM-2023-00974,LMS-003692
b27bc9fc-32cd-49ad-87c9-f07fd9efe361,ESM-2023-00975,LMS-001719
fc30bfd7-0adc-48be-8762-b1ffe29d0b5c,ESM-2023-00976,LMS-006418
edca7c39-42d8-4169-b7a1-bfa3fce22ea7,ESM-2023-00977,LMS-004339
34766988-cbdc-4fbd-9656-5e8028f1dca5,ESM-2023-00978,LMS-000720
265b905c-7c28-499b-94a5-0629ea92304c,ESM-2023-00980,LMS-006515
6e7b8af4-41d9-4d0b-9d10-8afaf60d7d25,ESM-2023-00981,LMS-007265
ab9b06b9-9306-4040-bde6-2d6b77323c65,ESM-2023-00982,LMS-006280
e92af610-98f4-4402-8382-f7135a5994b9,ESM-2023-00983,LMS-002201
c5b50e69-439d-47b4-8c05-947c657ca83f,ESM-2023-00984,LMS-005438
9a7e535b-e58c-4eeb-9f47-0901092a07fb,ESM-2023-00985,LMS-001306
1c15670e-7858-405e-adf8-ef2dcb277dbb,ESM-2023-00986,LMS-007015
7602cde0-105c-4220-98ea-cb470c25b364,ESM-2023-00987,LMS-002418
2932868c-a87a-4a06-bf25-f0b36ea565b6,ESM-2023-00988,LMS-004865
b27ffbaf-8611-4ff1-8beb-be896e314063,ESM-2023-00989,LMS-009351
9e15fb06-5acd-4405-8347-13d1f06cadb2,ESM-2023-00991,LMS-001243
cb8e8f9f-c2e8-4c6e-9034-65d1db4c1363,ESM-2023-00992,LMS-009311
32074e8e-e768-4bf2-a94a-8be1957ee655,ESM-2023-00993,LMS-005855
63491eee-da7d-45c5-89d1-f9b15b91b38f,ESM-2023-00994,LMS-000012
cf24b5ab-f8e6-4386-b90c-ddc8fe05c433,ESM-2023-00995,LMS-007863
8088666d-807f-4c6d-8087-47ff7fdf494e,ESM-2023-00997,LMS-007637
cce2e93e-214c-4d0c-a1fa-b3a87b08fc03,ESM-2023-00998,LMS-005101
86a24c6a-2da8-4b96-8d3f-fca9d02e5440,ESM-2023-00999,LMS-008899
0e22d6a4-4a75-4a8b-8d2e-c078889cd4f9,ESM-2023-01002,LMS-006706
a24d0a00-0440-4fdb-a3a3-b10ae14d1b42,ESM-2023-01003,LMS-002969
2a2f9548-8d84-4bfa-b74b-7cf150975b39,ESM-2023-01004,LMS-006463
7c51df71-944a-4d0b-8447-a8c780fe50b2,ESM-2023-01005,LMS-000230
b098e98a-fc00-475d-b433-46896c68a9ad,ESM-2023-01006,LMS-005123
00615af0-e710-4d5d-b5a6-e0bd4bb82ab2,ESM-2023-01008,LMS-006891
ab20f673-8d91-424c-9eef-f14d6b8669e1,ESM-2023-01009,LMS-001829
a7978f0c-9ada-4160-814f-1d302b6d49d7,ESM-2023-01010,LMS-002516
dce6b4c8-149d-4380-abae-2c92e6381269,ESM-2023-01011,LMS-006862
04807aac-b645-4a18-af4d-cf3543f7b76e,ESM-2023-01012,LMS-002528
56a3dd3b-ccf2-4c62-8a19-1a63c7ba7f6b,ESM-2023-01013,LMS-004243
ffdd7134-1aec-4299-89d7-3e22e54c3b63,ESM-2023-01014,LMS-001891
f23ca6ed-b36c-4380-9333-3da82307ae92,ESM-2023-01015,LMS-009367
14cbd363-19d7-4f57-a9c5-a3d5339cec1b,ESM-2023-01016,LMS-007764
bd3e7b9b-09e6-466f-be58-98133391f036,ESM-2023-01018,LMS-002921
22613da3-2357-4b63-b633-7db3f3f03988,ESM-2023-01019,LMS-004499
4a763bcf-6e0b-4caf-9327-b4455da94829,ESM-2023-01020,LMS-000454
493b0b89-d5ce-4cf1-9923-5991825d25b8,ESM-2023-01021,LMS-008852
883d9f0c-48b6-4511-be41-d9c9ef0ac664,ESM-2023-01022,LMS-003475
06966c8f-b2c7-4eb9-b013-0e635dff34af,ESM-2023-01023,LMS-005024
4cb69156-71d9-4619-aa73-56be74e7bf81,ESM-2023-01024,LMS-002779
8743c2ea-9b62-492d-8f6e-832a4f03f204,ESM-2023-01025,LMS-004630
d64a8656-da5f-4fb3-acef-33377def14ac,ESM-2023-01026,LMS-000043
280e68fd-1511-4b67-90c3-7db6dffbe707,ESM-2023-01027,LMS-001184
f3a37de0-2002-4ddc-be00-632c19687ac8,ESM-2023-01028,LMS-000638
c2832eef-03d3-416d-aa79-be49d5daeaa4,ESM-2023-01029,LMS-001447
8ecce08d-d580-46a2-80b0-da661486e54e,ESM-2023-01030,LMS-007113
ac6dee93-86f8-4bc0-ad15-449f81c2863d,ESM-2023-01031,LMS-006535
919715ec-1580-4d2b-92a0-bb01777c19a6,ESM-2023-01032,LMS-007618
65dd0006-84de-4692-9e41-f47d591e3cfb,ESM-2023-01033,LMS-008511
ebb93872-14a4-40d1-90fd-53647b479f56,ESM-2023-01034,LMS-000836
429c396b-c00b-44b0-b8c5-6e0726ea94f7,ESM-2023-01035,LMS-003809
3263a4aa-7b55-4413-bd8d-ccd58efa7c6f,ESM-2023-01036,LMS-000160
ace2bf85-cdc8-44eb-a6ef-d08a7523e363,ESM-2023-01037,LMS-005672
26c719e3-9e1f-41aa-a784-19958cd5cc21,ESM-2023-01038,LMS-001783
bc2fa4f8-2e44-4878-8a88-a26dee9513db,ESM-2023-01039,LMS-007950
1cc6a247-b360-4d1b-ad2c-6e76eb9174d1,ESM-2023-01040,LMS-006375
622e0cc6-31af-4dba-ae70-49ab33e93f50,ESM-2023-01042,LMS-004468
0bc40767-27b3-45e7-a5f8-3a5d4b1c3d6c,ESM-2023-01043,LMS-005823
6a76b7ad-871d-485a-82f3-dbf3741c4bc6,ESM-2023-01044,LMS-001471
38de4ba2-6cd2-4940-88a7-ffc2f90e73b7,ESM-2023-01045,LMS-002678
0fb4e67c-84cb-40cc-882c-5846f6fb4ef2,ESM-2023-01046,LMS-008279
435d82ec-1e95-4b51-a492-4fe536290506,ESM-2023-01047,LMS-008050
fd0e1fcf-a585-4591-8ff6-3e4b861e44a0,ESM-2023-01049,LMS-001782
ddab363a-37d9-46dc-810a-50ee737c20f8,ESM-2023-01050,LMS-006413
39936096-91a4-40e2-8e19-a89ab85334d0,ESM-2023-01051,LMS-004054
af5ec86a-fbab-42dd-a222-1833e7baa4b8,ESM-2023-01052,LMS-004598
28780089-34e5-4639-a26d-11fcd95f1d4c,ESM-2023-01053,LMS-007770
65770f07-cd11-4c5b-9342-f75c7fbbc3d6,ESM-2023-01054,LMS-003695
fb0caeb3-41e1-4358-b2ac-516ba5d28a02,ESM-2023-01055,LMS-004792
d62f7794-7928-471f-b2c3-2156e658a310,ESM-2023-01056,LMS-006199
9349aea4-e22c-4f3f-aeec-4086316d9ad0,ESM-2023-01057,LMS-007615
8629c894-bcf5-45d7-9eae-0a250c7eced9,ESM-2023-01058,LMS-004017
dc259b5a-96a8-4fa2-a544-46aac236bcf6,ESM-2023-01059,LMS-005619
53d0f5af-138c-4fec-a73b-6c4e118fcea7,ESM-2023-01060,LMS-003614
87d0223d-d3d4-4844-9fb0-8ff324d4e784,ESM-2023-01061,LMS-008658
2c6b59d2-4c5b-49da-a711-c48b846b96c4,ESM-2023-01062,LMS-001050
3a1c9da4-a75f-4822-a836-df5b02c995df,ESM-2023-01063,LMS-004429
62a66bd0-8187-449f-a894-60a401ca780b,ESM-2023-01064,LMS-002078
745322ce-93bc-440b-b06c-99fa10f678e6,ESM-2023-01065,LMS-003875
d698526c-b299-4762-a629-8333ce4c9932,ESM-2023-01066,LMS-005045
fe1d2baa-b69f-4de0-8f44-9d23af2ce2a6,ESM-2023-01067,LMS-008090
b61856d7-321a-41d5-976d-47883dd4efac,ESM-2023-01068,LMS-008398
a57148ef-86eb-4be2-8935-936685ef67ad,ESM-2023-01069,LMS-008263
c00d2cae-6c6f-4777-9308-7e1c69bf656f,ESM-2023-01071,LMS-008015
46a36b96-f71b-412f-9a19-fde4758df1a6,ESM-2023-01072,LMS-006562
5607d637-586a-45de-a457-4203bb371d41,ESM-2023-01073,LMS-001274
f2567fc2-4d78-48df-9de8-269f303a0ddb,ESM-2023-01074,LMS-000464
d0c37559-7d97-42ca-acad-55554b4d07e3,ESM-2023-01075,LMS-005173
7d0ee614-bdbc-475c-a4ba-88d32722154f,ESM-2023-01076,LMS-000391
97f8e679-aad0-47c6-b9ea-46e687f5bc56,ESM-2023-01077,LMS-003119
f514c74d-9552-4472-b32b-3d6ab3365a53,ESM-2023-01078,LMS-004217
b598deb8-c1f3-489c-8939-222268ca6b37,ESM-2023-01079,LMS-003485
76aad0bd-ea3f-4e1b-9df4-eba168c2e9b2,ESM-2023-01080,LMS-006224
c09cbeeb-b077-428e-bc3c-df6e432bda86,ESM-2023-01081,LMS-000536
4f9ce281-d4ad-40dd-8619-09d588a665bf,ESM-2023-01082,LMS-008663
9eb663ee-b46a-4673-a451-874773d5b911,ESM-2023-01083,LMS-002875
c9323804-8047-4b47-858a-7ef315644ab8,ESM-2023-01084,LMS-002275
ff23b73a-202a-422c-ae01-6fba592c343e,ESM-2023-01085,LMS-002893
1647230b-cd7e-486c-ab13-1cfd5980b45b,ESM-2023-01086,LMS-001846
24aed8de-0f9f-4f16-a793-84ba23a79b7f,ESM-2023-01087,LMS-001759
f7404d3a-064b-4951-bf2b-1d43cc6406ca,ESM-2023-01088,LMS-003225
dcc0428f-49c2-4fe6-b0e5-8f948b37e595,ESM-2023-01089,LMS-005151
22be2b56-61b3-4f7d-bb2e-ca15cbe35acf,ESM-2023-01090,LMS-003675
cd140e4e-79d0-46af-b74f-8aa432391ffd,ESM-2023-01091,LMS-008976
1dad7d18-5f75-49a3-89a3-d11123574cdc,ESM-2023-01092,LMS-006187
65a98ace-45fb-4b80-9a00-9640e89b5882,ESM-2023-01093,LMS-009172
fc6adb8f-3ded-49bd-ae2e-094ed9b667bb,ESM-2023-01094,LMS-005456
871a45d6-9e0b-4cd5-a7ee-1a45c622c785,ESM-2023-01095,LMS-002471
3a1b8f1d-b63f-4e89-aab1-aadc683e9acd,ESM-2023-01096,LMS-000517
a7af6e4b-249f-40a0-a84d-1dd21ced5ac9,ESM-2023-01097,LMS-006161
0b0284b0-41cf-42df-8bd7-bf4da5f2e79e,ESM-2023-01098,LMS-007042
e1ede60d-8739-4438-b8fa-e85856ff19fa,ESM-2023-01099,LMS-008995
a753428e-ba65-46ca-ae74-0495707b357f,ESM-2023-01100,LMS-002578
187b70c4-4261-44b9-8efd-32598959a8f4,ESM-2023-01102,LMS-007215
16712373-0496-418d-825a-670455a9824f,ESM-2023-01103,LMS-000740
67342c1a-ee4a-4c73-9991-581835757271,ESM-2023-01104,LMS-000193
ae49c0f3-68ec-4027-823c-9cdd0f91ee10,ESM-2023-01105,LMS-004260
0119b44a-c7be-4292-a7e7-af9a2e2b9775,ESM-2023-01106,LMS-003283
09a5e8d1-35ca-4a89-97d9-cd735ffe2588,ESM-2023-01107,LMS-002485
37948714-9634-4f66-aa5f-433dc6b1192e,ESM-2023-01108,LMS-000223
aeeb1233-dab7-4e2a-94c8-74b91c313caa,ESM-2023-01109,LMS-004552
35d617bb-12a8-4648-a9c3-0891f8788d45,ESM-2023-01110,LMS-006642
05a8b0e5-886a-4d60-b299-e7751cf2276d,ESM-2023-01111,LMS-007014
b6b34598-5cb7-4e6b-9f78-d5a34506b312,ESM-2023-01113,LMS-003840
ad91ee0f-aa06-4401-8c06-a2b76852d78d,ESM-2023-01114,LMS-007690
e7e2d2eb-e3ed-4a98-8814-eddf899b54f9,ESM-2023-01115,LMS-007631
120ec145-b00e-47a8-b925-10db08fdfb04,ESM-2023-01117,LMS-005222
1de173c5-2272-489f-9d1a-ae2a9bdbebcf,ESM-2023-01118,LMS-003465
253fbcb4-90bf-451c-9132-e28d72e21160,ESM-2023-01119,LMS-000663
d50e9405-de9d-4d16-904a-b2ea507cf7d1,ESM-2023-01120,LMS-008990
d05b953b-434d-44e7-871e-47fb714c7e16,ESM-2023-01121,LMS-003316
4e82308c-bfc0-494d-8dce-1f2997904684,ESM-2023-01123,LMS-002314
f5d6dfa1-7aca-4236-8669-cf568cbb34e8,ESM-2023-01124,LMS-005252
d41965d1-1a73-4638-b665-5671f043c6d4,ESM-2023-01125,LMS-000267
e9ca16df-3319-464e-958b-18c7b5a08531,ESM-2023-01126,LMS-001410
a7c03dd0-a1f5-4bb0-a711-741167d5adff,ESM-2023-01127,LMS-003129
dafd2845-51be-4ff7-95c2-9bf1915879a9,ESM-2023-01128,LMS-006035
cb11da22-ed25-485f-8424-7ad2f517a3bc,ESM-2023-01129,LMS-004835
4d121a04-8099-42bf-bd26-87e15a083a3f,ESM-2023-01130,LMS-006933
ead671be-25d8-4f72-875d-d8a6e9d2cdc3,ESM-2023-01131,LMS-005561
38c52d87-8ec6-43df-b196-8896b77a1e36,ESM-2023-01132,LMS-007714
0792f64a-7eef-4306-ad36-e3b0bff3115f,ESM-2023-01133,LMS-008742
e6a1f133-1ac7-495a-aae0-6c2ca94e8ca9,ESM-2023-01134,LMS-005122
0bd3e3b8-8f1b-43ee-a2ce-fb8ef71aa6ba,ESM-2023-01136,LMS-005176
90f089e3-60a8-4b1a-a81b-006f4f32d178,ESM-2023-01137,LMS-004818
3d4fde0b-989a-4ca2-9f4f-ebc7a66f0088,ESM-2023-01138,LMS-008609
5575fd27-6ee5-436e-8bdd-dee8147f1592,ESM-2023-01139,LMS-002520
d818009b-e47a-43c2-9e9e-7de43cff2373,ESM-2023-01140,LMS-006863
e1e1934d-c7e8-4d76-9b83-3e1b21585233,ESM-2023-01141,LMS-003801
9ac1e08f-406e-478b-b949-64bf876af4b4,ESM-2023-01142,LMS-005303
de680e9e-e901-4a99-91da-f9a71b1cecfa,ESM-2023-01143,LMS-007086
4154c8e4-9580-42bb-a1b6-2c6ac4df9ae6,ESM-2023-01145,LMS-006103
35d8ed25-5a0a-4868-805d-d8280e2cc8bc,ESM-2023-01147,LMS-003912
02899ea5-58f4-4c60-a39b-84778f51f379,ESM-2023-01148,LMS-003081
75209b16-814d-484f-a4bd-de7fbbeb02a8,ESM-2023-01149,LMS-000946
67d2b175-d65f-496f-8698-d38a17c18e62,ESM-2023-01150,LMS-006141
ce148377-122f-4d81-8065-357eec249897,ESM-2023-01151,LMS-000989
77f377c3-e1f8-49cd-bc6d-6db06880524a,ESM-2023-01152,LMS-002518
8b65741b-2ec7-4e67-8390-c0318b5dfaa8,ESM-2023-01153,LMS-006556
74e5b1b2-b02f-481f-a72f-7821016f459d,ESM-2023-01154,LMS-000301
4fa5a12d-2cf2-4c27-a18c-4827695e1b28,ESM-2023-01156,LMS-004979
7ba8dd05-adc6-4573-ab29-e488864cd328,ESM-2023-01158,LMS-006005
1a0cc11e-0c46-4ae5-b39f-8815edc736c2,ESM-2023-01159,LMS-004199
451baf25-4675-477d-b44e-0036893e2512,ESM-2023-01160,LMS-004413
141b85f2-b4cc-444e-baec-8dedfc3c4545,ESM-2023-01161,LMS-003196
a97adfa5-dd41-4828-a591-9206760a3d57,ESM-2023-01162,LMS-000791
c1bcf260-1d47-4f05-af31-81b6e37475f8,ESM-2023-01163,LMS-000246
bca43f09-ebd5-43af-8bd7-6c671410af97,ESM-2023-01164,LMS-007489
b8eac234-c433-4faa-a519-22e380c7ba31,ESM-2023-01165,LMS-005471
6f74707e-faeb-4926-956d-5be7b09b6c26,ESM-2023-01167,LMS-005854
741c18bf-de3f-4ec9-9ac5-9434f48fba98,ESM-2023-01168,LMS-009447
7fd4800b-f8cf-4bd7-81b6-26dc757a7833,ESM-2023-01169,LMS-002077
01d7ed08-d2f1-4f08-b43e-8c9f0a21c7f2,ESM-2023-01170,LMS-002554
76ebbc97-6f76-4989-b686-185f2684012f,ESM-2023-01171,LMS-008462
26384f63-816d-4a35-8da2-bfa62c649a80,ESM-2023-01172,LMS-008935
3447a478-e595-4062-9047-fb4391d9c290,ESM-2023-01173,LMS-004354
bc643536-e53f-4312-aafb-66dd72ad58a1,ESM-2023-01174,LMS-007677
8aed9738-04ff-4ec4-8e3d-0f9e247cd028,ESM-2023-01175,LMS-004862
fe3e5812-9e02-427b-beab-b6685f890388,ESM-2023-01176,LMS-008223
6b9d2a2f-b46a-4093-a426-5badcddf1eae,ESM-2023-01177,LMS-008079
ed5b839e-ebb0-47c8-8d06-d113da4df51a,ESM-2023-01179,LMS-008215
a2065fe1-25b8-45ae-845f-bf454549c4b3,ESM-2023-01180,LMS-002399
e7cb0edf-b19a-4666-9f64-5880653d2e5e,ESM-2023-01181,LMS-008675
24c95913-d422-4546-b541-fd8c42adabf2,ESM-2023-01182,LMS-003842
0310bfeb-ddcf-4ee3-8df2-3a76a6928129,ESM-2023-01183,LMS-001761
b7316692-ac9c-44d0-b872-3d904951151e,ESM-2023-01184,LMS-000771
433cdad0-5175-4043-840c-0c1dd7a1b4bf,ESM-2023-01185,LMS-005030
5b940466-7d7d-4df6-aaa4-dfb4c226b06a,ESM-2023-01186,LMS-007487
7acc8232-cc9d-4d9d-be3f-3a86eaa7b6b0,ESM-2023-01187,LMS-007732
e3a2c50f-b1e7-4eb5-bbd3-e5d1180f2265,ESM-2023-01188,LMS-005159
50364e7e-05a1-4a1c-9d3e-3e46d35400c1,ESM-2023-01190,LMS-002530
9f0936ce-3d30-45e4-be2b-c241c63815f6,ESM-2023-01191,LMS-002688
bc609f75-8834-4e29-8a2b-7974cde8f799,ESM-2023-01192,LMS-000930
1da3ac97-a93a-4f3b-8b99-15399c00afc7,ESM-2023-01193,LMS-002337
80b065c1-c67e-44a9-b537-2376f2da62f4,ESM-2023-01194,LMS-003216
f29e4046-2ed5-4afa-bb39-bb824d935f7b,ESM-2023-01196,LMS-004976
6cc70956-6076-4f24-b56e-466788574d97,ESM-2023-01197,LMS-005026
b6a2c670-da5b-40e9-93f6-bcc531b6447a,ESM-2023-01198,LMS-000876
d71b305a-f61f-408f-aec5-094922555f12,ESM-2023-01199,LMS-001890
65d41c03-524a-419c-ba4e-f07c079ddfb2,ESM-2023-01200,LMS-008005
6b5089bb-806f-4719-99d5-a7cf8b10f8e6,ESM-2023-01201,LMS-003461
1cc0e2ac-99a6-414f-8290-a550e25d0f4f,ESM-2023-01203,LMS-004350
3a648770-2324-4267-a04f-10f641361620,ESM-2023-01204,LMS-008470
f8f07305-ca12-4a42-9500-648df35c0da1,ESM-2023-01205,LMS-007294
00968577-1eaf-4ca4-a35e-00174b9367bf,ESM-2023-01206,LMS-000564
bb621bb8-f913-4d09-952d-6b95d41e11f5,ESM-2023-01208,LMS-006236
6aed6d0e-0411-4212-bc8d-813aa6efc9e5,ESM-2023-01209,LMS-004779
d0ea0922-0a3c-42f2-bed4-a28669be8e30,ESM-2023-01210,LMS-005789
642075f7-c2e0-4371-8f36-aefc5acc40cf,ESM-2023-01211,LMS-001560
6537b34a-5980-4d0c-8284-61056966a3f1,ESM-2023-01212,LMS-005470
e4b012d9-56bb-4a16-9978-6a911a48718b,ESM-2023-01213,LMS-001280
b16f3d89-bd50-48b5-b1d4-55dda6b02c6d,ESM-2023-01214,LMS-005560
7a440b34-e17d-4f2b-9543-d4a20ecc7289,ESM-2023-01215,LMS-000867
30c12bcd-a9d3-4cf0-9cfe-24143f70c34e,ESM-2023-01216,LMS-002051
583f2b1d-0a79-448a-b3c6-0577f9ecb9eb,ESM-2023-01217,LMS-000181
87f3a369-436d-406f-9d1c-09f95df0e94c,ESM-2023-01218,LMS-004686
f4ab5a63-57cf-43e9-811a-da54ea2e96a8,ESM-2023-01219,LMS-003569
2bdc21c7-edf6-48bb-9003-6ad2c980fd9e,ESM-2023-01220,LMS-009206
2c9f9cfe-c367-4e18-af38-a9d2512655c6,ESM-2023-01221,LMS-006043
5d016914-445c-43e8-b192-450a71bd1509,ESM-2023-01222,LMS-008854
ccb31beb-ffc9-439d-90c6-9d501158b754,ESM-2023-01223,LMS-008200
b62bb3b3-aede-4194-8e74-6036a61b79ad,ESM-2023-01224,LMS-006978
1f18ed1b-a1e7-444e-9c5e-d77b1435d4aa,ESM-2023-01225,LMS-003292
7af4041e-ecb0-4a4b-a49d-15217ee0327e,ESM-2023-01226,LMS-006740
4fba7613-cb9e-4d0e-bfd6-3b63d54d17e2,ESM-2023-01227,LMS-001362
fbbe4712-2845-4d9a-8161-4018ae8331af,ESM-2023-01228,LMS-000999
415b1a21-8bfa-49f3-ab74-7c7072dfe8d6,ESM-2023-01229,LMS-009108
698e23e4-cc2d-4f1d-b2f3-b5c4a45b7f67,ESM-2023-01230,LMS-003697
7bdef6e1-9661-4ed4-9fff-93d286e18080,ESM-2023-01231,LMS-000452
8de58908-0dd3-4a1a-bc6d-dcd05368d9af,ESM-2023-01233,LMS-002938
7b2342eb-6ef7-4ca0-b74d-3e632225e1e8,ESM-2023-01234,LMS-000644
c3bf8f76-51ff-43fe-a98d-ff655d0bf315,ESM-2023-01236,LMS-007339
da8b5355-1a84-4304-8860-4b654afbe710,ESM-2023-01237,LMS-007665
4c2b92a1-c38c-44aa-9375-2ed88f4895e8,ESM-2023-01238,LMS-003510
fa593017-7b1f-48e8-aa6c-009ee6aeb1e0,ESM-2023-01239,LMS-009057
569c4ae4-91ba-4579-b354-b7d3cd2c8793,ESM-2023-01240,LMS-007080
655caff4-b0da-4390-8470-862bc1b42c20,ESM-2023-01241,LMS-004181
b4c27db1-7c29-4c40-8343-81022df016d4,ESM-2023-01242,LMS-007986
55e93982-f26a-45cd-b32b-a2db4b4c5e1a,ESM-2023-01243,LMS-000340
95d23faf-ec5d-4d8c-9220-2ceedbae97c2,ESM-2023-01244,LMS-002492
1510567a-c607-4d74-b991-5be47e40d103,ESM-2023-01245,LMS-000579
79e2dd0f-e74d-4216-927f-b6d1979325bf,ESM-2023-01246,LMS-009166
249d9365-5167-4dd4-ab28-2a4f288745cf,ESM-2023-01247,LMS-007425
39d5a10b-57a2-4940-81dc-1d50e81a8db9,ESM-2023-01248,LMS-006832
9ef18b11-e4d6-40bf-9054-34c71ab6ad37,ESM-2023-01249,LMS-001260
f095be2c-89a9-42a7-aeea-e200c74e688d,ESM-2023-01250,LMS-005455
375465af-de46-4bf1-97ab-4aa583289fa4,ESM-2023-01251,LMS-008903
ac33b6ce-fb57-4651-ae2f-dcae26591c9e,ESM-2023-01252,LMS-006695
a2c27ced-0702-48ed-856d-f5841225999a,ESM-2023-01253,LMS-002136
77fda1e6-8af0-421f-ae57-374690b4429c,ESM-2023-01254,LMS-008970
72ba349e-d945-42fd-974a-8820e62f6451,ESM-2023-01255,LMS-003474
a74342ea-afac-4a7a-aff2-9f50fd4c94c8,ESM-2023-01256,LMS-007653
1cda1107-4941-4c9d-8d87-51d475e85194,ESM-2023-01257,LMS-001634
b6c7204f-459a-4f7c-aff8-796965f8668b,ESM-2023-01258,LMS-002735
3bad4d2d-4b91-4517-9c06-668cc17a3408,ESM-2023-01259,LMS-003426
9ab62fcb-f6fd-40e1-a4d5-940cb878110d,ESM-2023-01260,LMS-003169
32cce321-e8e9-4986-bb54-686d6aebf2d1,ESM-2023-01261,LMS-004914
c2d04ea4-2a83-4894-bef0-88e0026f9480,ESM-2023-01262,LMS-009292
e24c1453-16eb-466c-915b-1e758061805d,ESM-2023-01264,LMS-009063
6329bf5a-dc44-4168-9ac8-f57ddb800f49,ESM-2023-01266,LMS-008743
4746e7b9-993d-40da-9063-6031f2e05456,ESM-2023-01267,LMS-009397
cea85ae9-ee2d-4233-80d6-2225d7cb5dc8,ESM-2023-01269,LMS-006304
e542c06c-81af-4b17-8ccb-880b72ec9b4f,ESM-2023-01270,LMS-003886
64c4f84d-190f-4c2a-afc0-f6f0622312f3,ESM-2023-01271,LMS-008909
036e628f-faae-43e1-8bec-3d7bcce3b2db,ESM-2023-01272,LMS-005629
1326ef53-514f-4594-93a1-0f69f21412f9,ESM-2023-01273,LMS-003712
730add52-f3c6-4f7d-a281-1dcff78890c9,ESM-2023-01274,LMS-000500
5cda8bba-20f6-4536-91a1-453a845752cb,ESM-2023-01276,LMS-005606
ff956d1b-1675-4ce8-932c-17ef008bca00,ESM-2023-01277,LMS-005239
fffeca2a-7907-45df-b62b-32634e46efc3,ESM-2023-01278,LMS-001303
de2edb37-5b69-43ac-b493-c3267b9dab50,ESM-2023-01279,LMS-007038
477fc3d7-4d8a-49e7-8834-2b6766996207,ESM-2023-01280,LMS-008496
89b91a19-5d34-4360-9604-f62515dc7314,ESM-2023-01281,LMS-005774
0a0985d0-8e2a-4e7d-8be0-da5d9c199fe7,ESM-2023-01282,LMS-005978
629bd015-5d75-4908-81bf-815834c7dff7,ESM-2023-01284,LMS-004532
74c97989-b5ed-4e3b-9a72-65dbc8513312,ESM-2023-01286,LMS-008942
a55b92fa-ebde-47b9-8cbb-ea7fa9aeb61d,ESM-2023-01287,LMS-007070
72baea2d-a9e9-4958-9608-01b346dff49f,ESM-2023-01288,LMS-000478
10974a54-bfe6-4968-9663-670ccfa76a2b,ESM-2023-01289,LMS-001504
ebdaa8a7-b481-4b3e-a484-d1f527a0949b,ESM-2023-01290,LMS-005921
a2b917a2-7ce3-413a-af18-a86722c01930,ESM-2023-01291,LMS-002238
bb727a9a-3c59-4097-a166-d74c2f369826,ESM-2023-01292,LMS-002671
dfbe8106-51e5-4bf9-ba20-9e37a628dc56,ESM-2023-01294,LMS-002523
721b7bb2-9129-48c9-9986-a1cf48d31dda,ESM-2023-01295,LMS-006202
8cd278c0-1486-4d4f-8bed-a39430d4d34e,ESM-2023-01296,LMS-000483
1561ae26-9b51-4029-bc2d-504121283149,ESM-2023-01297,LMS-001363
af06d607-2c9f-4dde-807b-24e89bad6423,ESM-2023-01299,LMS-001053
a3ffda1b-d6e0-4bbe-a430-663c0c581b11,ESM-2023-01300,LMS-000238
324ae10f-4704-43bf-b365-cba0d0ec0456,ESM-2023-01301,LMS-007247
b8bfa8e1-b26a-4247-a8fd-9e8d3e1fd9be,ESM-2023-01302,LMS-007250
43b0143f-0b82-463a-ab68-31e4d1f052eb,ESM-2023-01303,LMS-001903
12ebf3f6-68f1-4f40-ae57-ce1c53107113,ESM-2023-01305,LMS-005705
362cbbb1-503a-42d6-b22a-88490e113c55,ESM-2023-01306,LMS-002695
0742aea7-4f47-4e2b-8ff3-5c5987361bc3,ESM-2023-01307,LMS-003823
9e51f0eb-403f-4da5-b520-e79e1cce493b,ESM-2023-01309,LMS-006726
cecd8e2b-19fb-4949-9688-ff77458f1e0d,ESM-2023-01310,LMS-000182
8cbbae2c-0d7d-40dc-89c4-77f5fe2aa1d7,ESM-2023-01311,LMS-003588
1978ec59-69ea-4c61-8f80-7e64f40bad49,ESM-2023-01312,LMS-002728
2dc28aeb-93e3-4dfa-a11c-600d1fb8a9a3,ESM-2023-01314,LMS-004578
f223d070-fb61-4f9b-8f0e-0e54434d23c2,ESM-2023-01315,LMS-006698
742aa6b3-b69b-4e1e-99da-51445e9e40ee,ESM-2023-01316,LMS-005558
95a9d5c3-62b9-4cd4-9b33-82c1a7dd63e7,ESM-2023-01317,LMS-003021
ca8b2436-fdd9-4b9d-9ba9-b0d32225f6a5,ESM-2023-01318,LMS-008514
6ffb8ed8-cc56-49ea-98a7-42a4276a418f,ESM-2023-01319,LMS-008134
b9038950-be43-4436-91fa-b4485b59e5f4,ESM-2023-01320,LMS-006927
08d917c7-6927-42af-8b47-fd617fb96cfd,ESM-2023-01322,LMS-004607
b41c7ec1-9716-42dd-a03c-17d3a94087dd,ESM-2023-01323,LMS-007794
c3edada4-d605-4ff1-ae8a-08c4d9e88791,ESM-2023-01324,LMS-001953
5286f205-d5ea-43bf-ad55-b7634dbf1831,ESM-2023-01326,LMS-006221
aad471ca-468a-45c5-a9d5-3a960600b50d,ESM-2023-01327,LMS-002434
b188e53a-980f-4173-89d6-aae0dd22e883,ESM-2023-01328,LMS-006265
b8741736-c4cd-41a7-9ecb-46591d72c4bd,ESM-2023-01329,LMS-000838
3e38aebd-3886-4dac-9587-d41becb2cd99,ESM-2023-01330,LMS-009179
d993c246-bfd7-4184-89e0-c1829f5ed9f9,ESM-2023-01331,LMS-003443
cf8adc8f-c55b-4665-a5c9-0bcf9aa3c2f4,ESM-2023-01332,LMS-001145
b92ef62c-8009-4b23-bef6-8bdcc3632a81,ESM-2023-01333,LMS-004502
dac66d61-e3ba-47ad-97ea-22eb77aec6c7,ESM-2023-01334,LMS-003701
bfcdce24-2b79-4f18-89ea-34b637136050,ESM-2023-01335,LMS-008247
9ef3d803-9353-4957-9a9e-bce30713ca0c,ESM-2023-01336,LMS-006086
d8116cde-411e-4d95-ac33-9092286924c4,ESM-2023-01338,LMS-003650
e72a8de4-ab66-4afb-a235-7f082b40e78c,ESM-2023-01339,LMS-002842
79d890a3-684e-40ca-847f-8e27ab132ca6,ESM-2023-01341,LMS-001427
f22dd20d-2d6a-4a72-970c-927b30b915e0,ESM-2023-01343,LMS-005743
a8f9f42f-07f6-4de7-9a49-b02c8ec1d5db,ESM-2023-01344,LMS-004534
21c915bd-f5ed-419e-ab02-d2dfca8c4d6e,ESM-2023-01345,LMS-004681
b065b4cc-aae5-45ea-bd24-cabbe9f14ad8,ESM-2023-01346,LMS-006784
a1dec695-ac6c-46e8-a42f-a1d8018cbdb5,ESM-2023-01347,LMS-006121
8db0f266-300f-4341-91ae-d33439a3c99e,ESM-2023-01348,LMS-004470
c1c639a9-fd31-4056-876b-05e0bb37bee1,ESM-2023-01349,LMS-002491
d05ae49f-4e16-46ff-8f3f-34a89ac365ce,ESM-2023-01350,LMS-008057
3448f1d5-4903-45f2-9a70-4b8fd64fd851,ESM-2023-01351,LMS-001958
9c46d368-40f9-4e9e-828c-c19939e635cb,ESM-2023-01352,LMS-005718
ef9624dc-4fd6-4f36-a8f2-d62a3e17c176,ESM-2023-01354,LMS-008136
e693d570-a9fd-4845-96f0-e06b37e519e2,ESM-2023-01355,LMS-000468
aa9a7c71-2c98-4436-86e4-87c119453265,ESM-2023-01356,LMS-008787
9fbe3380-7ce6-4275-818f-fd8dd5aab206,ESM-2023-01357,LMS-004210
d8804ade-7dd0-4ae2-a98c-8976d1fa3b8d,ESM-2023-01358,LMS-006324
856be51f-1bd7-4b3d-8101-f862e0fe6988,ESM-2023-01359,LMS-008845
db0efc53-ddaa-43ef-a3eb-1c0742d72293,ESM-2023-01360,LMS-001754
794c6d10-a8ea-4844-9f92-9bf4f1a6c5d8,ESM-2023-01361,LMS-002385
a55486d5-019a-4999-94dd-9a1472f181e6,ESM-2023-01362,LMS-005447
18ddb4de-77b3-4f42-89cd-4224d170d4dd,ESM-2023-01363,LMS-004871
9471da65-a460-434a-9ffd-9e12a8dfd653,ESM-2023-01364,LMS-005096
0a49c0a2-6bfd-4360-885c-736e4544b855,ESM-2023-01365,LMS-008824
01fffe86-e171-442b-84cf-0fa280646356,ESM-2023-01366,LMS-002601
3b0ba709-afc9-4d04-b941-2961a8fd1767,ESM-2023-01367,LMS-001059
2855bf99-0c90-4da3-a68b-b4c113f7d080,ESM-2023-01368,LMS-007435
089933a8-cc8e-435e-b3af-9462e13502ba,ESM-2023-01369,LMS-005659
1641647a-d414-4d48-85f1-a49dd02791b8,ESM-2023-01370,LMS-008729
5843a6d2-bcfe-4237-b5bb-a10fc17daf88,ESM-2023-01371,LMS-004141
ef303381-f33b-4598-ae6c-dbe801095159,ESM-2023-01372,LMS-008455
07f9abd1-5615-4f94-901b-91170207b1ea,ESM-2023-01373,LMS-006915
12aac895-8d73-4ff6-aec6-216f552e804b,ESM-2023-01374,LMS-006974
f236e0fb-003c-4632-8580-003f61cddc2b,ESM-2023-01375,LMS-002358
91142223-79aa-4af4-9b67-9f687dbdd7e1,ESM-2023-01376,LMS-009495
68d724ee-9c7f-41b8-99c1-eb24fe5b6428,ESM-2023-01377,LMS-009205
b70d3187-417a-4a72-be89-df850acd3c4f,ESM-2023-01378,LMS-002772
f84ac56c-7678-4387-acee-6b4ac1e0578e,ESM-2023-01379,LMS-005569
54702c5b-f200-4f16-9df3-95a15fc099f4,ESM-2023-01380,LMS-006831
295b934f-2436-4938-8657-4ff83250b709,ESM-2023-01381,LMS-007415
b73c804a-9577-4d8d-b647-79bb1a76e6b2,ESM-2023-01383,LMS-006320
2e77056f-3702-4b3d-adf5-4a95d0cc2d08,ESM-2023-01384,LMS-002169
84d259d5-5365-41ce-a10d-03d70b47e9b5,ESM-2023-01385,LMS-001871
78390fba-9c10-435e-8686-93ee7fc8f482,ESM-2023-01386,LMS-000005
0b0d501d-fa97-46ef-b0aa-c95734f97112,ESM-2023-01387,LMS-008340
cc016630-a940-4a0d-bccf-ff0ee75c6480,ESM-2023-01388,LMS-006091
a24e410f-36c4-42db-a5a4-e74418e0d6a6,ESM-2023-01389,LMS-007698
f734c4e6-fba3-44b2-b6eb-4fc9524959b4,ESM-2023-01390,LMS-002475
5df7e970-dbbd-4ffd-bf1d-91f643d796c4,ESM-2023-01391,LMS-006421
369e4848-4c08-4782-a917-437a6e0eb431,ESM-2023-01392,LMS-004311
ad6c711a-d4a1-4aa5-846b-893cbbeac394,ESM-2023-01393,LMS-002110
ba5942c0-528c-43c4-85ce-865cc5dd1f97,ESM-2023-01394,LMS-006480
52eab91e-162c-4433-953b-0ee52781d9b6,ESM-2023-01395,LMS-009103
fac99e10-1370-4a03-96bb-f9a67bfeb2b9,ESM-2023-01396,LMS-000212
24c7507a-5be9-423d-a570-b3358a6c7f43,ESM-2023-01397,LMS-007313
15841144-1722-4526-8fd9-87c55e0c9b00,ESM-2023-01398,LMS-007370
505aa2ae-9bc8-4766-9fd7-8d08147c67e0,ESM-2023-01400,LMS-006089
05e6deb8-4d22-40df-ad58-9d2457feef17,ESM-2023-01401,LMS-005085
03ac9511-0e87-4ff6-a2b5-974b4a1c041a,ESM-2023-01402,LMS-006190
689f6a8f-0c86-4912-9aa4-297e3b82b6b3,ESM-2023-01403,LMS-002681
0ba6888a-f3bf-4581-920a-63f6fbfcf498,ESM-2023-01406,LMS-008416
0ed2234b-44c7-4339-914d-5b17c66fcda0,ESM-2023-01407,LMS-006810
f537c477-45c3-4b47-804b-ecb85f88c0fa,ESM-2023-01408,LMS-008155
ff1a9e3c-8dc1-48b9-b065-202be0bfbf0f,ESM-2023-01409,LMS-002257
cec52cd2-f690-4a49-9aa3-139f807dac79,ESM-2023-01410,LMS-003402
9188a7b1-c849-4b67-8a69-4ff4fd7368cd,ESM-2023-01411,LMS-002361
2e3ad7c8-f4f4-407d-8c89-a1b58fcc6c02,ESM-2023-01413,LMS-002653
d82a3d31-22e5-4d5d-9aed-f4955f243ea3,ESM-2023-01414,LMS-004741
0edf5fa7-68bc-4caa-8cb6-2bbf39385b62,ESM-2023-01415,LMS-001478
5ead472a-fb65-4776-87af-8be5b70b320d,ESM-2023-01416,LMS-009127
a5eb5517-1622-4db4-9326-e3e206258f10,ESM-2023-01417,LMS-002390
da1aef94-9b99-4202-aa53-7d102db10d0c,ESM-2023-01418,LMS-003317
a63b13fb-1599-48c1-8a22-b7d05a459343,ESM-2023-01420,LMS-006211
47e4ded8-c84c-46b9-a92d-2cc729bc6ec2,ESM-2023-01421,LMS-002152
44cf58cf-0aaf-4ba6-a829-ed568d1cacb7,ESM-2023-01422,LMS-007710
81d87edd-d096-483f-91c0-a11173bf23cd,ESM-2023-01423,LMS-000972
c1b34cba-7dc6-4e8b-be2f-8edadab8f5e4,ESM-2023-01425,LMS-000124
dca1ea31-e971-4654-ac93-5276c0ebbf22,ESM-2023-01426,LMS-000311
8dd393b8-52ee-4018-9714-c55b3a6346aa,ESM-2023-01427,LMS-002533
2f1c2aad-3fde-4b75-a4f0-d873df6be89e,ESM-2023-01428,LMS-008038
661c4005-c77c-4800-86d1-3a39c853e6d6,ESM-2023-01429,LMS-000154
27edff4d-e0fd-4016-bbe6-84ce2d50c037,ESM-2023-01430,LMS-001667
d3742182-0f07-4c95-9a86-9fcd513fbf89,ESM-2023-01431,LMS-000939
f0240390-3d5a-4c3f-ba14-113ea6c40a84,ESM-2023-01432,LMS-000219
58e4670c-44a9-44cc-908b-822e72296edc,ESM-2023-01433,LMS-003833
e1a1bad3-0448-4b18-8b15-d3e9c2224f81,ESM-2023-01434,LMS-009198
4cae4164-088a-48d2-87b1-dea32cccdd10,ESM-2023-01435,LMS-006681
fa6b4ab9-2ffd-4a9f-915f-3a4c3ad039f5,ESM-2023-01437,LMS-005233
806df30d-1249-44e7-b671-ae7c31dde299,ESM-2023-01438,LMS-008956
639176f1-c9f4-42c3-bc5d-8e526f05e14c,ESM-2023-01440,LMS-006234
c249bf72-201e-405c-8f32-55e4da8a2a1d,ESM-2023-01441,LMS-008373
fc7197a4-9507-4114-8201-f4dc9950fb5c,ESM-2023-01442,LMS-004651
b963782b-1e44-4370-8ca4-7ba48698eb7f,ESM-2023-01443,LMS-009038
bc5788c9-3240-4133-90b0-408d4b6ead2c,ESM-2023-01444,LMS-003354
c7fda9c6-dc0b-48ab-bcd7-b752818a0d0e,ESM-2023-01445,LMS-001277
137e4be4-516b-451a-9b98-77de1203b3d1,ESM-2023-01446,LMS-009241
231d2c9b-9497-406a-bf78-2530b17d7f0c,ESM-2023-01447,LMS-007555
31f1be9f-fc11-4fb0-816b-aa35335b2119,ESM-2023-01448,LMS-007106
e6bc454d-3a5f-484c-bf87-65fc68ceb238,ESM-2023-01449,LMS-006789
639f55b8-970f-4d20-bae2-8ffc6f26cfe9,ESM-2023-01450,LMS-001868
a241a43a-3fd9-4265-8bd7-f4439c2fc5ef,ESM-2023-01451,LMS-007050
14dac398-18ea-4f05-933e-3dae68241ab7,ESM-2023-01452,LMS-000167
dc9bcbba-2f95-4c61-9afa-c4633cdb1d17,ESM-2023-01453,LMS-005703
4670996f-11dd-466d-873b-9ada74c3ed07,ESM-2023-01454,LMS-002945
e263546c-5cf6-43ac-9754-bd79e44ce6cb,ESM-2023-01455,LMS-000158
9d3e0010-8e62-46a4-af54-3e3028b36d05,ESM-2023-01457,LMS-001220
51f3f67a-a48d-4d35-a903-bd798d132dab,ESM-2023-01458,LMS-004962
4e9d70c3-e5ef-440f-9556-63ee194bb7d9,ESM-2023-01460,LMS-000514
a728feb8-449d-4ed4-8633-3f956687bc52,ESM-2023-01461,LMS-002736
9da0bc46-2a2d-40ec-8335-8b76a3b61a3d,ESM-2023-01462,LMS-003063
1b500920-a70e-4706-b240-0b4dfb51b607,ESM-2023-01463,LMS-005244
9f041515-650c-4149-8094-0db46d1e0a6d,ESM-2023-01464,LMS-005990
18e8795b-0eb5-4f7a-bb7f-7202498b4851,ESM-2023-01466,LMS-006837
acd6915e-99e1-4347-b382-100003185ce3,ESM-2023-01467,LMS-007255
7fdf9a4e-5b49-4a67-9949-321014d009ef,ESM-2023-01468,LMS-000884
2abc567b-1abe-48b6-a3e6-5ca33e8ba103,ESM-2023-01469,LMS-005572
2918870c-dc80-4a93-82de-b0d68401c180,ESM-2023-01470,LMS-008276
cb88112a-cdcb-43db-85be-01167a1bb72c,ESM-2023-01471,LMS-007443
3c92715f-e67c-45fd-9a76-16fd1b816dfe,ESM-2023-01472,LMS-006897
9cc84d67-e153-4a30-8e3a-ea486593cefe,ESM-2023-01474,LMS-006251
4c48e198-294d-4a62-a562-5f9d85ef160a,ESM-2023-01475,LMS-009129
2aa8e2a3-56a1-4105-9aba-a16ef43cddf9,ESM-2023-01476,LMS-003868
12c25f9b-adeb-4fc8-abe1-8fa2a9190ddf,ESM-2023-01477,LMS-003707
598b96a1-90de-4ac2-9ce1-c3448c84b26d,ESM-2023-01478,LMS-004162
04bcace5-041c-463a-9a4d-8b1055ed3615,ESM-2023-01479,LMS-003807
21b806a5-9436-4f7a-92db-ddd853da7a23,ESM-2023-01481,LMS-000428
41c365ad-df9b-4f57-b6c6-6873067d2314,ESM-2023-01482,LMS-009155
16179d2e-85e9-4e58-b668-299492c16a04,ESM-2023-01483,LMS-009306
4b3e7974-41ce-4c50-adb3-068f04728e30,ESM-2023-01484,LMS-007465
9e2c6083-54b3-480c-8fb0-c5e08e87eff6,ESM-2023-01485,LMS-006363
448e7a6b-2b0d-44d4-a5c2-2758e5244696,ESM-2023-01486,LMS-008399
324f9073-eae3-4bb9-90c5-3e7c54ee8437,ESM-2023-01487,LMS-000828
e378c61f-f5ea-45ca-be4c-3157013b47b6,ESM-2023-01489,LMS-000954
201e7856-2715-42d9-a581-782c5ffacd8c,ESM-2023-01490,LMS-002960
063c411b-7b8c-4a89-bd74-59bfe91d414c,ESM-2023-01491,LMS-000228
25a057cf-94b8-4f1f-b4a5-afe73ff1c91b,ESM-2023-01492,LMS-005926
554bb9c4-5dde-4f17-879c-d658e85273df,ESM-2023-01493,LMS-008866
a71c8147-9101-4989-ac35-63d4f59d73c1,ESM-2023-01495,LMS-004837
305156db-f0b2-4042-ab67-d6f3e2682401,ESM-2023-01496,LMS-006590
c31847a6-b568-47dd-a9ca-457d32e40950,ESM-2023-01497,LMS-003721
703b9bfe-272f-437b-a297-c1e56d55f5ac,ESM-2023-01498,LMS-002407
82a41ca5-e219-4c84-941e-6ef639c178fb,ESM-2023-01499,LMS-008732
93479e15-52bf-4f45-8613-3a0a3c7da7da,ESM-2023-01500,LMS-005449
71f05589-e6bd-44b4-8dde-aa427871a047,ESM-2023-01501,LMS-002879
bc88d261-cfc0-4736-87ca-7d5f8209af96,ESM-2023-01505,LMS-007868
3e4ffe63-548f-4ebf-ac84-8679ba927eb3,ESM-2023-01506,LMS-004452
d2a536c7-9f86-4e10-a931-baf4ff116c63,ESM-2023-01507,LMS-003944
defc1838-c747-4bb2-b0d1-46e468307f57,ESM-2023-01508,LMS-007922
7e705343-07c7-4410-bafa-4f53a08676ca,ESM-2023-01510,LMS-006772
d9412c03-7111-4985-ba4b-f2677c5f1ce9,ESM-2023-01511,LMS-009039
1108adb0-8284-4b44-99cc-ca00ffa5a2bd,ESM-2023-01512,LMS-004999
ed33ab47-7716-4047-91be-0cfea3336951,ESM-2023-01513,LMS-004315
378b1a7f-6b21-4df9-ba53-87e579270d7e,ESM-2023-01514,LMS-008954
c15b3217-d12b-4104-8535-6a107dec5d87,ESM-2023-01515,LMS-006155
dda9d616-60d2-4418-a7fc-4847748aefb9,ESM-2023-01516,LMS-009372
3fefd1a3-f348-4872-935a-d0f977195ac0,ESM-2023-01517,LMS-000925
d7a6b9da-b19f-47e8-9e5f-9b0272286a11,ESM-2023-01518,LMS-004265
0898ca31-afd8-41eb-a423-777efdb29427,ESM-2023-01523,LMS-007237
b45ebada-8567-4bf5-ad99-1ca0ac5406b1,ESM-2023-01524,LMS-005501
a383b845-9be9-42c3-8812-421d82d73385,ESM-2023-01525,LMS-005948
23f8ffa6-3327-415e-83e7-d7b58c814db5,ESM-2023-01526,LMS-000224
3bf1ff36-35b0-4c0f-8d6a-7de1855bcb6d,ESM-2023-01527,LMS-004913
888b899d-2997-416f-b682-0510bacba6f2,ESM-2023-01528,LMS-001905
54aa50db-9390-4b4e-8211-aa900adf1985,ESM-2023-01529,LMS-008237
3e8c9042-0a26-4642-b460-9b16671e2bb3,ESM-2023-01531,LMS-008292
48f151dc-ecd2-4258-bf05-7f16adf251eb,ESM-2023-01532,LMS-006550
00e14b70-23cc-4081-8cbd-36e9b7b1ab5f,ESM-2023-01533,LMS-005741
26defc3a-0a99-467e-a6fb-d042354e8c3e,ESM-2023-01534,LMS-003605
65d21a06-2f97-4c7e-8d3a-c38b587737bc,ESM-2023-01536,LMS-009114
adba43d5-d5e1-474f-b403-6dbba181b761,ESM-2023-01537,LMS-005983
d3dc7f7c-3dc4-4120-8852-5cc499d32a0d,ESM-2023-01538,LMS-007912
ccf0587c-db44-4f22-8320-88c472a96926,ESM-2023-01539,LMS-006435
1b8a78be-6c55-4fee-a01e-170af6073a5e,ESM-2023-01540,LMS-007793
04ef8f5b-fa78-4a4d-9934-9b537143aad1,ESM-2023-01541,LMS-006296
c30c7a54-3910-4aba-9b6a-c8adefb31b28,ESM-2023-01543,LMS-003308
6e6a450a-f9fb-4590-a88f-69d33f761d65,ESM-2023-01544,LMS-005680
2aa320b3-f6f3-4f81-b475-90e3e6253d2a,ESM-2023-01545,LMS-005699
e265033d-8cb6-400b-9f60-05968dfcc023,ESM-2023-01546,LMS-003215
4b641032-fa38-4379-b4e5-d8f4a231e75b,ESM-2023-01547,LMS-004819
0a21a617-dee0-4a28-ab73-3a61eaeb45bf,ESM-2023-01548,LMS-008349
428e0a17-4d2a-46ce-996b-5bd5d930f3cb,ESM-2023-01549,LMS-007860
64c74319-d670-4cba-8755-e5f5c6619d5b,ESM-2023-01550,LMS-007383
4c6736ac-1caa-4bfb-9d8d-1bc394e5e794,ESM-2023-01551,LMS-009152
882d8bf3-fdff-4e03-9087-dbab7a95532d,ESM-2023-01552,LMS-006607
dbf2e35d-1576-4dd6-8762-89c59b5ff0df,ESM-2023-01553,LMS-003899
9420061e-e0be-42da-b2dc-6410431cb753,ESM-2023-01554,LMS-007962
9fd0e96b-a5b4-49c7-a3e0-19199762f91c,ESM-2023-01555,LMS-008408
8f9d232e-6342-4e3d-bb79-1aa5c1adc797,ESM-2023-01556,LMS-002414
4d548ef9-e407-4d0d-9dad-3cf8c30c7a3f,ESM-2023-01557,LMS-000370
0d10568f-9d34-4818-ba48-e7a8d7793542,ESM-2023-01558,LMS-002437
05474fd7-4ead-4a8a-9099-4cfef9aa77cb,ESM-2023-01559,LMS-001758
a62b2a03-e8d1-4797-85a9-b50afe88c792,ESM-2023-01560,LMS-001089
b5b0f338-5dc5-4b34-a27d-272bff416c42,ESM-2023-01561,LMS-005532
8a096de9-161b-42a8-90ba-e8b44e799ca5,ESM-2023-01562,LMS-007874
2016d889-0f93-4745-9d49-763cc8abc58a,ESM-2023-01563,LMS-003330
b4343ffd-136a-4c44-89d2-2365935fca26,ESM-2023-01564,LMS-002382
9237b024-bc6c-4b9e-9f49-8b5bc29185eb,ESM-2023-01565,LMS-003601
2433e5bf-9457-4ef5-91ee-f62d68f2e636,ESM-2023-01566,LMS-001064
1b33673c-0c26-4dde-8b8a-85e7734acae5,ESM-2023-01567,LMS-006197
d29a15a7-fbda-4b84-9670-e37954c58aa4,ESM-2023-01569,LMS-000069
41e7f9ae-094d-4103-a469-ebdf891458f0,ESM-2023-01570,LMS-003889
f918f146-3663-4fd5-b105-b6a48adb2deb,ESM-2023-01571,LMS-004356
c40ded22-333d-47ac-ad97-c282b12f5723,ESM-2023-01572,LMS-005960
781a6507-ce78-4806-a93d-c240b709fe87,ESM-2023-01573,LMS-000754
6d10216c-127d-4f5b-961e-3831622e8674,ESM-2023-01574,LMS-007353
720f0de5-7129-44ec-8cdd-c4f266cbca6e,ESM-2023-01575,LMS-000758
092b143b-859e-44ed-9f30-7a3e9e789006,ESM-2023-01576,LMS-000850
a6ef0478-be85-4ad9-ad3c-43c2c6f1e5f7,ESM-2023-01577,LMS-004933
1dbcbed2-7a6b-40ee-984f-0fc9e2dedb1a,ESM-2023-01578,LMS-000308
9dbe9f19-b4c1-4240-bc67-a395f683ec8c,ESM-2023-01579,LMS-007563
7273823f-92be-49a0-9eb2-99f1ba0ff8e2,ESM-2023-01580,LMS-004106
e881f63c-710e-4065-88f5-d73476866fca,ESM-2023-01581,LMS-006510
427e3aba-a15a-4cd5-ada3-134d0af014f9,ESM-2023-01582,LMS-001123
c0f9b9e2-8d10-468b-8d77-1ce38b5f47a3,ESM-2023-01583,LMS-004648
67f1c30f-2613-4b9f-83d1-d47c372f586f,ESM-2023-01584,LMS-001704
5b76fcd0-7aa3-4ed5-8506-69d857000636,ESM-2023-01585,LMS-008121
54aaae34-cca3-4380-adb6-1dd247c84030,ESM-2023-01586,LMS-009266
4d7c45be-8502-4ffd-8295-ea7e144762eb,ESM-2023-01587,LMS-000344
9853ff38-6dd0-4156-856f-000abceef9d1,ESM-2023-01588,LMS-004671
8aac77a7-0d70-482e-9194-f1ba488ff9cd,ESM-2023-01589,LMS-004932
f4ca0680-0e41-4e27-bd07-36dd402a5806,ESM-2023-01590,LMS-003680
7cf5af07-2218-4503-81f0-e17efe204025,ESM-2023-01592,LMS-004012
58f47da1-b1eb-4378-8dc9-8a578db9f8df,ESM-2023-01594,LMS-000877
b7e7793d-59fe-4b70-9341-ad0e90b5c5b6,ESM-2023-01596,LMS-006525
e912226f-1483-45fb-899b-ab1f7bda12c7,ESM-2023-01597,LMS-000307
cb20b6af-b38d-4f6d-8172-2feb43a100b9,ESM-2023-01598,LMS-005338
6ad2073a-339e-495b-8ff8-56ccb472a446,ESM-2023-01600,LMS-007889
9309627c-fc61-497b-84c7-2493e9d346d2,ESM-2023-01602,LMS-009169
768029e3-014f-448d-b72b-8fb17204dbb4,ESM-2023-01603,LMS-009173
1fa57074-cdbf-43ea-932d-ca20197d61d1,ESM-2023-01604,LMS-005226
4c3fb6fa-e543-4274-b588-aebfe4440518,ESM-2023-01605,LMS-006104
d798e9da-f7c3-4298-a914-6ef8d3b9f848,ESM-2023-01606,LMS-004645
cac5dfdc-b70c-4f72-a3a9-ecc0bd0f76d0,ESM-2023-01607,LMS-007413
a9e8595b-52fa-44f4-b510-835ac0afebae,ESM-2023-01608,LMS-000753
988dbd99-b3db-4883-9ba1-1145843c8f4e,ESM-2023-01609,LMS-005953
ac17f1cb-381b-4a88-a3eb-790b20ef6621,ESM-2023-01611,LMS-006541
fcd63805-a2d9-47ac-82dd-fb2e063697a2,ESM-2023-01612,LMS-001836
69b3f4d8-a7e1-4133-8d6f-f3d57a8b8911,ESM-2023-01613,LMS-003581
7b6df8e2-f025-4b26-880a-3e8bc63000b8,ESM-2023-01615,LMS-008016
1e0625be-fd32-4053-8ad7-b7ce12f5a783,ESM-2023-01616,LMS-007606
ba869534-94c8-440f-88c4-c649d1169f9a,ESM-2023-01617,LMS-001090
004207a2-686a-4a79-9400-0590015db617,ESM-2023-01618,LMS-002363
7898ba26-6dda-42b1-8a97-9d444b8e8847,ESM-2023-01619,LMS-000494
e4a940a1-c75d-471b-9884-bb3643058c97,ESM-2023-01620,LMS-004291
69c2ed47-a258-4ff7-8c3e-cc338aebb609,ESM-2023-01621,LMS-007139
c62b90d2-7e9e-4126-82d1-8fb09535f1c3,ESM-2023-01622,LMS-002050
26e0b77d-a478-4ab4-a59f-bc1a0366d174,ESM-2023-01623,LMS-002509
550feedd-d662-464e-b21d-db3ae5ca41dd,ESM-2023-01625,LMS-007954
2dfa83e5-a794-4a5e-88f3-11fc6b8b35c4,ESM-2023-01626,LMS-009037
bcb60449-2f43-438c-aa5b-b1cf140d1e72,ESM-2023-01627,LMS-004918
1fcb3fa0-164f-48a0-ada4-f888e41ca34c,ESM-2023-01628,LMS-005998
1eb8df8d-6e38-43df-832e-b8bd9183d314,ESM-2023-01629,LMS-004332
38e39a8a-4832-4080-870e-a88af7e475bc,ESM-2023-01630,LMS-005964
13f00784-332f-4fbb-9edb-a36d6fe25d21,ESM-2023-01631,LMS-000820
f489c982-c4cd-49e4-bd29-92485aaf1544,ESM-2023-01632,LMS-006023
37cecc95-d1c0-4d8c-ad9a-fa92299f6547,ESM-2023-01633,LMS-002010
b39165d7-dabb-4c71-980d-6318ba04ad5d,ESM-2023-01634,LMS-007200
5b7ed19a-4736-4bc8-a3ee-95245b4ef7ab,ESM-2023-01635,LMS-005279
67bae88e-3928-46c4-8ad5-a5549c585d7c,ESM-2023-01637,LMS-008907
6ab77173-3b4f-4a8c-9760-54c837d895c6,ESM-2023-01638,LMS-009288
3e3a5f6a-379e-42e6-87be-98741af4afbe,ESM-2023-01640,LMS-002020
c2bb3481-76cb-4eda-bffd-eb9f4bd86973,ESM-2023-01641,LMS-005950
bd4adc2f-64fa-462c-9c1c-1a140bd92052,ESM-2023-01642,LMS-006932
d3af58cf-31b8-4c82-9d4a-0661de1dd665,ESM-2023-01643,LMS-002433
bea9c483-85da-4b62-86d8-c71728429d03,ESM-2023-01644,LMS-002342
8205d1ae-d9c2-46d0-a81f-c8d344ec1a00,ESM-2023-01645,LMS-006355
1f24aeff-ff0f-495e-a1c0-da3f527d277a,ESM-2023-01646,LMS-007703
8a4d112f-2612-4df2-8bd3-f96dce5ce7bf,ESM-2023-01647,LMS-003554
5625c9c0-951f-4a83-adb7-1fc2c1f853b9,ESM-2023-01648,LMS-005844
53266440-a361-4ba4-a047-e47fe35d2156,ESM-2023-01649,LMS-001497
29d42130-73e6-47a3-a71e-50ce62dc6b5e,ESM-2023-01651,LMS-005194
593556b4-1eb3-49d3-a1b7-c7007a1e2e89,ESM-2023-01652,LMS-000749
3941f38b-aa05-4764-9298-ca6be05d093d,ESM-2023-01653,LMS-002766
064a2387-c382-4a8a-95fc-25f6dfe5f9b2,ESM-2023-01654,LMS-001612
4f3b8089-ef31-438a-b7c6-49f76a087290,ESM-2023-01655,LMS-005735
67394070-d6a9-49e6-b0bb-e03142dfa0f7,ESM-2023-01656,LMS-000627
2c3df90c-267e-4761-a0e9-e8cf39ea7856,ESM-2023-01657,LMS-009207
b5e9739e-6257-415e-ba1a-6bed99ee9fa1,ESM-2023-01658,LMS-007604
75d3c707-e010-4ce2-87e1-be9491757c0c,ESM-2023-01659,LMS-005700
8e497317-c6c4-4974-9400-b17967974b5b,ESM-2023-01660,LMS-007461
20dfa228-8973-44d9-be76-e24b9258970a,ESM-2023-01662,LMS-004694
b54ba272-31f5-413e-bc30-401278de851a,ESM-2023-01663,LMS-002301
9d25b26d-5470-4145-84a4-a72f729e871a,ESM-2023-01664,LMS-008925
50655371-bd47-44e1-bafb-98b68089cb72,ESM-2023-01665,LMS-006543
d77092c4-e07f-4362-b36e-e758c3a37024,ESM-2023-01666,LMS-001550
6ec07ad3-8472-4682-a574-460bbf3387e6,ESM-2023-01667,LMS-003608
f4c8ee6e-d20d-4bb6-bde5-044b72898f85,ESM-2023-01668,LMS-006361
921d3d66-5978-42db-85d3-b5af4538e944,ESM-2023-01669,LMS-000205
ceaa9e1b-045b-4e9a-b34f-2fd025f3e202,ESM-2023-01671,LMS-002954
6bdc7f02-317d-44bb-8db7-595775fead5a,ESM-2023-01672,LMS-004381
c52a0e58-2832-40cb-91b8-bfa4bb3d2291,ESM-2023-01673,LMS-009298
e568feb5-bbdf-48bb-b4db-5577e668cc4a,ESM-2023-01674,LMS-001211
529506b8-bd4d-4fd6-a444-ae8ae4daffd8,ESM-2023-01675,LMS-001842
df887738-019b-4988-a91b-0f16a65b2acb,ESM-2023-01676,LMS-007971
b1a8fc21-b760-4e8e-a573-88acacaf14b9,ESM-2023-01678,LMS-001996
f3f9283a-82ec-4130-a4b7-9991d7f5e48e,ESM-2023-01679,LMS-008532
8c2c71ec-e398-4fdd-8b1f-41d4584bdd34,ESM-2023-01680,LMS-002497
78b59824-f745-49f1-9791-c68c2db5ce62,ESM-2023-01681,LMS-008443
689ba0db-3305-4005-8b45-5b0e13daac7a,ESM-2023-01682,LMS-001536
6606deae-924b-4a41-9678-af475f156550,ESM-2023-01683,LMS-004352
e6df8b5e-6011-44f5-973d-c3a55103312d,ESM-2023-01684,LMS-007268
a8ddd46e-5b22-4855-b153-b93f85d01219,ESM-2023-01685,LMS-007564
33d31c83-4cdb-4bf8-b553-f8eda925578e,ESM-2023-01686,LMS-007686
807e8327-7289-4824-a4d7-f3e6a073ef20,ESM-2023-01687,LMS-009219
399bd7ce-e1de-46b0-b2fc-3957726b0329,ESM-2023-01688,LMS-009415
cb6a37a1-1a6d-46a4-8295-58234db3b540,ESM-2023-01691,LMS-008299
144998de-6273-4c75-88a3-c7421171b82b,ESM-2023-01693,LMS-008628
cc3a2e82-678b-4b68-a40d-52b94dc26e56,ESM-2023-01694,LMS-006644
fe1383a2-f05d-4583-b10b-39d907f7e69b,ESM-2023-01695,LMS-000087
929c7b49-964d-4662-967f-a43acded1d92,ESM-2023-01696,LMS-002396
fdad2624-9e64-4a6d-a235-fc57822c02a6,ESM-2023-01697,LMS-009199
4833fd7f-a418-442a-8d24-f333d9f7162d,ESM-2023-01699,LMS-000948
841767cf-30e5-4217-8794-1e531d62983f,ESM-2023-01700,LMS-002007
54971f3d-714a-44a6-b3a1-035b804d331c,ESM-2023-01701,LMS-007307
8a8d6fff-e1b1-4ded-997d-4acf3511ec05,ESM-2023-01702,LMS-007027
3e04acc3-dfc9-4c34-aad4-b20f859790f1,ESM-2023-01703,LMS-008803
d5102da5-60d8-4975-ad3f-4c8e514b235a,ESM-2023-01704,LMS-002286
bb5d8e8d-7c1c-4b15-91a7-8c1f18d35b08,ESM-2023-01705,LMS-002364
84c56e0a-b2b8-4a56-a077-4a24b445f7d2,ESM-2023-01706,LMS-009234
c7afbec8-3497-498c-a9bd-d957f0ad3206,ESM-2023-01707,LMS-009403
e0157e18-caad-4276-aa96-b990e7f94edd,ESM-2023-01708,LMS-007454
42ec821e-76e0-4633-9ac6-af173a6afa5a,ESM-2023-01709,LMS-002740
49af19ea-a0fb-4ebc-9658-924d7faf2822,ESM-2023-01710,LMS-007660
29448145-bcbf-46d4-ba7c-2f98266dd268,ESM-2023-01711,LMS-000933
01a9c372-47b2-4a6b-9e52-89af34ed19f1,ESM-2023-01712,LMS-008667
e9ffa891-1e94-46b8-aab2-27814ff51e30,ESM-2023-01713,LMS-001348
9da3a823-2f11-400b-a249-75927effa099,ESM-2023-01714,LMS-009486
e2e7584d-d205-4914-8686-261fb05087e5,ESM-2023-01715,LMS-000059
dfc02982-9459-4d1d-95cc-5af42ee7fc74,ESM-2023-01716,LMS-001451
b9d3f509-2d32-4601-b16a-7b65263b29d3,ESM-2023-01717,LMS-009140
db5787b8-76f0-410f-8405-a571defdd1e2,ESM-2023-01718,LMS-001762
32c0aa9e-4bfe-47bf-9722-23fb17b0f5b7,ESM-2023-01719,LMS-006377
08250db1-cbe7-412b-8173-2500631849d3,ESM-2023-01720,LMS-005188
5480c324-fd3c-43bb-a067-28cfa1136dd9,ESM-2023-01721,LMS-004420
3991883d-c304-471a-ab7d-d55cd77c5643,ESM-2023-01722,LMS-001126
1c9dc454-9c19-49c7-b59a-83096f085b45,ESM-2023-01723,LMS-001411
c0f0dd3b-f7c5-4569-9e25-77af7a4b8adc,ESM-2023-01724,LMS-007118
56c4aedc-afc0-41c4-95e5-003ab1c30c69,ESM-2023-01725,LMS-008058
d82d2eb6-2cc5-4cd9-b5c9-a090d21018ad,ESM-2023-01726,LMS-005010
6b9a1564-8423-46b0-af69-0985f89da904,ESM-2023-01727,LMS-003359
1cae6455-435f-472b-a8b7-b755dd73d0bf,ESM-2023-01728,LMS-000467
163d97d2-799d-4829-8786-d2a896445907,ESM-2023-01729,LMS-001859
a861b522-9fff-4536-984e-bb110f52bbdc,ESM-2023-01730,LMS-000905
a28e085d-fade-49ac-a533-8e61513ac11c,ESM-2023-01732,LMS-003164
0745bf29-09e1-4df9-9b1b-eade1ea16bbc,ESM-2023-01733,LMS-001460
0e1400fa-f04a-41c6-a2cb-b0e3f6cae0bb,ESM-2023-01734,LMS-000076
b93425a6-0caa-41b7-8b4c-f4597029515c,ESM-2023-01735,LMS-001627
2e7652fe-80f1-4a6d-a6da-bbb60f919bd0,ESM-2023-01736,LMS-005723
58dbe403-91ac-4420-9550-9a75dbc497af,ESM-2023-01738,LMS-007929
6628179f-4397-4613-a56c-fa7fce85d0bb,ESM-2023-01740,LMS-005276
edf18dd4-02fe-4a04-bead-d3a2fdc6d981,ESM-2023-01742,LMS-004239
4d841bfe-2b03-4ad7-a905-0dcb14c2e15e,ESM-2023-01743,LMS-004983
c086798a-108e-4608-a42d-9166c98280d7,ESM-2023-01745,LMS-008621
247e15a5-be5e-43c3-b3cf-4b5a5e171c81,ESM-2023-01747,LMS-000011
bace99a7-7c32-493c-956a-78f6a7735093,ESM-2023-01748,LMS-008128
b7f68ef1-3483-430e-a9af-c4f9d52c8c11,ESM-2023-01750,LMS-002622
40735fd2-5052-4119-ab2b-80a476bb267d,ESM-2023-01751,LMS-004731
32447a6d-6719-464c-b409-3189ff7db115,ESM-2023-01752,LMS-007513
5e137b2a-aaf4-4c8d-ae75-15db1b14fee1,ESM-2023-01753,LMS-001658
1876e68d-7fb1-4504-8844-ec01e541ae06,ESM-2023-01754,LMS-007877
84975b9c-4e57-460b-bf33-784dbda504fb,ESM-2023-01755,LMS-002167
7264a1a5-6a23-49cd-ac13-26e55dec81cc,ESM-2023-01756,LMS-001554
881abc05-49dc-4f32-818a-3e1d07b75e68,ESM-2023-01757,LMS-005995
08f56e53-e9c2-45d4-8b2f-4ba67f76b5ba,ESM-2023-01758,LMS-007077
698fc8b5-a80b-4f32-8bdf-059b1359d560,ESM-2023-01759,LMS-003529
9e9994fc-c01c-4b26-9040-04cbaefbb665,ESM-2023-01760,LMS-004959
f5532cdf-eed9-4d4d-a09c-a56656bcd6e4,ESM-2023-01761,LMS-004295
2c2c8583-ce62-42ed-a58c-a696d73cf202,ESM-2023-01763,LMS-007060
1e997d44-f8fd-492f-a903-2f4742cad1f7,ESM-2023-01764,LMS-006800
69dfa5a9-0d9c-4120-b743-3edf9992af07,ESM-2023-01765,LMS-000888
f035570f-09e9-42f7-bc5e-c6ffc8e56b19,ESM-2023-01766,LMS-000042
889a1114-3c75-4e69-aa0d-d02c904d189f,ESM-2023-01767,LMS-004562
1182b401-2161-4bbb-99b6-9846ecbe91fc,ESM-2023-01768,LMS-007258
72c63ccc-1df2-4abd-a8c2-b2cb2cb7ed40,ESM-2023-01769,LMS-007128
894e53ab-94d6-420c-9ae0-3c7fc8dc370d,ESM-2023-01770,LMS-005043
26abbd41-ea71-410b-8518-72ea307ccc78,ESM-2023-01771,LMS-009046
0c87e68a-d05a-424e-a76f-65d89455be49,ESM-2023-01772,LMS-008362
acd9d701-0a36-421d-9d7e-3b43f9d769c5,ESM-2023-01773,LMS-008000
43cfbdcd-ff1c-4724-bec3-ac771cee7744,ESM-2023-01774,LMS-000619
23f2e29a-b828-4a7d-8145-19682114ce29,ESM-2023-01775,LMS-001806
c2537d25-e7e9-498f-a076-ec3e4c26a319,ESM-2023-01776,LMS-008322
33165e8c-904b-4e8a-bda2-33d094343498,ESM-2023-01777,LMS-002317
c6cd7817-28a0-4c8e-8145-6c1d7a7bd4f2,ESM-2023-01778,LMS-002689
8d33bebb-bb58-4f5d-b4d2-1ec6ddcbc935,ESM-2023-01779,LMS-000367
949ba6bc-2cde-4efc-91e1-f036bbe32e74,ESM-2023-01780,LMS-002218
a65da837-0281-485e-8a96-148bdfdcc19d,ESM-2023-01781,LMS-006667
0eeb1517-b82d-44b5-b59b-2fbdb20138c7,ESM-2023-01783,LMS-004770
593e3d17-5bac-42bb-8156-a553a4b57efc,ESM-2023-01784,LMS-001246
7650c5a9-47af-4787-af4d-f47a6f6e3b73,ESM-2023-01785,LMS-006349
cf666838-a754-41ad-9996-afc9785f6529,ESM-2023-01786,LMS-007417
18d8f069-8671-4732-b8f7-a2ae8a571a17,ESM-2023-01787,LMS-001407
4478589d-9421-4c94-b3fb-4f9a7c12b635,ESM-2023-01788,LMS-005778
10427e4f-8127-4dcb-8de1-541a3036aa54,ESM-2023-01790,LMS-001452
6c047e5e-73b5-4035-a0be-552154a09e1a,ESM-2023-01791,LMS-004744
64001390-49d0-46ab-8bb7-4d4001d9d2ca,ESM-2023-01792,LMS-004772
7739d30b-19c8-4ea2-b069-6ce156ce2248,ESM-2023-01793,LMS-008091
f046a318-0581-42c8-996c-71187da2038e,ESM-2023-01794,LMS-000511
9f18198a-82c8-404a-8e8a-ee059ee6d599,ESM-2023-01795,LMS-007762
717a2d52-320a-4349-a921-3008b9982b7a,ESM-2023-01796,LMS-007624
5cd10d97-2140-42de-bd59-b9e5481f3254,ESM-2023-01797,LMS-004697
ce224171-2a37-4737-b424-df3f91ea750d,ESM-2023-01798,LMS-009490
5ff0e8ac-b8cb-41b3-b07f-fed6778ffad1,ESM-2023-01799,LMS-008992
f8d61f58-440f-4f26-bb9d-7caad06ba823,ESM-2023-01800,LMS-002980
1c28f3b5-ac99-48de-9414-e55d092d398b,ESM-2023-01801,LMS-006152
a7bfd321-182c-44de-8635-d4b0187e2117,ESM-2023-01802,LMS-000747
f2d82d56-d24b-463b-9cbd-ef85570d1fbb,ESM-2023-01803,LMS-004044
310ca0e4-7b45-43e3-9c1f-8efe78787b94,ESM-2023-01804,LMS-008186
faed6a48-5520-42b5-ac60-dd5c032091ce,ESM-2023-01805,LMS-009044
9746c79f-1361-49e0-8609-cecb3af82b80,ESM-2023-01806,LMS-002243
70e4ab75-a2f9-4c56-b1d0-67b3acd600d8,ESM-2023-01808,LMS-000355
a24d1544-6559-4430-8c9d-990f360af1bd,ESM-2023-01809,LMS-002265
1c1019c8-23e5-4023-bc87-0e5242e3c3b2,ESM-2023-01810,LMS-009437
a10f8e5b-b61b-432c-bb19-e91f2f2e05ad,ESM-2023-01811,LMS-004136
95220319-d030-48dc-a33d-aae050997a8a,ESM-2023-01812,LMS-004670
523dc49e-e974-46c3-9690-de73d437fec2,ESM-2023-01813,LMS-004132
a5dc2a93-75b8-4d2b-96ee-09b8fb359630,ESM-2023-01814,LMS-002197
f8ca81a7-e5a2-455d-a2c0-a62122e35f66,ESM-2023-01815,LMS-001794
613a386a-0f37-4064-8153-0ee44a9db0b9,ESM-2023-01816,LMS-004908
d8b79e66-6d95-47d1-91fc-aaff352c2743,ESM-2023-01817,LMS-006094
e90ecd03-34fe-40a9-897a-860fb621efc0,ESM-2023-01818,LMS-002801
cb1cf2fe-c752-4af5-8590-1ebc8f6e30b9,ESM-2023-01819,LMS-006254
851a7a84-807f-43ab-8aaf-c5d95feeb259,ESM-2023-01820,LMS-002895
c010a28c-139b-42fe-9eb6-4cfcea9c5882,ESM-2023-01821,LMS-004902
7adb8d8b-5480-4063-9d3e-4333bf9dca07,ESM-2023-01822,LMS-001979
da5fc87c-b1d4-4bf8-a83c-7f689fb46837,ESM-2023-01823,LMS-002794
d8c4db55-7a99-4202-83df-ff4b7d8d3249,ESM-2023-01824,LMS-000953
9453f4cc-a549-44da-8cda-012084a09b40,ESM-2023-01825,LMS-001679
e05aabd4-62ea-4615-a9f2-d645e5cf0d11,ESM-2023-01826,LMS-007029
aa43acca-ac9c-4f88-aa3e-61e00d29f9c1,ESM-2023-01827,LMS-004484
f2a74678-fa84-44ae-938c-f5fbda901085,ESM-2023-01828,LMS-002322
b4162180-27b4-4e52-8ab8-ad2a50412fad,ESM-2023-01829,LMS-004341
5b3df116-20f6-4b9b-bd57-088988611cc9,ESM-2023-01830,LMS-005698
9f770af1-be3e-4599-a114-d906282e645c,ESM-2023-01831,LMS-006146
b40e844e-a0e0-4599-ac42-d24a1975f626,ESM-2023-01833,LMS-005540
2155e4cb-132c-4ad4-85aa-cf565218c46b,ESM-2023-01834,LMS-000051
7d1080b4-091f-4b07-85db-e4f8bc4959f5,ESM-2023-01835,LMS-000670
49b6b9a0-982f-43e7-b739-5e0f556b18fa,ESM-2023-01836,LMS-001106
7689ab85-916d-44e4-be26-76b9f67a39af,ESM-2023-01837,LMS-009253
f7076753-1312-4d2c-afcd-774093b42992,ESM-2023-01838,LMS-009250
03e8967c-eee1-436f-93a2-255e0822e79e,ESM-2023-01839,LMS-009024
6a2c6451-ce85-404b-ac77-ed778add49b8,ESM-2023-01841,LMS-009445
517d0b28-39f5-4a8a-8cd3-86d0dd3bea7b,ESM-2023-01842,LMS-008452
c8d1c5cc-2328-49b1-9233-d0f292678433,ESM-2023-01843,LMS-009159
a6774a09-c416-4d84-8582-0fb871845e12,ESM-2023-01844,LMS-003163
235e29d2-ca76-499a-a0e6-9cc2eded0706,ESM-2023-01845,LMS-007054
06e9976c-e1ec-4d17-8580-63f06219c02e,ESM-2023-01846,LMS-005878
a0c13619-9cf4-4e82-8e74-13ab50e2e0c1,ESM-2023-01847,LMS-005335
681cf82c-06b6-496e-8b82-3b71f3f785be,ESM-2023-01848,LMS-001120
9eb3458d-f690-4f24-b000-3210950ec507,ESM-2023-01849,LMS-005955
1f527335-5b4b-4312-8fb2-4feeb8ab06d7,ESM-2023-01850,LMS-006069
621d27d1-1fb6-48c7-a1aa-5022f9a82b6b,ESM-2023-01851,LMS-004904
48ee9e6b-ce7c-4426-81f1-e0ca7b61768e,ESM-2023-01852,LMS-002411
4019705d-a93a-438e-9a36-4991fcbd74bb,ESM-2023-01853,LMS-008304
7db4bcff-6050-4033-aca3-cdccec60c908,ESM-2023-01854,LMS-004375
46c03867-e709-4b01-b87c-2e903c6f01c1,ESM-2023-01855,LMS-005289
7bcf2b88-de05-40a8-80e5-4b96e7ca59a3,ESM-2023-01857,LMS-007692
73445b80-8d60-4873-91bc-04b5ceeb0567,ESM-2023-01858,LMS-006902
afdb7f66-e376-4b4c-8659-385c99cc5076,ESM-2023-01859,LMS-004749
5b990d6c-a842-45a0-99cd-f738a7f34e5a,ESM-2023-01860,LMS-002588
54073c41-481d-4311-8234-2ea9b58f56d2,ESM-2023-01863,LMS-006725
817833bc-a7fb-48af-8b86-558169e4bc27,ESM-2023-01865,LMS-007103
780c90b5-210b-4b62-995f-ed1fd995a1d2,ESM-2023-01866,LMS-004261
4d42e8f0-d298-44d8-a1d8-cf8e75efd294,ESM-2023-01867,LMS-005551
0908d4b8-224e-49cd-8d6f-fcbfca9678a3,ESM-2023-01868,LMS-007315
258089a6-3c04-4914-833b-f0650cf526f5,ESM-2023-01869,LMS-009381
7b620cb7-fcb6-42fe-80dd-60952de9288a,ESM-2023-01870,LMS-006472
0b6ce849-37ea-4936-ae7d-2f412d3c6edf,ESM-2023-01871,LMS-009077
6715f5fc-2b56-4fbf-8a9e-0d62b2777fae,ESM-2023-01872,LMS-002463
3d8ebb51-3f07-4aec-b444-f7c8d05a5dd5,ESM-2023-01873,LMS-002242
ec455d3f-9b76-459d-b6a4-b6e1b5478b22,ESM-2023-01874,LMS-001921
cf26fb1c-a3ce-44ab-a2e6-50bca54cb51d,ESM-2023-01875,LMS-004732
ef0fd570-8c78-4238-816d-6d89ba84b800,ESM-2023-01876,LMS-007648
0731b2ff-ffe6-4beb-9ce7-5e6638cd0cce,ESM-2023-01878,LMS-004030
b0e12efd-2f00-4161-8f48-ce2f8e97e5fd,ESM-2023-01881,LMS-001805
d987084f-e5d8-48cb-a6fe-410e411b94d1,ESM-2023-01882,LMS-008433
0d590778-a034-48cb-b12b-dfdb5b59d869,ESM-2023-01883,LMS-009328
3be04a77-237e-4806-a97a-fda4aa5e8339,ESM-2023-01884,LMS-000950
bae2e2a6-e1cd-4d26-9e0e-ed807abb2719,ESM-2023-01885,LMS-002026
f59c4d93-b04b-49d4-b3bf-90c27984dddd,ESM-2023-01886,LMS-004494
226d4c6f-fc1e-43ef-8b1b-97357787e3f6,ESM-2023-01887,LMS-000516
3d976982-bff9-46d2-9c91-0babf201c491,ESM-2023-01888,LMS-000662
574a92ed-e0bb-4a0d-acfc-249e9e8a773c,ESM-2023-01889,LMS-008104
575e486a-0470-406c-9373-58917d0ca573,ESM-2023-01890,LMS-002154
463c1d90-7291-4232-9799-9e9829023f3a,ESM-2023-01893,LMS-006287
f1dff1b0-9afa-44e9-bc01-68369ba0f641,ESM-2023-01894,LMS-008524
7511cfa2-a45b-4372-b79b-e0eea05d4350,ESM-2023-01895,LMS-002505
1330084a-0298-4176-afc6-039db971d7db,ESM-2023-01896,LMS-008451
5af7f20c-7a05-46c5-8981-f8039c793111,ESM-2023-01897,LMS-001726
f606b0b6-0dcb-42c0-8c18-bf6e069e884f,ESM-2023-01898,LMS-004975
e5ee5ff4-91b8-496b-a607-3f8702ad0317,ESM-2023-01899,LMS-008664
8f2125e0-de12-4473-b4b0-7bc3e9791b45,ESM-2023-01900,LMS-005816
55f55151-53bb-4098-a8ca-c0a4e64796e7,ESM-2023-01901,LMS-002258
89abd6a8-ad75-40d8-bf9b-c0f8aa68352f,ESM-2023-01902,LMS-003528
1070be6b-eb7e-4826-a13b-60fa1db204ec,ESM-2023-01903,LMS-008898
48d290fd-bc61-42da-9105-35ff3453d676,ESM-2023-01904,LMS-001107
4d3dad20-b7f2-4016-a2b2-308da3a40192,ESM-2023-01905,LMS-002704
d681d472-2423-4b5b-96bf-10d1e9e4a14a,ESM-2023-01906,LMS-005369
e6f15703-233e-4ce1-af4f-ab18d669fd65,ESM-2023-01907,LMS-007587
f0e92bb5-40e0-4a0b-a506-9bf3373b8a81,ESM-2023-01908,LMS-001025
3722385f-de2b-4db8-bdff-af4fec86691d,ESM-2023-01910,LMS-009390
13ec69d3-3c0a-4e1b-a4d2-499e8b279f1d,ESM-2023-01911,LMS-004478
817fe305-545e-4d9a-a301-88fa7b03466e,ESM-2023-01912,LMS-001599
fc861cc5-3d88-48fe-9c1c-901510571f58,ESM-2023-01914,LMS-008288
e3b59178-d754-49ad-994a-4a551ea9a12f,ESM-2023-01915,LMS-002352
7308b229-c454-4cb7-b190-7d1e0b79bcd3,ESM-2023-01916,LMS-006742
032b9ddc-a0dd-440a-9a57-b63f7e890950,ESM-2023-01917,LMS-008686
53555955-19fb-4c06-a3a4-569f4b13f8b3,ESM-2023-01918,LMS-005397
7616a249-91ba-48aa-bf2f-8a577e41aaab,ESM-2023-01919,LMS-005013
8aafc314-08a6-48a7-b24a-41a0faf30342,ESM-2023-01920,LMS-004915
3cf939c5-67b3-41f9-92d5-e73a7f226637,ESM-2023-01921,LMS-005642
26d1e780-d3bb-418c-bf3b-bfa412247d2d,ESM-2023-01922,LMS-009185
17233835-2d76-47e5-8a99-596b0ef1676f,ESM-2023-01923,LMS-007067
9e52eddf-5b0b-45b0-9eb3-17658a9c5cb9,ESM-2023-01924,LMS-002709
49f75d69-8022-423e-a293-496527d96013,ESM-2023-01925,LMS-006798
4347d97a-3f21-478c-b10f-937fc8c34c07,ESM-2023-01926,LMS-004212
5a78413e-3995-4369-b385-3a3987e08c71,ESM-2023-01927,LMS-007914
5345de5f-af5c-49ac-b836-d1ad3cdde28f,ESM-2023-01928,LMS-009294
96acf75e-6ad6-4a75-b38e-6cee0546adc3,ESM-2023-01929,LMS-005928
346f93fb-a83a-4c8e-ab29-31e4c02831d8,ESM-2023-01930,LMS-006450
47d04ca4-6bc3-4f1f-ae3c-bc5061e06af4,ESM-2023-01931,LMS-005870
455f8832-3332-4b03-b39e-06a875feee7b,ESM-2023-01932,LMS-008266
790c4fa0-f868-46be-ab38-c6c9abd6bb16,ESM-2023-01933,LMS-005271
d719a281-c858-4593-8a04-54bd9e8faf15,ESM-2023-01934,LMS-003757
f50c3a27-44d5-4b13-b2f3-6983981a67cb,ESM-2023-01935,LMS-000808
8d6ee69b-470e-4fb7-97e2-8c6fb2025c1c,ESM-2023-01936,LMS-007553
407afe97-b5e6-4f87-8fc9-35c80c035687,ESM-2023-01937,LMS-008622
4c130e40-da08-4b55-9f86-af88ff470c5e,ESM-2023-01938,LMS-006733
1a18e861-130c-42dc-83fd-7c0b883146c0,ESM-2023-01939,LMS-007586
c3f8b924-b9e6-4781-bc40-4ff1f8e2c638,ESM-2023-01940,LMS-009067
14418b0a-6157-4477-a429-cbf09af16fe0,ESM-2023-01941,LMS-000863
89b1f15e-e8a2-4ff7-8c2c-fd0cae9255c9,ESM-2023-01942,LMS-002456
28515fcb-bcec-40a9-81fb-8ff6897162b8,ESM-2023-01943,LMS-007741
dbf94339-864f-4da9-a85d-696458b1d21e,ESM-2023-01944,LMS-001124
1b9a8c3a-fbed-4a57-a3cf-53039de06849,ESM-2023-01945,LMS-002966
1c9841f2-533f-491b-bcf5-a378caea4797,ESM-2023-01946,LMS-004160
b35aae42-4838-4305-8f42-df282a778baf,ESM-2023-01947,LMS-000303
f40f0edb-a6ab-4086-8b7c-f5648db821ce,ESM-2023-01948,LMS-009448
be4c2739-e05e-4d97-98b8-4cb2af7d4bac,ESM-2023-01949,LMS-004813
2fde2054-8fbc-4c98-bb29-881a2b50c135,ESM-2023-01950,LMS-009466
444e6d21-9ad6-4d2a-92f7-a8cfaf2d0ca1,ESM-2023-01951,LMS-007424
88fd5772-25bc-4cca-bdcf-7cd1cd694599,ESM-2023-01952,LMS-008726
d97f6f31-c6c5-4073-beca-87c966237ffa,ESM-2023-01953,LMS-007201
076cb52e-ae0a-4c3d-9e74-e60428a8cc89,ESM-2023-01954,LMS-002070
8ab93107-6049-460f-b657-ff850d5a85be,ESM-2023-01955,LMS-000765
8c4d0857-f0a7-4462-9b16-ed557fc308a7,ESM-2023-01956,LMS-009420
94e14a31-38e0-444a-b1f7-e3bbac49bd4e,ESM-2023-01957,LMS-004963
3a525da2-c579-4ca0-a5a9-427a9d7b4ebc,ESM-2023-01958,LMS-001655
e2b4f0f2-3a71-4483-a2b1-eab509ebeac8,ESM-2023-01959,LMS-002125
2b11e995-d125-4724-af31-674e8e61f712,ESM-2023-01960,LMS-000573
6abf161c-c903-4239-8f00-154dfaa83ec6,ESM-2023-01961,LMS-001437
26496868-0a05-43f1-bb47-382abf5c15da,ESM-2023-01962,LMS-006220
17cb038c-0080-457d-95f6-728a9fefb2c0,ESM-2023-01963,LMS-000091
600e4e67-ce76-46b5-84db-cb956defb1a2,ESM-2023-01965,LMS-006912
8c7cbb3b-f879-4cbe-b98e-5197bf2da36e,ESM-2023-01966,LMS-000949
dc7ceabd-0ad9-4089-9f60-b9ed1eb2d644,ESM-2023-01967,LMS-002472
d79860ce-49a1-486c-a89f-b48f3553654f,ESM-2023-01968,LMS-003313
732f4644-aefc-40c5-a9aa-443db83d9d3b,ESM-2023-01969,LMS-006454
5232efe7-1507-4608-8d0c-a21207cb498f,ESM-2023-01970,LMS-003673
b90ab203-ab30-445e-ad3e-5bc8c2832ff7,ESM-2023-01971,LMS-003960
410912ae-c5a2-4986-86dc-cf89ff314d54,ESM-2023-01972,LMS-001601
e7bca153-5563-4f4c-b681-e1c43dd7b2d8,ESM-2023-01973,LMS-000203
868d401e-7423-41fe-917d-9ccc97f1ce7f,ESM-2023-01974,LMS-009326
52ebce21-dfad-45b8-944d-46059182926a,ESM-2023-01975,LMS-003080
ea65881c-4796-4df5-a39c-227159b9e4bd,ESM-2023-01976,LMS-007593
fa7d7b6a-de1f-4521-8bd6-f3bc42ac8a15,ESM-2023-01977,LMS-008298
6754ac54-d658-4ad3-8667-f99893965ebc,ESM-2023-01978,LMS-008082
0c8f2ce0-8efe-4930-a98a-9cfffd858f65,ESM-2023-01979,LMS-009280
16793970-f8b9-44d7-bd36-a8bd973ad07c,ESM-2023-01980,LMS-005323
001aefc4-a73c-4bf5-b7c9-1d4e5cd6dd58,ESM-2023-01981,LMS-004695
6569fad9-0a00-423b-8691-da3ac592ca53,ESM-2023-01982,LMS-000317
ea21f3c1-9f7c-43f7-87e1-bfdc64b2abc0,ESM-2023-01983,LMS-000306
67b40b72-9e0d-4ab4-8545-e34b44b0fd8b,ESM-2023-01984,LMS-003739
ee4b1ca0-45a8-4f45-8089-a95368c0265f,ESM-2023-01985,LMS-003139
cab95f67-610f-4bfc-9c5b-5e9449f371fa,ESM-2023-01986,LMS-009154
e0fdb7db-3dae-48ca-b0df-6105ec6af3c9,ESM-2023-01987,LMS-005776
ca79132b-e50d-4221-a9d3-0906183e49c7,ESM-2023-01988,LMS-005245
3737c193-61bd-45f4-9bd4-9b1a8488b3af,ESM-2023-01989,LMS-001629
88dcb498-a8aa-4863-9d37-bd13a7ade154,ESM-2023-01990,LMS-008563
4ac635e0-e8b1-454e-abbf-6d59ba49e834,ESM-2023-01992,LMS-008267
5291912d-a212-49de-8d3f-c7324dc745be,ESM-2023-01993,LMS-000624
742ec51e-30ed-494b-a70a-08206ba7c597,ESM-2023-01994,LMS-006077
82a7b375-a90e-4f5a-b275-4daca6404e1b,ESM-2023-01995,LMS-008806
cb56e0e1-5aeb-4934-b28c-c1e8367830e4,ESM-2023-01996,LMS-005313
a634ced6-34d3-4885-a1d6-d4f26d874053,ESM-2023-01997,LMS-004893
6378e7da-c90c-43fe-a3db-8a353ecfbc7c,ESM-2023-01998,LMS-003718
a5cbc6a8-4e3c-4647-8a9f-1894f0f575de,ESM-2023-01999,LMS-001355
fdb38d46-6e42-49d9-91ce-07db245c33e2,ESM-2023-02000,LMS-007956
ff038f15-81c2-4010-a529-ff96698f7a64,ESM-2023-02001,LMS-009345
0166053c-b1de-4eb5-a132-e15a50c03ec4,ESM-2023-02002,LMS-009050
ac97f166-9527-4256-837b-bea387b69fef,ESM-2023-02003,LMS-004972
1f19d29a-171b-4c83-b4e2-a6b5aa45a563,ESM-2023-02004,LMS-002759
752fb478-4f0d-48b0-9a20-d38fdb7166aa,ESM-2023-02005,LMS-000526
8f001a68-0c5e-4df7-ad5c-0feb0f4c116b,ESM-2023-02006,LMS-008384
93828bf7-4cb1-46df-a400-16b65f0f5dee,ESM-2023-02007,LMS-001440
23578ec4-dc01-4400-b194-60bb41c063e6,ESM-2023-02008,LMS-000509
0e435780-6b10-47a3-908b-c721a4e474ed,ESM-2023-02009,LMS-001232
c0e97f62-76a3-4013-88bf-e52647409b30,ESM-2023-02010,LMS-000045
4fc82438-205a-4657-9aac-e50cb5e451d1,ESM-2023-02011,LMS-003787
339d0437-0a97-451b-87a5-43611cc45521,ESM-2023-02012,LMS-001087
1cbb5cf0-2f0b-47b0-81fc-9a245d7ebf19,ESM-2023-02013,LMS-009227
78280ad2-3852-49ed-a905-c7fdf5222b11,ESM-2023-02014,LMS-000833
017d5dd7-8c94-48ef-9245-0303c6c7ad4d,ESM-2023-02015,LMS-005154
d5797788-53c2-4bf1-ae2a-1024ab2b5b3c,ESM-2023-02016,LMS-002830
f5fb5c8e-fda9-436a-aeaf-505ee61e2869,ESM-2023-02017,LMS-008344
0f122cc6-b1b4-4447-b617-d9a201b924e5,ESM-2023-02018,LMS-000122
2e53939c-304e-404f-9d52-3fef8f36078b,ESM-2023-02019,LMS-009230
8fe77a07-5141-4845-9c79-143d3c51dc01,ESM-2023-02020,LMS-004706
312bd234-0e0b-4581-ab61-d8968d974499,ESM-2023-02021,LMS-009041
e47a8708-8955-4865-b934-b6cc0f768b9b,ESM-2023-02022,LMS-008836
66bf5b4f-b17b-4467-8088-24de1d80ace2,ESM-2023-02023,LMS-009413
89aa5741-ef34-471d-8595-9a0bb5c26f9c,ESM-2023-02024,LMS-000466
c0e74b18-3cf4-4b61-8270-81fc1377b3f4,ESM-2023-02025,LMS-003417
7baab506-8d79-4ca6-a441-1e78da3f5b4f,ESM-2023-02026,LMS-007635
03222205-3a51-48d4-b168-064ad92cd098,ESM-2023-02027,LMS-006175
18f419ad-d339-43df-81a0-cfa563b02e56,ESM-2023-02029,LMS-002345
4ac51a05-2d8b-401f-9ff0-23b7e76c79b8,ESM-2023-02030,LMS-006074
1dc7dac2-7606-4cc9-8f3c-51ad25265055,ESM-2023-02031,LMS-003664
0eb708cf-837f-4997-a75c-e14da8fff6ad,ESM-2023-02032,LMS-008573
898fac30-da7d-48b0-abf0-6068f5834a60,ESM-2023-02033,LMS-006407
685fe878-f145-4218-9d50-6f677492bde8,ESM-2023-02034,LMS-001333
01501a80-cb02-4a1d-8b40-0ba4720ac959,ESM-2023-02036,LMS-001883
492e3467-8409-4589-97ec-8ba9d5294610,ESM-2023-02037,LMS-006430
a5166b07-60d0-4063-bbbb-ec94a25322ed,ESM-2023-02038,LMS-003798
b00e28e7-fe6f-4236-956d-4dc6eefc4929,ESM-2023-02039,LMS-004039
0f6d3b3e-b79d-41b2-90be-b6848ff0abeb,ESM-2023-02040,LMS-006144
b701fe68-3f3a-4c93-aa3f-0caf0dc7ae4e,ESM-2023-02041,LMS-004664
a2c7175f-fe80-45ac-b93c-41b952cca4dc,ESM-2023-02042,LMS-009074
a256ed4e-acd4-4515-a9d8-8c6cccc29f77,ESM-2023-02043,LMS-009392
69712e1d-26da-4043-a8b3-dca90feaee08,ESM-2023-02044,LMS-004945
068da555-08fb-4d61-858d-360d003bad76,ESM-2023-02045,LMS-003200
cc070f52-87e8-435e-87a4-a3068a043e11,ESM-2023-02046,LMS-008901
53cb7cd1-5dff-429d-b391-dc865e6481c0,ESM-2023-02047,LMS-001398
dd0554df-be32-4141-a321-930dc4cf6997,ESM-2023-02048,LMS-007941
7b1542e1-ce5c-4b36-8bbd-138d11ceb07b,ESM-2023-02049,LMS-000664
7d4c4db9-90f3-4bc4-83d5-e61b7289a190,ESM-2023-02050,LMS-004690
7b4f9de6-f7f8-4ea1-a071-274bcce9d1f1,ESM-2023-02052,LMS-004676
5c7dc4f1-795b-4a14-a541-7c36f0c5fb59,ESM-2023-02053,LMS-004358
4de726f5-c848-45f5-93ba-a14df0a6a940,ESM-2023-02054,LMS-000231
6d92a3cb-113e-4ba6-91a1-9a8680224838,ESM-2023-02055,LMS-000310
452d5ffb-b829-4322-874e-4bbf59faa48c,ESM-2023-02056,LMS-008547
6db8c148-2b9c-47b0-a0b1-91619fabd370,ESM-2023-02057,LMS-006990
126f923f-3446-4a39-a8a1-118bda6775b4,ESM-2023-02058,LMS-008314
e9566fb5-77d7-461d-be2c-acf0e57962b8,ESM-2023-02059,LMS-003079
5818567c-e541-4833-a252-585017006c6a,ESM-2023-02060,LMS-001508
4a58c026-3cce-4641-b71d-cdd7ecf256d6,ESM-2023-02061,LMS-006968
37edb6a4-6f45-44b3-9fc5-6f4b232d7ac3,ESM-2023-02063,LMS-007897
57d2d04b-887c-4c4b-ae14-21b92bd2fb41,ESM-2023-02064,LMS-000461
ebc9064b-985b-4990-b002-c146f9062062,ESM-2023-02065,LMS-006183
d8033699-44eb-423e-9980-43349e95928d,ESM-2023-02066,LMS-004228
256b1579-82fc-435f-82a4-0cb1f03d7bc7,ESM-2023-02067,LMS-007657
e2f7792a-7cca-4502-b795-bff19b1c0a32,ESM-2023-02068,LMS-002991
4a3fbefb-54bc-4912-8fca-ac1d5f68d4e1,ESM-2023-02069,LMS-009460
38ad83d2-fdb6-4740-8673-41a0a03160c0,ESM-2023-02071,LMS-007880
1a45523f-188f-4dac-ae7d-f31bc6ce02bb,ESM-2023-02072,LMS-003728
8e32ad57-7422-4a80-ae7f-5ce7c91a9ae8,ESM-2023-02074,LMS-007797
a090942b-d76c-47b0-b8c3-ad6733a74a67,ESM-2023-02075,LMS-005835
06eeac5e-40de-4b83-9344-2958db42cff1,ESM-2023-02076,LMS-005579
c2f3b23c-e804-459b-8372-5c765c99b529,ESM-2023-02077,LMS-005412
f208b355-a4a6-47c0-b217-a43f8d68cb2e,ESM-2023-02078,LMS-008332
dd3544e4-54c0-40d6-9689-f3e907aae9c0,ESM-2023-02079,LMS-004954
737f1e8b-6b99-48db-adc4-7cec3ab9cb4d,ESM-2023-02080,LMS-006954
fef0b3cb-bccc-49f1-9450-651739a0dbb4,ESM-2023-02081,LMS-006050
8dfb355f-90ab-4cd2-9e87-6d9a25a68818,ESM-2023-02082,LMS-002294
07c4c19e-df75-48e1-bd5a-5be4ee91a825,ESM-2023-02083,LMS-006259
5520893c-377e-43a3-b02e-804c40ec717c,ESM-2023-02084,LMS-007982
8c6dc5a9-d6ad-4705-875a-9d8e3a2cf738,ESM-2023-02085,LMS-000576
28858579-f292-4be5-a780-57b79ca8f8d7,ESM-2023-02086,LMS-003598
1ea527ca-d893-456a-b6ac-da3d8fd27529,ESM-2023-02087,LMS-008794
6796c4ad-08d0-4820-b360-7829690e146a,ESM-2023-02088,LMS-004661
7cd962d9-69e7-4b3f-a6d3-c500c41922e2,ESM-2023-02089,LMS-001935
17d59bc4-4055-4b96-a2ed-c709e392a3ed,ESM-2023-02091,LMS-003068
6f3d55be-4ece-4803-8878-09c0a07ca8ee,ESM-2023-02092,LMS-008052
1d4ac95b-6dfc-4171-9203-d2f1b8c4aa85,ESM-2023-02093,LMS-004836
00165670-8347-422c-aee5-3e0ca032036a,ESM-2023-02094,LMS-005413
97bf30ce-9ce4-4d36-8d10-485389a808ca,ESM-2023-02095,LMS-002814
7d4aa768-cff3-4df9-b2f2-988b812e4f44,ESM-2023-02097,LMS-001080
233a71a7-0da3-4416-a110-2de16a033c66,ESM-2023-02098,LMS-005989
0ca5e0dc-59f3-45c7-840d-251c379077d0,ESM-2023-02099,LMS-005023
83a838d9-8b6b-47e5-a208-82f3d26194b8,ESM-2023-02100,LMS-006751
b47147fc-f5fb-4fcf-b3db-6ab1f10e2d3b,ESM-2023-02101,LMS-004872
496ca344-aede-44d5-80ee-7f8c911d4d23,ESM-2023-02102,LMS-004558
87d794fb-917d-4ee6-899f-eda324b0d467,ESM-2023-02103,LMS-009303
62e9fb8a-0970-4f93-9cf0-04e43b9b5948,ESM-2023-02104,LMS-001820
dc1b104b-c98b-428d-90df-f3d08e096adf,ESM-2023-02106,LMS-008486
801c2067-47f3-450c-853f-1763ecfa9dc5,ESM-2023-02107,LMS-007310
b365b7d6-b701-4f3a-a3bf-ba62d2cd50fc,ESM-2023-02108,LMS-008717
52f5790f-2249-4be8-b6d8-83a1a3a2b252,ESM-2023-02110,LMS-006214
e1df51fc-6ea8-444c-98d6-97c3cae86508,ESM-2023-02111,LMS-001463
9f6bf223-65b1-4dc9-a94c-ff4a7e018794,ESM-2023-02112,LMS-008131
ccd0a5e9-b70b-419b-a11b-6bec9489a88e,ESM-2023-02113,LMS-007533
de1849cf-9b91-43f6-a01c-efa2895c504e,ESM-2023-02114,LMS-005868
0f4eed99-5fce-47fd-a7a6-21aa79f17985,ESM-2023-02115,LMS-007466
cf9e43c1-315e-4528-8b1c-5d0224b36d0f,ESM-2023-02116,LMS-002457
f4d9daaf-e5a3-42c2-a3d6-1b4d14d2e874,ESM-2023-02117,LMS-001283
27998c38-358d-44c9-923c-96f8b4aca707,ESM-2023-02118,LMS-005790
0f99d15e-8fb3-4232-bbd1-c6382cb38e63,ESM-2023-02119,LMS-003144
880974d5-ecd2-45a9-b0da-54ba920061ea,ESM-2023-02120,LMS-009104
4637d91c-a5c7-4cd8-869e-f405cc9945f8,ESM-2023-02121,LMS-008655
5bdff4f3-8f4b-4efa-b22e-1d9a60fb6c3d,ESM-2023-02122,LMS-007064
acb7a6cc-3932-45f0-9985-e96bb5bccaea,ESM-2023-02123,LMS-000130
6bf53c1b-f5f1-432a-9ab7-a3b972854258,ESM-2023-02124,LMS-003858
ee6c17d5-a28f-4d5a-a588-1f5b7c7d7ced,ESM-2023-02125,LMS-005213
7ee98f72-57c7-4c51-8ae9-4989bae369d7,ESM-2023-02126,LMS-006458
4bf038ae-05c4-4e31-aa31-57b4f632e6d3,ESM-2023-02127,LMS-001108
5fecf506-136c-4eb6-b59b-220ee7b0d838,ESM-2023-02128,LMS-003243
f2ac54fa-0e68-4477-83ba-e93d6b7a36d8,ESM-2023-02130,LMS-004056
2dc10609-f629-4838-879d-5a3198f091a3,ESM-2023-02132,LMS-004492
5795ce57-4e39-46b4-91e1-abf024e70e4c,ESM-2023-02133,LMS-001511
0aa6dc2c-ef86-45de-8d85-225df628033e,ESM-2023-02134,LMS-005793
380d992c-52f6-4309-8526-f190a1983d22,ESM-2023-02135,LMS-007689
b825fabb-b956-4939-9090-f4b47bf5ef75,ESM-2023-02136,LMS-000774
be8d51bf-b4b5-41cb-9b2e-c87036e183e7,ESM-2023-02137,LMS-002272
8e778a2a-ad75-449d-949d-1232c4216902,ESM-2023-02139,LMS-007662
f98cf7ce-ffaa-442f-a9bc-ec01edb149a1,ESM-2023-02140,LMS-009102
25c00e8b-c3ca-4956-bd25-1f812d05bcec,ESM-2023-02141,LMS-004677
9da5d357-99fe-49eb-adbf-ef65c053770f,ESM-2023-02142,LMS-003397
801f4216-5cbd-4608-936f-df58b719e099,ESM-2023-02144,LMS-009376
2286fdb4-e3bd-4122-b268-a62f674633a4,ESM-2023-02145,LMS-004758
ad93fc3f-e4ce-46fc-b4fb-8e7d9bfec38b,ESM-2023-02146,LMS-008184
f97a2e67-30ee-4fcf-8050-dca52f30412d,ESM-2023-02147,LMS-000510
9bcd4f55-b015-49a4-9d99-dbcde1eb748e,ESM-2023-02148,LMS-008703
127d8cee-ccb4-433f-9cc5-0d739f61e3c7,ESM-2023-02149,LMS-009449
84eb2cca-b377-46b5-a46b-cb64e0788ee9,ESM-2023-02150,LMS-006461
d16760ce-4ab4-47ad-89a5-6c51af657854,ESM-2023-02151,LMS-002451
7d12b8df-f854-4447-b190-275ffc363a87,ESM-2023-02152,LMS-001462
326c1ede-c72b-41b7-8661-03cdefbce0b2,ESM-2023-02154,LMS-005570
2120e9b0-0534-4915-a707-8236f06d8bc2,ESM-2023-02155,LMS-006125
505d904d-fa5d-42b1-8090-df0b4fd41edc,ESM-2023-02156,LMS-005162
89d9e87e-6c6a-4285-99f9-3a78d8dae4a9,ESM-2023-02157,LMS-008170
984f4082-9865-4178-82a7-53395339dc85,ESM-2023-02158,LMS-007641
f8d11331-f6ae-4e50-8c0c-bef594833df6,ESM-2023-02159,LMS-007822
6f2bdb72-de37-41a3-a1c2-90203398c608,ESM-2023-02160,LMS-000693
9d47a848-b9a6-4754-a7a7-72865dfc4ef7,ESM-2023-02161,LMS-006853
fedc791f-c1d3-4c4c-809e-a1fdeabd28e2,ESM-2023-02162,LMS-004159
2a452b51-402b-44ae-8914-a5f175d88b81,ESM-2023-02163,LMS-000128
bf28282a-d671-4c38-a135-3e185c8579e6,ESM-2023-02165,LMS-000893
a972c9e1-116c-45f2-b868-39289069061d,ESM-2023-02166,LMS-008185
04980596-8361-4c79-91a3-ba4386e4e49f,ESM-2023-02167,LMS-002848
2f883446-aa66-4cc5-8201-a894bee31138,ESM-2023-02168,LMS-005243
e25928a3-244a-4d67-a44e-f60dfe00c395,ESM-2023-02169,LMS-003727
e3c454d7-7ea9-4aff-bad0-2468851be43e,ESM-2023-02170,LMS-003167
ba076a70-3ba1-48d5-915b-330785156890,ESM-2023-02171,LMS-000834
d86763bd-9c03-44a5-8a27-ee88c7ad27eb,ESM-2023-02173,LMS-007036
ca3a852f-8726-4eb7-be4e-e1ea4514200b,ESM-2023-02175,LMS-005818
55bc9b09-f4a8-406c-9d78-1289afa9409d,ESM-2023-02176,LMS-008457
cdd9b2d4-b831-43ab-a447-5b80cdd66dc5,ESM-2023-02178,LMS-007821
66a9ce8c-efcd-4b95-9391-a88895e5a3c2,ESM-2023-02179,LMS-003547
7109c25c-27fd-41f7-a474-ff01cd852928,ESM-2023-02181,LMS-001337
e9d26279-265e-4e18-b3b9-9ee37be965ef,ESM-2023-02182,LMS-007959
8748fc33-8f89-4705-9326-a9b38baea792,ESM-2023-02183,LMS-001710
39e0b278-3784-42da-b866-d5a077ea5005,ESM-2023-02184,LMS-006942
f0d301ae-254f-43a4-88a0-abdce8144174,ESM-2023-02185,LMS-008843
b55f2ff5-e17f-4f58-97a0-daaf579cef87,ESM-2023-02186,LMS-005522
c96c1c30-6270-4511-81c1-aa14b7406df4,ESM-2023-02187,LMS-007319
b3fdc492-9d6e-47dd-8055-80c4143faec1,ESM-2023-02188,LMS-000800
7ddb19fe-513a-4d83-b4da-025ef4397d3c,ESM-2023-02189,LMS-008308
02d1bbc8-b8ee-4987-b29a-607952637306,ESM-2023-02190,LMS-003236
e0de4334-9361-45a3-b290-671faac61fd7,ESM-2023-02191,LMS-005332
a65540f7-61c5-412f-aaef-8406415f2343,ESM-2023-02192,LMS-004395
65786cd8-4ff8-4d7d-8194-ec5aa0b0c1ad,ESM-2023-02193,LMS-007037
36b7ecb1-6b42-4e79-8201-00234aa8668f,ESM-2023-02194,LMS-008557
54663d76-bd5b-4166-86fc-dc3b7ebe127d,ESM-2023-02195,LMS-005391
ff679af8-e334-4970-996a-d06ffffd4d03,ESM-2023-02196,LMS-006248
60bb6060-29a8-4c22-a9b5-cde97b9f762c,ESM-2023-02197,LMS-003587
1ce1934a-1b3d-4a36-aec7-21e7986f1410,ESM-2023-02198,LMS-007547
45c50a24-80c3-4a29-9b3b-6107e81ab1ac,ESM-2023-02199,LMS-008641
57e1acc9-28a0-48c7-9379-693d1ce264c5,ESM-2023-02200,LMS-005509
c550c739-a630-44ca-b668-bab389d8a2c0,ESM-2023-02201,LMS-000415
8457ba36-da59-4b3f-8087-8d5140ae631b,ESM-2023-02202,LMS-001875
95872cfd-f102-4e1f-968a-74ce4f0935cc,ESM-2023-02203,LMS-008963
f2789b82-4d26-4a97-9094-c07c9e7fccbb,ESM-2023-02204,LMS-006580
2490b82c-1387-4493-b382-f3ebcede4a70,ESM-2023-02205,LMS-008118
2aeff65b-8dff-4fa0-a5cf-4bcc6f980bba,ESM-2023-02206,LMS-002817
4ce439a1-9cc0-4d6c-9a1f-63b47b2feb3f,ESM-2023-02207,LMS-008988
186de1f9-a1a0-4cdc-90c8-2b0ada31955d,ESM-2023-02209,LMS-001785
abe408a4-1722-44c6-91f7-894e78124ca9,ESM-2023-02210,LMS-001174
8eb07406-2cdb-4962-b8e2-f1cece94decd,ESM-2023-02211,LMS-008822
931138eb-31ad-4ae1-b5bb-218687b77e05,ESM-2023-02212,LMS-009399
607da03c-790b-4f1d-8416-ca8b63c8d012,ESM-2023-02213,LMS-008284
39a11013-dc5d-46c9-ad12-ba7bbdb15a7a,ESM-2023-02214,LMS-007528
f25a5bca-2306-44f3-bebb-44d7894707fc,ESM-2023-02215,LMS-008368
26256c08-fefb-4e69-9b0a-351472450bfe,ESM-2023-02216,LMS-007343
7d77ffbf-32fd-4be4-88e3-66ad24dc38fa,ESM-2023-02218,LMS-007991
ccfa4376-63ed-420e-aa4a-b993adf3b795,ESM-2023-02219,LMS-006732
a6cf1c81-53f4-428f-bde0-b51db746f1a5,ESM-2023-02220,LMS-002836
fed7c7fd-d23d-47bf-ad7b-d8d340bc6ea5,ESM-2023-02221,LMS-007290
9a4f323e-7ed1-47af-b845-a544757cf5c8,ESM-2023-02222,LMS-004489
f9327aa5-22f9-49c8-bbb2-e7a758fbaddd,ESM-2023-02223,LMS-005593
e8c0de4b-a443-4262-b6ff-434014255646,ESM-2023-02224,LMS-002389
35c7b47b-8a7b-47ea-96be-73621c3756b5,ESM-2023-02225,LMS-003649
77fff64a-bb54-4f3c-bcdf-97512ba456ad,ESM-2023-02227,LMS-007933
8ce1e952-c9a5-4203-b3c2-ae5b75d2b860,ESM-2023-02228,LMS-006683
2b4a0d70-7292-4a2d-99ef-3f647c40b81f,ESM-2023-02229,LMS-007834
424b7ecb-8c72-41ee-a5be-6ed512da5ef8,ESM-2023-02230,LMS-003513
0cd6a7f1-46b6-4f4d-bf60-97ede7374f98,ESM-2023-02231,LMS-000062
a860e2cc-3a27-4e20-87e5-6e7d0af60a72,ESM-2023-02232,LMS-005506
eee4a4f2-0020-495e-bc25-751eefe353ce,ESM-2023-02233,LMS-001967
d817229b-0ba1-4d01-8f76-f4c387ddafb4,ESM-2023-02234,LMS-006468
725c4f9d-6ce0-4c5d-9c91-012963c67c89,ESM-2023-02235,LMS-006898
22ea3324-e49c-4c1c-a64a-d6743c683b16,ESM-2023-02236,LMS-008816
a107ec06-4f0b-4dd7-9d29-3f8fa3b7a372,ESM-2023-02238,LMS-004609
5623915e-0a6c-46e8-b7f7-ab725c926df7,ESM-2023-02239,LMS-001978
da868ce8-2dd9-425b-ba10-7c797d3000b4,ESM-2023-02240,LMS-005399
a32bf22c-db8c-4763-a1b8-0c0ef6384c01,ESM-2023-02241,LMS-004180
708b00e4-fd31-49df-bf32-a796e340f848,ESM-2023-02242,LMS-004941
fe49387d-7f6a-49b7-83f1-7e69828fc37f,ESM-2023-02243,LMS-005499
2f39518e-c2ae-4518-bb10-bc001863bc72,ESM-2023-02244,LMS-009117
52e6d763-1b68-41a3-8113-72adaf0e04d6,ESM-2023-02245,LMS-000968
94a91f5d-f60a-4566-9ab8-d80f40928f14,ESM-2023-02246,LMS-007168
4fda138a-0b31-498d-a3ff-22f1d8d1641c,ESM-2023-02247,LMS-002826
2564cda6-183f-415e-a851-651504a0b87e,ESM-2023-02248,LMS-004641
f6b1f21c-3007-4db8-91a5-43d0938d73e4,ESM-2023-02249,LMS-006163
b92e1213-855c-4bf5-9474-51c2d8f215c5,ESM-2023-02250,LMS-008240
d652ae13-76a2-46d5-90f9-140c7645f0c5,ESM-2023-02251,LMS-001081
54ac5b4b-f524-47f3-8ffd-2d094e1ec1ec,ESM-2023-02252,LMS-003469
7a4211bb-b415-45c9-989f-14c613285aac,ESM-2023-02253,LMS-009248
9d1aa700-5430-455e-ac34-aa14a4765d03,ESM-2023-02254,LMS-001575
de672c27-d3b7-470d-a08a-34a099652dd3,ESM-2023-02255,LMS-004824
50e817f0-6fa8-43ec-9c21-f354ea705554,ESM-2023-02256,LMS-004355
90214fe4-193d-45b0-ae00-0581a0a4542c,ESM-2023-02257,LMS-007993
cc962ca2-62c2-42c0-8a69-5d4f83c50172,ESM-2023-02258,LMS-002604
9d89cc6d-c0fa-4c06-b50c-b6a65f84334d,ESM-2023-02259,LMS-006345
c8415cbe-e971-487b-86ba-41194a77b061,ESM-2023-02260,LMS-002224
22122bd3-dba1-4b22-b84d-109e70e1dfb2,ESM-2023-02261,LMS-008910
d3db92fa-a8f3-47ac-8b66-5f1a3fceaf51,ESM-2023-02262,LMS-000677
2bc28d04-7c70-4795-850b-6c65f79afbd0,ESM-2023-02263,LMS-005035
e97235fb-1f23-4373-94e0-9bdcac077fc1,ESM-2023-02264,LMS-001233
307a391e-2feb-4f8a-a9a5-9e226dd6b11f,ESM-2023-02265,LMS-002370
9e252187-a0ea-4d6f-905c-7c9030b86153,ESM-2023-02266,LMS-005715
2f53fc8d-1c8f-4af6-8970-1f83b5a9e334,ESM-2023-02267,LMS-006336
7aa8fab5-1097-4042-b3c0-fc4274d10d54,ESM-2023-02268,LMS-001002
3d766185-644e-48e0-8d8d-28da4355e9e7,ESM-2023-02269,LMS-000480
cc4bb6e1-86ca-4532-b9e5-ff9db7545e49,ESM-2023-02270,LMS-003266
1055e95f-6a25-439c-a77d-a0b1581c5670,ESM-2023-02271,LMS-001194
e9fb61b1-beeb-49b4-a5da-68be4c85d27e,ESM-2023-02272,LMS-002424
243106b3-db5e-415c-b5e2-fea4701aa7d0,ESM-2023-02273,LMS-006290
1c03ee18-d0ab-457c-bf65-26d9ea41ca96,ESM-2023-02274,LMS-006165
561c4fb9-7873-4a82-a436-fcf52eb3b1bf,ESM-2023-02275,LMS-009401
b4b4431a-5f38-4da9-88e3-a1667bce9a86,ESM-2023-02276,LMS-009380
0473c9b8-cf42-4b5f-9705-7d11163f1284,ESM-2023-02277,LMS-008698
d89b1edd-c5d8-414c-add6-2662989a3ff9,ESM-2023-02279,LMS-006983
296edb7c-bb30-430d-a881-a12ccbc865eb,ESM-2023-02280,LMS-005838
75d48caa-2205-4e02-a6f3-048e1484c309,ESM-2023-02281,LMS-008291
9d5c2026-cb6b-4f9a-9047-7080a492fafc,ESM-2023-02282,LMS-002264
51d1672d-5797-4e7a-b2a3-9ef6cb4c265c,ESM-2023-02284,LMS-004936
52bdb85a-5ff7-4b9f-ac9f-462db68a3ab0,ESM-2023-02285,LMS-006475
3e06b635-60e3-4e44-baa8-587776768702,ESM-2023-02286,LMS-006660
d229bf7b-fbfe-444e-8fbb-bb302f593494,ESM-2023-02287,LMS-001038
64e98953-0546-44cb-939e-66d01f60af8f,ESM-2023-02288,LMS-000162
361f9199-4f61-43da-aab0-cab4089232b7,ESM-2023-02289,LMS-005290
aab4bbd9-5e0c-4d7a-b334-09dd1e371a3d,ESM-2023-02290,LMS-008354
482d228b-5dea-4513-8d19-c3dd1be88afc,ESM-2023-02291,LMS-005377
8198bff1-d6e7-4c7e-9126-e88d6d3938ed,ESM-2023-02292,LMS-001848
e82131dd-8163-4944-8367-3641cb4d35a9,ESM-2023-02293,LMS-007349
9d810ac8-1920-41de-8809-dfa88ca27207,ESM-2023-02294,LMS-006081
0cc24a2b-84a8-4621-9a83-b2926e99cfa7,ESM-2023-02295,LMS-009368
25a27e9b-17d9-488c-8d3a-4dfe2edc4d77,ESM-2023-02296,LMS-008252
fd9d4567-cee1-4d9b-a662-ef56b24c2a9f,ESM-2023-02297,LMS-000795
929b7841-8ed0-488e-8b76-a1997e324c9b,ESM-2023-02298,LMS-007330
65770d01-7a49-47fa-8102-16d8e30920e1,ESM-2023-02299,LMS-001693
cb8211a5-c595-4c4e-bd70-cb102ae14770,ESM-2023-02300,LMS-004422
75e76447-4f9e-447b-a38e-1a3ce906a44b,ESM-2023-02301,LMS-002714
9fe3d1e9-f8e1-415b-80a4-160ff9c2309c,ESM-2023-02302,LMS-002041
eae2e46a-aa70-4a5b-b1fc-96652ec7122c,ESM-2023-02303,LMS-000120
fee235cc-936d-4639-af9b-96cf04498940,ESM-2023-02305,LMS-002075
7791d530-abdd-4bd0-af20-a4e7c78e213b,ESM-2023-02306,LMS-006952
1fd7d7ac-9368-419f-a592-35517f533d51,ESM-2023-02307,LMS-009262
65af400f-e998-435f-a9a6-a66c814de798,ESM-2023-02308,LMS-009165
2dde59e2-1024-4d21-ab62-a7d4eaf44eb3,ESM-2023-02309,LMS-001255
6526e414-3763-407a-b882-fcbb770efebc,ESM-2023-02310,LMS-008320
fbe855d9-69c7-4db1-b400-c4b72d298060,ESM-2023-02311,LMS-002658
3d61de46-5651-4011-a7e4-8ca02816bb6d,ESM-2023-02312,LMS-003498
1e3ec045-24bb-4fc7-bc97-7aff66f75d56,ESM-2023-02313,LMS-008017
c6553681-445c-4141-87de-901b49fdc883,ESM-2023-02314,LMS-001217
d73de0e9-afaa-410f-98de-1dc93a944e90,ESM-2023-02316,LMS-002636
c095a877-bfbd-4c71-90be-c7b9c47702db,ESM-2023-02317,LMS-007552
ee19ddc5-fe4a-4e88-9a2d-a156b2eaa737,ESM-2023-02318,LMS-003518
6972ef9c-d12f-44c0-bab1-7b6f77a1273b,ESM-2023-02319,LMS-009215
d28ac424-1b1e-4ce4-824f-7d81bb62f04f,ESM-2023-02320,LMS-001573
c12186cd-f285-41e9-a0bd-98d9f5087cb6,ESM-2023-02321,LMS-008075
6660ce62-9cd4-4bb2-a4a0-a1554817196c,ESM-2023-02322,LMS-007705
e7bbc877-b3fe-43be-b74c-43470ed3564c,ESM-2023-02323,LMS-001201
53cfe126-68dc-4aee-892d-6e9312e2029a,ESM-2023-02324,LMS-006637
a54bd9b5-d4a1-4558-9940-6babedee3e57,ESM-2023-02325,LMS-000832
b3eb656f-7991-41eb-818d-c496da9887dc,ESM-2023-02326,LMS-001675
269d9e74-45ef-42f9-8eef-e3afc8bc0851,ESM-2023-02327,LMS-000543
ee6b2751-a676-499a-81bb-1b7519aa674c,ESM-2023-02328,LMS-006000
b6b46a24-d50b-425e-859f-105b09ba0505,ESM-2023-02329,LMS-002262
debee626-0a48-470b-8adc-6ab49a8d2355,ESM-2023-02330,LMS-007987
cefbf0ee-329c-4259-aa7b-6b393208e053,ESM-2023-02331,LMS-004980
0df90360-d7a0-4b2b-bd82-c958bd6d0139,ESM-2023-02332,LMS-002248
d375586a-2061-424c-9afb-57b9acebd005,ESM-2023-02333,LMS-005108
517f14b6-0998-4f0c-9ffe-61df7533ba24,ESM-2023-02334,LMS-000594
830478d8-178e-4403-84ac-bd6d2388f8b8,ESM-2023-02335,LMS-001503
9a74f700-25a7-4cb7-aed8-c8779b67af36,ESM-2023-02336,LMS-001819
e8fc12b8-c899-4c7f-8f07-33de460ac1e9,ESM-2023-02337,LMS-005819
54530cbc-f026-4d5a-9e76-de045ff8da71,ESM-2023-02338,LMS-002004
a130ee53-174c-4ce3-97cf-f1b5c5349c82,ESM-2023-02339,LMS-003624
c2faf7dd-75f7-47bc-a2c9-fd5cfc42ce85,ESM-2023-02340,LMS-003179
497fd14d-0c0f-45b9-83e8-3734ebb36dad,ESM-2023-02341,LMS-000549
10a2e8e7-47b7-4ee0-acbc-51226ec6b772,ESM-2023-02342,LMS-009394
bf056f31-567c-4356-978e-91652eaf3bfe,ESM-2023-02343,LMS-001677
a3e1ed1f-569c-45dd-95a3-997946f21d4a,ESM-2023-02344,LMS-004065
a986fdf9-ab4d-47d2-85cd-ccfb07019a86,ESM-2023-02345,LMS-007163
17a5ad01-c275-4e0d-ab28-1307af604eac,ESM-2023-02346,LMS-006169
93c74508-60d2-4512-85ff-1dddf3d4d88b,ESM-2023-02347,LMS-006444
26304aa1-defc-48bd-bc11-c54c1a37614f,ESM-2023-02348,LMS-007581
a3e15283-ef92-4531-8a89-7fa453c25701,ESM-2023-02350,LMS-006266
10df09e4-4c59-461c-aaac-cb78f9b072df,ESM-2023-02351,LMS-004246
1e66965c-e948-4429-a5af-3f1f71f48e9b,ESM-2023-02353,LMS-004543
cf840834-9b08-421b-b48a-c46d53eae121,ESM-2023-02354,LMS-003668
5a5e8ba4-312a-4947-8d6f-77a6904d69b8,ESM-2023-02355,LMS-005236
29879555-b4fe-4c47-890d-c28bb68ea632,ESM-2023-02356,LMS-005128
9d4eb93e-c09c-42ae-b779-0d6d09e21955,ESM-2023-02357,LMS-004366
f135f9c8-fa9d-40ce-b19b-34f2487f6d3f,ESM-2023-02358,LMS-000759
febc720d-153d-4269-bab5-e3382ce050d8,ESM-2023-02359,LMS-001406
fb5a4371-fd55-4086-b5d1-56fef7374726,ESM-2023-02360,LMS-002947
4e8327bc-f455-4cc1-867d-1d3bcf975801,ESM-2023-02361,LMS-009193
fc689949-b854-42e2-ae16-a65a6f305c54,ESM-2023-02362,LMS-002035
824d0b70-feb2-4160-bb2b-7a97fa650cdd,ESM-2023-02363,LMS-007468
f255f10c-f124-454f-937e-e0a6c3acfd87,ESM-2023-02364,LMS-007498
1baf639b-1bbc-4ad9-9bbe-678863ddab57,ESM-2023-02365,LMS-001270
62758c66-7ac0-4523-9fd3-1e50629cbb95,ESM-2023-02366,LMS-000179
cb56979e-9d3c-4623-a66e-23e50f01b1e4,ESM-2023-02367,LMS-004889
4db87966-a509-439f-bc91-6d6339ec98d9,ESM-2023-02368,LMS-002979
68e40af2-24ce-4177-b401-d24f3b336d55,ESM-2023-02369,LMS-008614
8ded60c4-8b87-422b-a18a-f7810d90bba2,ESM-2023-02370,LMS-000329
b7bb1e92-d00c-45ce-be3d-ef96d234935a,ESM-2023-02371,LMS-008728
fbd6adc5-3821-4163-b504-abb9ce12a438,ESM-2023-02372,LMS-006656
73b1ce7e-928b-4180-9bf5-ff4b4da14e6b,ESM-2023-02373,LMS-007436
7e76db7b-635d-456e-9254-12e873e2c65f,ESM-2023-02374,LMS-009276
210111ff-8878-4c1c-8824-2e33d8e6b96f,ESM-2023-02375,LMS-009412
67781891-15ba-4fac-860a-cec9699fb220,ESM-2023-02376,LMS-006298
5243d776-22b5-4ff8-96d5-60ce86f3ffc6,ESM-2023-02377,LMS-003660
31c66f7f-13b3-4d3a-bb59-3ec52b106dbc,ESM-2023-02378,LMS-009174
62e5fc0e-69ec-4111-9460-dad17d3db61e,ESM-2023-02379,LMS-008869
ec921c2c-23ee-470b-8107-2617ba037d8f,ESM-2023-02380,LMS-003837
86c65163-37dc-42d0-8e2f-28272f3138e8,ESM-2023-02381,LMS-004447
95c1050f-2cde-4d02-acee-f8c0fa89ec8b,ESM-2023-02382,LMS-007238
81d850cf-6f1f-436e-873c-ae4edfc0ea37,ESM-2023-02384,LMS-001576
9bf85a3c-272c-4bde-bad1-e035b3523307,ESM-2023-02385,LMS-003894
bc2d76a7-9c45-4213-b1af-34f703246aa1,ESM-2023-02386,LMS-007090
d4e3c599-256b-4300-8690-f10615c997d6,ESM-2023-02387,LMS-004435
3a963ba8-a979-4eda-8747-6dea28a10f3c,ESM-2023-02388,LMS-008525
f48e30c8-0cde-4b47-b1a5-e29ad1bf32e4,ESM-2023-02389,LMS-007453
dd9c6f95-38e1-4dc1-aa58-82cc42c4c97d,ESM-2023-02390,LMS-000323
06a87e6e-6468-43d7-b64f-460d4cf7a63d,ESM-2023-02391,LMS-009479
846ac66b-1ffd-4fdc-91d4-a378bf921a18,ESM-2023-02392,LMS-000642
2ba11f9f-c9da-4d11-ad40-6b557e364134,ESM-2023-02393,LMS-003422
05e02710-a880-44de-9cd7-24139b1075cf,ESM-2023-02394,LMS-008049
08d31905-2cb5-4412-a347-e343c199e613,ESM-2023-02397,LMS-009365
9c8eb104-892c-4ec9-a386-47dd5b6a4c19,ESM-2023-02398,LMS-000265
e09e3307-9970-4282-ae32-9c539db5430b,ESM-2023-02399,LMS-003445
ffd8907e-3d6b-45c0-817a-e308f93cba98,ESM-2023-02400,LMS-007252
4e0b56b5-03bc-4579-9d34-a09f0840a786,ESM-2023-02401,LMS-005688
011b8228-2ca5-4080-9689-d802a49c5326,ESM-2023-02402,LMS-002591
7835e897-d641-4672-8d05-51a64a9bf4bb,ESM-2023-02404,LMS-004490
0c063c6c-225c-439a-936f-df880da1efdf,ESM-2023-02405,LMS-007830
c18ff37b-0244-4685-9dd1-a3fef1be1f40,ESM-2023-02406,LMS-005109
4ef4d6f7-7d19-4088-a454-6dbfee9d7cf7,ESM-2023-02407,LMS-002558
864943bf-3ff1-4ffc-8099-96bb88817fb9,ESM-2023-02408,LMS-005367
781a4c6d-9d02-48a4-aa78-a5a268d44b97,ESM-2023-02409,LMS-008329
c9316e25-db82-454e-bb6d-ccacb1b71a72,ESM-2023-02411,LMS-003505
ad887831-0721-4a47-a651-73d1dc656ecf,ESM-2023-02412,LMS-006083
e068bafd-98e7-4203-925e-e6df9c08aa11,ESM-2023-02413,LMS-003473
9396fdc6-01a1-4138-9498-e9dc554cfe79,ESM-2023-02414,LMS-008007
732d0c55-2896-4446-b9d6-812ab1de9f19,ESM-2023-02415,LMS-008460
dccb6ee0-31fb-4237-a359-63130543630c,ESM-2023-02416,LMS-003438
2c926906-370c-4dbb-b41f-e07fbb8d6bba,ESM-2023-02417,LMS-008256
28092ee0-8e07-4781-8ceb-0c13ad5f6afc,ESM-2023-02419,LMS-000760
74831bff-65ec-4dfa-af97-8fc69623cdc5,ESM-2023-02420,LMS-008498
d1465e77-55fa-40f6-a09e-8677c63d7c29,ESM-2023-02421,LMS-000365
458a0633-41bc-4a4d-a9ce-23fe509048b4,ESM-2023-02422,LMS-002130
63e5c4cf-c1a6-4c21-b226-9cd3e1051aa4,ESM-2023-02424,LMS-001533
713ed8d0-3864-4704-ad7a-1418e8ea4151,ESM-2023-02425,LMS-008697
c3f113cb-4157-415c-812d-367498ce3da8,ESM-2023-02426,LMS-007750
cf1630fe-7a6c-4e82-a3ca-efc9ff216dbf,ESM-2023-02427,LMS-008801
d346b74f-80a3-4973-8102-a481fd758620,ESM-2023-02428,LMS-003898
97738c0a-e511-4d48-a19c-bef2a8c40a3d,ESM-2023-02429,LMS-005103
cd633ba2-1730-4c16-8425-e2b153880082,ESM-2023-02431,LMS-008316
3382861a-caf6-4173-b2e5-dca9a9e9709e,ESM-2023-02432,LMS-002548
7a292d1c-df8e-4ad6-927a-b2ebb2ae6c0b,ESM-2023-02433,LMS-005493
749e1c46-7e4a-413a-b272-2002fe8dcada,ESM-2023-02434,LMS-005422
9d79bf6e-ec5e-4407-8369-d4c8e1d44070,ESM-2023-02435,LMS-001591
a4e84fa4-1627-4b65-82e0-eb0e328db269,ESM-2023-02436,LMS-004399
83c03f83-9083-41cb-a20e-b20d2931caa2,ESM-2023-02437,LMS-004579
26011808-3c01-46ac-a842-e917d323186f,ESM-2023-02438,LMS-004227
ee28a89c-1521-43bf-9356-8ac6bb8b907e,ESM-2023-02439,LMS-002024
2b128d2b-ab3e-46f7-9f85-00597eb5c9af,ESM-2023-02440,LMS-001973
f954ccb9-909f-4598-8188-56713915a312,ESM-2023-02441,LMS-006593
6e9627f1-8a40-4d22-84f1-0afc670bd719,ESM-2023-02443,LMS-003234
2ee4e768-5bf9-4016-abff-a886aee341aa,ESM-2023-02444,LMS-008112
db3f4988-2cae-4edb-b801-8319eb1578b9,ESM-2023-02445,LMS-007756
8192b7fe-6c77-4af5-af39-2aca854e37ea,ESM-2023-02446,LMS-004213
a78958c1-c0df-43de-b6a1-a422ac4094d2,ESM-2023-02447,LMS-005673
2f1d1366-1cca-4cc8-bbc8-59826695681f,ESM-2023-02448,LMS-004124
d0f35e14-2635-4516-a133-d521fd0d110d,ESM-2023-02449,LMS-007769
8525655b-6dbc-4ff8-877c-6e5c46418e0d,ESM-2023-02450,LMS-005505
764a1c35-a948-43a4-b5a2-18d486df62f3,ESM-2023-02451,LMS-002378
bc37c7d2-3044-419a-8643-8895333cdf3b,ESM-2023-02452,LMS-006613
cecffddf-03d6-40e9-9580-9a82241f33e9,ESM-2023-02453,LMS-000039
b374f202-09dc-4a8d-a0d8-aaf1525c2b7a,ESM-2023-02454,LMS-004128
e2b02daf-d27c-4df9-b4d2-7ea5df0649f2,ESM-2023-02455,LMS-000432
4705e355-6f0b-4d1d-b5c6-971a2d5c139f,ESM-2023-02456,LMS-007229
e27ac37a-0eaa-44d2-a6e0-e260cb9c397f,ESM-2023-02457,LMS-006075
7b101387-a988-437d-a702-e6d851277a30,ESM-2023-02458,LMS-002217
9fb7e8cb-f9af-4916-a703-5f976e6b53e1,ESM-2023-02459,LMS-001770
6cddf09e-aabe-4193-8830-484783de0437,ESM-2023-02460,LMS-002267
43919b77-ff7d-4c49-87e9-f8383e519213,ESM-2023-02461,LMS-008161
ef69bf08-b206-4a1a-a7fe-b8be7c3ca079,ESM-2023-02462,LMS-006906
9dd399cc-f8b1-425d-9c32-a2509e0cfa2e,ESM-2023-02463,LMS-008010
0f0cd4e4-2ca7-416a-8c81-b863e7d15718,ESM-2023-02464,LMS-009476
623368dd-c848-4388-8036-815d1941c88f,ESM-2023-02465,LMS-008509
fcf2b87c-1c59-4392-b929-917827570d4e,ESM-2023-02466,LMS-004459
d2300f33-8dbc-4804-aa6a-27f32474ff00,ESM-2023-02467,LMS-005465
86282ccc-0b75-4346-82b8-5730358e32c5,ESM-2023-02468,LMS-002452
13871e92-98d1-44e4-a6ec-14b269c12e80,ESM-2023-02470,LMS-003661
16fba22a-a859-4f8f-ae7e-021055d78c4f,ESM-2023-02471,LMS-002162
f14e738e-4463-484f-a54a-0aaa8df21183,ESM-2023-02472,LMS-008831
17ddc06c-12e6-4725-af6b-76d4955192bb,ESM-2023-02473,LMS-008162
1d5f27f1-c6a6-45f7-8b59-2ad9e77941e7,ESM-2023-02474,LMS-000934
b330a26c-98dd-470d-8d1b-7867aff283ee,ESM-2023-02475,LMS-004863
f68f5272-3ffc-4129-8bf2-614bacfaf73b,ESM-2023-02476,LMS-001054
445b2d13-0c55-41f1-8404-7a26a6a185eb,ESM-2023-02477,LMS-001705
0fb3df8b-d964-4485-9241-63d2c4a09469,ESM-2023-02478,LMS-007269
3fe0709c-dbe2-42dd-b134-4d93711b0fa9,ESM-2023-02479,LMS-001157
35cd1627-13ad-48ee-9962-9d44097b7fe5,ESM-2023-02480,LMS-002090
3f8817f7-e17d-4642-8245-dfa031bdeb5c,ESM-2023-02481,LMS-009309
b158d138-bf5c-4bd9-9ec4-e7a49f4e942b,ESM-2023-02482,LMS-005761
6561680a-3475-4d52-ac32-944984eb0d92,ESM-2023-02483,LMS-001792
415393db-7adb-4760-bdfa-893945f49b44,ESM-2023-02484,LMS-001335
c8a93ae4-8af2-4528-969f-0cf9235bbcb5,ESM-2023-02485,LMS-004874
01207dc7-289c-44ab-8673-11f0df34ca01,ESM-2023-02486,LMS-008319
b7d4cf68-5da0-4d45-9e88-f36a1b92c18b,ESM-2023-02487,LMS-002374
df0dac92-0fd8-461c-84d3-01a76a64b073,ESM-2023-02488,LMS-005429
70bce7c6-6f6f-4033-a54c-c23afc9451cc,ESM-2023-02489,LMS-005139
4e72e679-99b6-4297-87df-7a4b938f15ba,ESM-2023-02490,LMS-008333
e7dc680f-cdb7-4e03-9721-be4392cfa203,ESM-2023-02491,LMS-008704
674b42fe-bef7-481d-b36f-b0f672d59d64,ESM-2023-02492,LMS-005920
7024ec3d-ee8d-44e7-82f3-8054d9c4630c,ESM-2023-02494,LMS-006552
c1f5829c-9eb2-4b2f-b055-18500355f71e,ESM-2023-02495,LMS-006979
2ab60306-2cc9-49ed-bb27-b59c795305b2,ESM-2023-02496,LMS-000592
b38e20cf-a465-4ebe-8e3c-28f1cb522a34,ESM-2023-02497,LMS-003401
2cdf361d-301b-4901-8071-fef5f425eb55,ESM-2023-02498,LMS-001385
aabcb478-f9d3-41f2-b39d-0b4233b44ef3,ESM-2023-02499,LMS-001480
c120cec4-a429-4701-8628-d8076dab2ee0,ESM-2023-02500,LMS-005765
247babac-a24a-474c-ab0a-7aa242b2438b,ESM-2023-02501,LMS-002532
55cce011-8ddf-4852-889b-52f771b83cd4,ESM-2023-02502,LMS-001673
7c841821-533e-450d-807d-5ec9090c56f0,ESM-2023-02504,LMS-006640
126b041c-c703-435b-973e-67de426cda09,ESM-2023-02505,LMS-002206
c0ce46b4-d8db-4372-8973-4d2f0897218e,ESM-2023-02506,LMS-000993
c65a38e4-a6da-496f-8fb0-88c1d3687444,ESM-2023-02508,LMS-004696
52c93c2f-0d2d-473b-adea-86784859ab0b,ESM-2023-02509,LMS-007026
429e524e-a8da-4c83-8df6-8db2198a9f6c,ESM-2023-02510,LMS-000923
ed3b1960-e8d3-4984-82f1-4aadf356cd99,ESM-2023-02511,LMS-000773
8819cdcd-09ba-4769-a364-816eb43ce19c,ESM-2023-02512,LMS-005001
90b6e1ee-d4bf-4db2-a461-e79ecde13635,ESM-2023-02513,LMS-002705
b6e6e092-76d8-49bb-a5c1-e65c8f5a2982,ESM-2023-02514,LMS-005665
a8c7844a-ab47-4f84-81e8-d81a4a2c74ac,ESM-2023-02515,LMS-000199
086a87a8-1c95-4256-953e-62c4ca9c4567,ESM-2023-02516,LMS-009056
b776ae53-d1a0-48de-a2e3-bdc4a677a4c1,ESM-2023-02517,LMS-000736
5ac9cc08-08f3-477f-b4db-914347ca9cd5,ESM-2023-02518,LMS-006633
aad63707-a785-4361-8eb8-8dabdebf69c7,ESM-2023-02519,LMS-005301
b9846aad-6470-47ce-b408-2d7887940d0f,ESM-2023-02520,LMS-009439
9ccac7e8-b7a5-40c4-8522-d4598a3aeed2,ESM-2023-02521,LMS-004820
412746bc-7e93-4442-bcb4-d174feeb4943,ESM-2023-02522,LMS-003007
2b6e8a8e-a7ad-4d12-8011-e05d50ce8322,ESM-2023-02523,LMS-004550
7fd80ba4-1ab7-4162-bed2-6bb9c2e9722c,ESM-2023-02524,LMS-005211
3c8379a9-317a-4ef7-aa31-41552dcaef6e,ESM-2023-02525,LMS-007644
b6e770ec-ae57-4805-b403-dc2b7a86e9b9,ESM-2023-02526,LMS-004301
64ac6abc-eb86-47fc-a245-b99379559281,ESM-2023-02527,LMS-004263
bdf904bb-ffcc-4e5f-9cf4-65fdb48fd4b7,ESM-2023-02529,LMS-008753
113a7657-0e1b-4ddd-a18f-4779ee41acb7,ESM-2023-02532,LMS-003831
46ab06ca-ba20-455d-9e19-af8faf45d6bf,ESM-2023-02533,LMS-002620
b7c0ece6-ee39-4425-b4da-1fb9ffe47849,ESM-2023-02535,LMS-002403
c83daf07-4efa-4e5c-820f-9e8090e59a00,ESM-2023-02536,LMS-000755
83bf317e-8b31-438b-b092-f9763c99a439,ESM-2023-02537,LMS-006846
51c34caf-8db4-4d47-8805-e17d9c25d1f1,ESM-2023-02538,LMS-005483
c931514d-6db7-410e-aa02-1dbbcce39689,ESM-2023-02539,LMS-001641
74fdaf99-9e05-4026-b522-03170c9691a7,ESM-2023-02540,LMS-006142
e2b62316-7e79-4e69-bff6-fea671d370a1,ESM-2023-02541,LMS-001116
2dad8ebd-e066-4900-8604-f76ed0dd20fa,ESM-2023-02543,LMS-005165
ec59314c-2179-44ce-bc27-c8c9740be1fb,ESM-2023-02544,LMS-002194
6d550533-a2ca-45ea-af87-17f782b5e6b6,ESM-2023-02545,LMS-009004
529f0983-33df-414f-8615-9500f0d4547a,ESM-2023-02546,LMS-008952
6fdc389f-20a4-42d0-9d62-ec0b4beea298,ESM-2023-02547,LMS-007154
bdeec7e3-ed6a-486f-bb51-88afb37efb7f,ESM-2023-02548,LMS-000270
9e03e059-ba84-4c3e-92b0-995196fecdea,ESM-2023-02549,LMS-000314
15a81c3e-e907-4725-9fee-50c46f17885c,ESM-2023-02550,LMS-008269
35539f89-ea21-42e1-ace3-4198401006c5,ESM-2023-02551,LMS-001691
ef7d88b9-abee-45dc-93ad-1a243556a2bf,ESM-2023-02552,LMS-005281
8c44c098-b288-472d-bc88-5fdbe8a898f2,ESM-2023-02553,LMS-008302
9f2942d3-1bc1-4694-9346-f5ab1a7fd33f,ESM-2023-02554,LMS-007205
ff5b6ce1-dbf7-4037-9ec8-c639576c7e31,ESM-2023-02555,LMS-005527
d40c59a5-ff0f-4e01-9d6d-423f6d220e2b,ESM-2023-02556,LMS-001386
17bb6900-ca17-430d-958b-4c280d0e73c4,ESM-2023-02557,LMS-005479
7a3b7c3f-66cc-4b14-b306-18b15c28e712,ESM-2023-02558,LMS-005458
cc2c9cf6-f741-433b-9f34-93e40c049cc3,ESM-2023-02560,LMS-001834
34b50f48-a37b-4f10-8b72-79b2acfd407d,ESM-2023-02561,LMS-000531
7852cab0-ebb2-4299-9a1d-5b92bdc8433e,ESM-2023-02563,LMS-008858
1e550dee-9689-475a-8018-543b99a252f3,ESM-2023-02564,LMS-004323
ee8a0735-c33c-4c58-a17b-961905960b41,ESM-2023-02565,LMS-001555
5bd63bf4-6c62-4f2b-b21c-7ab3f978aab5,ESM-2023-02566,LMS-000137
a932cb63-3270-45d0-aa7b-36a56238cc54,ESM-2023-02567,LMS-002464
113326b3-f939-4a96-a78b-a62f1140f322,ESM-2023-02568,LMS-008863
0be68793-80b0-4a21-b94c-fd243e4d5d2e,ESM-2023-02569,LMS-006398
01c5d022-06e5-45de-bf3d-cc452d625168,ESM-2023-02570,LMS-001809
2a6ef5b9-55de-4234-889e-f504c33ede8c,ESM-2023-02571,LMS-003462
045491aa-376b-4d16-80c6-d233d767ca82,ESM-2023-02572,LMS-007151
97cad3e4-481f-4681-bf7d-f35b0c8cc638,ESM-2023-02573,LMS-005929
31897b64-9153-4979-bec2-c087b14a26fb,ESM-2023-02574,LMS-001032
1c4dcf94-6cfd-4440-978f-d009de7745bd,ESM-2023-02576,LMS-003392
6ebac822-6d8d-4403-b32f-2535a2c27bff,ESM-2023-02577,LMS-000083
8a3ebc7c-800c-440c-be70-282644e9d9e5,ESM-2023-02578,LMS-001118
573e64d5-ba4b-4b6c-8699-8c1cc072aca9,ESM-2023-02579,LMS-006015
35abf69a-cd67-4da1-8134-ec05936a4a91,ESM-2023-02580,LMS-000383
68cafb49-a821-4ef5-8b54-3dcdf3e20893,ESM-2023-02581,LMS-002474
90f97a1d-2a5a-439b-ae7d-856f875d6de3,ESM-2023-02582,LMS-005795
1098b4af-66c2-4d61-9bea-b6b8b46c4edd,ESM-2023-02583,LMS-004917
8de417db-3dd1-4160-9a2b-f549aef7526f,ESM-2023-02584,LMS-005201
dbd0da86-a3e6-41fb-84bf-e6a2cea8f5e9,ESM-2023-02585,LMS-005833
7e8695f2-eb23-4add-8d6c-576d526c5bae,ESM-2023-02586,LMS-003125
e100dd3d-e1d0-4721-9202-c55b4f15ad83,ESM-2023-02587,LMS-007669
c74f9d28-15e9-4b17-9648-69c519f48318,ESM-2023-02588,LMS-000688
4ed46ec7-c808-43c6-a243-9b9832f52c6b,ESM-2023-02589,LMS-007855
a3c8309a-8f42-4779-b647-356c6984a4d0,ESM-2023-02590,LMS-009027
6d37a921-24c3-442a-a3ba-5e63f45bfdb3,ESM-2023-02591,LMS-006312
11fea175-4e23-4d7a-a9dc-9fbb212e34b8,ESM-2023-02593,LMS-002788
c21d81b0-5345-4993-b537-e498d7ff3a08,ESM-2023-02594,LMS-000473
1921129a-24e8-4b57-af6e-77b098356ca3,ESM-2023-02595,LMS-000738
ab0a08c9-eb39-472e-8318-711f2147bf03,ESM-2023-02596,LMS-006389
6ab5928f-e5b1-43e4-8ac8-629e04917357,ESM-2023-02597,LMS-002594
007a6b13-c1fa-4243-a1f9-65f032ddce2b,ESM-2023-02598,LMS-008043
dc15e9c4-3284-4804-b332-9ad4b7a0f469,ESM-2023-02599,LMS-004727
0627c767-2829-4bb4-a204-8e6221cde2dc,ESM-2023-02600,LMS-007649
efdb834c-e6d0-4394-b5a3-8cedb15e78f7,ESM-2023-02601,LMS-000917
ed4344a0-166f-4a7c-a1f8-6d3f9fd68dce,ESM-2023-02602,LMS-002716
10b13beb-d76b-40da-82f1-32b928983311,ESM-2023-02603,LMS-004333
230a9e8a-a11e-4b2f-b312-294cc11dcb5e,ESM-2023-02604,LMS-007807
5f3c6685-dad0-4dd7-bd9e-cfc0ad27b136,ESM-2023-02605,LMS-002034
9d769179-1777-4972-adce-7c2f31939aca,ESM-2023-02606,LMS-004234
59b91f27-3db4-458f-bd3d-4e34c85d027d,ESM-2023-02607,LMS-005511
c79c0b5e-3055-4116-b3e2-7a69d6e1fa0e,ESM-2023-02608,LMS-002326
f77c9eb1-9adb-4cb5-9130-1e1f8fa92f74,ESM-2023-02609,LMS-000727
ccc39df7-3abb-4cd6-83d7-6c1cf20e514c,ESM-2023-02610,LMS-009092
e869fac6-5f51-4a24-beb5-729d7227bfea,ESM-2023-02611,LMS-003159
ba67ad97-27ce-41d4-97e4-d7bc0b99de48,ESM-2023-02612,LMS-002663
3ab3ce2b-fbc5-409e-8807-d80b136891a9,ESM-2023-02613,LMS-008144
70000556-5d0b-43cf-b284-c10cf5088306,ESM-2023-02614,LMS-004184
2ebefc52-4208-46b9-875f-97e431d29eb6,ESM-2023-02615,LMS-009465
6eccc6a7-add6-4196-91fb-4810d17f32a1,ESM-2023-02616,LMS-008004
fce13727-343d-40f9-b5f9-72d5521accc8,ESM-2023-02617,LMS-009087
2e6ac80a-d257-4505-855b-63fe8bd7e3a5,ESM-2023-02618,LMS-005861
70b0f180-453e-4714-b57a-dd579c1757f3,ESM-2023-02620,LMS-001637
4e8031b5-dee5-456e-b10f-7f1c4e53ba07,ESM-2023-02621,LMS-009302
ea8684e6-9464-4325-bb66-bc4a5d96f6a1,ESM-2023-02622,LMS-008013
dd4db9d5-7c9d-40e4-bc65-d3bd2ca19421,ESM-2023-02623,LMS-005344
cbf41ce8-a2a6-41b6-959a-071d5affe824,ESM-2023-02624,LMS-008680
c01d5ebe-e849-4598-8445-d9fedecabea8,ESM-2023-02625,LMS-003302
936f0946-7431-41ee-bb69-37b86cce17b8,ESM-2023-02626,LMS-007021
bc162c24-2f0e-49c2-ab93-60c5d0db5438,ESM-2023-02627,LMS-004693
c850c39a-d198-442d-b9eb-1fb26a4961c4,ESM-2023-02628,LMS-008593
d673fde4-c3f7-4cf3-a9dc-b04287366b6e,ESM-2023-02629,LMS-000751
a829297f-cea9-438d-8cbe-277e0b85d920,ESM-2023-02630,LMS-000142
2e9a4dd9-4223-4f2c-b29e-7c086233e6cf,ESM-2023-02632,LMS-002280
272603c0-9140-4627-817a-8f40c3fe6f47,ESM-2023-02633,LMS-006581
01644b9e-e4bd-431e-b4a9-0f9a2d253198,ESM-2023-02634,LMS-000734
a3d3bcb5-c265-47ae-8cb0-758d731e6edf,ESM-2023-02635,LMS-001415
49cff0f8-d03a-480f-974f-9a72f85fbc76,ESM-2023-02636,LMS-002030
3dcb2c5d-59dc-45e3-a037-0ad8bf61df45,ESM-2023-02637,LMS-002682
182de8b7-c24a-468d-abb0-8ec648aef914,ESM-2023-02638,LMS-007840
5b5cbf59-a99d-4fbd-9d63-a4099559b68e,ESM-2023-02639,LMS-000161
158ab01e-5b3e-4fd5-a741-59073e45f6f7,ESM-2023-02640,LMS-001644
f6bbc5b0-8d8a-4cf1-9b13-edae8362af3a,ESM-2023-02641,LMS-007397
d7f2228a-192a-43a4-be77-86608d03cc47,ESM-2023-02642,LMS-005357
495e2ffa-9208-489a-9920-903b630cec59,ESM-2023-02644,LMS-002768
f8c50468-9412-44cc-8d17-ebaadecf884e,ESM-2023-02645,LMS-005352
bf930e8e-7912-4366-9a86-2f87fab71e19,ESM-2023-02646,LMS-003885
e36220ed-972c-4884-985e-2eae4e994466,ESM-2023-02647,LMS-007356
e749ee8a-a85e-424f-b4f6-d2a0b8a9ef61,ESM-2023-02648,LMS-002133
6de5f884-11ca-4754-9abe-6e36f83c9629,ESM-2023-02649,LMS-004944
a16d2435-d0f5-4ed5-a233-be0ee4a8bd56,ESM-2023-02650,LMS-007371
140725ee-2ba3-4e21-97ef-29e711b0590c,ESM-2023-02651,LMS-004405
f4c28a30-8bd5-4b9b-a7dd-1d17daf7f5a6,ESM-2023-02652,LMS-006596
d68d129b-1a01-429c-ba88-cb70656b4d0e,ESM-2023-02653,LMS-008799
307ab1e9-f266-4f12-8138-b4ffc76edfe3,ESM-2023-02654,LMS-005536
91d43c3b-f63e-4ac4-b336-e7fd7a6c2263,ESM-2023-02655,LMS-001584
705a80d7-7e54-4d21-8057-d576fa90f9f0,ESM-2023-02656,LMS-002148
097f0a50-2514-444e-97c1-ac4c6a7554ad,ESM-2023-02657,LMS-008415
4cfdff01-0fd5-4ca8-87e1-d61df83b1535,ESM-2023-02658,LMS-003336
3e930c50-5b1d-4f32-bb42-208475322edd,ESM-2023-02659,LMS-007074
330e21cc-b4dc-4226-96c0-9736f14885fc,ESM-2023-02660,LMS-005055
d0d854a8-30b3-498e-b093-561a1b4639d1,ESM-2023-02661,LMS-001324
a57c6d0b-19f2-4217-92e3-71f7247bb76a,ESM-2023-02662,LMS-001581
37d72314-b110-49c6-99eb-244a4af138a6,ESM-2023-02663,LMS-004600
f7d5239f-a1da-4318-9e7f-d623a5575151,ESM-2023-02664,LMS-005304
be076fc2-d57d-41cf-8f23-1180e0a2c89a,ESM-2023-02665,LMS-005940
4a0d4ac0-0c38-42c3-a565-58805ec997ae,ESM-2023-02666,LMS-008960
5f721b2f-eef5-4cac-9b31-fca416994332,ESM-2023-02667,LMS-006396
7a9e862a-ca56-436f-806c-1f99edfa0cf0,ESM-2023-02668,LMS-002880
86bcfa05-89cc-43b1-85d0-e0b09558958d,ESM-2023-02669,LMS-003436
cdfe91ba-2037-4801-bd43-1da6f1aac6a3,ESM-2023-02672,LMS-006672
2d7cc0e1-f2f2-410e-a715-324866c01acf,ESM-2023-02673,LMS-009030
c22fd01c-5945-41bb-a968-998ebaac4985,ESM-2023-02674,LMS-003258
059e778c-5af1-44c0-b127-fa76bcebc37a,ESM-2023-02675,LMS-004076
aac24955-ac59-4f06-b3be-30b5499bfc9a,ESM-2023-02676,LMS-007063
6b66558c-d799-4577-9e08-49939ffa86c8,ESM-2023-02677,LMS-004508
fba33590-73c0-45f0-8d11-83e534370ce6,ESM-2023-02678,LMS-003195
69f7f3bc-6ee4-4dd4-8ae4-b7da7216abc1,ESM-2023-02679,LMS-002792
65e2565e-e1ed-4310-8240-b323be5be9f9,ESM-2023-02680,LMS-006985
e5c3202f-9bae-4e85-b095-17a5e54c51bd,ESM-2023-02681,LMS-006385
a5947f37-9f70-4c0e-8326-3ec95c407a47,ESM-2023-02682,LMS-001040
4087a5df-1e51-4e76-868a-de5d4efd4bfc,ESM-2023-02683,LMS-007126
5ab362ef-047c-44ef-bf7d-2bf289c9e039,ESM-2023-02684,LMS-004515
5aeaf6b6-d28f-4f8c-a2bb-78a420897b9c,ESM-2023-02685,LMS-004988
29642968-3255-4095-9d3e-a5e64924681f,ESM-2023-02686,LMS-009055
62dbc9ae-cfa6-464a-89f4-12a987eb4167,ESM-2023-02687,LMS-008921
5785365e-a41a-4ede-8062-f3147ccb6e43,ESM-2023-02688,LMS-003566
79cac496-f3d3-4145-bce3-860a537437c4,ESM-2023-02689,LMS-000422
4f963eb2-4fea-45c3-93bf-5cc90c478035,ESM-2023-02690,LMS-004909
6069f2b7-0842-4d55-b336-6d16785ece3e,ESM-2023-02691,LMS-006240
2b0fbe7d-bfad-403e-9c1d-a330e4bbbbce,ESM-2023-02692,LMS-005842
a5688eaf-5d01-43c5-bcb7-31385a8793c2,ESM-2023-02693,LMS-001212
bf7a8076-0d30-46a2-aae5-fa6cfc35a1ab,ESM-2023-02694,LMS-004884
5920ffa2-9a13-45fe-95fa-b3b287b4fd56,ESM-2023-02695,LMS-002992
43bb9611-fc97-4f7c-8b65-d8310c434ea8,ESM-2023-02696,LMS-001911
69f9701f-fa93-47b6-9a39-42728826a640,ESM-2023-02697,LMS-001821
c6797983-2c23-477a-bdf6-fc20297251a5,ESM-2023-02698,LMS-002641
418e3da2-22e1-4baa-974c-8de78946b4cf,ESM-2023-02699,LMS-002192
deb5b77d-2d4a-4b25-b4ba-fbfe02e4de77,ESM-2023-02700,LMS-006833
2682a20a-01ee-4da6-a066-3e9a9e74fda8,ESM-2023-02702,LMS-003872
16a0bd1f-ccfe-4a5d-b8af-67cb111b2493,ESM-2023-02703,LMS-003838
27d061f5-ad93-4924-a0c4-ade767f478dc,ESM-2023-02704,LMS-001896
82937484-4f1b-4963-9e6c-67627b497788,ESM-2023-02705,LMS-000903
a766dc59-1634-4c77-a37a-11a1a8dacafb,ESM-2023-02706,LMS-001583
1943e60d-1149-4062-ba5f-4db687f7484a,ESM-2023-02708,LMS-008818
e4e44961-60c5-4dba-81c0-7e592881c208,ESM-2023-02709,LMS-008785
5438c7ad-71b5-45e5-8578-f62d50701691,ESM-2023-02710,LMS-008531
e22591dc-7f47-4a5f-99e7-3b9687175eff,ESM-2023-02711,LMS-001604
48146659-a417-4ed3-b926-a136098e4ed8,ESM-2023-02712,LMS-003414
376298a8-df23-42ff-8ec2-7a16e2bdd01d,ESM-2023-02713,LMS-000024
ba7a06aa-d2b9-4dc5-aaa1-7b50e3d4dfdf,ESM-2023-02714,LMS-000113
cf64c487-e489-4c32-a1c7-2ffca6404ba7,ESM-2023-02717,LMS-006474
4d4eec33-640b-4275-a9ae-8649125826a5,ESM-2023-02718,LMS-003310
2ee498d4-9af2-4dd0-a8ff-8a285c3d36ee,ESM-2023-02719,LMS-001515
404abc93-513c-4d2d-b7d2-4267a2db44fa,ESM-2023-02720,LMS-008556
49d4999c-b985-4bdd-bcb9-193c5807fce0,ESM-2023-02721,LMS-001313
cdba2d63-ac7b-4566-a13f-5208f5a708e8,ESM-2023-02722,LMS-005564
3fdfd119-faac-46c7-a801-baeeba6a54b1,ESM-2023-02723,LMS-000322
14b0378a-81e2-4a17-ab09-d82fa58dcbd1,ESM-2023-02724,LMS-006803
75a25db2-f5e0-4c77-90a9-827ff478ae77,ESM-2023-02725,LMS-007949
1981bc18-4a27-46e5-9800-dea5c81138ae,ESM-2023-02726,LMS-000522
34c1eafa-8c0a-4021-9a39-91fee70fb95d,ESM-2023-02727,LMS-004960
6fa3e67e-1f74-478f-8687-24ba546fe91b,ESM-2023-02728,LMS-000668
5e345e1b-6a70-41dd-9759-53195a0406f3,ESM-2023-02729,LMS-003049
066ca87c-7227-4f24-ac98-96ff0bf9b3eb,ESM-2023-02730,LMS-001219
27a8a374-6df0-44cb-b143-28fc6b8e8303,ESM-2023-02731,LMS-001191
2326df2c-aeae-4a74-9956-6544d6622469,ESM-2023-02732,LMS-002447
174de640-3c43-4308-99b1-268f654b5edb,ESM-2023-02733,LMS-001506
08947f26-be73-41dc-bf29-762c0355ed08,ESM-2023-02734,LMS-001302
a6f6e6fb-1848-4b95-95bc-113afa06cf3e,ESM-2023-02735,LMS-006007
1e161d98-94fe-408e-b0c5-d1a1f626a480,ESM-2023-02737,LMS-005238
3d5b4ed6-6575-40da-9958-08108b104924,ESM-2023-02738,LMS-005602
624289f3-aac1-4b60-b86f-16e14f685e12,ESM-2023-02739,LMS-002775
762a1d85-b96c-430e-a50e-e2b2cc70d19d,ESM-2023-02740,LMS-008203
76d908f5-0390-411e-bbfa-6f43e6f64245,ESM-2023-02741,LMS-000163
360a3b28-290b-4079-9a22-3d9d32b10bd6,ESM-2023-02742,LMS-000922
f0cdc93d-d3ad-40c4-a810-7e479a18e88f,ESM-2023-02743,LMS-004786
eba723c3-c239-4b3d-8a73-68c1a37f220e,ESM-2023-02744,LMS-006059
7db00352-df27-4268-809a-ce9394b002b1,ESM-2023-02745,LMS-003540
192041ed-262b-428c-802e-8cfdffc0fa57,ESM-2023-02746,LMS-005379
b0985062-7fe9-405d-bc63-46f9fd13fdc4,ESM-2023-02747,LMS-003453
ebee0228-3028-4b3c-825f-3c5dc4e37751,ESM-2023-02748,LMS-006258
2e6cc2bc-e3fc-48b2-ba94-a1ea83c0e934,ESM-2023-02750,LMS-005519
371090dc-7ccb-4e42-9285-a7db7350b1b9,ESM-2023-02751,LMS-008092
2896aafa-0cd4-4e29-b363-86f5f2bb2920,ESM-2023-02752,LMS-005257
0339cc9a-f139-46a4-89c2-adf9df4731bc,ESM-2023-02753,LMS-001203
4f37f92b-2742-46c8-baa3-ff2837cd57f8,ESM-2023-02754,LMS-003351
656a54db-0f6d-43e7-9f7e-6968bd88fb09,ESM-2023-02755,LMS-001041
4bacfef0-230e-455a-879c-182ba5b9c55a,ESM-2023-02756,LMS-004328
f31a5032-5c23-4f90-8eed-bbd0a55b9887,ESM-2023-02757,LMS-004204
fe36f00a-4982-4cae-abe6-9741a4d05dbe,ESM-2023-02758,LMS-007696
9f22b60f-f09b-49b4-bcd4-8569323927c9,ESM-2023-02759,LMS-000958
65dc5198-4885-46bc-8683-d90a8c190761,ESM-2023-02760,LMS-007004
ebc20724-f655-40fc-8b15-857c4342440a,ESM-2023-02761,LMS-006634
29535075-fee1-4478-9b97-b9d413686d22,ESM-2023-02762,LMS-007760
4194ff7f-7daa-49ce-9274-3c2acc29281b,ESM-2023-02763,LMS-009000
360f10fd-e256-4abd-9470-5c16b62137d6,ESM-2023-02764,LMS-002293
ff7cc5d1-a5d0-4d3e-9d46-20e7d53b79a5,ESM-2023-02765,LMS-002708
5aeb57de-20a7-4b7c-9da1-522daa7253f1,ESM-2023-02766,LMS-002948
bd6cd1cd-812e-48a8-a7db-110463dc0324,ESM-2023-02767,LMS-004299
14b12b6a-8ae2-473c-9ebf-8b73a834e8d7,ESM-2023-02768,LMS-005022
92b4d45e-8b5f-4ecf-8a3f-6e71ac2995c6,ESM-2023-02769,LMS-003322
5577b383-6279-4780-ba72-070437046632,ESM-2023-02770,LMS-009225
9b1ca846-af5c-4e62-ab75-5b47996d91f5,ESM-2023-02771,LMS-007538
70fe50e5-9b62-41ac-a730-f36f196d7b0f,ESM-2023-02772,LMS-005890
da7b3634-726c-4ff5-9159-d7c43d52bc91,ESM-2023-02773,LMS-006709
d01569bc-922a-4846-978a-b0ba4eceeb8a,ESM-2023-02774,LMS-005981
fc81c14c-d015-4008-9c94-a0aa7113ac48,ESM-2023-02775,LMS-002410
e9a40704-c5cb-4026-abb4-9c48fe28c0c4,ESM-2023-02776,LMS-001887
e6a74645-141c-4701-8b23-ac1b31f1513e,ESM-2023-02777,LMS-009232
0043360e-9c17-4594-b741-f20c4a421954,ESM-2023-02778,LMS-005869
f35f82e0-a314-4577-b381-fe8d0f9a3972,ESM-2023-02779,LMS-003873
a9cc1691-20ec-4ff0-a7cc-d465fab453b0,ESM-2023-02780,LMS-006455
f01d187e-7095-481b-b5c8-e85e6b87e796,ESM-2023-02781,LMS-000159
50f38aaf-f95f-4bde-9711-3d4fb2ee1a2d,ESM-2023-02782,LMS-000762
89196e55-a772-42b3-aee6-5f4694b2290c,ESM-2023-02783,LMS-001962
41ad8026-6025-4372-839c-53b285c0b9b7,ESM-2023-02784,LMS-009031
33396afa-9454-41de-81ef-6b8fe03f9353,ESM-2023-02785,LMS-008515
8b7f5f33-bc1c-4f9e-a667-94cee92a787d,ESM-2023-02786,LMS-009130
7dabd729-0c25-455b-aea4-1d006cd30595,ESM-2023-02787,LMS-002260
9b0a1b0c-3021-42c5-bc7c-6a754ad76bb8,ESM-2023-02788,LMS-005886
46b02512-bab0-49b8-8067-60494c7fa77c,ESM-2023-02789,LMS-003610
408e93f4-1a1a-4571-bb28-89a23bf20f73,ESM-2023-02790,LMS-009005
1c72dd85-81cd-4731-b5e4-d8053170fc3a,ESM-2023-02791,LMS-006993
17a0d6c4-4268-470c-822d-74911b618a72,ESM-2023-02792,LMS-002438
542dabdd-d1ab-4cf2-9b3f-020a2711691b,ESM-2023-02793,LMS-001096
51ecec4a-e412-4ecf-9b1d-fefb2760aa30,ESM-2023-02794,LMS-007049
132b4356-a591-4476-be6e-ccbf3a1d5fd1,ESM-2023-02795,LMS-001676
b6295541-65a6-44b8-b6ac-fcefaaa56935,ESM-2023-02796,LMS-008730
20f5289f-1bc8-4cb4-930f-39ee634eea20,ESM-2023-02797,LMS-003942
1de626ba-6bf0-47ae-905f-91f6d7589798,ESM-2023-02798,LMS-000401
5ea87b8a-6377-48a7-a724-7f035625560d,ESM-2023-02799,LMS-004015
ad58b4eb-af3e-4e5c-b0fe-56796ebea6fb,ESM-2023-02800,LMS-000361
5ed25595-5ab2-4239-93fc-690a28bfc9e7,ESM-2023-02801,LMS-001916
60a5636b-5770-47f9-85b0-c708a0bcc0ec,ESM-2023-02802,LMS-008335
d0a89e8f-6fd9-4b07-aec6-15a7dac59f83,ESM-2023-02803,LMS-001818
a2641777-38de-47d3-8009-245c7412564c,ESM-2023-02804,LMS-005088
d1d6ad65-2170-4d0d-8a8c-2b1f19aed7fe,ESM-2023-02805,LMS-005650
2b7114ad-1161-423c-8be0-32984a3d4890,ESM-2023-02806,LMS-007292
7447e021-ac19-48aa-8a10-5bf4d6783860,ESM-2023-02807,LMS-008048
42d66714-cade-4e4b-ac81-a4c440e38af4,ESM-2023-02808,LMS-004020
8b58f0e3-6813-4339-9b29-f91652138c49,ESM-2023-02809,LMS-003648
0170798a-fc53-419e-a0ed-e7cc1f33f70d,ESM-2023-02810,LMS-009035
989c0d83-762e-49c9-ac74-2c95b5660747,ESM-2023-02812,LMS-009124
a7188fba-c299-4550-aaa5-2aead474a804,ESM-2023-02813,LMS-003594
889e824c-71d4-4afc-850f-248ebbc3fc16,ESM-2023-02814,LMS-000772
f4095d80-d348-4668-9fcf-c17cc4e0c2dc,ESM-2023-02815,LMS-003447
4e9d4b93-c339-45db-94c8-454c1af8ccc0,ESM-2023-02816,LMS-002892
1aaafa48-7bc5-47da-aebe-7736c5c2dcef,ESM-2023-02817,LMS-002054
37d42033-8d5f-4a69-ad8e-31e8d8a94c23,ESM-2023-02818,LMS-004361
3d262d2b-e815-4713-b011-7782020a6304,ESM-2023-02819,LMS-008047
71a3cd0c-3cbe-47d1-9e5a-95855770b1e5,ESM-2023-02820,LMS-001941
a37a714b-dc57-489d-8f58-767ac24e91c6,ESM-2023-02821,LMS-004957
d5c628d2-758b-4254-9502-09abd251c3bb,ESM-2023-02822,LMS-002069
58972c97-55fe-4200-8431-1ceae2637ce5,ESM-2023-02823,LMS-005858
fb07af4e-05d6-4b72-bdaf-b3c75e6ebe58,ESM-2023-02824,LMS-001730
7e16750b-7243-453f-95dd-2f8f73e9f812,ESM-2023-02825,LMS-005065
9148dc8e-539d-43c0-bda4-0849138f3b36,ESM-2023-02826,LMS-005330
598dde1c-554f-4647-98e8-d028b8a0e371,ESM-2023-02827,LMS-009500
26a49a08-f36b-4a78-b61f-3654fedcf67c,ESM-2023-02829,LMS-001518
35393a91-d477-45a1-9ff0-a4264ad1fdfa,ESM-2023-02830,LMS-004728
55f391d7-0be6-4e97-a22c-641fede8ccde,ESM-2023-02832,LMS-000801
df6d4fb4-dfff-4a19-8ebb-423d647e11ae,ESM-2023-02833,LMS-009369
931a3356-8f17-4e50-a7dd-35e7e09e740d,ESM-2023-02834,LMS-000332
0b563e80-f955-4aaa-9935-4ca42a277d9b,ESM-2023-02835,LMS-004520
6119f563-cb7e-4353-8fe3-be08000262ae,ESM-2023-02836,LMS-000406
96e7bd13-abbd-4784-b86e-159c225eef9b,ESM-2023-02837,LMS-007875
57a8eb6c-0363-4d11-8de4-fe5742c2260c,ESM-2023-02838,LMS-004687
d65d2d6d-b61a-4f1f-b275-864acebeffb3,ESM-2023-02839,LMS-006997
b3685b7f-b562-48c0-9fd6-0ec01a05894a,ESM-2023-02841,LMS-008691
6baaf216-ed89-41ed-8c00-8407eaad69e8,ESM-2023-02842,LMS-007419
b222ea88-80ce-49f2-b5d7-f366daeee71c,ESM-2023-02843,LMS-007223
6c6c7000-0d33-40ce-825f-42f2e77c301a,ESM-2023-02844,LMS-007016
a81943b2-1e6f-4f31-8bfd-755163cada28,ESM-2023-02845,LMS-007866
2901d31f-4f10-4038-bda0-b5c1e7a95886,ESM-2023-02846,LMS-005268
ab25ae50-01fa-4e06-b306-d2e1a70b6ecd,ESM-2023-02848,LMS-008164
30c5d3f9-e589-4584-93f0-9da0c1203992,ESM-2023-02849,LMS-008297
ee3dab4f-c2f6-4a60-85d6-afc855306e0f,ESM-2023-02850,LMS-006813
5dda6a66-2b0d-4c27-8df9-1d4c3e170db0,ESM-2023-02851,LMS-003565
2cf20260-cd5f-461c-a313-9e63c7bbdf3d,ESM-2023-02852,LMS-002271
8fbe9b82-d26c-44c8-87ef-08ebdf5a1c05,ESM-2023-02854,LMS-003249
f0c94b3a-35a3-49ad-bdd7-1062fc987171,ESM-2023-02855,LMS-001686
72f2a83e-5df6-4f77-9639-cd24953012ff,ESM-2023-02856,LMS-004778
2c84521f-c591-4216-abda-b3f16a50837c,ESM-2023-02857,LMS-003036
8ce0d897-5520-4c07-bc65-ee82bcd961e5,ESM-2023-02858,LMS-006028
103ef810-8b33-4eac-bcdc-2410932675ab,ESM-2023-02859,LMS-007380
f96f5581-d884-41ba-a342-c378745fb056,ESM-2023-02860,LMS-001496
51585184-0c10-4d09-8168-bfda872e630b,ESM-2023-02861,LMS-004302
a5056ed0-5dca-4be4-8a4c-30b7700302bd,ESM-2023-02863,LMS-007172
c6d0e62e-d981-4395-a122-7bd4af451756,ESM-2023-02864,LMS-001493
44338075-a68d-4b23-b43a-d40c40b307fa,ESM-2023-02865,LMS-005387
3e8bde88-a462-4c47-94a0-240fea87421b,ESM-2023-02866,LMS-000587
7edf8605-410a-418a-9998-a207550066e3,ESM-2023-02868,LMS-001361
8766babb-a9c6-4c58-8454-0f4bc73e790e,ESM-2023-02869,LMS-005609
07e7909b-9d23-4bd3-bf28-69e52d9c7caf,ESM-2023-02870,LMS-001728
5eac22d6-0c8e-4c9b-9eb6-a9be0eca5da9,ESM-2023-02871,LMS-007905
77a4b2b2-eb8f-40c6-98f8-0f6a265dbf7c,ESM-2023-02872,LMS-004545
b7a5c4f5-b27c-4fe8-9d66-ae168ad430c3,ESM-2023-02873,LMS-009354
6e5f3331-4feb-486e-8fee-2fd9916c328e,ESM-2023-02874,LMS-002587
3ec09145-a09b-4863-958d-3677c65c616a,ESM-2023-02875,LMS-001185
06b5cd0d-c040-4393-b9e8-43c0b8ec868a,ESM-2023-02876,LMS-005491
2abc381f-972e-4816-960c-e8cee7db4fab,ESM-2023-02877,LMS-004289
b7a7f3a8-a305-4f1a-ba8f-972e3c980b4b,ESM-2023-02878,LMS-006330
18d73c9a-8570-4730-85a4-a2cd93fa0162,ESM-2023-02879,LMS-006289
711d3800-a24d-4cb3-a484-e5214f85221b,ESM-2023-02880,LMS-004582
86de3e5b-4d71-4c2c-ab5c-a17529601c92,ESM-2023-02881,LMS-002721
4494473a-7e15-4eca-a730-f00ecc4c8f84,ESM-2023-02882,LMS-007751
02d8a41e-9a27-41fa-be08-5748a9559996,ESM-2023-02883,LMS-005253
666a4538-c176-4655-b87b-d155e5924433,ESM-2023-02884,LMS-006520
c0e82cb4-b36d-406d-9eb4-7aa5060160e6,ESM-2023-02885,LMS-001017
73db0ebc-cde0-4ed3-b90c-d5e126dc2187,ESM-2023-02886,LMS-002707
1e6fd352-5127-4ad8-9495-17ca9d977572,ESM-2023-02888,LMS-006531
ce34340c-802d-4501-a061-2d35a24d20cc,ESM-2023-02889,LMS-008283
86f4eb93-bfa8-453f-94e4-37d15da9f700,ESM-2023-02890,LMS-003934
68ee19b1-8ae8-42be-97e8-0a2299b17b19,ESM-2023-02891,LMS-002261
41418876-7717-4305-b08a-013264e02623,ESM-2023-02893,LMS-004252
f6a55985-777e-43ff-aa31-276e0387c309,ESM-2023-02894,LMS-006072
20435738-2371-4464-b609-aa27c93ef581,ESM-2023-02896,LMS-001745
6cbc6055-94f3-48f7-bb9d-2e985435e666,ESM-2023-02897,LMS-007612
9e37c7a9-243a-4cc6-b214-4fe0747bb0a3,ESM-2023-02898,LMS-008696
adfdf267-b5e8-42a0-be76-cd75fc4aaf57,ESM-2023-02899,LMS-000434
876f11b3-29e4-4c12-a633-d92bd813e85a,ESM-2023-02900,LMS-009076
3551796a-038b-4419-af18-f6a3351770f5,ESM-2023-02901,LMS-006564
cdeb2e8a-b542-4c76-8ec4-c586dd27f2bc,ESM-2023-02902,LMS-001835
6a5e0290-fe11-4e65-859e-8e4116dcb54f,ESM-2023-02903,LMS-003826
025b646a-d980-4674-82ae-21d054ddca7f,ESM-2023-02904,LMS-007373
df86421f-754b-4d9a-ae56-3555b9185a16,ESM-2023-02905,LMS-004804
1a4315fe-6298-404c-a615-3467f39bae55,ESM-2023-02906,LMS-006858
cd22e20e-886b-4863-89d0-cf0f3a685e14,ESM-2023-02907,LMS-005643
02ed4e6f-b610-4c26-88e7-f4f9192f2a0f,ESM-2023-02909,LMS-008763
f0203780-822b-4e19-a7e3-697f3c20d76b,ESM-2023-02910,LMS-003097
0fb2d049-156b-4739-b639-147eac0c2867,ESM-2023-02911,LMS-002745
b5227900-c0db-4d52-9ed5-519e3dfdd78e,ESM-2023-02912,LMS-008180
7e1b300c-b3ca-4bf1-a157-b2f7eb5ed41e,ESM-2023-02913,LMS-006431
4c9379a1-f33d-4c01-b5b8-b49b2626c375,ESM-2023-02914,LMS-001382
feb0b783-6312-4b64-b9d3-cd29df609970,ESM-2023-02915,LMS-005692
e784d67a-d51d-489c-a161-50c0f97e46f2,ESM-2023-02916,LMS-000103
f655a0e4-786b-4d1c-866a-54aa37131869,ESM-2023-02917,LMS-003921
84493cd0-248d-4bc1-8fc5-53aab7bd7722,ESM-2023-02918,LMS-007177
930e012d-e90e-4b76-bf43-a6aa704f3017,ESM-2023-02920,LMS-006032
62187c3c-3d18-47fc-8393-0fbf715d1e7d,ESM-2023-02921,LMS-000935
1f6ff276-7d79-4c87-87c0-35879b1d23c0,ESM-2023-02922,LMS-009496
914dcab7-6a56-4e04-bd01-6efbc55215cc,ESM-2023-02923,LMS-009098
b7b7a881-0c88-4f68-b226-d0c287be28d2,ESM-2023-02924,LMS-005358
4d61ffbc-db0d-4879-be1b-dcb0d7725bd9,ESM-2023-02925,LMS-002793
20e86f55-74c7-4558-b6b6-86fa1400e1a8,ESM-2023-02927,LMS-005248
3f243f57-af33-4202-86de-98349f038c8c,ESM-2023-02929,LMS-008687
634766bc-36f5-4b5d-bf09-c31d2fbea49b,ESM-2023-02930,LMS-003767
70c0e69a-3b1d-4844-90e8-6662798d91f9,ESM-2023-02931,LMS-002808
4a4342f1-d4ed-43c9-9b78-db2a3eee9c89,ESM-2023-02932,LMS-009320
a77f1f31-c73a-4834-9e00-a8a648526bf4,ESM-2023-02933,LMS-007467
d5bc06e8-9717-4cb4-a017-633daab82c51,ESM-2023-02934,LMS-003646
aa2755e3-cda8-4734-836c-7705045edaf6,ESM-2023-02935,LMS-007632
82937e6e-083e-4d0d-8b21-e66d0208c3d9,ESM-2023-02936,LMS-000966
fec56dac-5a16-4f33-b00b-85bc03312426,ESM-2023-02937,LMS-003993
4d049ac6-8309-4474-b47b-56914a199b69,ESM-2023-02938,LMS-005064
78d8893b-df36-4ca9-a363-8e09c2224e5e,ESM-2023-02939,LMS-000196
2fffd5fd-07d8-4e54-b3e7-97c281bf833f,ESM-2023-02940,LMS-003937
8304cce4-5549-4bd3-9ebe-7bfb332e7365,ESM-2023-02941,LMS-006994
ffc81889-5d8b-493c-acd2-9f35ac546cec,ESM-2023-02942,LMS-007765
32f16de3-96d2-4111-8957-c6b097f6f06f,ESM-2023-02943,LMS-005976
e9ab795e-3954-4437-a9f6-b1d83260a3d2,ESM-2023-02944,LMS-002231
005bb07e-06fa-431e-b6c5-d1e0c00282e1,ESM-2023-02945,LMS-008345
0af54264-c598-46c3-a1db-c0f084efe2b8,ESM-2023-02946,LMS-000845
b955617f-bfaf-463a-ba58-a9adfd59bf77,ESM-2023-02947,LMS-005887
ec884428-3178-4648-ad8f-f183f516dd20,ESM-2023-02948,LMS-000145
a3dbce8e-ea65-4794-8dd3-7a0438dbf3cc,ESM-2023-02949,LMS-006268
2ba9a96c-d636-4740-bc21-6894b02aee95,ESM-2023-02950,LMS-008120
00308a90-4134-4949-8809-f2afd9bd7efd,ESM-2023-02951,LMS-005403
d8341ef4-c57d-4ec3-b49c-09b931666bb1,ESM-2023-02952,LMS-006481
45440369-57f3-4c7d-b266-6e689ac4fae4,ESM-2023-02953,LMS-007194
e3cef50c-2590-4250-8458-e8fa755e4a47,ESM-2023-02954,LMS-007963
2736b543-4134-475e-9235-4fb301581aff,ESM-2023-02956,LMS-005203
5b378503-b503-4be6-8bba-d3f0bcc1288f,ESM-2023-02957,LMS-003165
7a6d1802-2fcd-4006-a9ad-fe604caef254,ESM-2023-02958,LMS-001031
2ed28291-3fc5-47d6-a2ad-c5766a709548,ESM-2023-02959,LMS-008999
eacd5049-4594-4d92-80b4-0aea8cf99b56,ESM-2023-02960,LMS-004719
95711d42-1164-4b68-a2f3-078fb515503f,ESM-2023-02961,LMS-008539
bb905703-322d-4b02-916f-65b51497e7da,ESM-2023-02962,LMS-002022
c2e04281-c508-464e-873e-b04feee2ebd1,ESM-2023-02963,LMS-002482
f717adfa-b369-4945-80c1-2878a5f1d625,ESM-2023-02964,LMS-006859
7a13db2d-e883-4b3c-a3b2-df000e3fb5ab,ESM-2023-02966,LMS-000967
4354a8bf-90e3-49f3-bf4e-e842ba74ffc8,ESM-2023-02967,LMS-005904
61d32027-ac33-4941-962b-7805a73be526,ESM-2023-02968,LMS-007386
63583573-ea04-4243-86e7-01a66dfa34bc,ESM-2023-02969,LMS-005249
1cc6ecb3-6f50-41ed-80fe-9867bb8b9566,ESM-2023-02970,LMS-001801
a4ad1a74-cfa4-460d-92de-c7a67b7d152e,ESM-2023-02971,LMS-008489
f99d6e2d-d96c-45c9-b25a-3d28e4c9c92d,ESM-2023-02973,LMS-004672
9804fbae-964c-4124-a6de-7cdf630be7b5,ESM-2023-02974,LMS-002649
4a82b849-4696-4b79-9f61-3d84d3e17aa1,ESM-2023-02975,LMS-008651
f6824a18-21e6-4e5b-9f65-3e88697bef51,ESM-2023-02976,LMS-003394
cd8e745e-12e8-4160-ac48-3badaac19f45,ESM-2023-02977,LMS-008562
04c6e479-a095-476c-94c2-66cc3ed14fe6,ESM-2023-02979,LMS-004070
b2ded1e1-387b-4e7a-8a63-d55af54e3e52,ESM-2023-02980,LMS-007256
44e126d0-21fa-4fc2-ac33-5bae4cc68721,ESM-2023-02982,LMS-001110
61e1bb0c-1504-4dd2-b0ff-90decd1f9326,ESM-2023-02983,LMS-008056
395be0df-aeb4-4096-94ec-907f15bf4a38,ESM-2023-02985,LMS-005110
618b1526-14b3-44ff-b769-acd9cc752e7b,ESM-2023-02986,LMS-007078
5c428027-dbdd-4bbd-b4e7-702cba1c4f1a,ESM-2023-02987,LMS-007160
e9f775fe-5d88-47a8-91fa-1cf90bc52c70,ESM-2023-02988,LMS-009150
2fc0cf78-b690-42bb-8db1-06e872fd12d9,ESM-2023-02989,LMS-006951
14a65f5e-b885-4d51-a69e-a972ba661bb5,ESM-2023-02990,LMS-002668
a1a45c1e-b3e2-430d-b6ad-890016cf1d63,ESM-2023-02993,LMS-000568
579a40e4-1549-4bdc-99ae-5260aba359e0,ESM-2023-02994,LMS-004919
4c1acc15-bf15-427b-bb8b-ae74f655da82,ESM-2023-02995,LMS-004040
fddfe84b-5ccd-48c3-8ca3-34fad0d77a7e,ESM-2023-02996,LMS-002362
d63c95c7-e5bd-42eb-b4eb-950f800f9910,ESM-2023-02997,LMS-002666
9b0b601a-c21d-4bdd-bb6a-07cffbb40b51,ESM-2023-02998,LMS-002626
1ee07126-c646-4823-afe4-aacec9d3d8d5,ESM-2023-02999,LMS-005933
46f8abce-1575-4cf2-ac77-8c716109238e,ESM-2023-03000,LMS-006860
d682d2c4-de67-4ff5-b968-70aa9d30d61c,ESM-2023-03001,LMS-001526
b1c40f9b-060e-4670-8e01-35d3b85413f9,ESM-2023-03002,LMS-003040
307d6dee-44f9-4807-b2e5-621283358f11,ESM-2023-03003,LMS-001140
1bc83162-1a2b-410d-9972-acc772b53676,ESM-2023-03004,LMS-008148
583556b4-2379-4adf-a27a-a521fd75e838,ESM-2023-03005,LMS-006382
cc45f508-3db7-45f2-a210-2c2ddceb8a6c,ESM-2023-03006,LMS-008479
8f6949f6-a03a-4cc0-9723-d8954567d108,ESM-2023-03007,LMS-002700
07c8db1e-bb7b-476e-8bb9-aea9d7e0ccad,ESM-2023-03008,LMS-007385
c677a776-87b5-4fee-8551-085d5cb9c4b2,ESM-2023-03009,LMS-006712
641413a7-4163-430b-86ef-8c6443cd1b3a,ESM-2023-03012,LMS-000640
380c3c65-1863-4f38-96ff-eae8879df212,ESM-2023-03013,LMS-005008
4ae4442e-7268-4291-92b9-eaa934f3fdd7,ESM-2023-03014,LMS-001514
eac56d89-e0a3-4e6c-9b98-0c8236d5caf7,ESM-2023-03016,LMS-003102
dc4cad41-a508-4875-b816-f46c9cf7244d,ESM-2023-03017,LMS-003818
4d6ea44a-2c53-48eb-85e3-4f6949267819,ESM-2023-03018,LMS-006134
8879c57b-02cc-4d61-b310-1776b5f37931,ESM-2023-03019,LMS-009435
7c1f1231-36b0-41da-a0e6-25c6a2e8e321,ESM-2023-03020,LMS-005365
ca8f9e3a-ee25-4542-bb67-f089f53eac89,ESM-2023-03021,LMS-008205
ae506819-4ecd-4863-b218-ceb17297a031,ESM-2023-03023,LMS-007841
89c72b14-bc4d-48e8-aab0-2dbb53c4cb4e,ESM-2023-03024,LMS-007347
2256f06d-c08f-4e10-83ca-69106b63e00d,ESM-2023-03025,LMS-004177
a89e0129-d0f7-4bf2-949f-52ce45b813f8,ESM-2023-03028,LMS-008046
8da7cc61-1dc0-4e3b-a0be-2f062aae4865,ESM-2023-03029,LMS-000731
138f1039-c42a-4add-a226-516762484bc7,ESM-2023-03030,LMS-007747
d51412f2-795a-49cb-8fdb-488c19025b4c,ESM-2023-03031,LMS-008044
690df096-a75f-47f0-8da5-441bc130784c,ESM-2023-03032,LMS-008282
aec17334-78b3-427e-abf2-929610995cb3,ESM-2023-03033,LMS-003795
f1ddd974-614c-483c-b60a-b73583e275b5,ESM-2023-03034,LMS-004049
8b0128db-5f74-49ee-bebb-959ee299e2aa,ESM-2023-03035,LMS-008938
895b1a6b-37f8-466c-8d19-41e257fcf614,ESM-2023-03037,LMS-008064
d291c6e2-c4d4-4c13-89f9-4394645a0dac,ESM-2023-03039,LMS-000951
20e8e084-46da-4d26-bae7-6ab0fdfee356,ESM-2023-03040,LMS-000607
fd94223e-6a8b-4f5b-aaad-243000a41400,ESM-2023-03041,LMS-005656
2cadade8-42b0-4d41-9936-2685c77e986b,ESM-2023-03042,LMS-002230
627fb4ff-1e81-47c6-8756-d2853a5da4e0,ESM-2023-03043,LMS-002908
031d153f-8425-45f7-98ec-fae0bf63eb4c,ESM-2023-03044,LMS-007771
fa3dfbe8-e8b2-43f7-978e-b22c673665f9,ESM-2023-03045,LMS-007627
91a5f7d2-d941-4abd-af84-1d65415ae4a3,ESM-2023-03047,LMS-004560
8530bc98-8f61-4e59-968c-babd32d539ca,ESM-2023-03049,LMS-000748
1cc525ae-da95-488c-ab75-5c50efe1a00b,ESM-2023-03050,LMS-007284
1b4fe468-328d-4304-9367-341b82219668,ESM-2023-03051,LMS-004665
86f88b9d-7c05-47dc-bcee-96b4e5d8c57e,ESM-2023-03052,LMS-002599
20021fd2-813e-4642-b5fb-963b49ba74e4,ESM-2023-03053,LMS-003617
59afb2dd-01da-44f9-a1a1-69c898056df7,ESM-2023-03054,LMS-005343
878f2441-990f-40ac-bc1c-8a890cce5205,ESM-2023-03055,LMS-004161
b9360dd4-3282-4ef3-bc2f-7b6c66ebbbac,ESM-2023-03056,LMS-000822
9d73f92c-f7f0-4cd4-89ab-9eed600ed678,ESM-2023-03057,LMS-000669
001691af-9f93-477a-8b92-8f58b333fba6,ESM-2023-03058,LMS-002216
1b5346d6-e392-4645-8327-129fc5ffab44,ESM-2023-03059,LMS-001740
7fe02f2f-dd85-40b0-bc5b-c9d38e85b857,ESM-2023-03060,LMS-006376
33fe5db3-9444-4ea8-a159-9c61a6df630a,ESM-2023-03061,LMS-007104
b8b05eba-2c5b-477b-bd8a-05310df68cbb,ESM-2023-03062,LMS-006936
f3c9980a-578e-43c6-b86d-86d08dc86635,ESM-2023-03063,LMS-000661
e83ed5c7-047d-4b1e-aa21-f1d8bbb1989a,ESM-2023-03064,LMS-004653
4c31d842-fcea-4c86-9fe0-80b5dab71386,ESM-2023-03065,LMS-001322
1d5570e2-7a80-4ada-a54e-0eae7ddc8bc0,ESM-2023-03066,LMS-004321
94a4991f-4388-4c65-aee6-29595bed8e29,ESM-2023-03067,LMS-005757
25b7b9d5-f312-4db9-86a4-7f7b3e498b2e,ESM-2023-03068,LMS-008616
902594a7-813e-46f0-8ac4-e2418b837456,ESM-2023-03069,LMS-004347
7f9b2067-ed58-4f1c-9cff-2ded618db877,ESM-2023-03070,LMS-006826
03f8b45f-9831-4d75-ad1d-d981142a1b6c,ESM-2023-03072,LMS-006827
abb3d30d-df1e-40b8-8168-b761d8d39bbb,ESM-2023-03073,LMS-001071
06de567c-4048-4883-89e5-4cd15231514a,ESM-2023-03075,LMS-005072
5fa3de3b-26d3-4dc8-b9a7-4fbab458e385,ESM-2023-03076,LMS-008545
cd3e80ba-a5af-42bc-83ce-7387d182e0bb,ESM-2023-03077,LMS-003149
ac413db7-9c99-44ce-bad8-c416d2d5afb4,ESM-2023-03078,LMS-008190
aa8ff0c5-0c74-4a0c-be54-f1691a1fdcc6,ESM-2023-03079,LMS-002114
24ed6313-5cfc-4c0e-96fc-b94118fb4ee4,ESM-2023-03080,LMS-009273
db853dbb-7bcf-46b9-a1ea-3a44ba4774e3,ESM-2023-03081,LMS-000886
56f525d6-1601-492a-bd2b-0bfbb8317eaa,ESM-2023-03082,LMS-006966
e60731ce-a65e-43d0-a7cb-368266003fb6,ESM-2023-03085,LMS-009452
74c0dc18-7a51-4d34-acfe-18e46941030a,ESM-2023-03086,LMS-005272
7076783e-2d37-4263-aadf-5e8962b8a47e,ESM-2023-03087,LMS-003419
836c484f-fba2-499b-ac58-2554aa15d8fc,ESM-2023-03088,LMS-008227
0d906240-b904-4ff8-9137-9c62c4531ba5,ESM-2023-03089,LMS-005756
6e00a191-2843-4448-ada6-394392b8b414,ESM-2023-03090,LMS-000001
2cac9af0-4fb7-4db1-ad89-4038e15e87f6,ESM-2023-03091,LMS-009261
4803cb6f-cb48-4277-bd2f-4c8b68ffdd0b,ESM-2023-03092,LMS-005488
167be630-8965-4616-ae46-b2c1511f9f85,ESM-2023-03093,LMS-003199
adcb9581-1912-4819-a7d1-798e1e1c741c,ESM-2023-03094,LMS-007491
5e1cc02d-033f-464b-af3b-e102c5469fdf,ESM-2023-03095,LMS-001731
b1594690-c1b8-422f-96f5-a2bac67cd4d7,ESM-2023-03096,LMS-004038
7ef3cada-32c8-4981-8bff-2115f8447498,ESM-2023-03097,LMS-003538
ca57f495-fe79-4759-977a-58bfbfe21819,ESM-2023-03098,LMS-004443
981e4bf7-58c1-440d-a89f-f32e71cbb2ca,ESM-2023-03099,LMS-008434
a28682f6-0582-46ad-9597-a02252ca3089,ESM-2023-03100,LMS-006534
5f810637-8053-4777-a6b2-e801dfc6952e,ESM-2023-03101,LMS-005732
0c5ece04-b3f3-4ce1-828d-87f6b4631b1b,ESM-2023-03102,LMS-001645
3ec00788-2500-4749-9e3b-74bad7d73dad,ESM-2023-03103,LMS-000535
34132d15-2b26-4246-a623-a43c29e34ff9,ESM-2023-03104,LMS-000414
ff534fef-22f2-4986-8d3f-e6ada9302437,ESM-2023-03105,LMS-005792
4805837d-2b8b-4422-94b6-7251f9c13136,ESM-2023-03106,LMS-005095
7af95f03-3bc3-429a-ad95-46d7106f72e8,ESM-2023-03107,LMS-004105
e1c6a4e2-4cd3-4766-bcde-0dcd08a15a2f,ESM-2023-03108,LMS-007279
583300fa-30dd-4a7d-9ba9-ad96e2f7fb26,ESM-2023-03109,LMS-003891
6ebfbb7e-d7a7-4e92-920b-f28712124a84,ESM-2023-03110,LMS-005144
c99221d7-5ebe-43bd-8ebb-0dae23339d27,ESM-2023-03111,LMS-008300
4e176c3d-2d5b-4722-9d3d-5629fccf9cc8,ESM-2023-03112,LMS-007558
8a94739c-d502-4430-b331-0ed1e6ae5e32,ESM-2023-03113,LMS-003016
88e657cd-a957-4f40-baf2-193ab8e5a026,ESM-2023-03114,LMS-006113
f362836a-459d-494f-8e97-238891a6f42c,ESM-2023-03115,LMS-007280
f9555533-49e3-4fc1-86dc-334682b3bd55,ESM-2023-03116,LMS-007577
90760328-a0d6-4ebe-bc9c-57752efc01f2,ESM-2023-03117,LMS-003084
b4d81e71-3b42-401d-8074-e7a46f85832c,ESM-2023-03118,LMS-005591
9211919a-edb4-4d5c-9fda-451e5571c7b3,ESM-2023-03119,LMS-003678
69367a55-547d-46c7-8a15-06165b1cef36,ESM-2023-03120,LMS-007918
035c90f6-4c8c-4bc4-b208-19e36d8dd949,ESM-2023-03121,LMS-007803
9ec3daf5-7ff3-4d17-b1be-67809e64466b,ESM-2023-03122,LMS-006261
90126afc-ed95-4ec4-a94b-20bd9ec5b31c,ESM-2023-03123,LMS-008894
b42b0f46-f19b-446f-abe2-2a09f3d3697c,ESM-2023-03124,LMS-003099
8b12f872-e34a-44f2-bb5e-7c6f5676e70d,ESM-2023-03125,LMS-005913
5cc386c8-f082-452a-a683-a33acc47e1a1,ESM-2023-03126,LMS-008419
fdaf73a5-6792-4c38-b8d8-e85b3f375d6e,ESM-2023-03127,LMS-004504
55ed4522-5c22-48e0-a973-43afd1655ba4,ESM-2023-03128,LMS-008608
5d314bbc-b587-4a83-9f7b-023b561f7324,ESM-2023-03129,LMS-004272
2c3cd158-7264-4e07-be96-fea387235b50,ESM-2023-03130,LMS-006972
31868487-1711-41c7-878a-80682755dfc9,ESM-2023-03131,LMS-003900
b33673e9-1fb5-412f-b40d-4e42e13fe8b1,ESM-2023-03132,LMS-005416
bf07d09c-1efa-4ba9-b49c-11416f2d23db,ESM-2023-03133,LMS-002462
7f0a478b-6494-4865-a2f4-03f3605c6d8f,ESM-2023-03134,LMS-004524
8ca5b72a-d49a-411a-aae3-92d15697201e,ESM-2023-03135,LMS-000331
72d2b137-89e2-4ab2-8b85-eb62304760f8,ESM-2023-03136,LMS-007583
29986a2c-6ab8-4feb-9841-c5f6bdd1efcc,ESM-2023-03137,LMS-009036
92c0439c-7a88-43ae-ac4d-f220feebbce1,ESM-2023-03138,LMS-001189
d5d6646e-00fb-4839-96b8-d4a30039071c,ESM-2023-03139,LMS-000204
d2780432-77b9-4bec-b137-d63066a8be77,ESM-2023-03140,LMS-002184
f41c06a9-02cc-4360-965e-260ef01f485e,ESM-2023-03141,LMS-003387
ef1cfb27-01f9-4254-8f74-63d35d7da745,ESM-2023-03142,LMS-003882
e5e7d7fa-c53d-44ee-a566-4754fa837c0d,ESM-2023-03144,LMS-000794
837fb333-2db3-494e-bffe-4a38d355c805,ESM-2023-03146,LMS-006861
1a267971-7cff-427a-a8ea-16267ae2637d,ESM-2023-03147,LMS-006893
4a3dca99-fc9a-4a9a-a37e-8bf5b3df9b2d,ESM-2023-03148,LMS-006295
1177ede1-948b-4edb-837a-25a877d38579,ESM-2023-03149,LMS-005125
7d40b8eb-8815-46c0-9f99-83ed7b3fb1aa,ESM-2023-03150,LMS-005327
c5c22950-b7f8-4cb1-ad5e-6c4e2c1a2282,ESM-2023-03151,LMS-008012
00a032dc-30b2-4bd2-898e-065b0984a571,ESM-2023-03153,LMS-003275
a41df8ff-dbd3-4640-b6d9-9a3797573641,ESM-2023-03154,LMS-005395
0731ea77-d8a2-40cf-b330-5846914e41a8,ESM-2023-03155,LMS-003902
44e2e860-8402-45df-a224-683b65588630,ESM-2023-03156,LMS-003430
e6f8e3ac-7207-43cf-94aa-064ef513634c,ESM-2023-03157,LMS-004551
52a72c80-7fcb-4705-82f5-3c47e204fe05,ESM-2023-03158,LMS-003452
1f63f724-5568-468d-bea3-984dc68d3f8a,ESM-2023-03159,LMS-006835
35aab28f-92f1-47cf-a34e-d736f9d612f4,ESM-2023-03160,LMS-005914
90e1a66d-4604-416b-86de-ae52e0267e57,ESM-2023-03162,LMS-007557
3e3adca5-dc4e-46b7-b911-56c36f545e49,ESM-2023-03163,LMS-000273
cd9cad4f-9d57-4f9c-b11e-8b7aae1c2cc2,ESM-2023-03164,LMS-006101
121e250c-6194-4be1-810a-15c5ac25fd08,ESM-2023-03165,LMS-005504
c852c752-ab44-456f-98f1-d785d56f7dc2,ESM-2023-03166,LMS-003793
76c19e06-f229-464a-ab28-c1bef7402484,ESM-2023-03167,LMS-001253
da8fc0cf-01a7-459a-9203-a9c1996a18c9,ESM-2023-03168,LMS-000780
a5d8a124-021a-4b94-a79e-a36c6d884c6e,ESM-2023-03169,LMS-008579
9f3d0104-2c95-488e-9b27-19eeec2d1f86,ESM-2023-03171,LMS-009115
acf5c91c-bd1f-4f1e-8080-ad15a1b14135,ESM-2023-03172,LMS-006196
04e1f69f-b07e-407a-97ac-ea49f337f941,ESM-2023-03173,LMS-003796
f9bc885d-b9bc-498b-9ce0-cbcc800d2693,ESM-2023-03174,LMS-000102
d018668e-2b85-482b-acd0-aa4b4a3cb712,ESM-2023-03175,LMS-005576
f84ecfa0-27a8-4a49-92c1-b758cf70e9e0,ESM-2023-03176,LMS-000894
1d4fda4a-89f1-4e3d-b2ed-f7ca5c32ecc2,ESM-2023-03177,LMS-006630
49dd908a-d695-4842-927a-fb14160bc08f,ESM-2023-03178,LMS-000728
4148cec2-803f-45ef-acea-75765c4f4f20,ESM-2023-03179,LMS-007331
ecd16c09-1cb8-499a-8955-ebed3c580f08,ESM-2023-03180,LMS-001501
ad8a8ae4-2cfa-449b-8f47-117f12b464c0,ESM-2023-03181,LMS-004673
630c0802-714b-42d6-979c-379eb3f37a96,ESM-2023-03182,LMS-000872
0670714d-2bdc-4667-a979-65e50745ceb5,ESM-2023-03183,LMS-003623
38c0c960-8e82-4327-95f2-806ced947eed,ESM-2023-03184,LMS-004869
fc225ef0-35b0-4e16-8341-c1d58048b668,ESM-2023-03185,LMS-008395
efe8cb75-7fd6-41f7-83fc-f0a54b338450,ESM-2023-03187,LMS-000943
9a015263-bcff-4aef-b7e4-6f4c41ef20d6,ESM-2023-03188,LMS-006776
544f3b11-8041-402f-9cd0-038137e0fe5f,ESM-2023-03189,LMS-003586
351a2578-278a-4b9f-919b-55f6914bb8b5,ESM-2023-03190,LMS-007058
324f61cf-d6a1-450e-b009-abbc3281542c,ESM-2023-03192,LMS-005577
7d7b2fa1-8d51-4fea-88e9-b0e82021d204,ESM-2023-03193,LMS-006876
00f92aac-982f-4664-8010-16cc52fb79be,ESM-2023-03194,LMS-008900
b224e94f-4b1b-453c-9052-b6a3b6e645ea,ESM-2023-03195,LMS-002675
c6ada040-afbd-48c8-8af8-62f89372d902,ESM-2023-03196,LMS-002580
b27c9560-71b5-446b-a6f3-63c055f04eab,ESM-2023-03198,LMS-004495
23828e7e-3c58-4ec7-b6b2-b76230db0723,ESM-2023-03199,LMS-006329
ebef039e-b85d-4b72-b6b4-113f5e9379e7,ESM-2023-03200,LMS-000530
f41f9501-f1ce-4321-b50e-aba8fa8b433d,ESM-2023-03201,LMS-006453
4d818ce9-e4e3-4cca-ac66-11ad457243e9,ESM-2023-03202,LMS-000529
c23c1d0b-7eee-4266-ac99-6e33f5b27100,ESM-2023-03203,LMS-003732
1eede071-7928-4355-afe5-446513795b37,ESM-2023-03204,LMS-005489
0c7ddf09-39e2-4723-81f5-290917307880,ESM-2023-03205,LMS-003428
8b4e3ce2-e406-4444-9cf6-a00db6af7f3b,ESM-2023-03206,LMS-002950
808f1ebf-fbd9-4ed4-a1ae-c9c894b8a72c,ESM-2023-03207,LMS-006306
7f8e3f9b-e13c-42a2-895b-b1fa680baecc,ESM-2023-03208,LMS-006371
fa6fdab6-427a-41ad-8f10-8df3a00a31bf,ESM-2023-03209,LMS-007529
8e259e61-9b0d-4304-8329-374e804a69d5,ESM-2023-03210,LMS-003990
aa1f59f3-7b75-423d-a9a6-4729d6529d1b,ESM-2023-03211,LMS-006466
af7cc115-7f8e-4002-a920-fe4d1739d5e4,ESM-2023-03212,LMS-007023
73a98baa-ca07-4da3-a784-dca1fad726fd,ESM-2023-03213,LMS-000018
21eabf11-a5f0-4794-97a3-4b649651a0a6,ESM-2023-03214,LMS-004743
bb0e0270-c499-42d1-8aa4-6f8e042505bf,ESM-2023-03216,LMS-002685
dd85232b-775a-4775-abc8-b8f0e1c5bfb6,ESM-2023-03217,LMS-001353
9de0dce8-dee3-4cd2-8fe4-815362311679,ESM-2023-03218,LMS-007207
3451abcc-3583-4104-a585-d9d37e1a4500,ESM-2023-03219,LMS-001674
546ef440-b1bc-44f5-96ee-47a9fa5462c1,ESM-2023-03220,LMS-001512
8cdaafab-dc31-4c4f-9794-90b8ade23bc7,ESM-2023-03221,LMS-001529
8236317e-0e5b-4557-94a3-01dc0cd1f416,ESM-2023-03222,LMS-006404
484ba334-fbe4-45bd-99a6-36f566487a56,ESM-2023-03223,LMS-000410
309a1f40-d203-4680-9cec-d24ab8e32a2c,ESM-2023-03224,LMS-008506
2c0a890e-ea49-4dec-bc39-1b2b496f1dff,ESM-2023-03225,LMS-001428
bc4a7bcf-9fd3-425e-8f6e-f7636251afad,ESM-2023-03226,LMS-008860
69669de9-0054-4982-841e-5a6096d9a660,ESM-2023-03227,LMS-009317
905545f2-9fa7-4eb9-84ba-b57c4a89bf68,ESM-2023-03228,LMS-007895
95e15772-1adb-46c1-825e-ccbaec648aaa,ESM-2023-03229,LMS-007890
6ed3c880-260e-4b0c-ae5b-a6e4c4bd851f,ESM-2023-03232,LMS-007360
9dd2e4b6-0768-452f-af4b-f8dfc9919351,ESM-2023-03233,LMS-009478
583c3062-bb31-49ab-8e9c-9d49e7b43c93,ESM-2023-03234,LMS-000049
72a29658-e89e-4345-bc45-5166ed015587,ESM-2023-03235,LMS-001172
c7570930-3316-4199-992b-b5478bef7de1,ESM-2023-03236,LMS-000849
9b36feca-9c19-4732-9223-6ac8a345da0c,ESM-2023-03237,LMS-003493
7bebd256-cbe7-4033-bc20-a8f045a7e77d,ESM-2023-03238,LMS-000769
4a0d37a6-277e-4cfb-b437-8ae23773f5ef,ESM-2023-03239,LMS-001130
90b9463e-c7e8-481c-ba19-80dabd144ddf,ESM-2023-03240,LMS-004856
84054b80-c3d0-41f2-a96e-c79d503dab9f,ESM-2023-03241,LMS-007968
602438e6-aaae-4006-9092-6197748e8e74,ESM-2023-03242,LMS-007011
912ce4f7-c35f-4292-b84d-2c81a570986c,ESM-2023-03243,LMS-000395
ffbd76be-5ffb-450f-91e3-165fdc9e3376,ESM-2023-03244,LMS-001747
e359fd07-8187-4a7f-922c-96733c328959,ESM-2023-03245,LMS-000916
7da8135e-84bf-4328-acb1-c2b421710e2e,ESM-2023-03246,LMS-008011
d5711c31-d605-40bf-bc75-bfe5a04624d8,ESM-2023-03247,LMS-007934
1e516928-f464-4d0e-adf1-c774efe2c8d0,ESM-2023-03248,LMS-002774
f2fc0de1-be9e-4201-aa45-19f2308d5f44,ESM-2023-03249,LMS-001811
7097d0bc-e174-488e-9323-39a0d863f45a,ESM-2023-03250,LMS-007946
70450107-e6e2-4e9c-a9ee-85ff0ef565c0,ESM-2023-03251,LMS-008189
f5150711-f8c3-4620-ae4c-0c14e0a0a500,ESM-2023-03252,LMS-001266
77bdb7fa-64c2-46b0-8d7d-154117b6f7f8,ESM-2023-03253,LMS-007919
08a30e40-2111-4307-861c-b05073771b7b,ESM-2023-03254,LMS-005434
0213449f-8965-4471-a55a-44cce8c234dd,ESM-2023-03255,LMS-003381
da0adf31-7221-445e-b20c-c9df8c2e7d71,ESM-2023-03256,LMS-001988
8bb5fe7d-e34f-4cd1-91ec-3f7d8c89dab7,ESM-2023-03257,LMS-005903
5c5eba09-bd08-43f8-9169-9db60cd1b818,ESM-2023-03258,LMS-002149
7713e3e5-eba0-404f-badc-13d971843a21,ESM-2023-03260,LMS-009095
c0e0e144-b79a-4f90-82d5-a55dfcc54b41,ESM-2023-03261,LMS-006793
9e92f84e-b848-4428-8e2a-35b30ee6a310,ESM-2023-03262,LMS-007231
c966a338-f428-42d0-b53a-ce9514f9d526,ESM-2023-03263,LMS-004567
bccacc5e-d7db-431e-a60a-157cf02c4392,ESM-2023-03264,LMS-004583
f26d5ff6-e41f-487d-a1ff-330ffbc33586,ESM-2023-03265,LMS-005406
4393aeab-224a-48f4-8c0a-4d8e58882a08,ESM-2023-03266,LMS-003522
6cfd8a9d-a083-4f51-94a9-0efa76e26c60,ESM-2023-03267,LMS-006087
9f585403-18b6-4d2b-b641-1505b9eadf9c,ESM-2023-03268,LMS-007738
d879fc86-c74b-4095-a550-a6cc3ea9eea6,ESM-2023-03269,LMS-004720
3e984523-7a6f-4d3a-98d0-15232973ab83,ESM-2023-03270,LMS-001755
8a5813a5-b2b3-4dcd-9f6a-4bd84d7736d3,ESM-2023-03271,LMS-006669
da0d56bd-1b10-4ad4-b01d-847aeda50645,ESM-2023-03272,LMS-009065
8d36cf6a-0217-4a0c-8554-d0ea40bd352a,ESM-2023-03273,LMS-005662
da7a1ad7-c1eb-40c9-ae47-3b9226d3ac5e,ESM-2023-03274,LMS-004129
ea6f8989-2de0-423d-b02e-489b80517e6b,ESM-2023-03275,LMS-001682
caa2bbe4-ce70-4039-ac67-77c777277587,ESM-2023-03276,LMS-008241
85f06967-93a7-481b-a459-acd1c0bfef8e,ESM-2023-03277,LMS-006151
a5ba61f5-b270-4164-9b10-a14a7d350489,ESM-2023-03278,LMS-004834
5246eaeb-9c8d-42c0-b361-26dde50f2a96,ESM-2023-03279,LMS-007787
e018a9da-ddcd-4b0a-be15-269364caf212,ESM-2023-03281,LMS-000956
7533b7e8-59be-402d-b7e7-15c63a2960f8,ESM-2023-03282,LMS-006013
7934df44-2cd3-4225-8f9c-4e909ebbd0e5,ESM-2023-03283,LMS-002042
79b0f98c-f20f-47bd-b9eb-97829bac3afd,ESM-2023-03285,LMS-005487
b5442093-3a62-49ba-81e5-9e27ff3c5add,ESM-2023-03286,LMS-006585
9b60acda-6869-4c90-b76e-65575a019105,ESM-2023-03287,LMS-004542
cc60f802-217e-4b44-8619-5dec1f6f64a4,ESM-2023-03289,LMS-003152
a88fa043-b8a2-45f2-90ac-40996d7a17de,ESM-2023-03291,LMS-002843
47391b61-40b9-4bb0-8780-053a42858444,ESM-2023-03292,LMS-009192
251b44c0-4273-490f-a8f9-af5aceed8b65,ESM-2023-03293,LMS-007379
ab98853a-11cf-468a-a3e2-8d9886cd9983,ESM-2023-03294,LMS-005534
830da32d-aced-4cc4-81b4-f18995a1598b,ESM-2023-03295,LMS-004171
b7fdcb13-41d7-455b-95a7-28d21e541be9,ESM-2023-03296,LMS-003406
354037db-7d75-4990-9cb7-b73f650fe50a,ESM-2023-03297,LMS-004519
de4bc34f-3e93-45db-812b-62d6af8fbe8d,ESM-2023-03298,LMS-000200
15d9a9dc-ae84-41e0-ba26-b4452317e4c8,ESM-2023-03299,LMS-005874
3a5bf190-c5a6-453c-a9d2-c6ab1b510dd7,ESM-2023-03300,LMS-007068
a174b220-6e6a-4239-9626-e09539cca439,ESM-2023-03301,LMS-003362
aa76b5bd-00db-4fe1-bbac-c8a67d0d294a,ESM-2023-03302,LMS-009216
4ff5a37c-447d-41e7-8470-09992a57d15d,ESM-2023-03303,LMS-005132
398ebf02-e957-40ba-a2fb-3849e5e9c220,ESM-2023-03304,LMS-007272
bec95325-157f-43f9-8861-019cce383c8a,ESM-2023-03306,LMS-008980
b009837d-62a9-40d5-9bee-87995f52b9be,ESM-2023-03307,LMS-005552
48373041-b83b-4e65-a998-2f6da931f617,ESM-2023-03308,LMS-005286
ac1ae7a3-d49d-45ff-8ad0-3951b5f66f4e,ESM-2023-03309,LMS-003386
db8a4ce2-51f0-4f56-824f-1b1212d2c077,ESM-2023-03310,LMS-004796
8908e4e0-db80-4402-b51f-2bd8ae04cb85,ESM-2023-03311,LMS-002052
c7d13f5b-cd77-4de2-aa76-0e08f29a83ff,ESM-2023-03312,LMS-001453
ecf166a7-4759-4540-88b4-3182c2724e4a,ESM-2023-03313,LMS-003454
e8bbaceb-de73-4af4-85ec-afa921ff39d0,ESM-2023-03314,LMS-001662
97c6d7b6-78ea-4d9a-bbc0-7200ec782b25,ESM-2023-03316,LMS-005059
cc6bda53-8347-4839-932c-fb221c31c0f6,ESM-2023-03317,LMS-002629
5870bb45-350d-4989-beed-403df0da992b,ESM-2023-03318,LMS-003622
d712000c-52e6-4b23-9f86-59c65625ec19,ESM-2023-03319,LMS-000899
b062b864-a724-47f8-84a8-54743bddbcc9,ESM-2023-03320,LMS-009212
e6f5ff8f-edb0-43e4-9c58-469fbff182be,ESM-2023-03321,LMS-000550
c63f38d9-6451-4bde-9659-59cf1a5aa09f,ESM-2023-03322,LMS-006791
58f8fcfa-5f5f-4a0d-ab84-f8162c56b67b,ESM-2023-03323,LMS-002719
414607ff-4db4-4a54-b0ca-419e7c9e99d7,ESM-2023-03324,LMS-002667
b753d262-f8e0-4890-866e-ad6945c0181e,ESM-2023-03325,LMS-004314
9d424a2f-d565-4865-957f-431b841dfd39,ESM-2023-03326,LMS-006137
67135c94-2428-4ae2-83f3-caeb85a8eab5,ESM-2023-03327,LMS-003116
b5da71c5-cabc-4db5-9898-c34f44702ce8,ESM-2023-03328,LMS-005678
edffd9dd-1bd6-4c7d-9984-049eae0d2ff6,ESM-2023-03330,LMS-000554
bd57342b-4de4-4ca8-b246-c1d473243e60,ESM-2023-03331,LMS-002126
ecfd160e-fb31-4791-b817-ebd964edb90d,ESM-2023-03332,LMS-006441
06c213e4-63ef-401a-857d-3abe52ff6309,ESM-2023-03333,LMS-001635
341afd08-3d1a-488c-815c-3eb980b30d37,ESM-2023-03334,LMS-005071
d4d360c6-c746-49ba-b0e3-c28c18f05f21,ESM-2023-03335,LMS-001947
ae711d2d-c4b5-4003-800e-ae63160ee213,ESM-2023-03336,LMS-007334
86b0cdf7-0d58-4a38-bd3d-1c2a67c9ddc7,ESM-2023-03337,LMS-009222
3dbe23a0-f19f-4c8d-9bf1-a8b9644ac9df,ESM-2023-03338,LMS-005618
f0db4aa3-2222-4113-868f-e44defed65a2,ESM-2023-03340,LMS-002635
ca3ee301-f758-4d81-a944-d02efa21cc32,ESM-2023-03341,LMS-003968
01e05718-c75c-4784-a11c-6d975ae51ba0,ESM-2023-03342,LMS-005350
08aacf72-f32d-4839-a38b-c39e2d42b3cb,ESM-2023-03343,LMS-007621
f27e2518-8e1d-40a1-a0d0-0ace804822a6,ESM-2023-03344,LMS-002060
d837c212-65e5-40f0-bf5c-d28a0de445a1,ESM-2023-03345,LMS-008315
3ac28f22-5718-4124-b22e-f406ba8a06e4,ESM-2023-03346,LMS-004857
0d2ef4e1-d73f-4250-bb15-b361d03acdfe,ESM-2023-03347,LMS-007745
a0841bdb-35c6-4aeb-9aba-0d7cb48b68d0,ESM-2023-03348,LMS-007709
bc6b04c0-3b9f-4c07-b4c1-9eb81edb4ad8,ESM-2023-03349,LMS-003950
1e755deb-9a49-4945-9fd9-49676ac3aac2,ESM-2023-03350,LMS-002062
bd6aa0f6-945e-4e54-a4ca-3a314e575dba,ESM-2023-03351,LMS-005507
d74bdee9-d423-4b40-b75c-8687752efe46,ESM-2023-03352,LMS-008972
e2d32bd4-3fa5-425d-a586-00a0ae4147a7,ESM-2023-03353,LMS-000915
44ce88cc-b1a0-4be4-a18b-f3d2d722b793,ESM-2023-03354,LMS-006598
bf7273a0-f96e-4589-8c8d-e9d9846a61cf,ESM-2023-03355,LMS-006920
78c2d5b3-b305-4671-8cc2-650f788e64ee,ESM-2023-03357,LMS-008396
d504342c-9d62-4868-8a90-67ce8217637e,ESM-2023-03358,LMS-009223
1e439255-324c-43b4-b874-b08e0464a75c,ESM-2023-03359,LMS-003248
bd678fea-2418-4567-89b0-3112e3cb61a6,ESM-2023-03360,LMS-001546
34345beb-7273-4a6c-b9a3-1b757721972e,ESM-2023-03361,LMS-009160
28cb866a-b685-44c3-8e35-161bccb29c4e,ESM-2023-03362,LMS-000210
2bd1d8eb-dbd1-48e1-9a24-52dbbeece0c4,ESM-2023-03363,LMS-006599
4eab1794-cdea-473a-97b6-8efe3f84e0e7,ESM-2023-03364,LMS-009438
63bf227c-ae27-40ca-bebc-9f53dd815cc8,ESM-2023-03367,LMS-005633
1195589f-f68a-49a5-8b8d-8b1960e0ca4b,ESM-2023-03368,LMS-006715
3c0fb945-9a97-4735-91f0-e7663cb660a5,ESM-2023-03369,LMS-001595
f87d22bd-9b49-4ec8-8ae0-7a32c31451eb,ESM-2023-03370,LMS-002065
0e97fd3c-4c97-49ec-9008-0f671cf1c1b4,ESM-2023-03371,LMS-003107
940bda6b-df63-4f12-aea1-386a3382f735,ESM-2023-03372,LMS-003057
71d06c78-5443-45f1-be85-6632a57c17ee,ESM-2023-03373,LMS-003890
4fd0e190-d638-4c8b-a484-ae5ac08724eb,ESM-2023-03374,LMS-001589
56c10831-421d-4849-9a8e-22e673f90908,ESM-2023-03375,LMS-005872
c3ce19ac-f9a5-417b-934e-7dda84608b38,ESM-2023-03376,LMS-000777
82613aa0-f726-4d94-b18e-2b70599e22d3,ESM-2023-03377,LMS-004359
85716e11-5f41-4af2-953c-dfc0cbb8dfea,ESM-2023-03378,LMS-009161
24121f71-4bd6-457b-abef-3c87b8ad55e6,ESM-2023-03379,LMS-002419
68e2b97a-2ea2-47a9-91b4-94cf79516ee7,ESM-2023-03380,LMS-001810
92ce67af-69e8-469e-b5f0-0db20c50cb21,ESM-2023-03381,LMS-008800
967831f6-f8e5-4d5e-857e-522647e193d0,ESM-2023-03382,LMS-003766
d2e88fc7-7c80-4663-8f66-f4ffb4391c9f,ESM-2023-03383,LMS-002660
19994938-bf5d-42b2-96f2-06154b074c24,ESM-2023-03384,LMS-001433
460858d8-f90f-43f0-99e2-fe278d252236,ESM-2023-03385,LMS-000898
9af244d0-094d-494e-881c-c1affc490bcf,ESM-2023-03386,LMS-003440
64609f83-742d-495c-90d3-548f4a0ce6b1,ESM-2023-03387,LMS-002431
5bcebaba-cc18-453f-86cd-953ea4742139,ESM-2023-03389,LMS-006269
d98a4943-d6ac-4b5d-9080-2243b9326978,ESM-2023-03390,LMS-006173
c0352ff3-13e5-435a-b92b-0bfa19fa871a,ESM-2023-03391,LMS-003486
c56db370-285a-4839-8f2a-0299c53999b2,ESM-2023-03392,LMS-003050
17f5ae72-dada-4481-94c4-6002132bade3,ESM-2023-03393,LMS-001469
a9c52b7d-92af-4289-8d5f-f87fac0ff3df,ESM-2023-03394,LMS-003412
cd2d2241-285a-4128-878d-fc7af2883e71,ESM-2023-03395,LMS-004654
ee94f9c0-d9e0-4cf1-ad38-378ffd1ae4fc,ESM-2023-03396,LMS-004849
4e4e8148-7cb2-4cfe-993e-afd61c1bdf7a,ESM-2023-03397,LMS-000491
8d7b23da-6744-4701-841b-e5c64f2e7925,ESM-2023-03398,LMS-007232
6c6d6e55-3516-4fc3-9937-373a21bed04d,ESM-2023-03399,LMS-005624
c0d0c247-0392-4885-a129-2b9a9685f38e,ESM-2023-03400,LMS-004244
37bb6647-ef05-4a75-8d5c-2c2bc8daa9c7,ESM-2023-03401,LMS-003676
a03fff40-b522-4f90-aaee-d4e5c04435d0,ESM-2023-03402,LMS-002787
38f8f83c-c59e-43b3-8ad0-3c35fbf0e313,ESM-2023-03403,LMS-009281
9e924eac-ec7e-42e9-ae00-5bd65421ea78,ESM-2023-03404,LMS-000389
5dc09865-7941-42dc-a3ce-ff6dc6a65f9c,ESM-2023-03406,LMS-000450
de580b1b-3b0d-43d4-9b33-b1473a5799a8,ESM-2023-03407,LMS-006817
647a3d97-42fd-429f-8d0e-fb802b8525b5,ESM-2023-03409,LMS-005040
c9be9365-75dd-4e84-910d-6f1e5d9f7aab,ESM-2023-03410,LMS-009003
d8de72fc-bccb-422c-b973-5f0bd8ff3c4b,ESM-2023-03411,LMS-001349
79a32db6-967d-42e1-9a03-c750202df36b,ESM-2023-03412,LMS-008535
c01fd3bc-9f73-4f52-a6a1-e35ef8fbcdd8,ESM-2023-03413,LMS-004073
506d2764-29a6-4934-b958-2828cccf82a3,ESM-2023-03414,LMS-008804
9f43b8ce-2eb9-499f-a942-84706676f46e,ESM-2023-03415,LMS-001100
bfe1b05b-cd71-47cb-98d2-46335c06592c,ESM-2023-03416,LMS-001066
fa358bb1-0260-4660-b7f4-03ee2f37bfae,ESM-2023-03418,LMS-004059
a63f2e55-c9a1-45c0-a5fe-d9acda192e48,ESM-2023-03419,LMS-002279
3d7d34af-572d-4382-929e-8307ff50b18d,ESM-2023-03420,LMS-000827
6f9ab9a2-8b37-4bf2-9fbc-e63e683ef2a8,ESM-2023-03421,LMS-001249
ea25b55f-2d46-4fdc-a95c-94687a78aa49,ESM-2023-03422,LMS-000150
e96b865c-9a73-4fb5-9ea0-d87702e4807f,ESM-2023-03423,LMS-007416
13bdf1f2-cd97-48a3-9355-dbbd75d93483,ESM-2023-03424,LMS-003922
b1e962c2-d8f1-4d89-bdbb-86eca7af184b,ESM-2023-03425,LMS-007203
edd1268b-8f59-426c-95b9-e4ac4d0ad8e3,ESM-2023-03426,LMS-001823
0989169b-264f-434d-b360-1712a3c466f5,ESM-2023-03427,LMS-004678
dfd040c8-ef4e-449f-8bf1-09c160c178f2,ESM-2023-03428,LMS-003849
9ea68d05-54c1-426a-adaa-48cac75cb86a,ESM-2023-03429,LMS-007434
266dc848-8c7c-4cd5-802d-f97c4a476f8d,ESM-2023-03430,LMS-005287
0843dc45-2987-4796-a6a8-102fdb6b6327,ESM-2023-03431,LMS-009240
01c95d45-82cc-4507-b749-4c9896757715,ESM-2023-03432,LMS-007813
5c94e560-6fbb-4a59-811f-16f7f4cd97bf,ESM-2023-03433,LMS-005676
dd0d726d-b0a5-4e62-9ec4-b25f23634cd2,ESM-2023-03434,LMS-008882
6f3e8630-74d2-4b94-bf54-d292dc6d2262,ESM-2023-03435,LMS-005385
ea1ff099-fe53-47d4-a74b-2a67eebe75b7,ESM-2023-03436,LMS-001432
140a3099-175e-4047-98cb-350faeac0033,ESM-2023-03437,LMS-004279
43f175bb-affb-48aa-92fc-8d8f1ae279a5,ESM-2023-03438,LMS-003631
f10546dc-3d85-4411-a497-c5376945de26,ESM-2023-03439,LMS-005701
83514e32-a659-41f8-889a-01b84f134ce4,ESM-2023-03440,LMS-009443
bff7ed68-fa94-4a49-ae38-f452ba9b00af,ESM-2023-03441,LMS-002006
6db39ea3-5c12-4775-9378-3a6c921eda5c,ESM-2023-03442,LMS-001879
2228a36c-38e3-4533-96dc-949637f0046c,ESM-2023-03444,LMS-005586
af21e1a3-e35c-4b71-b9e8-b770f522a59a,ESM-2023-03445,LMS-009088
1b67cd7c-bf56-4ac6-96d3-6fcc1bc3cae8,ESM-2023-03446,LMS-005685
f8bde00a-3316-456c-a651-ad54c83ca612,ESM-2023-03447,LMS-003207
dd21c88a-6d8a-44e3-8d8e-5f36f5da0881,ESM-2023-03448,LMS-005254
73c2dc30-261f-40a3-b4b4-14c697d8a719,ESM-2023-03450,LMS-003825
c90a0efe-d0b3-49b5-b847-80311660fab3,ESM-2023-03451,LMS-009255
652ad840-6964-4d13-b577-4d31e433ffb8,ESM-2023-03452,LMS-007289
6e210ecd-e4a1-416a-8384-fec47b72ca03,ESM-2023-03453,LMS-007518
b0aa1888-9496-457c-878d-27c0fb2da1e7,ESM-2023-03454,LMS-006926
cf58f0cf-d3b3-412e-bafc-546a068cd38f,ESM-2023-03455,LMS-005484
36675de4-ddac-4429-a831-0e33c698e806,ESM-2023-03456,LMS-002874
10990200-e8a8-4b4b-84c1-d5c133efb27b,ESM-2023-03457,LMS-006734
6ff1e78b-e89a-41c4-ac52-798bab7e8a88,ESM-2023-03458,LMS-005871
94e59765-1da9-4736-84d0-19d0b9ec27a5,ESM-2023-03459,LMS-004876
2bd2b0fb-ee60-4f4d-b4ab-340ae172cfd2,ESM-2023-03460,LMS-004658
23914da4-2484-4694-a6c5-04a8654aee81,ESM-2023-03462,LMS-004377
874643ca-1a4b-4835-8074-1dbcdc38b7a0,ESM-2023-03463,LMS-007802
f03d7270-c8b2-47f8-a5c9-647545255167,ESM-2023-03464,LMS-002486
111d9244-800c-4b09-854a-7b98abe3d966,ESM-2023-03465,LMS-001486
a4b40b06-c526-459b-b1d7-fbed05abde9c,ESM-2023-03466,LMS-006350
c980e6ff-bf3f-4697-b87c-9a06b8024f83,ESM-2023-03467,LMS-004383
8436dc8e-c80a-484c-aec0-0db05b9d9ed9,ESM-2023-03468,LMS-005771
97a2d2ed-115d-4627-9957-5264e38c7d25,ESM-2023-03469,LMS-007739
a0f41610-d291-48e5-89c1-48edfc887f43,ESM-2023-03470,LMS-003746
0efa78a2-73ee-4fef-b75b-4eb45732d60f,ESM-2023-03471,LMS-007366
0096f868-c48b-4a3a-bb54-a2c945d6fcc5,ESM-2023-03472,LMS-005780
e0824cba-03ce-4b6e-aab9-f97f5f05647e,ESM-2023-03473,LMS-005988
c5ae016c-44cd-4573-9929-f54f303867cd,ESM-2023-03474,LMS-007571
faee0f6a-9640-4c93-93ad-b778c8bf8936,ESM-2023-03476,LMS-002383
8f5dc919-cb35-4fbd-88cd-3ced43d77388,ESM-2023-03477,LMS-001076
7c777375-d951-4638-9df2-d07325649263,ESM-2023-03478,LMS-001139
9112f6d9-db36-4e54-bbdb-a5d6b7d50410,ESM-2023-03479,LMS-004477
6dea34b5-797f-4523-96e5-054b418777ae,ESM-2023-03484,LMS-004008
33d68859-07e0-4132-9074-304bbc87be49,ESM-2023-03485,LMS-000268
549a4598-ffb8-4467-b4fc-21d40c4bd808,ESM-2023-03486,LMS-007079
a07ae4c1-5572-48a7-9838-4315bcb2d91d,ESM-2023-03487,LMS-003772
1667071c-9a7b-4357-8dac-4d06b75bb1b4,ESM-2023-03488,LMS-008234
2a325cd8-be11-4c95-ba75-83d14ce0b24e,ESM-2023-03489,LMS-004848
ada6726f-e377-495e-b931-2d4ff2409669,ESM-2023-03490,LMS-009324
309ad33d-d9ab-44fe-81b3-54c814615a38,ESM-2023-03491,LMS-008723
68a0ea8e-171a-4f10-9029-24949a25cbc7,ESM-2023-03492,LMS-001952
e3bbcb81-0817-4ef8-9416-dd4fe4cc6fd7,ESM-2023-03494,LMS-009066
beac19df-5806-48dc-91c4-8fd553957fdd,ESM-2023-03495,LMS-002205
7b4b212f-3dd7-4b5c-ab24-072450b244d7,ESM-2023-03496,LMS-003867
b4d45a78-004f-4626-8959-b6b3ec3d6fb0,ESM-2023-03497,LMS-006286
ebbba44c-ef92-48a4-bafa-aee67c81d76d,ESM-2023-03498,LMS-003857
c3e448ba-7eaa-46bf-b8b9-90df4c39e3b9,ESM-2023-03499,LMS-006153
dd8a8340-aea6-4476-9e5e-1d75d5c5c8d7,ESM-2023-03500,LMS-000021
e71dc7a7-54da-4561-84fc-1e890933009f,ESM-2023-03501,LMS-007865
5212c851-1d6e-455c-b501-3bdc5d374aa6,ESM-2023-03502,LMS-003150
2636c928-873e-4ff8-92d1-e39c03ab6cbb,ESM-2023-03503,LMS-004450
f4dbcd99-0843-4e4b-a914-2aff393bfcae,ESM-2023-03504,LMS-002448
0f7163ac-5128-44a9-9cc1-bfc81e7add49,ESM-2023-03505,LMS-004294
df877b55-b8e9-4491-9a42-1602f2a721d5,ESM-2023-03506,LMS-002001
3851b9dc-8a8e-4c26-828d-ccbe1bf6a463,ESM-2023-03507,LMS-005436
4830570a-1172-490b-8a62-f7912926b0dd,ESM-2023-03508,LMS-002652
1b92ff7b-6717-4b88-8ce9-cb1ef6cedb93,ESM-2023-03510,LMS-003171
f97d809e-afe7-4665-9499-95125cff06f7,ESM-2023-03512,LMS-008521
6decfedd-0ebb-4550-847b-2dbd7a746098,ESM-2023-03514,LMS-006845
ad12f9c2-90cf-4f29-8a03-2a4a6b3676f8,ESM-2023-03515,LMS-000213
b8c57113-0e9f-4ec6-97aa-b7b8c7406715,ESM-2023-03516,LMS-001147
e3882341-f24d-4424-bbbd-7e0378c0a97c,ESM-2023-03517,LMS-000125
bbce1363-6a9e-417b-b0a3-555c3a226a8b,ESM-2023-03518,LMS-007509
f80c2655-45c4-440d-a81f-06a8a5a37857,ESM-2023-03519,LMS-000883
41d6e96b-f953-4a65-bedc-aa52b8eb720a,ESM-2023-03520,LMS-008740
e4ca4c3b-986e-4e0d-a397-78a1e5267ded,ESM-2023-03521,LMS-005786
728c5954-ca73-470a-b7ed-7fb48986cda1,ESM-2023-03524,LMS-008503
8359efe8-e925-41b7-997c-12ffdea289c8,ESM-2023-03525,LMS-000555
c2ca9fef-183d-4cb9-afde-7b09973ddc17,ESM-2023-03527,LMS-004595
7509870f-5d06-4d44-be5c-14590234b280,ESM-2023-03528,LMS-003188
af9e3a54-3478-49af-ab10-e1c8a449614f,ESM-2023-03529,LMS-003820
4470b63e-fa43-4335-a498-c0c60372f9ec,ESM-2023-03530,LMS-004616
bd650048-514c-4600-8ea2-e925e94b4611,ESM-2023-03531,LMS-003172
9be1ffb6-1275-411c-b307-1cda8dc6a192,ESM-2023-03532,LMS-006677
e197a629-90c4-4c36-8d1d-05e7d1e27093,ESM-2023-03533,LMS-004985
3d3b9201-9aaa-41f3-9698-99c8587eceb5,ESM-2023-03534,LMS-007857
432c52df-afa5-41e5-82f4-73338b1a7e33,ESM-2023-03535,LMS-006115
4474e696-5d44-43ac-8e8b-83fad6293be9,ESM-2023-03536,LMS-006210
465d5c27-6cf5-40b8-a7b9-0cf7d89077a8,ESM-2023-03537,LMS-005592
339db2c0-567c-4d9f-922b-704eabbddad3,ESM-2023-03538,LMS-002074
de5654c0-e86c-49c1-80a8-254fbe780ebc,ESM-2023-03539,LMS-007152
21c7a68a-7411-44c9-9ae7-7e29ee1b9497,ESM-2023-03540,LMS-002281
708a6cc5-df87-4c87-994c-bd3d9327a250,ESM-2023-03541,LMS-005636
7078b7e7-8c70-4430-ae00-23f183a163f3,ESM-2023-03542,LMS-002346
0f044810-7417-4acf-b100-fd1a66057886,ESM-2023-03543,LMS-004445
5f4321df-37e3-41d8-91c1-54f5b07f1589,ESM-2023-03544,LMS-005657
bc220cb4-97e8-4cce-bb3c-3e1a38176678,ESM-2023-03545,LMS-009419
2b63d668-ab02-42f5-832d-5df48d0e76aa,ESM-2023-03546,LMS-008220
01e162fa-1cc1-4f75-a56e-be3b1146f521,ESM-2023-03548,LMS-003262
4d230320-f38b-4891-963e-e3d4f03ffe81,ESM-2023-03549,LMS-008441
37b3e11a-635f-43a3-993a-db1295ac77e0,ESM-2023-03550,LMS-006730
83805ad4-a96a-44c8-a9e9-a0679dc07c97,ESM-2023-03551,LMS-005083
5b6c38fe-30f2-4a7a-8c98-e06766495d24,ESM-2023-03552,LMS-007724
e590eb81-a28e-4bba-96f5-57d2372443d3,ESM-2023-03553,LMS-003455
4e743c27-6223-4e87-b96a-6fb1636ee621,ESM-2023-03554,LMS-004319
65b9ffcf-5731-4ded-adcf-62fb16fb3b94,ESM-2023-03555,LMS-009388
26aead67-0739-46d8-8d73-bf101d775652,ESM-2023-03556,LMS-008111
9e1383b8-eecc-4be1-baa9-ea5ecfe61595,ESM-2023-03558,LMS-003247
2fadedc8-42b4-48b1-992b-d645f850db3b,ESM-2023-03559,LMS-003726
39fc4e4d-d448-4002-881c-fe875ff88648,ESM-2023-03560,LMS-005502
8ec4d452-10d3-42b0-85c0-0e2c55520599,ESM-2023-03561,LMS-002324
55a314c4-1057-43fb-90ec-f7159a4b18db,ESM-2023-03562,LMS-006170
2cfc95d2-8aac-4c15-bc8a-a9d2de0f0d83,ESM-2023-03563,LMS-005952
6f6d4fea-5e75-422d-befc-e737fef5dc4a,ESM-2023-03564,LMS-003583
fa256255-41bb-47bd-8b84-aef4ef6ea02a,ESM-2023-03565,LMS-004747
ae2fff2a-9a6a-416e-ba58-1d58467345fc,ESM-2023-03566,LMS-007115
e36ba7e1-ef17-4518-841d-99e235e44748,ESM-2023-03567,LMS-008916
597f218b-68dd-4a78-beed-881f9fa7904d,ESM-2023-03568,LMS-002731
1ecd8728-34d1-4930-b634-e3d0f17362fb,ESM-2023-03569,LMS-003702
cdbc65f6-fd13-4ae9-a197-fefa6dbf1bcf,ESM-2023-03570,LMS-003349
8237dcd1-81c7-4010-81af-24566f4344cd,ESM-2023-03571,LMS-008890
8d860a1e-1490-4a06-ac61-5e3475f7aa46,ESM-2023-03572,LMS-008937
1f2bc062-06af-42d8-b080-3e52c8940e46,ESM-2023-03573,LMS-006402
2a948d69-db17-4a25-9696-9324ff3c98bc,ESM-2023-03574,LMS-008476
42e56594-61bd-4c5c-b2f4-3f44fa119c20,ESM-2023-03575,LMS-007899
47e81756-3ac3-4489-9417-e08174087a54,ESM-2023-03576,LMS-005730
e1c7fe21-37e8-43fe-8fc8-4a692d3b1ceb,ESM-2023-03577,LMS-005278
97b5bb08-bf79-4166-a2fc-f615964d4a4c,ESM-2023-03578,LMS-004618
ff31019d-6927-44e2-ab89-fccfaf64251e,ESM-2023-03579,LMS-007744
ad454749-87b6-4db0-9ac1-852ffbc468cc,ESM-2023-03580,LMS-006058
72d82e81-6a22-499e-8b9f-84bd9fbaa76e,ESM-2023-03581,LMS-005430
703e8bcd-e703-4585-86aa-f793fcae87bd,ESM-2023-03582,LMS-002781
83111636-2d4c-4aca-a889-28e0b3f22838,ESM-2023-03583,LMS-004906
2517cf23-0c84-47d5-b7d1-833c270d3acb,ESM-2023-03584,LMS-002616
52e5ad9d-36b7-4a5b-be28-5cfd19bbc522,ESM-2023-03585,LMS-001525
1bd47639-a522-4cdc-ba19-740c2a06572d,ESM-2023-03586,LMS-006680
c3343ac2-d320-4f0b-a9d4-1d2b36e45f37,ESM-2023-03587,LMS-003439
4cdea44b-2597-4c64-985d-c87e2714c174,ESM-2023-03588,LMS-006452
b01c5405-650a-40c5-b129-dd874a040e47,ESM-2023-03589,LMS-004526
73e3119b-52b6-4246-8591-4e944a5938bb,ESM-2023-03590,LMS-003836
adcec506-c269-4680-8045-ca090d237878,ESM-2023-03591,LMS-008983
a365333f-4bdc-47ab-b632-08e74ba85f5b,ESM-2023-03592,LMS-001465
30e49787-c344-43ff-bb52-a1809d072961,ESM-2023-03593,LMS-005460
6947d321-00d8-4678-9a43-db59b27ad2a0,ESM-2023-03594,LMS-008507
678c3fe8-f492-478e-aab4-9d67c3714816,ESM-2023-03595,LMS-000207
ac530453-0438-468d-b3c0-637fdf941cae,ESM-2023-03596,LMS-007129
c570b893-04fa-4f34-9db3-ad0082a1e4b3,ESM-2023-03597,LMS-003955
95ea28c0-7401-45e2-9492-8d5e8b606ab5,ESM-2023-03598,LMS-003897
458c161d-c271-4419-b0ce-a78bb252a3e5,ESM-2023-03599,LMS-004896
3d3809a3-07c8-4978-8154-44ae824b124f,ESM-2023-03600,LMS-001652
dd17a4c9-36d3-40e4-a1ec-25a3459e1297,ESM-2023-03602,LMS-002996
654275e8-e305-4b61-b8b1-1189c9fde35c,ESM-2023-03603,LMS-005779
ad0ba849-6aa7-4fee-a7c6-eff78b3d203a,ESM-2023-03604,LMS-006212
1ffa7258-11c6-4485-bee8-947f4b6efc9d,ESM-2023-03606,LMS-003847
12c42b85-c180-4c29-8ab8-8dd95cbf029d,ESM-2023-03607,LMS-003917
7c3955d0-b61e-43a0-9f84-5602422d9c88,ESM-2023-03608,LMS-004391
1e6bf141-42e4-437b-adde-df0ba57a36b1,ESM-2023-03609,LMS-001268
f856f306-7764-4536-b5f8-4a4551e0b4fa,ESM-2023-03610,LMS-004992
f0bcb8f5-2b6f-4a6c-ba96-fb4fa16b0135,ESM-2023-03611,LMS-006905
f19c2c45-981f-4bfc-9cdf-5632f43929cf,ESM-2023-03612,LMS-006237
107f8738-266e-48cf-8772-7b59f8185c8d,ESM-2023-03613,LMS-004782
46a68bbb-491c-41e5-8b2d-36b77643ea5f,ESM-2023-03614,LMS-005513
7b301c84-8e47-4540-bd34-917a94fecd70,ESM-2023-03615,LMS-000776
d9085688-73ed-4499-ab3f-9c60d1c4f793,ESM-2023-03616,LMS-004571
e8edd2b8-6cad-4b02-bfaf-83917aa9b285,ESM-2024-00001,LMS-004142
b6a72936-b9e4-413d-891d-111b9e27f1c7,ESM-2024-00002,LMS-000218
b7b299d4-989e-4577-b9e5-b3a8a96d01f6,ESM-2024-00003,LMS-008809
828a0996-dae1-4f04-9dc6-74a4aaa4c0d9,ESM-2024-00004,LMS-006699
b7210c3f-ef8b-4f3d-9bf4-e2f4e8a1a79f,ESM-2024-00005,LMS-002882
43f39116-d0e5-4d83-9f09-d56a57df1dc0,ESM-2024-00006,LMS-001545
54742630-1471-45ba-827b-40860db09834,ESM-2024-00007,LMS-000105
5554d6f1-e98e-485f-a285-f7a62779366e,ESM-2024-00008,LMS-000964
7c3bdb0b-0030-4dbb-ae0c-fdff204cca5d,ESM-2024-00009,LMS-008646
39b20d68-28a5-45bd-a770-a9e1b114bef7,ESM-2024-00010,LMS-005339
592bded5-ce86-4fb8-9b60-d787de14210d,ESM-2024-00011,LMS-004737
1b946779-4a34-4e89-aba0-c5f680fb8197,ESM-2024-00012,LMS-004788
9c689502-8c65-4ce2-be33-54a5b50dce0c,ESM-2024-00013,LMS-005942
41f98984-d64e-4e7b-be2f-2cfcae6637dc,ESM-2024-00014,LMS-005876
c47ad9e3-f05a-42a2-b550-78d4cdb3bc54,ESM-2024-00015,LMS-000416
88ddbacb-3254-4107-be67-236a7b0c7119,ESM-2024-00017,LMS-004993
3d49f181-5f17-4394-9cf2-667804b6d10a,ESM-2024-00018,LMS-000729
e3cc94d6-fe98-408f-b622-206c88e7a95e,ESM-2024-00019,LMS-007329
3b1c49fd-a151-40e9-acaf-4eea6cfd1368,ESM-2024-00020,LMS-006857
8c2d36c2-71ef-47b9-bb9b-11ee1696a263,ESM-2024-00021,LMS-004232
78eecc4f-52ff-4228-b36d-9d156e3d48c6,ESM-2024-00022,LMS-007854
9a170945-c851-462f-99ae-f2837f56e8e8,ESM-2024-00023,LMS-005937
770ec38a-fd5b-4aa0-a882-53d7aaa2c336,ESM-2024-00024,LMS-002226
55fe0795-a890-49ce-b0f4-e9e21a1479ba,ESM-2024-00025,LMS-000274
557ff8a0-e87f-406f-979c-43a9ed1acb70,ESM-2024-00026,LMS-001853
9e67f0dd-0f46-47d7-8937-957d63ba061a,ESM-2024-00028,LMS-009453
aa7f3ff5-cda9-468c-8666-2db69d7f51a1,ESM-2024-00029,LMS-000453
aec1184a-1045-4f19-a08f-1c47d1a4fea7,ESM-2024-00030,LMS-009034
aedceb61-f885-4524-969b-8bee5c7bf052,ESM-2024-00032,LMS-001876
fe57eacd-3c56-4254-8a4d-add16a00a678,ESM-2024-00033,LMS-002122
4c0fe7b9-6c2a-440d-add6-4124bdbc57c4,ESM-2024-00034,LMS-005482
3106bb93-1db0-443c-b4e9-fda02ebde978,ESM-2024-00036,LMS-001431
91b23c02-205d-478a-830d-bf32ebf30bb2,ESM-2024-00037,LMS-009263
885dbf9b-9bdb-4a3f-a6ed-a2382a793251,ESM-2024-00038,LMS-005246
a2cff564-c8e9-40ab-ab59-e950a63b21ee,ESM-2024-00040,LMS-007187
09df0924-4dc1-4d26-ada6-a05785b578ed,ESM-2024-00041,LMS-002235
ff38ee39-e2ec-40dd-906c-b5828534d0cf,ESM-2024-00042,LMS-007921
8dbfdd01-4bff-4017-b03b-202fab382a0c,ESM-2024-00043,LMS-003253
89359cb5-80ce-4b0f-ad68-82808f9ba30f,ESM-2024-00044,LMS-001556
b0948a22-f5af-4789-b87b-f44cc5536c1c,ESM-2024-00045,LMS-006960
4172e942-4ac7-4588-abe4-14f070e24833,ESM-2024-00047,LMS-000704
ce228628-90d4-4b26-b181-c13d0b26a805,ESM-2024-00048,LMS-005310
b36ef488-e73d-4a0a-b600-ef9b6cc6cf4b,ESM-2024-00049,LMS-001611
040e94fc-4cfe-4abf-aec8-f7f226f4488b,ESM-2024-00050,LMS-004881
90addabf-cc14-4dae-9af4-478ecf0051b5,ESM-2024-00052,LMS-005653
32e2c53d-82aa-4dd3-8ddb-69cc5784622a,ESM-2024-00053,LMS-000504
a06d6248-0acc-426f-b71b-87b250fd074a,ESM-2024-00054,LMS-004638
492fe8a3-9536-47a5-98cb-fa14360c7bc0,ESM-2024-00055,LMS-003748
03bf3f1a-4ce9-43e6-bccb-300ec7fa1acb,ESM-2024-00056,LMS-003183
334d490f-ab9b-4acd-b6df-c4b595ec8d69,ESM-2024-00057,LMS-004404
d87e707c-af88-4dbd-b5dd-3b8324dab731,ESM-2024-00058,LMS-003860
424fa1da-6b22-4c69-9078-8c66013005ab,ESM-2024-00059,LMS-001005
3ea19746-8b07-46c1-8ed9-512328f47454,ESM-2024-00060,LMS-002165
f9f0fcea-28fd-4921-8875-2e48e1d229a5,ESM-2024-00062,LMS-001111
77dbf5e8-e54f-4478-a69c-98a438ec82d5,ESM-2024-00063,LMS-000095
c9a1adf0-8b02-463d-8227-10c1cc4b7347,ESM-2024-00064,LMS-004498
8816223b-0735-44bc-af13-7e752e0b8359,ESM-2024-00065,LMS-009361
4df1d4bb-0002-4faf-96e9-59ed5c61fd1c,ESM-2024-00066,LMS-002815
568905d2-d350-4f0b-8613-ca584628b9df,ESM-2024-00068,LMS-004087
f69453aa-cbe5-45b8-8631-fdd1c8538935,ESM-2024-00069,LMS-001615
7d63557c-3d5a-4bf1-8978-75389e6f96d5,ESM-2024-00070,LMS-007541
98fcd18b-1198-4a55-822a-96a03243767e,ESM-2024-00071,LMS-000590
c49fb9ed-ba7c-4b1f-85bf-cce1c9c7b71a,ESM-2024-00072,LMS-001148
36bcdc02-29ef-4240-b48e-7d9abca2c9be,ESM-2024-00073,LMS-005686
13f4ce18-2ecf-4c98-b5c7-4d98c46a6392,ESM-2024-00074,LMS-003061
f5ced4ea-f49b-4e2b-8b0e-38589f76cdb5,ESM-2024-00075,LMS-001016
9b5853b7-722c-4893-867f-5dcbb22f4f5a,ESM-2024-00076,LMS-004369
3af6da4b-7adb-4467-99b1-a320249da64f,ESM-2024-00077,LMS-007196
0199a49b-e6ea-4fb7-a1ac-85341a622d3a,ESM-2024-00078,LMS-007652
dc37f8ca-4a23-4b23-983e-6ea99a8a2eb3,ESM-2024-00080,LMS-001446
bfd799c6-37b5-4d67-a18c-037bc34be0d1,ESM-2024-00081,LMS-000971
959c6718-e4eb-44d4-a43b-36a3681c0029,ESM-2024-00082,LMS-002607
8e6c7134-31e3-4e0b-80f0-5624c4a093c2,ESM-2024-00083,LMS-003314
da2f8fe3-ce85-4730-8fed-99d93ed22f2d,ESM-2024-00085,LMS-004825
82af4d46-7a9a-491e-8db8-61155aeb5d28,ESM-2024-00086,LMS-005539
88ff1d67-2d81-4606-bfd1-86b451d07d67,ESM-2024-00088,LMS-000343
99b09da6-0434-4959-a542-53f261ce1aaf,ESM-2024-00089,LMS-008771
4f3da8f3-7df3-433c-ae63-24702e174306,ESM-2024-00090,LMS-005750
3f0a9c1b-87b9-4fb0-a6d5-13cc298bf6e5,ESM-2024-00091,LMS-003047
5fa83946-e460-4ba7-b525-fee3d22f18d4,ESM-2024-00092,LMS-009343
86338646-9585-4529-9139-fd4c897e3d6c,ESM-2024-00093,LMS-005508
41519be9-85c5-4f06-ae49-e35b137c18e7,ESM-2024-00094,LMS-007589
56d75eae-80d2-491e-af7c-46ab7bfb6914,ESM-2024-00095,LMS-001240
1a396241-825a-48e3-aae6-fd8e6ce3d434,ESM-2024-00096,LMS-005689
279cc11f-04b4-4378-ba5b-d40fee74f0b4,ESM-2024-00097,LMS-002905
c6ea38b3-9a82-4456-b859-9e6a5d98d8eb,ESM-2024-00098,LMS-007534
4e507fe4-57fe-48b8-b3ab-ba0eeff682f5,ESM-2024-00099,LMS-006713
032fa9ca-8438-4f95-960c-1755d0ef04b0,ESM-2024-00100,LMS-001070
a6f8dbf5-5fdf-4c41-96f6-a2b193023118,ESM-2024-00101,LMS-001103
88e45cb4-12f3-46ba-a8fc-1f000f16cfef,ESM-2024-00103,LMS-002327
21fa9266-adab-45bf-aaa2-633e6ca2d7a5,ESM-2024-00104,LMS-005049
9f7695ad-9a9a-4640-a4ea-92e464899fbb,ESM-2024-00105,LMS-002912
d0c5eb21-42e3-448e-9917-5073601ec3bf,ESM-2024-00106,LMS-005053
66c89d99-8b42-4bc4-969a-c96dbe913cdc,ESM-2024-00107,LMS-002328
2ddd813b-097b-4e3d-90ac-f4405a83bb49,ESM-2024-00108,LMS-008884
c2379a5c-24be-42dc-bb95-d182d1c85a79,ESM-2024-00109,LMS-005851
9f741287-c65e-4271-8c65-38cb075c58a2,ESM-2024-00110,LMS-000963
fd1e6c4e-33c7-44e8-a2ab-08676525066c,ESM-2024-00111,LMS-003735
8ea83076-a686-45ae-898d-441f74b6f0b7,ESM-2024-00112,LMS-002783
d66f42b4-5e67-4b11-8c27-f154507b2d2f,ESM-2024-00113,LMS-008098
434724c9-974b-4f35-8239-8a0ede114f1b,ESM-2024-00114,LMS-005881
7ad51c05-9ced-4bf3-964b-9f930251621f,ESM-2024-00115,LMS-003519
a4d0eb9f-32a7-43ec-9993-9f1a2ef282df,ESM-2024-00116,LMS-001969
2c48c8d6-1c3b-4a02-a9c6-23e8677d8688,ESM-2024-00117,LMS-000029
0177d20f-6eec-429d-990a-139ca8b45a14,ESM-2024-00118,LMS-001341
6af1317f-52c6-405d-8d36-bda8f89a1c92,ESM-2024-00119,LMS-005694
b5aa6c3a-8645-4af2-8e39-d18efce3627a,ESM-2024-00120,LMS-006753
7f0179ba-142a-4ba3-87a2-6091ec898557,ESM-2024-00121,LMS-000065
b39d8246-34a6-48ed-8c1f-effddc0371fe,ESM-2024-00122,LMS-004903
ed3b98cb-7a02-4eb7-80e1-d040a3412c64,ESM-2024-00123,LMS-002096
35307f77-4d58-4573-b58c-f0434c26c184,ESM-2024-00124,LMS-000810
e3f40c9b-3060-4699-b5ab-08abce7db353,ESM-2024-00125,LMS-002916
fbb11a07-1ed1-471d-8597-bf067adaebed,ESM-2024-00126,LMS-005877
7a52224f-73bc-4b61-8368-1e72004b6a4a,ESM-2024-00128,LMS-001075
e8219e57-d3dc-43d6-a7cb-4e1b4c5bee9e,ESM-2024-00129,LMS-004745
563b1d5b-f829-409c-868d-2b9e24d063cb,ESM-2024-00130,LMS-008640
b28b9968-cdd2-4dfc-8ca7-1b6436dbf0e9,ESM-2024-00131,LMS-008301
c7a528da-b5a9-4847-b907-b3942121f39d,ESM-2024-00133,LMS-006009
b5be5767-0d52-4f5f-b25c-89e7bce93b7a,ESM-2024-00134,LMS-000658
761857f9-9d85-4aeb-955c-dc0672106cfe,ESM-2024-00135,LMS-005758
ae4fc2fd-189d-4eb1-b1c9-9f5117a3f8bd,ESM-2024-00136,LMS-001278
433de466-1c1e-4819-beb1-c9c3739f3621,ESM-2024-00137,LMS-000629
391b9568-3027-4210-99a1-98f05d64db92,ESM-2024-00138,LMS-007670
32e9ef36-2ed2-4ff0-8645-444b6b1dfc3f,ESM-2024-00139,LMS-003299
cb9658c4-df1f-4976-a4c3-4250e0df1d62,ESM-2024-00140,LMS-002318
5b158bc0-0b3e-4ace-9ccd-7059db70b765,ESM-2024-00141,LMS-001192
d97ff2af-a266-4fbe-969d-bd140c17f112,ESM-2024-00142,LMS-002427
337e3e21-42a7-4305-880b-75add6c2118c,ESM-2024-00144,LMS-001907
f370d688-0bd3-4108-b296-cc9276c42784,ESM-2024-00145,LMS-008964
d2ad0481-6072-4c6c-8f51-0f306fea5f0a,ESM-2024-00146,LMS-005783
45de2c00-0c7c-4ee3-a361-aacf315d2c8f,ESM-2024-00147,LMS-000339
44288e0e-30c1-481e-921b-d0c43288bbcc,ESM-2024-00148,LMS-003607
fe4f909d-b793-4ffb-9938-3feb3103c663,ESM-2024-00149,LMS-000909
3dbda56e-9578-4ab6-a500-8fbd38431568,ESM-2024-00150,LMS-001672
9d123599-3cb6-4413-99b0-c724f0605f35,ESM-2024-00151,LMS-001540
26057f06-2358-4824-90c5-5d0c88c4cffd,ESM-2024-00152,LMS-000300
2fb79abf-d721-4237-9755-0603e411fa06,ESM-2024-00153,LMS-008828
9f0b1a7a-6e60-47a9-9564-2fb8643a563f,ESM-2024-00155,LMS-007507
e58b0c46-2ed2-4606-b76e-064acc7ecf03,ESM-2024-00156,LMS-007406
53a0c420-a773-4ba8-9683-8fc16948aa13,ESM-2024-00157,LMS-000369
7251a3f0-4532-46ed-b330-702c22c866ea,ESM-2024-00158,LMS-009387
b8e6371c-20b7-44ff-af1f-c685e13d09d8,ESM-2024-00159,LMS-003824
242fdfc0-04a2-4d57-98cc-4187814dad0b,ESM-2024-00160,LMS-007763
08ba633b-f679-440d-bb9f-a1d335296fc8,ESM-2024-00161,LMS-006467
6020c9d8-505d-4961-87ff-b0502f5fa1a9,ESM-2024-00162,LMS-004310
770fe9ed-7ab5-4162-8766-8ff8ef6507a3,ESM-2024-00163,LMS-002387
a2af0293-b8db-42a1-a012-aa19cc409ba1,ESM-2024-00164,LMS-001688
392a052a-1780-4d35-b2d0-85c6e6c9e58f,ESM-2024-00166,LMS-008432
12837344-864c-4994-8b28-437a83f0ecd7,ESM-2024-00169,LMS-006314
77526ce2-a948-4cda-8038-f563d588ae22,ESM-2024-00170,LMS-002993
02c5c422-e8ac-476e-be85-fe94d3d08d2a,ESM-2024-00171,LMS-006839
ff6a4e86-0aed-4c50-ad89-821f21ddb237,ESM-2024-00172,LMS-008213
02051fd0-d45d-4465-a6c0-3790514617ab,ESM-2024-00173,LMS-003091
300a9153-d08f-4434-8243-b0896400c5cf,ESM-2024-00175,LMS-003509
c31cb6b1-d91c-473b-bbfc-979c34712bbd,ESM-2024-00176,LMS-006029
f895699f-9000-4ce3-876f-5f620dd08769,ESM-2024-00177,LMS-006622
c97a44d7-8425-4a28-8ed7-9b14dd48b6b8,ESM-2024-00178,LMS-002512
b16d102a-7f6d-45bb-aadb-57237fa829cd,ESM-2024-00179,LMS-003593
e41e8261-d01b-4468-93d3-9ab304c69d37,ESM-2024-00180,LMS-004956
0fc13b13-e700-4ff3-b1ed-a18562365dec,ESM-2024-00181,LMS-001276
650f1314-43ea-497c-b83c-b62ff1190cf1,ESM-2024-00182,LMS-005457
9c4c5845-782e-4dae-bdac-2dcb563070b3,ESM-2024-00184,LMS-005967
3a014876-b7b7-45a1-bab7-5507a0b85705,ESM-2024-00185,LMS-007033
3ce7bbf1-4b86-4eab-968a-0e933fecdcc1,ESM-2024-00186,LMS-005533
546ddd48-d1a9-4a08-9f4a-3b97f93585e0,ESM-2024-00187,LMS-001638
25335922-9e1b-414a-9c90-10b469db68c5,ESM-2024-00188,LMS-007065
5613ca34-e379-450b-833f-f6f122e4f91b,ESM-2024-00189,LMS-000078
04a81bc4-9ccd-43ca-a033-4f273ebadb19,ESM-2024-00190,LMS-005127
097a64c8-4b0f-4d0c-9ead-f344caebc7ed,ESM-2024-00191,LMS-008842
de75d183-b9de-4125-96e7-37101dbc394c,ESM-2024-00192,LMS-004710
61c4967d-49c2-4817-8454-7ff7ecd3f0a4,ESM-2024-00193,LMS-000983
6f434744-2a86-410e-aa97-8e9d69d91f4a,ESM-2024-00194,LMS-006292
2bd0f787-5a83-4fdd-bdb4-f09375f9a0f7,ESM-2024-00195,LMS-005320
d8e26bcc-8cfb-4f1f-85f5-96104048a19a,ESM-2024-00196,LMS-009456
5009d1eb-809b-4312-8e68-e6516241e32f,ESM-2024-00197,LMS-000610
e558ea64-c0a8-4d48-8981-a1d662932d91,ESM-2024-00198,LMS-003018
824d7b42-8ce1-43f3-937f-494d21acd4c7,ESM-2024-00199,LMS-004573
a43b09c8-94ee-4104-9edd-1ab09c5a30fc,ESM-2024-00200,LMS-007170
db056eeb-35e2-4961-8a35-7842eff1cfdb,ESM-2024-00201,LMS-007430
80d30110-2032-4a0f-a64a-c0112c64fe87,ESM-2024-00202,LMS-003994
8d609488-7ee8-402b-a629-23b2467f43f7,ESM-2024-00204,LMS-004433
77e1d747-b7d7-4f95-b32c-b1fa2edafe5d,ESM-2024-00206,LMS-000278
3a31e0dd-6ba5-4473-8e62-26901d464e92,ESM-2024-00207,LMS-009257
5ff16a22-fa0f-4fab-956b-373312989640,ESM-2024-00208,LMS-009043
2c1ac3f2-454c-42ff-a2d4-17ebb7c2cb1f,ESM-2024-00209,LMS-007346
15c9d20a-88de-4b80-98af-62f44749c7f0,ESM-2024-00210,LMS-005843
0d629f3c-9285-4f02-83c9-24d8283733f9,ESM-2024-00211,LMS-006843
2cb99bc9-db5f-40d9-8d92-41da51b35f35,ESM-2024-00212,LMS-001930
c317f353-b493-4469-934e-523a6c441605,ESM-2024-00214,LMS-007092
d30a49f8-24bb-466a-868a-36a09b482320,ESM-2024-00215,LMS-000016
70db07f5-c14b-4883-abc2-a1eda85876fc,ESM-2024-00216,LMS-005189
a8d10351-0be8-45e3-a3d6-2aeeb1cb7351,ESM-2024-00217,LMS-001350
aae9375a-d3a7-46d5-8c6b-122ec9779553,ESM-2024-00218,LMS-009224
f1bab2da-8cfb-4150-8160-6504d6214baf,ESM-2024-00219,LMS-003630
28af8f37-7b8d-489e-a75e-fd41dcf5f2c6,ESM-2024-00220,LMS-000325
893dcd5f-8022-409d-9653-70f41f684c6b,ESM-2024-00221,LMS-004692
b114356a-b4fe-44f3-b6d4-b056e5605a31,ESM-2024-00222,LMS-009210
1dcc3931-86a6-4882-a0a2-013b21eb8e41,ESM-2024-00223,LMS-001129
79736968-9d76-4d8a-852d-e965071d8fb3,ESM-2024-00224,LMS-004887
dfebda96-5eba-4682-b654-85c525767970,ESM-2024-00225,LMS-002600
b609d1bf-a4c6-40f0-8d4f-62b22c194958,ESM-2024-00227,LMS-005549
854f3a2b-3717-41dd-959b-c19b8adfb44c,ESM-2024-00228,LMS-003382
e3ede57c-1ee9-4cfd-8196-d55977ba6405,ESM-2024-00229,LMS-006388
1027fb96-a522-44c5-89e1-7ddc83abeaa7,ESM-2024-00230,LMS-002470
96e7ae9b-52f5-4299-a176-31ecbb285edb,ESM-2024-00231,LMS-005031
955f576c-b780-4c40-995f-18316cdbd35c,ESM-2024-00232,LMS-003903
439be21c-6558-4383-b4b2-4f520864b078,ESM-2024-00233,LMS-008039
07c46bf4-bb38-40c1-9803-2260366608b6,ESM-2024-00234,LMS-002289
edf84784-9d28-4de0-814d-e2d126d21c50,ESM-2024-00235,LMS-009396
4c38d17e-cf06-4fff-a99a-998aea05c842,ESM-2024-00236,LMS-000474
0d220772-905c-4084-8658-bbed72117a1a,ESM-2024-00237,LMS-001721
cd733e91-f32c-4186-b330-6a66a7361bc2,ESM-2024-00238,LMS-007898
6baf9d7f-eea8-42f7-9869-ac87d1f3b50f,ESM-2024-00239,LMS-006790
041d3cf3-2155-40fb-ab83-f468f2ab0a7e,ESM-2024-00240,LMS-004393
6f7df5d6-6158-4604-9586-fa1328b2c5cc,ESM-2024-00241,LMS-001549
fb8159a6-f6db-4341-8404-8b57b2918663,ESM-2024-00242,LMS-008154
23642856-e803-4bc6-9c29-c48eedc02132,ESM-2024-00243,LMS-001938
e003b824-a806-4f01-ace9-80f73e243e1a,ESM-2024-00244,LMS-004275
1599e5a9-7a5b-4da0-a2df-18d94aecaa69,ESM-2024-00245,LMS-001285
39857944-f515-4481-a8c0-162b988672ae,ESM-2024-00246,LMS-001559
7af1610d-f30d-4fc9-93fc-5b37ee082335,ESM-2024-00247,LMS-005908
136ef077-ea93-451e-8d97-89036de997e8,ESM-2024-00248,LMS-000628
1f21b2f1-7acc-449c-8f0c-c779846c4661,ESM-2024-00249,LMS-006201
2a8749c2-6fe6-4de9-ba37-6bcd9612d1dd,ESM-2024-00250,LMS-003075
b2225e12-a781-416c-bd4b-60cd765cb630,ESM-2024-00251,LMS-002313
4df65f36-6191-4d73-8748-572ec970521b,ESM-2024-00252,LMS-004685
1093b5c0-67be-4651-9a5b-f44422008b2e,ESM-2024-00253,LMS-001419
1fb41997-92c2-441c-a6c1-385307043015,ESM-2024-00254,LMS-007286
0bf27af3-baf3-44e8-8ff1-78d7f1617b47,ESM-2024-00256,LMS-001787
3d69d19b-75e9-4eeb-ba8a-ed9f311cda2e,ESM-2024-00257,LMS-009218
e368a1f4-e2bc-4933-8d5e-5f01fe9a29e1,ESM-2024-00259,LMS-006880
6b5a8387-0cd2-49e5-a9a0-a2f77e78ebb1,ESM-2024-00260,LMS-006700
e8e45a4f-8917-45f2-8e15-92958e886743,ESM-2024-00261,LMS-007009
36de8603-770b-4ae7-bdd6-928b1a423c48,ESM-2024-00262,LMS-007457
30b186cd-9d47-49cf-9adc-a0616eb522cc,ESM-2024-00263,LMS-005241
8613558e-958c-427b-b745-829d120e61c3,ESM-2024-00264,LMS-000477
4c024956-2596-4e6c-889f-902532fea13b,ESM-2024-00265,LMS-007061
32fab41a-cde0-486f-8da2-6bd24838de9d,ESM-2024-00266,LMS-008596
aaf18814-c8a0-4097-96a0-b074e06c01e1,ESM-2024-00267,LMS-006051
bcae9ecf-f92b-43c6-b881-92100cec535e,ESM-2024-00268,LMS-004326
ae8830f5-50c7-4950-95b0-d56dede19b94,ESM-2024-00269,LMS-003755
0c6421a2-6210-4f51-b73b-ecc06479da88,ESM-2024-00273,LMS-000041
8addaafc-8b7c-4c77-b706-fcbf867debcf,ESM-2024-00276,LMS-006062
d6d136d3-88da-4407-b2e8-1553b2dbffe9,ESM-2024-00277,LMS-007325
d7015a6b-5972-4b05-8e88-ee963bf16cdd,ESM-2024-00278,LMS-009073
216e118b-ecaf-4927-ac34-96cc2b24f4fa,ESM-2024-00279,LMS-006603
0d345d98-2821-41d6-a6ae-a30c142d93fd,ESM-2024-00280,LMS-007069
516e24ed-d570-4db0-8db5-346e64d82897,ESM-2024-00281,LMS-000525
65a26402-625a-4be4-bfe6-ece6c6fda657,ESM-2024-00282,LMS-000256
91dc2a64-8624-4812-83ff-4d291600804d,ESM-2024-00283,LMS-005621
3c6c567f-d070-417e-a593-76a46d7db55d,ESM-2024-00285,LMS-000184
1b79ff51-a822-4c1d-ac5f-162b4d6ea984,ESM-2024-00286,LMS-008265
756c1cc7-2dfa-450a-a2ab-bcc1185e4c59,ESM-2024-00287,LMS-008501
dd9a9504-7db6-47df-8403-d51afd9333d5,ESM-2024-00288,LMS-003530
3680151c-45c1-455c-977a-e4af81de0beb,ESM-2024-00289,LMS-005910
051f5276-3a3b-4b7d-bfd5-d35396676fa0,ESM-2024-00290,LMS-006824
e6f7062f-110f-4ac9-a5ab-782bb0a7dcd5,ESM-2024-00291,LMS-008624
731569d7-7795-46ac-8cce-eeab6d93101a,ESM-2024-00292,LMS-006080
b627b988-80d1-4b5c-8a52-05ce88101889,ESM-2024-00293,LMS-009015
1e55a5f9-c03f-4f67-af9a-07aa9f3d5abf,ESM-2024-00294,LMS-007263
915d042f-3825-4a5a-b8f4-dc2bc2af33a4,ESM-2024-00295,LMS-000222
d03241f1-0872-42c7-8bdd-a7d611bacbe0,ESM-2024-00297,LMS-000146
183eecf6-19dc-48d5-ba1d-9295ae2f587c,ESM-2024-00299,LMS-000745
5c4f3f1f-9edd-4099-aacd-d5c01b07492a,ESM-2024-00300,LMS-003845
a4618655-409f-46e7-a02a-a9d3866a4186,ESM-2024-00301,LMS-005682
c2cee0a3-ec0e-4216-9729-34783cc94f6d,ESM-2024-00302,LMS-000979
71faeb42-04d8-48a9-9337-eb0ea6ac7b95,ESM-2024-00303,LMS-001630
73560ff4-5cd9-4e39-adb8-662364f296da,ESM-2024-00304,LMS-004449
b961f0ea-5654-4afb-8e2e-079679ea0de1,ESM-2024-00305,LMS-002354
a650da9d-ebbe-47b9-bb41-b3d8e2b5ffe7,ESM-2024-00306,LMS-006273
9f511f26-862b-4c49-9687-ee7cf234da91,ESM-2024-00308,LMS-008053
188e61d3-724a-4692-9457-2caa322636c5,ESM-2024-00309,LMS-002881
775b5410-e88d-45af-b847-20a69fb5d732,ESM-2024-00310,LMS-007409
e4f3e867-7354-47ce-8327-c4ba6b5f24cf,ESM-2024-00311,LMS-008913
3525b111-07cd-4f25-9c22-b0a10b3c35fa,ESM-2024-00312,LMS-002627
45863749-ebec-47d8-b58a-abfca6dc3d70,ESM-2024-00313,LMS-006821
ddf745ce-6257-4219-b828-e2838781eb82,ESM-2024-00314,LMS-004274
ec7703c9-41cb-40f8-b2c7-2daa6899c8f7,ESM-2024-00315,LMS-006947
e61cb236-b30b-4525-adc7-8c19b1769dbe,ESM-2024-00316,LMS-000371
e0f43b5d-305b-4eda-8d11-fe5eefebface,ESM-2024-00318,LMS-000641
6328f4c7-e2c2-44ad-bce5-74ee7aad350c,ESM-2024-00319,LMS-002404
4a14b629-1cc1-40dc-b365-00d6907a3c4e,ESM-2024-00321,LMS-009070
dc1ed364-9f78-42a0-8351-c2b399b15c5a,ESM-2024-00322,LMS-000249
62fd434e-30a6-48ad-8896-c1e44e8ee3e9,ESM-2024-00323,LMS-000297
810743c9-75b4-4ba1-ba5c-821701184928,ESM-2024-00324,LMS-006192
61e4bce7-54ac-4323-84bb-8113acaf2f0c,ESM-2024-00325,LMS-006746
2f5e6b9e-58aa-4f10-a5d4-50e0002794f7,ESM-2024-00326,LMS-009121
8f33f379-dd13-4f7a-92b4-f6b46dacd240,ESM-2024-00327,LMS-006052
4eb08567-a030-4968-a174-04fae282a608,ESM-2024-00328,LMS-001098
f784a641-a463-4952-85cd-9beee6b7b4ff,ESM-2024-00329,LMS-008973
b06b6e0d-9e47-416a-b7e2-2793a9857c01,ESM-2024-00330,LMS-004253
9d4e2474-9083-42c3-9985-a642e4c8faa9,ESM-2024-00331,LMS-002119
8daec454-6995-4ca7-a073-1782f0b9a0fd,ESM-2024-00332,LMS-000459
3fb6d52a-5d2c-4bd1-8e4c-b5ffc1c6f544,ESM-2024-00333,LMS-003296
03e2d37f-e4d3-4ccf-a926-66dbd23d98ee,ESM-2024-00334,LMS-003110
ea5b1e5c-8a75-4ce7-baa5-1f6337d40062,ESM-2024-00335,LMS-007398
eeb50782-5bba-4090-8963-4437b47f721f,ESM-2024-00336,LMS-004300
10133421-5a8e-46d3-8a3c-a786191177f9,ESM-2024-00337,LMS-007924
86f51a62-8a6a-4355-a89c-8b31d2119027,ESM-2024-00338,LMS-001720
56632da4-dce7-4c7c-923f-a68d432b10a2,ESM-2024-00339,LMS-005163
54bba63a-c06c-4a59-9125-a0093954ac85,ESM-2024-00340,LMS-002123
a1c3869d-7177-46e1-a0fc-c895ffa66cf8,ESM-2024-00341,LMS-008946
55810216-a942-4798-a71f-9a7c09fc1586,ESM-2024-00342,LMS-006627
8efbc845-db6a-4d36-b7d7-10c64381555f,ESM-2024-00343,LMS-003231
ef8c71c9-056b-4c2e-ba07-2f6ee3869aee,ESM-2024-00344,LMS-002442
728c446e-c193-4ced-9607-45a6c730c5e6,ESM-2024-00345,LMS-000081
c1f31c4f-98d0-4baa-a42d-b9d4313443d6,ESM-2024-00346,LMS-002039
3b53722f-718d-4e6a-8fa8-87d1df500b1d,ESM-2024-00347,LMS-006191
705911eb-2780-44b5-9b69-0097e1f793df,ESM-2024-00348,LMS-008587
05103955-3f18-4370-b017-251bcb1b2c73,ESM-2024-00349,LMS-006335
2db18dbe-9fec-4b5b-ad46-9ce697b72bb2,ESM-2024-00350,LMS-004644
4f34af4a-dfe1-4a30-bc87-2017fd8d9901,ESM-2024-00351,LMS-003415
344c8870-1180-4ee8-ae0d-0342a567371a,ESM-2024-00352,LMS-004899
a2ffca44-8126-4105-a09f-5153d2a6ee2c,ESM-2024-00353,LMS-001966
8cf581d7-9cab-4842-9931-5c3fae7f9e43,ESM-2024-00355,LMS-005135
86ea23e2-4e91-4d05-8819-d685074c6acd,ESM-2024-00356,LMS-001039
1befd6fa-1c96-4289-b164-e760a9e1027d,ESM-2024-00357,LMS-001019
b78f4b4a-2676-4826-af5f-38761d0b497a,ESM-2024-00358,LMS-001258
f1ec5e6f-46b7-4a57-8ce7-06b51a94c9e5,ESM-2024-00359,LMS-006750
018d475f-72d6-4c14-9249-9b1edda35f4f,ESM-2024-00360,LMS-007271
2382dbf7-2ca8-462c-b6db-0a0926275116,ESM-2024-00361,LMS-008833
71bf4dfa-e36e-4ee5-89c0-74aaf1bd9ddc,ESM-2024-00363,LMS-002290
54a2c687-ad45-4023-97b3-5a48f3cd8db8,ESM-2024-00364,LMS-004764
025d8a52-7b34-405e-98bc-e1b87ce66e5a,ESM-2024-00366,LMS-003980
12bafd5a-7424-428e-a02f-6a95860753d2,ESM-2024-00367,LMS-008149
43b30fd5-737a-41f9-aece-4295d718e483,ESM-2024-00368,LMS-008543
7c7129a6-ceb6-4f10-b434-9f7dd48b852b,ESM-2024-00369,LMS-004066
9cb101ba-37e4-4bf2-896e-878801033674,ESM-2024-00370,LMS-002697
f3a2ef58-84c4-4405-833e-127df4dc9999,ESM-2024-00371,LMS-005155
70e098c8-2c0a-4634-9422-d8a3afb6c29f,ESM-2024-00372,LMS-000721
87ad6935-d13c-4fec-b9de-3cea0fd86281,ESM-2024-00373,LMS-006645
7960caa6-26b6-4821-856e-a9ecf775edf3,ESM-2024-00374,LMS-001713
46f3845b-b368-4f92-bdea-5e64c7485ad9,ESM-2024-00375,LMS-003185
05b78b8b-922e-4498-9054-393c851a242f,ESM-2024-00377,LMS-005197
b3ab2aaf-4804-4e12-85e6-04b085ee9a57,ESM-2024-00378,LMS-001458
1edab668-40d5-46d9-8034-9c8a72a742bf,ESM-2024-00379,LMS-005542
7aa66f96-e269-4789-a878-7a88303c9b3b,ESM-2024-00380,LMS-006154
b41d2f61-b8ab-4062-9383-b46460cbbe84,ESM-2024-00381,LMS-006743
f57913c4-dc74-4ee5-8a8e-e8aab57766ea,ESM-2024-00383,LMS-008681
3278b0ba-213a-4957-9575-d351979ab135,ESM-2024-00384,LMS-003973
d30fa7d4-205e-4ef6-8ca5-84a42344686e,ESM-2024-00385,LMS-008855
588a2992-12a7-4e33-8afc-5402685749dc,ESM-2024-00386,LMS-006559
e26c1e59-7a45-4b90-a621-75b43341a2fe,ESM-2024-00387,LMS-001441
9e8539c5-8b7c-4bfe-bbcf-58f4cb10e8da,ESM-2024-00388,LMS-002655
bf16ee2f-d37f-45a5-9be6-adab08f35297,ESM-2024-00389,LMS-004969
a51e46b3-dad6-4f3e-a0b0-1f1fd53442e3,ESM-2024-00391,LMS-000351
b9db259e-7410-4f31-999d-95a51719f4ea,ESM-2024-00392,LMS-002304
b6321a33-ce37-4890-8922-5a4351f4951b,ESM-2024-00393,LMS-001596
a5f5f8c4-616e-4b4f-b13a-92f712284741,ESM-2024-00394,LMS-000002
292786bb-fb21-41c0-b661-4d1d45804af8,ESM-2024-00396,LMS-006770
25ee24b4-7d46-41a1-9ee1-19c4520e7c04,ESM-2024-00397,LMS-006041
7b03735e-bf71-407d-b0ab-411d53458d2a,ESM-2024-00398,LMS-002767
8d546b98-710e-462e-bae1-f2fe7f85c233,ESM-2024-00399,LMS-007169
c5bee87d-371e-4015-8579-c4fd06b4d2be,ESM-2024-00400,LMS-008157
3c8618ee-624f-4dfb-b97b-fa3e14a4af17,ESM-2024-00401,LMS-003260
4b7a4a0e-472a-43c4-a65a-55d6781f1ef5,ESM-2024-00402,LMS-008673
ee6efa44-68db-4bd8-86c7-ad0784b8c3ad,ESM-2024-00403,LMS-006129
ccc5f16d-9973-4f1a-acfe-7eda5b1d2e6e,ESM-2024-00404,LMS-002375
0d58d43d-7d29-48c9-ba84-6639eda44863,ESM-2024-00405,LMS-009408
507deb70-756d-479d-bf9a-399ec7b29e4e,ESM-2024-00406,LMS-001004
3e22db51-62f0-45ef-bf2f-8ef40215bf98,ESM-2024-00407,LMS-004414
992522f4-8557-4c08-a498-4bd4e2681d33,ESM-2024-00408,LMS-006701
c1541c7a-ba2b-44bc-9b2d-fc677759b50b,ESM-2024-00409,LMS-000591
eb8d5fb1-bc4d-4d2d-aa90-df8f58159257,ESM-2024-00410,LMS-000195
5baeab02-8aa5-471f-8f82-2f5164988042,ESM-2024-00411,LMS-004421
72e57ba2-9db2-4446-8619-b0ef4148f3dc,ESM-2024-00412,LMS-001366
4219bbc8-726c-4bbd-b865-a873f1379724,ESM-2024-00413,LMS-007748
d135502f-56ea-4c22-9f83-8b77509c1168,ESM-2024-00414,LMS-000138
d558b8c0-6f54-4395-aef4-26505225f312,ESM-2024-00415,LMS-001483
803448fc-a3cb-40bf-8c00-4c9d24411332,ESM-2024-00417,LMS-006561
e4d55076-8916-4cd0-8ff8-7c1265dedc83,ESM-2024-00418,LMS-002711
ac22658f-b0bf-48ed-85e7-ac630874d50b,ESM-2024-00420,LMS-009467
c04f9304-948c-45b4-be96-b103d46f8708,ESM-2024-00421,LMS-005080
4f0f0d88-6088-4d8f-b44f-42ddd7d98a28,ESM-2024-00422,LMS-003261
65d3fe64-73b5-453c-a0a0-643ebe38b9b5,ESM-2024-00423,LMS-002302
5d8b83cc-ede5-46f2-8bbf-d8989b1de757,ESM-2024-00424,LMS-000846
8d602fe3-a337-45a9-945c-e2a957513be9,ESM-2024-00425,LMS-007691
e6642b3f-bf10-4066-9441-572942f947d2,ESM-2024-00426,LMS-002490
0900122b-ef3f-4936-86b7-bfc7985e10b4,ESM-2024-00427,LMS-001678
089b0948-7073-4de7-9b37-2c283a947d74,ESM-2024-00428,LMS-005644
bfb57b79-47ae-4905-bde8-1792e0a47cbf,ESM-2024-00429,LMS-000819
58ba4ba3-b0cd-4f0b-b6ec-da58d7731217,ESM-2024-00431,LMS-000180
3219d61a-84ae-45ea-92f2-158d5437b8ec,ESM-2024-00432,LMS-002573
ee6c6f44-00f4-4448-8739-420d33068251,ESM-2024-00433,LMS-002061
d2592074-d846-4eee-9c23-d561c10d54d4,ESM-2024-00434,LMS-003409
d3d893eb-7ba8-4cf4-badf-bc529263133d,ESM-2024-00435,LMS-008254
abc0f5ca-9193-47ea-ae21-024a48f114d5,ESM-2024-00436,LMS-004704
08e3502d-8cfb-4c05-9a5e-337b7a33d2a6,ESM-2024-00437,LMS-002742
b42f56ee-52b4-48a0-b976-17fbbc1d2ae4,ESM-2024-00438,LMS-002502
1dc454f5-27af-4f40-bd31-c8ea11d8058a,ESM-2024-00439,LMS-007958
2840faf6-3a38-47f5-8060-7ba49d2cc995,ESM-2024-00440,LMS-008274
9202cdc3-73cf-496f-8624-0984c24b55e8,ESM-2024-00441,LMS-000060
427911f3-812c-436c-935b-c1ee7584581d,ESM-2024-00442,LMS-003996
9e97d419-a03a-40df-a3b3-f0aee7c30270,ESM-2024-00443,LMS-004736
d0219b8a-aa46-4e2f-ab50-762969d9d58e,ESM-2024-00444,LMS-002537
0e3dc058-152a-4047-82bf-23927b867ba2,ESM-2024-00445,LMS-002957
ee226c7f-a19e-47a9-9d02-367e20d5aedf,ESM-2024-00446,LMS-002631
dcdbae3c-d6e6-4f59-b7ba-494cc9c5b5de,ESM-2024-00447,LMS-008191
ec8ccf8c-4516-4ac7-9fea-4e02cf90357e,ESM-2024-00448,LMS-001650
8fe1041e-830d-47e8-8eea-abf1b82d73a7,ESM-2024-00449,LMS-003896
9a0e9eb1-f6c6-4bb1-bf95-0566332dc061,ESM-2024-00450,LMS-008250
f098cc3b-a3cf-45eb-896d-080f6843d211,ESM-2024-00451,LMS-007300
6ed6f171-6333-4dce-a485-47eb6a3781ad,ESM-2024-00452,LMS-007464
ad980bc4-3354-49c6-bb00-c3d7126ccd1c,ESM-2024-00453,LMS-003146
72ec2627-37e2-480e-818f-365e56f098f4,ESM-2024-00454,LMS-003869
9151ea5a-c900-4759-8946-abc67b05b09b,ESM-2024-00455,LMS-002100
9605ab43-67e1-4a2b-98d9-08bced498a01,ESM-2024-00456,LMS-007142
ba6ddad4-9ba3-4b53-8bf8-7238112311b6,ESM-2024-00457,LMS-003551
3da904e9-499b-4f55-9ae4-7d857c32a316,ESM-2024-00458,LMS-005603
7c109855-3a22-4362-8185-88b5cbff7ad4,ESM-2024-00459,LMS-000053
3a047914-b50a-4717-87fa-2aa94c8a43ed,ESM-2024-00460,LMS-002749
5804f9ba-500e-4c15-a792-4fa6ba1b457f,ESM-2024-00461,LMS-003078
c84dda09-321c-44e2-b35f-d3c6c9aca774,ESM-2024-00462,LMS-003918
d04145c9-eaac-4b7a-9c6d-d9e97f9c783d,ESM-2024-00463,LMS-000497
69cd7f4d-bfba-4df4-b0a7-69fb4340377e,ESM-2024-00464,LMS-007585
b66021cc-2fbb-41b6-98c6-7de8e0968a3f,ESM-2024-00465,LMS-006488
1ba3a3e8-b596-4e57-95f0-fc6e94075d95,ESM-2024-00466,LMS-008757
a05ab994-f24b-4d73-9650-4076c301a0ba,ESM-2024-00467,LMS-004415
14956cf8-cddd-4a13-8920-f649222d302c,ESM-2024-00468,LMS-006929
b3912b73-4c81-406e-8dbc-3e6d3b2c580a,ESM-2024-00469,LMS-008528
4c622f60-c916-4af0-8ec6-fda61f1eb63e,ESM-2024-00470,LMS-007753
4a550bd0-13d5-40d0-9e6a-db58857d90cb,ESM-2024-00471,LMS-007312
931804d2-bb6d-49a6-9e96-bfc7fe77b575,ESM-2024-00473,LMS-003777
b4c4b877-8076-44ee-8f12-a4d0c009125b,ESM-2024-00474,LMS-004809
b05605d5-1832-4415-944d-dac665156abf,ESM-2024-00476,LMS-005230
01a4065a-4411-4d37-a32c-08b7480a1061,ESM-2024-00477,LMS-001351
e207714f-3e4a-41df-94df-07f37b7eb347,ESM-2024-00478,LMS-005345
3ef02632-20ef-4534-a3e1-a17a45989373,ESM-2024-00479,LMS-001832
b7703b27-d417-4317-b2db-2208797d139e,ESM-2024-00480,LMS-002754
c4f97adf-e8d4-4616-a9e5-745cf57468a5,ESM-2024-00481,LMS-005261
353d43a9-3d75-4626-9758-af238b273aae,ESM-2024-00482,LMS-004525
90c383ab-345b-4ef6-925a-a277e058a203,ESM-2024-00483,LMS-000040
da3f9666-2db2-4cdc-863d-36e51ff9b50c,ESM-2024-00484,LMS-003131
6a3bf8e1-cd6e-43b6-a21f-82a1512c8e11,ESM-2024-00485,LMS-002725
20325472-8a15-4a26-8b6d-8d04ad0352d5,ESM-2024-00486,LMS-007459
d90723c0-23bd-4c1c-8461-657f0e50cfab,ESM-2024-00487,LMS-002517
204b6f12-088a-4e32-b162-b09f0d33a627,ESM-2024-00488,LMS-003293
7d365470-321a-4e35-b310-c81595c39d40,ESM-2024-00489,LMS-000057
b98cdc15-d6ee-4227-a776-9eaaf0484e7c,ESM-2024-00491,LMS-000630
4290c090-3ca3-4d8d-bd4f-a3d78b756330,ESM-2024-00492,LMS-007499
48acb770-cd25-49d0-805a-7e937b6ade08,ESM-2024-00493,LMS-005439
56e1bc5a-97a0-4514-be38-d1c97b9a7b7b,ESM-2024-00494,LMS-003254
b0ecda06-5bbc-4492-ad3d-ea01fc747641,ESM-2024-00495,LMS-006417
9c115d53-53cc-44c9-8b86-a6be1a1172be,ESM-2024-00496,LMS-000593
b2941b1c-d262-4fb5-ba84-4a7e8cd8e908,ESM-2024-00497,LMS-001828
8bcceb95-f1e8-4b8c-9cd2-10ca2f00161a,ESM-2024-00498,LMS-004086
2f0b5310-e4df-4a30-b443-374d757ca3b1,ESM-2024-00499,LMS-007722
6e2002d2-11c8-4787-9cd2-a451b847f1da,ESM-2024-00500,LMS-004045
3e212637-5a59-453f-8ea7-5746664c8d8e,ESM-2024-00501,LMS-006207
cbe8148c-46d9-400d-859f-868b09df1d92,ESM-2024-00502,LMS-007451
c57e2913-e888-42e4-9764-760a26e779fc,ESM-2024-00503,LMS-007244
0d97dadf-ef7a-46a3-b202-3f676e5d272d,ESM-2024-00505,LMS-001765
c2fb3f84-6158-4d27-b555-1648508cd948,ESM-2024-00506,LMS-009265
a53f0c44-999f-412c-81c4-1848175b4686,ESM-2024-00507,LMS-002819
17c89cf6-5778-4bf5-86ce-78290810fbe2,ESM-2024-00508,LMS-003562
3de85ebe-cc3a-40da-8fd3-381c01c93335,ESM-2024-00509,LMS-003457
7e66010f-7700-46fb-a44f-8b730aa82623,ESM-2024-00510,LMS-001475
83711dfa-f9a4-498f-9d96-8e350c820d18,ESM-2024-00511,LMS-005136
06cfe306-779c-47b2-aa9a-3e013367845f,ESM-2024-00513,LMS-006390
36ceefa6-c1c9-4250-8d26-c470b8793fd4,ESM-2024-00514,LMS-000912
0a0c12c8-116c-4f12-9424-faa73e939aa3,ESM-2024-00515,LMS-008650
a60ddbbb-8553-4955-bc7e-ca1c47baf10e,ESM-2024-00516,LMS-001020
86d66095-9f24-4660-86f5-42c56cc08b9b,ESM-2024-00517,LMS-006928
2b1e060d-1a04-44bd-8342-15ba809be429,ESM-2024-00518,LMS-000489
758ede95-2cf7-4b7e-91a8-a6e677d12a4e,ESM-2024-00519,LMS-004093
a37c3d9d-f30e-4375-99ad-a432fc98c5f0,ESM-2024-00520,LMS-003214
945bf6c9-5021-4937-9686-27e7f678d48a,ESM-2024-00521,LMS-002739
3069bb9d-a811-4776-b454-b23c4bbea237,ESM-2024-00522,LMS-002955
5fc1ae37-ceb7-4606-a078-c285835e0f64,ESM-2024-00523,LMS-007497
94b14625-e2a2-49c5-a770-7331929e69f6,ESM-2024-00524,LMS-002391
093ec11a-7cb3-4a0e-bf9f-2621fcfa35a6,ESM-2024-00525,LMS-009291
64685809-00b5-4208-8c5f-112105d0f15d,ESM-2024-00526,LMS-007671
056fd0e8-ca05-4697-97f7-b9d0bcdf384e,ESM-2024-00528,LMS-007418
7198aaff-5377-4cf3-975f-99a5a1e19abf,ESM-2024-00529,LMS-009120
9f22844f-89cb-4948-90f9-963f79544f5f,ESM-2024-00530,LMS-001580
54086326-9e88-42ce-a55f-36b0566c9998,ESM-2024-00531,LMS-000334
c428839e-1193-4bf3-a5cb-0c228dcf5c84,ESM-2024-00532,LMS-007673
88678f78-9917-4387-817c-8c84494ee071,ESM-2024-00533,LMS-008865
27e6986c-8a13-4d15-86b7-7a9b21e5c37b,ESM-2024-00534,LMS-008066
adad7ce7-8b73-412b-8ade-07f03b30052e,ESM-2024-00535,LMS-003124
752e4ec8-7c8a-4c42-a83e-f954e6738ec1,ESM-2024-00536,LMS-006935
cf64c928-99f1-4cb3-a8f0-7e1e49e90813,ESM-2024-00538,LMS-009023
a018bd39-348e-497d-90a3-91511e558198,ESM-2024-00539,LMS-007948
a719ad3a-4127-4bc6-b48a-f56862c1d1bf,ESM-2024-00540,LMS-003628
972090dc-b2c3-442c-82e5-c26c5b8fdc4c,ESM-2024-00541,LMS-008401
90a81bb7-822f-4d6c-ab30-c932ce14b51f,ESM-2024-00542,LMS-004586
2141ac32-4c55-42e7-b016-2486a48e21bd,ESM-2024-00543,LMS-000157
9c75450c-6041-4988-a9fd-28c98bdca1be,ESM-2024-00544,LMS-006499
2d67331c-f175-4f7c-b508-b1cb07f36511,ESM-2024-00545,LMS-005628
c27e5ee4-95f5-445f-9557-6267a0aaf09f,ESM-2024-00546,LMS-000390
b833ae39-2158-4d8d-85f8-cefaa86f59a2,ESM-2024-00548,LMS-001404
e0e05c5b-1cf9-485d-b615-b1acbf1b6729,ESM-2024-00549,LMS-006194
3e824dd5-d5c1-4fd3-97ab-e38c8bda7a69,ESM-2024-00550,LMS-003117
5d6941a1-396f-487f-beae-0a155d2e54b5,ESM-2024-00551,LMS-008230
404fa293-0fba-43b1-9539-05072ef819cc,ESM-2024-00552,LMS-002871
d1229c36-9ff9-45f7-b893-7126dc545600,ESM-2024-00553,LMS-002153
0fca8de1-f81e-4484-9d8a-925e16b79d0a,ESM-2024-00554,LMS-000044
298ee9e1-cdc4-4934-8fc0-4880f6c61b25,ESM-2024-00556,LMS-004832
1fc28cfb-933d-409f-8393-62ce76628fdb,ESM-2024-00557,LMS-007935
517cfa68-715b-4868-9ecf-1e4de6c88557,ESM-2024-00558,LMS-008939
ce9d238e-14bb-4fe2-85c2-38bad9c92719,ESM-2024-00559,LMS-009109
61f43f79-fc3a-4e0c-a4c5-4fa530e33dff,ESM-2024-00560,LMS-003908
02920c4a-06d4-4a5a-8e5b-67903dcc7c50,ESM-2024-00561,LMS-005157
b6cbd853-afc1-4b37-b3cb-c59d64a5ecb6,ESM-2024-00562,LMS-003459
d2481926-6873-4b7b-a0fc-787571826947,ESM-2024-00563,LMS-005129
5f3536e3-0223-4a98-a796-f1b8c4959535,ESM-2024-00564,LMS-003071
3721388f-1e81-489b-b67d-4dcd95dea133,ESM-2024-00565,LMS-006411
c83a4d39-b642-478c-a611-2c19c1c7c911,ESM-2024-00566,LMS-008286
244730e7-1723-4ad6-9b6b-92b851763237,ESM-2024-00567,LMS-006657
1b2bfc2b-7460-4c5b-a94d-563330c95ec3,ESM-2024-00568,LMS-001215
9e31c577-b1b8-4f1a-a072-f394ca1ba706,ESM-2024-00570,LMS-008385
6805dc78-1968-4fb0-afa0-e34200cacb4c,ESM-2024-00571,LMS-001888
1a4e6a7a-f42b-4292-87d4-092916fc8609,ESM-2024-00574,LMS-001653
c2b435af-64db-44d4-b2af-1ce2ec9ea954,ESM-2024-00575,LMS-001867
4ce93e5b-9f10-4e3f-affb-cd8b0fbf9f91,ESM-2024-00576,LMS-005466
34206605-7c55-42a1-bd61-9f5738d3c2ae,ESM-2024-00577,LMS-003059
8365c335-2047-4e92-88d4-5cdbb60e1629,ESM-2024-00578,LMS-002799
1dd30783-6167-4dc8-8ad5-7bae1b91480d,ESM-2024-00579,LMS-006584
03b93790-4582-4cf3-b382-74499a2d4759,ESM-2024-00580,LMS-001384
23589f21-5aee-4770-8de6-3ec539f05577,ESM-2024-00581,LMS-007717
6ed38295-216d-4373-a32d-7de8a94c68ef,ESM-2024-00582,LMS-005583
871f9e08-0b0b-4aed-8b2c-fd935fcf0126,ESM-2024-00583,LMS-005721
e3ae7d7b-527b-4141-94de-29f1e004ad31,ESM-2024-00584,LMS-008116
7328f2b0-c6ee-44a3-b8b0-03afa8e3825b,ESM-2024-00587,LMS-003799
8c5ccf6b-eaf2-4c11-af9c-ca514ace35b9,ESM-2024-00588,LMS-006316
06bacc84-b41f-41f7-a7d4-6a5dfaee9997,ESM-2024-00589,LMS-002023
82992bda-3886-4cba-aa3e-f0e5c9a91cce,ESM-2024-00590,LMS-003166
4664847e-d982-4dfc-aa81-a731cf5f34a7,ESM-2024-00591,LMS-008437
e05fffde-5d44-4091-975c-d0dfa56405d9,ESM-2024-00592,LMS-006313
ee5bfd2e-3ca7-47ae-9499-909b238dd67e,ESM-2024-00593,LMS-003704
b4ea5be9-f001-4c62-9e0a-d82f5215bf78,ESM-2024-00594,LMS-008490
f1103d59-8e39-4251-a31a-71c09f58ab9d,ESM-2024-00595,LMS-003487
f7470b83-de1b-4720-a3f3-5080def0b607,ESM-2024-00596,LMS-008552
62fc174f-7a75-4085-b359-5c6459398b20,ESM-2024-00598,LMS-006127
b545f1a0-1cb7-4d31-9767-73fff0e5be3b,ESM-2024-00599,LMS-007532
32114edf-c9c7-4ada-b9d2-5a64a0b3203b,ESM-2024-00600,LMS-001563
3acfbab4-f62a-4d0c-b09c-f000956f47f6,ESM-2024-00601,LMS-000633
77209600-df66-49bd-9b30-e93dbf898218,ESM-2024-00602,LMS-001733
22bbcc1e-420c-4366-8f54-91b2fa2bb3ac,ESM-2024-00603,LMS-007736
0e7c6fd2-f374-4c93-aeca-806afd6e040f,ESM-2024-00604,LMS-002209
a82e2358-1af2-4eca-bc52-a4aaa7e213a8,ESM-2024-00605,LMS-008071
154f7dd8-5005-4e41-ba6b-44eb505df423,ESM-2024-00606,LMS-000136
02201a41-bbd4-4b40-b129-31319c835562,ESM-2024-00609,LMS-001138
e98593d6-e86b-4882-bda1-68cd6e5df826,ESM-2024-00610,LMS-002633
407b2efb-e741-4334-a896-d291a6ee2204,ESM-2024-00611,LMS-001528
14f1e127-fcc4-437e-803a-f2cbd84ba882,ESM-2024-00612,LMS-001275
b70e233d-a375-4089-abe4-336018feaac0,ESM-2024-00613,LMS-004211
0cf3ef03-23b1-4699-b828-cdb32df195fb,ESM-2024-00614,LMS-002656
5ec3dc80-7c58-4882-b003-73ec1879244d,ESM-2024-00615,LMS-005919
e22baca8-ab2c-43cb-9f5d-331d2d01bc49,ESM-2024-00616,LMS-001158
1f8fe570-1b19-4b92-b112-bc32870dc2a6,ESM-2024-00617,LMS-001296
dc419aea-309f-45d5-873d-6bd1bc8fcb57,ESM-2024-00618,LMS-003156
2d9797f7-48fa-4c09-bf2b-173667d3c850,ESM-2024-00619,LMS-005112
33baba6c-8cdb-41d8-9ecc-d70f778b12e0,ESM-2024-00620,LMS-006473
51d3efb9-e78f-45eb-9c75-272f1ed65558,ESM-2024-00622,LMS-006168
dc78a9f7-f5d4-4efe-8245-943f9d3053a0,ESM-2024-00623,LMS-008721
edaa2993-5cd8-4e5e-a03b-08d1bb17330b,ESM-2024-00624,LMS-001998
46867d8a-1040-436e-8f60-73f3353f088b,ESM-2024-00625,LMS-005567
af9578b5-ac10-4792-a4b4-8a1e7224ab39,ESM-2024-00626,LMS-000532
a04aba66-07b6-48d0-b7db-4dc432bd63a4,ESM-2024-00627,LMS-004610
57a66981-3279-45e5-8924-dbd0bba1a116,ESM-2024-00628,LMS-003776
bd561913-90e9-4374-9754-9dfb27dc115c,ESM-2024-00629,LMS-005906
a8733e65-cfc9-4bdd-9efb-19eab1a83f84,ESM-2024-00630,LMS-000634
b2dc2afa-bd5f-4398-be5d-14fa98f7a107,ESM-2024-00631,LMS-000611
ac8b8998-f154-4096-bbe2-86eff9edb986,ESM-2024-00632,LMS-002909
8a749ade-0d56-4c32-9ed9-1916840f7159,ESM-2024-00633,LMS-002684
5b823e1a-f7a9-4323-8f95-5423d7f49b05,ESM-2024-00634,LMS-009147
be95046d-4218-46a1-af81-4aeea0097ab9,ESM-2024-00635,LMS-001756
c508a515-117a-434e-9a51-4939fdffceda,ESM-2024-00636,LMS-003600
bed15a49-4626-4a0b-83d5-731180ad306d,ESM-2024-00637,LMS-004996
bdb3c3b4-3dc1-45db-99c3-07e473843c6b,ESM-2024-00638,LMS-008019
b57616f2-a979-4741-a6bc-52702e6d4c54,ESM-2024-00639,LMS-006078
611e20fb-a335-40a4-b4cb-3b507200cc7e,ESM-2024-00640,LMS-001234
cf0895f8-1999-434e-8fd4-99cfa7aaf0e7,ESM-2024-00641,LMS-003806
d2d667e6-e901-44cb-aa05-1b1a207361b3,ESM-2024-00642,LMS-008826
4812fd04-4fa4-425c-b19c-e0501d9a7a0c,ESM-2024-00643,LMS-004439
ec8fcb58-8d08-4b00-a78c-a7daa41c98c8,ESM-2024-00644,LMS-005325
d6ee02e3-88bc-4081-99c8-53142c83ce14,ESM-2024-00645,LMS-002084
8faffe08-e6db-45c3-acb3-a65d84835c6b,ESM-2024-00646,LMS-009062
b5ad8886-c469-4df1-8906-84da990f053e,ESM-2024-00647,LMS-000705
703c9756-d12e-48ac-aa63-c87310cb81f9,ESM-2024-00648,LMS-002170
82344d7e-7034-4c29-9589-eb15a11a6164,ESM-2024-00649,LMS-008495
bb5bec4c-ba12-476f-8dd3-a352dd9fe63b,ESM-2024-00650,LMS-001923
ae8f51c0-8e87-4d24-89cd-1b82f899552d,ESM-2024-00651,LMS-004997
3b19fbac-90bd-4c76-9a0b-db8265da6d32,ESM-2024-00652,LMS-005655
02254d68-13db-43a3-9bcb-a257b1599638,ESM-2024-00654,LMS-007338
e75cc86d-d556-4e84-a81d-a9f123d75965,ESM-2024-00655,LMS-008109
874d4fee-94cf-4de6-9330-95d6a8e504dd,ESM-2024-00657,LMS-004584
5f6e7af0-bacb-4c34-abbf-50208f2354ea,ESM-2024-00658,LMS-003472
373bbb74-404f-4571-98fd-946159bd13ae,ESM-2024-00659,LMS-002659
d1709665-3729-4a13-b8f0-8eb28b178096,ESM-2024-00660,LMS-000173
983e7b57-a133-4233-b575-78be27d9c66d,ESM-2024-00662,LMS-000706
a90ff8f6-8c1e-40c8-a6a3-3f09f9fc9476,ESM-2024-00663,LMS-007651
26fe1165-6c54-44df-9978-f40b5dd2d0de,ESM-2024-00664,LMS-000757
0404b973-a28d-4b69-a40a-685ce1df8226,ESM-2024-00665,LMS-000600
e723029b-3b60-4f50-842f-716085ddeca2,ESM-2024-00666,LMS-001448
f8a748e8-0e89-4ea4-8159-3190441121bf,ESM-2024-00667,LMS-005274
aa53d625-036d-47c7-b68e-8dcdcdbc4e40,ESM-2024-00668,LMS-002120
d150fccd-ebbe-404d-81a1-33b19a6a17a4,ESM-2024-00669,LMS-001970
40d4e123-5477-40c1-a643-ac45bc0aacd9,ESM-2024-00670,LMS-008228
148b145a-803d-40a2-a1da-00aca1013acb,ESM-2024-00671,LMS-002911
4c3e7d97-068b-4041-9a44-ec62cbfde5df,ESM-2024-00672,LMS-003956
60f453a5-6368-4923-b6c8-0d52b7c7fd28,ESM-2024-00673,LMS-000284
c3f88641-9885-4fb9-a882-994a6661e5f6,ESM-2024-00674,LMS-007554
c15d9576-a7da-457b-a4e3-0d3ca946dcf3,ESM-2024-00675,LMS-007097
f376a8f9-6c8e-4007-98bf-ada88a8fdc7c,ESM-2024-00677,LMS-003233
9cdd2c8e-14f2-449b-a705-16e0de9f50b9,ESM-2024-00678,LMS-008143
00905cbb-df74-4076-807d-c557fa09dd41,ESM-2024-00679,LMS-005298
6562637c-ec20-4a2c-91fb-f93ef5c1f70f,ESM-2024-00680,LMS-005432
2f2ec52b-c7a2-40db-9ea3-66844f582292,ESM-2024-00682,LMS-001692
f0cd2904-cb59-4124-866f-49bbe4d66fc9,ESM-2024-00683,LMS-001847
83e8b7aa-6fea-4e48-b54d-47c99ede20c3,ESM-2024-00684,LMS-003733
3a3c6f29-0c45-4436-b829-16360129e766,ESM-2024-00685,LMS-004989
c150e54f-4a29-4187-be87-5fd58b17a9bd,ESM-2024-00686,LMS-002045
9272e349-9453-430a-88fe-acf36c0b7ffd,ESM-2024-00687,LMS-008216
27ca75f7-dde3-4785-aad9-ab78ab5b3606,ESM-2024-00688,LMS-004708
f0e44c10-4586-47cd-8c41-8bac9a42e7c3,ESM-2024-00689,LMS-006506
3d19ba36-d0fb-41c8-a8f2-c75c1773d5c7,ESM-2024-00690,LMS-004466
a894b393-be06-4a59-b239-2339af2dde97,ESM-2024-00691,LMS-005882
353cb4c1-d874-44aa-9054-7ddd16eb84c7,ESM-2024-00692,LMS-001696
31a9602f-140a-4a4b-bcb6-39b2468f1bbd,ESM-2024-00693,LMS-007010
8d032e29-d771-4538-af69-4a6924cbbc42,ESM-2024-00694,LMS-008510
3cdfdc97-9639-4c03-841b-019f560269e1,ESM-2024-00695,LMS-004794
f2aabadc-73e8-4894-94ec-c8969c12a640,ESM-2024-00696,LMS-008924
14dc5a05-5405-4fa1-9404-f5c68dcc00ad,ESM-2024-00698,LMS-000386
640407c7-5a0d-4e7f-bd0d-36b08a437692,ESM-2024-00699,LMS-004373
d6087fa7-27a6-4a3a-ba1a-fb202954dfef,ESM-2024-00700,LMS-006511
c7632b83-ec70-4fe1-bce2-b500f77ca1dc,ESM-2024-00701,LMS-002610
dbdee77c-e06e-44a3-a345-2641ca8682d9,ESM-2024-00702,LMS-007428
af0e4b01-7934-44bd-b862-143e6165a2a8,ESM-2024-00703,LMS-007601
b961e837-cc46-4951-94e5-55ccfa16b553,ESM-2024-00704,LMS-009048
cba3b1e1-b71a-4f23-97af-f8c48a343a04,ESM-2024-00706,LMS-004464
90f66f98-6136-457d-807a-07827534d926,ESM-2024-00707,LMS-004286
c684a38e-85fc-43e6-868d-253569fcda89,ESM-2024-00709,LMS-008679
df918915-ad1b-4684-ae81-c2ee021b07a4,ESM-2024-00710,LMS-007326
c412abbc-fc82-4b06-a6ad-2d5e8ca9666e,ESM-2024-00712,LMS-008358
e95c15dc-d9e9-4ac2-ac75-92d0607b360b,ESM-2024-00713,LMS-004060
50abe7f6-434d-4daa-9b43-0a10fc880bf0,ESM-2024-00714,LMS-003503
c7da7611-d754-48ef-82e4-30cc11ab182a,ESM-2024-00715,LMS-008188
055cd52d-5c2b-438f-a501-d46646911748,ESM-2024-00716,LMS-003250
8313266d-5b09-43a1-bced-d63f272ac907,ESM-2024-00717,LMS-002195
4ffe1f86-8c29-4320-9fd1-24ec4c9fdcba,ESM-2024-00718,LMS-006980
924edd6e-d8fd-47bb-b179-970cd18010b7,ESM-2024-00719,LMS-001173
a130129a-86e2-4951-b939-d48fd6ef1f3b,ESM-2024-00720,LMS-001006
939e1d63-32c5-4285-ad0f-9e8ce48cc018,ESM-2024-00721,LMS-007429
b534109e-244c-4ffc-8600-fe387577c004,ESM-2024-00722,LMS-009344
aa82d357-cb01-4bb5-8793-479e9724829a,ESM-2024-00723,LMS-007882
3adc39ad-aab2-45f0-80b0-b21536752f18,ESM-2024-00724,LMS-005185
b65a9c51-4904-4cd9-9429-4806266561e9,ESM-2024-00725,LMS-004479
2927d3a3-107b-412a-a8d8-cced15b851a4,ESM-2024-00726,LMS-007395
f5ab35ad-d792-480d-8ae3-23b5b9b91437,ESM-2024-00727,LMS-005025
36ef0bc4-84f3-422c-8ed3-3b16a478b99e,ESM-2024-00728,LMS-007408
62add1ea-7bce-4131-892f-199cef872dc4,ESM-2024-00729,LMS-007846
b45556dc-0239-46e4-827d-eaf8e277b847,ESM-2024-00730,LMS-005934
3a9d6fea-6fa2-4d26-b776-aa37b36c3077,ESM-2024-00731,LMS-008337
eec7391d-be93-4b1c-9240-2f22a8838f45,ESM-2024-00732,LMS-003100
79e0364d-0094-4619-b59c-3cf56db33120,ESM-2024-00733,LMS-005497
de5a0057-a155-44b0-8bc5-2b76b31cb8ce,ESM-2024-00734,LMS-007605
e80864ca-b750-4df3-942c-d69ef8e7ae9a,ESM-2024-00735,LMS-006909
74338749-eb94-4bc5-8709-227a105ef6f7,ESM-2024-00736,LMS-005311
c4d75bad-0939-463c-8624-1f1ff553e245,ESM-2024-00737,LMS-006422
a488fc32-614e-4b9a-96e8-7adecbe3ff89,ESM-2024-00738,LMS-007099
aacf8541-03c4-48d2-b3d5-60c0f5cd8cca,ESM-2024-00739,LMS-008422
328575f6-7d74-4b9b-bbc9-5ae67d6dccfe,ESM-2024-00741,LMS-000493
267dd6ad-95d6-4472-8882-27497f2b23a6,ESM-2024-00742,LMS-003557
3a9a7e21-1677-4585-bd2f-5eae2fe3dd45,ESM-2024-00743,LMS-000868
78b9937c-2300-4f48-8f70-6d1cdf351090,ESM-2024-00744,LMS-000484
b53c4a3f-c865-4faf-8b3c-2ca96319e1ff,ESM-2024-00747,LMS-003273
004eccb1-ffab-4526-ad97-2c6e03e2c42d,ESM-2024-00748,LMS-002476
485c3525-0940-42e9-9a23-272ba18576bd,ESM-2024-00749,LMS-006002
9e1d4a68-3b3f-4a4b-948a-6490d2a6ed83,ESM-2024-00750,LMS-000263
b98b9c22-82fc-4479-9fad-544ca64674ab,ESM-2024-00751,LMS-002071
be997f79-34de-497f-bf7e-19712a1fd205,ESM-2024-00752,LMS-007176
4cd84224-37bf-4c92-9e81-b5d7a1eed81a,ESM-2024-00753,LMS-007278
c09d7b9a-c021-4879-8e56-aea744dca0e1,ESM-2024-00754,LMS-001340
07c284bf-0d0a-4b71-aab6-9907a2207227,ESM-2024-00756,LMS-003549
914e131a-d035-46a0-a3df-daeb26e41656,ESM-2024-00757,LMS-002596
baa690ea-ba40-48c3-a6f8-1aec95495ee9,ESM-2024-00758,LMS-007989
c84341d3-dfbf-4a34-836b-29d74357a3a8,ESM-2024-00759,LMS-006720
538fb86d-a707-4835-9410-463422b40806,ESM-2024-00760,LMS-004304
0e0a90ae-9664-478b-9697-d8c46f242519,ESM-2024-00761,LMS-008390
6644111a-a322-4b7b-bcfb-91379a58f7c1,ESM-2024-00762,LMS-007938
404bf46f-b205-4504-acef-0b0a01a6446b,ESM-2024-00763,LMS-008739
e31eab85-3505-4c6b-97ec-e8e7d9d9f1b7,ESM-2024-00764,LMS-007876
88dc0253-13aa-4697-971a-9ab5a07d93b0,ESM-2024-00766,LMS-004920
c2300e3e-5677-43fd-89dc-d18402bd3cc4,ESM-2024-00767,LMS-004287
cfeb791c-e07b-4b98-8784-0c31574f2e5e,ESM-2024-00768,LMS-007374
581ca33c-74d6-4ec8-bc9f-2ecb2def066f,ESM-2024-00769,LMS-000435
6f0cc47b-94a1-421e-b223-ac4a94295b28,ESM-2024-00770,LMS-007052
4cdf9c21-24b1-47d3-9ef2-98c3cee6904d,ESM-2024-00771,LMS-002724
f66176a1-012a-4dec-90e8-3929e31383b0,ESM-2024-00772,LMS-007551
2fe990d9-f9cb-446b-96af-8d58655db9ce,ESM-2024-00773,LMS-008778
2a503eaf-c8fd-4501-acb0-d922ae02452b,ESM-2024-00774,LMS-001481
258d406c-a979-4073-bb45-db084993697a,ESM-2024-00775,LMS-008693
9dbc2878-e070-43f3-a52c-58ba41a8b910,ESM-2024-00776,LMS-000887
0831dae7-e7d3-49bb-8a30-31a0ab76636b,ESM-2024-00777,LMS-004430
1cdaf285-1cb0-41e9-b590-ee7f2f2c5f1c,ESM-2024-00778,LMS-007410
bfefd044-20f2-4ceb-b0b2-9b62167e8814,ESM-2024-00779,LMS-004099
5fbc9ee6-3341-4c4e-9950-554fad6ec409,ESM-2024-00780,LMS-006512
cfa8ed3f-e63c-498e-ac11-4b3caa40238c,ESM-2024-00781,LMS-001918
1b1e5d76-af1e-4d6d-afc7-5dda935143d7,ESM-2024-00782,LMS-000152
9379faef-4da0-41e1-a135-eb4394f7473c,ESM-2024-00783,LMS-007447
5ca89997-2f2d-4edd-834e-294570c28d9d,ESM-2024-00785,LMS-000067
fdcec070-c900-478c-b073-09012fd946c0,ESM-2024-00786,LMS-004410
635c966c-eb55-4a97-a207-481daa1ea086,ESM-2024-00787,LMS-001708
f0acf2d1-4a95-4402-b3e6-3ab071dc411c,ESM-2024-00788,LMS-001742
71ea1b9a-31a6-4af7-a1ed-4d4eae7e26e7,ESM-2024-00789,LMS-004189
588aa461-bec7-43be-a807-88eee6d7aa17,ESM-2024-00790,LMS-007296
78687d48-84cd-47c0-b6a5-1b9b667bb55c,ESM-2024-00791,LMS-007301
370fa5dd-d422-4e46-85da-4f39cb236fae,ESM-2024-00792,LMS-002044
9833e0a3-57ab-41c8-ab63-5fa78a031079,ESM-2024-00793,LMS-008878
16dc3871-43fa-42d4-9dbe-cfa43aeb76a2,ESM-2024-00794,LMS-003843
b456f454-180f-4e95-8c33-3c65d5b3daeb,ESM-2024-00795,LMS-002178
231a9812-ff0f-47b5-9875-573a4befec0e,ESM-2024-00797,LMS-001813
e34ce647-a421-49ae-9d4d-701e25d5f9ad,ESM-2024-00798,LMS-000358
ed3e8d6c-ecbf-4e89-8f49-6a9860e0a903,ESM-2024-00800,LMS-004255
a2f6c0fd-4458-4db2-958d-e4f8359f3509,ESM-2024-00801,LMS-003391
f799e114-372f-4a7c-aea0-75877776c39d,ESM-2024-00802,LMS-005777
3e48509c-9a73-465b-adae-787864673fff,ESM-2024-00803,LMS-006026
c07c791e-9a5f-4329-9c93-1e86a9833b8e,ESM-2024-00804,LMS-002379
5ac3e71b-95fc-4773-b35a-34b74d9e63bc,ESM-2024-00805,LMS-007040
95525c4c-4629-45fd-a686-eb31c867ca78,ESM-2024-00806,LMS-000326
5001595d-b89b-43ea-a91e-21fbea07d05a,ESM-2024-00807,LMS-001402
9d30ba27-c55d-4b92-a1be-494de51b6005,ESM-2024-00808,LMS-007650
108efc06-6429-498b-b381-d56bdce0b095,ESM-2024-00809,LMS-006370
529e63f6-c53a-483f-b803-4b441db3b603,ESM-2024-00810,LMS-006159
546c012e-9382-4a29-bb77-3a983bc491f1,ESM-2024-00811,LMS-005917
8ad40e7f-fa9f-4f66-9ac6-e25cea8737c0,ESM-2024-00812,LMS-008140
f668e1b1-f0b2-4580-af76-9c674e3b9924,ESM-2024-00813,LMS-000598
b1e715a2-7bee-44f8-84b7-055770ee7f79,ESM-2024-00814,LMS-000364
012a3ef8-7516-4cc8-a75a-d1e8757db037,ESM-2024-00815,LMS-003083
00038861-d900-4778-881f-d7d9fe3bb312,ESM-2024-00817,LMS-001844
f75fa0b1-6bc2-49ae-9073-81eba645df3c,ESM-2024-00818,LMS-007328
b3b4d951-a0a6-4412-bc50-1df6257ae012,ESM-2024-00819,LMS-009425
6abcc401-7cc8-45b3-8739-6466a5b184e6,ESM-2024-00820,LMS-000696
19c460f0-359c-4859-b7d1-2c262a77e9b7,ESM-2024-00821,LMS-004173
2b780583-d980-4c0e-b2a2-fa96509b6491,ESM-2024-00822,LMS-004860
d8f70292-f3df-447e-9aeb-de89540921d4,ESM-2024-00823,LMS-007437
bb4ea11c-0f97-4d62-8667-4c448038b2e1,ESM-2024-00824,LMS-005421
f947faeb-9a08-4ec3-906e-4fe48a517705,ESM-2024-00825,LMS-008940
1f30f482-633b-4df7-9cfb-5ff8a8d7107e,ESM-2024-00826,LMS-005002
68045950-3652-4732-b668-106b3f074137,ESM-2024-00827,LMS-008357
20c97026-d4cb-44f4-845f-e06d0dda0b80,ESM-2024-00828,LMS-006944
39b2ffab-1916-43fb-87e3-64de07d7b8eb,ESM-2024-00829,LMS-003213
4baa9610-a4c6-4a01-96dd-c9eeb59c73d5,ESM-2024-00830,LMS-001498
bada6fc6-d1c3-45a9-8491-4e323dcaf711,ESM-2024-00831,LMS-009019
830a060e-1b7d-4f31-ba84-c462dcda9198,ESM-2024-00832,LMS-007836
9652bf3f-06a8-4faf-bec2-5e153251dff5,ESM-2024-00834,LMS-008971
5c2c5a53-bf2f-4aa6-8674-fb06f8bea938,ESM-2024-00835,LMS-009011
6bbabe22-29d9-4eb7-addc-4084b84e5b2e,ESM-2024-00836,LMS-003821
462c5336-6e7c-4c07-aae9-2dcaa5a2a0f8,ESM-2024-00837,LMS-007432
581e4aa6-3ee2-4b0e-a5b5-82bd7471a5b5,ESM-2024-00838,LMS-001735
ac23e45c-0394-4b4e-a458-bcf7ec13a735,ESM-2024-00839,LMS-006773
12437bfb-a373-4874-ba60-3d519df93c54,ESM-2024-00840,LMS-004634
3549da1f-c19b-4fb0-9bf6-13219477c6f9,ESM-2024-00841,LMS-003574
0d108ccd-ee20-499e-a7f6-088f9755a1b1,ESM-2024-00842,LMS-006216
6fc9182b-fcdd-4615-8d68-ba7ae8ec6d00,ESM-2024-00843,LMS-007768
f92be969-528a-44b4-8305-6e632f839811,ESM-2024-00844,LMS-003255
b6f69b65-e76e-40fe-8c21-36f93603994b,ESM-2024-00845,LMS-005359
43b34e40-0520-4630-a049-c441c0c90f8b,ESM-2024-00846,LMS-005288
7486ee0f-c9de-4bf2-876a-aaf23a535c6b,ESM-2024-00847,LMS-007780
bd094631-b637-4c6a-8ec0-4c6c9354e62c,ESM-2024-00848,LMS-000829
a7fa9c58-6dd5-4b5c-806e-33cfc7a7c8fa,ESM-2024-00849,LMS-002965
5ac7ef5b-b879-4e65-b3be-b24f09df86df,ESM-2024-00850,LMS-004761
b139f7b9-8fd8-47e5-a650-5b8071d44785,ESM-2024-00852,LMS-001877
e87942e7-29c5-41cc-a157-aaea8aa71c45,ESM-2024-00853,LMS-005195
3a678cfa-7dea-4d43-bc3f-f1a554702bdd,ESM-2024-00854,LMS-001345
22e22a34-420f-4c9d-a83e-c20d16d957f2,ESM-2024-00855,LMS-002367
37635ef9-c5d5-484d-bcde-71646cdce9af,ESM-2024-00856,LMS-001221
8f72441e-a69d-4af2-9079-35c53204d593,ESM-2024-00857,LMS-000691
72873026-d57d-4004-954a-e84618f08052,ESM-2024-00860,LMS-002527
ec44a3c4-e53e-491c-9c82-04752952afaf,ESM-2024-00862,LMS-008877
4cfb0183-66c5-4e77-9a15-c850f9c63fb0,ESM-2024-00863,LMS-006975
c6c5709b-bbf8-4baf-b955-ae3bcb8a9d3b,ESM-2024-00864,LMS-009151
f5b1bac8-a6e2-421a-9716-38b477361737,ESM-2024-00865,LMS-009246
e628837c-f8a0-4b96-9ade-5e1ce5888f14,ESM-2024-00866,LMS-002400
5f4631d1-e03b-4d0d-933b-9aba6fb62822,ESM-2024-00867,LMS-004843
af5318e9-b468-4071-b564-abfa6f6a216f,ESM-2024-00869,LMS-002040
7b4822ec-656b-401d-b166-a8739f3b3382,ESM-2024-00870,LMS-007515
16ed20ce-4276-4ce6-93c2-9a0e66fadd10,ESM-2024-00871,LMS-001163
4b2a23b3-0287-445d-a529-62bb0195b236,ESM-2024-00872,LMS-007536
01e52b84-af87-4c90-adda-326e98a51125,ESM-2024-00873,LMS-005810
188d97c7-d10b-4abf-856f-785fc9590ff9,ESM-2024-00875,LMS-005986
67f1c571-9d65-4116-bacb-dca48d45a5cc,ESM-2024-00876,LMS-006064
94e446f7-20f8-4751-9d74-0f16f88c2ec2,ESM-2024-00877,LMS-005168
e7cdc423-54a8-4d24-a0b3-ddea6023e3d4,ESM-2024-00878,LMS-002552
8367f02f-0bc0-4004-af73-fd36e8aeb7b3,ESM-2024-00879,LMS-007850
db547cbf-a1d4-4878-a3a7-4ecd9815158f,ESM-2024-00880,LMS-007569
b5664d36-c539-4e6f-9014-81d338b7e5ce,ESM-2024-00881,LMS-001338
04527f50-18a7-4491-a274-490ee1f65a6d,ESM-2024-00882,LMS-000557
93f91117-5ada-4cbe-8f20-601a7066a16b,ESM-2024-00883,LMS-002722
9d945073-4741-4912-8b3d-2f26d2a03fb5,ESM-2024-00884,LMS-008055
e79c4b3a-6fd7-4eed-966a-951e1e6386c3,ESM-2024-00886,LMS-007412
8f21291c-b7bd-42d5-a69b-8d2d90a9ce87,ESM-2024-00887,LMS-000544
93b25af5-5041-4f63-be0c-3b6220728355,ESM-2024-00888,LMS-004629
64c37e2f-aa90-4b52-b3c3-91484382852e,ESM-2024-00889,LMS-002063
a2337e36-62b8-4f55-ae94-a67a0c2b94d4,ESM-2024-00890,LMS-003201
87c59367-8412-4890-9ad9-9ace72c13f49,ESM-2024-00891,LMS-003612
383346af-abfc-4331-a242-34074fa7b0d5,ESM-2024-00892,LMS-009450
e09d5d47-d07d-4863-b6a6-37043a155400,ESM-2024-00894,LMS-006849
1a3b0ad6-8dc8-4153-b74b-5357068455d2,ESM-2024-00895,LMS-004127
108d81bd-ceff-4226-9507-9a3ce5e06f08,ESM-2024-00896,LMS-000149
7a0587a1-eb92-4de2-b963-d1fd78780bec,ESM-2024-00897,LMS-002540
d6ffccab-af51-4fb5-9f06-63a34a663995,ESM-2024-00898,LMS-002513
ca3b182f-4501-4fba-bb6a-9d22c8e341e6,ESM-2024-00899,LMS-008060
7fc496fc-b327-437b-9411-8a32235c9521,ESM-2024-00900,LMS-000176
20989b47-0e93-4510-ac1d-7ffb95fd16cc,ESM-2024-00901,LMS-000625
774c94eb-462a-4ada-9db6-70fc01cf0697,ESM-2024-00903,LMS-008146
3f038942-d213-4c0f-8b72-c61c8b726cea,ESM-2024-00904,LMS-008425
19b807dc-0b7e-4d4a-bb55-8e4bb3dc07ec,ESM-2024-00905,LMS-001569
8d5b808a-dc79-4c0f-86f9-5be9e3698051,ESM-2024-00906,LMS-007885
c8296c3b-7c9e-459b-9dca-2d8ee56cd9f2,ESM-2024-00907,LMS-009072
4a7de2ee-af1a-41cb-86cc-31f5e91d3768,ESM-2024-00909,LMS-006623
6cfdbeec-d2c3-4519-89c5-7518ed578301,ESM-2024-00910,LMS-003848
4d617e2c-ec0d-4b2d-b22c-46075595237c,ESM-2024-00911,LMS-000831
ab46f857-cdaf-4f6a-8cfe-ba3fbdb6603e,ESM-2024-00912,LMS-003421
f16f2392-505a-448f-afaf-b3f8f3d35fb4,ESM-2024-00913,LMS-001009
d4a6c78d-e2bc-4aaf-9ce7-72ceff9485a8,ESM-2024-00914,LMS-000245
27b460b3-787a-459e-9400-d47d34d2f204,ESM-2024-00915,LMS-008034
0b257067-e514-452d-8f71-81798256890c,ESM-2024-00916,LMS-002351
6f60e627-77b0-4465-b800-257c92945316,ESM-2024-00917,LMS-000447
7073f5aa-d31f-4b87-b582-95d34af32536,ESM-2024-00918,LMS-005836
66dc3edd-b7c0-4b92-a696-d50af33d6812,ESM-2024-00919,LMS-002608
601979c9-0c5d-44de-ad10-315f09909b8a,ESM-2024-00920,LMS-006605
752f16aa-8cbc-4c60-8a90-6d4bb7b20590,ESM-2024-00921,LMS-006544
75c27433-f403-4e8a-8d07-214a68f3016d,ESM-2024-00922,LMS-007800
da027845-7bc5-4d6d-a3ac-8cec5533dfc2,ESM-2024-00923,LMS-007776
7e20bce7-770c-458f-b820-6b700eaefafc,ESM-2024-00924,LMS-003711
df649b79-35cc-4774-a920-61a12d8c34b1,ESM-2024-00925,LMS-000804
1ed66942-ab14-4fd0-a2b0-c8cab9acad2c,ESM-2024-00926,LMS-003005
235072c3-306a-4af3-abee-ec37005d3a53,ESM-2024-00928,LMS-007561
5722c86f-49fe-4e5f-8b3d-58a7fb4235fd,ESM-2024-00929,LMS-004394
ea4a203d-0691-403e-9804-dba4e0912e0e,ESM-2024-00930,LMS-001992
1ac6c71e-3d8d-4e6d-b93c-686f125bb45b,ESM-2024-00931,LMS-008895
0ff16bd5-7131-43fd-9963-79dfca6fc7f9,ESM-2024-00932,LMS-001052
d5a44ed8-1a9a-4193-89f7-1a86b9981ea5,ESM-2024-00933,LMS-000499
5837a596-3ed5-4f7b-ba13-3df632842247,ESM-2024-00935,LMS-007225
d0a61faa-0ae2-4002-bfc8-4825a128afac,ESM-2024-00936,LMS-009378
e62b4892-ca29-4071-82f0-fbd6f481c23f,ESM-2024-00938,LMS-008517
f5b36abd-1164-455b-ae22-b5c230710e5c,ESM-2024-00939,LMS-003932
6ca7da56-1027-4b7b-badf-9708c692e942,ESM-2024-00941,LMS-009337
2ad88523-8dab-4693-875e-dddd655e421f,ESM-2024-00942,LMS-004474
400ca276-5c77-45f5-ac69-bfbcef722dc3,ESM-2024-00943,LMS-000374
debed031-5f6d-4040-86ae-8e15eae2f005,ESM-2024-00944,LMS-007663
57bb18a3-8525-4a23-9607-0f82fe46432b,ESM-2024-00945,LMS-004682
aa220e44-dae8-490f-b688-16ae93ae22d1,ESM-2024-00946,LMS-008063
d2b8d225-e339-4567-9163-049bdd81e439,ESM-2024-00947,LMS-007591
8bff9fef-4fbb-42d8-905b-91beece84f97,ESM-2024-00948,LMS-008592
84e5a5ad-2b86-496d-9c3c-0052df200b80,ESM-2024-00950,LMS-009385
e10d0259-e564-410c-9a12-3fbde529708b,ESM-2024-00951,LMS-006696
9aa82dc0-939e-4aa3-bea7-98060aa95700,ESM-2024-00952,LMS-001119
85afb45d-6e59-48f7-b2bc-c6432d5bf736,ESM-2024-00953,LMS-000013
d5c6b463-cb19-4ed2-9642-57ebaad2ea4b,ESM-2024-00954,LMS-005410
68ec9dfa-2171-40e2-b9ec-80899a13af46,ESM-2024-00955,LMS-000475
7bfb1211-4242-4b2c-b2b0-507a2f08c8b2,ESM-2024-00956,LMS-004931
62acfceb-95cc-4e91-8255-b1faa4b89dc0,ESM-2024-00957,LMS-008406
0be92c25-2392-425f-b414-6a7274e33977,ESM-2024-00958,LMS-007477
1865cf96-20ad-4fbe-82e8-3b432239a125,ESM-2024-00959,LMS-000853
f485c980-5239-4c10-9333-2e3c2de11502,ESM-2024-00960,LMS-006946
524f6581-1cde-49da-aaeb-4548425409c3,ESM-2024-00961,LMS-000129
aea389cc-f9c0-4c8a-9d54-022578680a9f,ESM-2024-00962,LMS-006530
0c435702-f77c-4bc0-9b01-3a20c3f7ed34,ESM-2024-00963,LMS-008580
2dd6cf7c-f89a-4659-ba77-e3d66f349693,ESM-2024-00964,LMS-007788
fffc60dc-c61f-4e7f-9ec4-8b299df9ad30,ESM-2024-00965,LMS-009341
04ac66b8-4ccf-4098-840c-149d423e3163,ESM-2024-00966,LMS-000586
37f262e4-2566-48c7-92a7-c226504b69fb,ESM-2024-00967,LMS-004029
8df6704e-9024-4b45-bf76-0df94755c137,ESM-2024-00968,LMS-009427
fcf0ba30-fccb-443b-8bda-dd3f7622d5ad,ESM-2024-00969,LMS-006886
c110b2a2-a7ac-4684-b0c0-2b3a15dacd1c,ESM-2024-00970,LMS-002353
c62d5ec3-b18c-4475-86ee-af897ad737b5,ESM-2024-00971,LMS-006830
7cba9414-6ce9-41f8-a4f8-98183b90a702,ESM-2024-00972,LMS-000111
a72888c2-80a8-440f-8e9b-faa5393a17de,ESM-2024-00973,LMS-001180
ea1edb84-77ce-42d3-873a-1116aba5450f,ESM-2024-00974,LMS-001769
d16bc406-0589-4603-a06a-49be0c0b7702,ESM-2024-00975,LMS-008864
282b0b23-0d1c-4114-8cd0-cd5a6447a3da,ESM-2024-00977,LMS-008454
c2110322-3f0b-48b4-a04a-aad354145fe0,ESM-2024-00978,LMS-001994
01f03490-d792-4ad1-a486-ced70ecc9fa4,ESM-2024-00979,LMS-002459
65fafb0a-23b0-44d9-b160-b4a185bec96e,ESM-2024-00980,LMS-007645
889f391f-3265-408d-ae68-b80323a976d1,ESM-2024-00981,LMS-001798
bd4d23ad-32a4-4d4c-8d0b-5a63a4ffc5e0,ESM-2024-00982,LMS-005994
74e6c7e2-6c82-4076-a45f-21dbac30b200,ESM-2024-00983,LMS-007199
381ad7a9-4929-40ed-8cf0-286b3781433a,ESM-2024-00984,LMS-008275
5184e7bf-5e26-4a63-99fd-f422a434f076,ESM-2024-00985,LMS-005196
c828c0ef-3a0f-4cf8-8e73-ccd114117567,ESM-2024-00986,LMS-004668
8e8f58fd-f097-43d0-9303-7af16937b2eb,ESM-2024-00988,LMS-006447
69d6d31e-8d1f-4af9-9b84-baa6d56b4bdd,ESM-2024-00989,LMS-007522
025a5627-595d-4b3b-8733-6f3286ca491a,ESM-2024-00990,LMS-002225
72dde285-9e06-477e-a36e-e7abacf15637,ESM-2024-00991,LMS-001931
f5d56e4c-062b-42c7-a06b-c7fe8a514de2,ESM-2024-00992,LMS-003962
5325ada5-4ece-4000-b940-8f1e5ce75df0,ESM-2024-00993,LMS-005415
c4111c1e-c4f1-4e57-8184-27da70713d5e,ESM-2024-00994,LMS-007930
f0229479-86d1-4910-8959-0cb67f2ad493,ESM-2024-00996,LMS-000171
7606ea63-4189-4e6a-8598-77884091a676,ESM-2024-00997,LMS-005740
f5b4cd68-665a-4f18-a6ab-b53bc9417a3c,ESM-2024-00998,LMS-009168
407fb1f2-ff46-490b-8e47-7a6b2fe9815a,ESM-2024-00999,LMS-002983
54109ada-add2-4628-801e-1ad0caa849cb,ESM-2024-01000,LMS-005707
26989604-ab9e-4207-bd23-039824063558,ESM-2024-01001,LMS-007153
9de42bb0-c5e9-4da9-a07b-040a538a6606,ESM-2024-01002,LMS-008124
89ee0752-e5df-41aa-8a63-28093666790c,ESM-2024-01003,LMS-008336
18956eab-fce4-4689-9b61-541f8e80bbee,ESM-2024-01004,LMS-007668
63ca4d55-519e-4b18-8e04-047156f8c033,ESM-2024-01006,LMS-000206
87185e80-460e-47f5-9e4a-174848335610,ESM-2024-01007,LMS-000690
378c1534-0600-4b2d-93f8-46247f9e3b14,ESM-2024-01008,LMS-007171
75b4d521-1f19-4b14-9c51-4232754b4a6c,ESM-2024-01009,LMS-002762
e6ca5bea-52ec-47c0-9fc9-b343f786daf0,ESM-2024-01010,LMS-004510
10f657e4-e7f7-4183-aea3-676610cb0c77,ESM-2024-01011,LMS-006807
c49594a9-5d20-453d-86ec-cac2564fa628,ESM-2024-01012,LMS-009032
018b7857-6a2a-4b61-8627-56c089746bd2,ESM-2024-01013,LMS-004063
f86b50b9-520f-42de-b192-fc9966156e9d,ESM-2024-01014,LMS-004981
c1d9127b-e35d-4fb9-a817-b088049cf7d6,ESM-2024-01015,LMS-007299
ab6c6b23-15c3-4133-bcdc-d2e3f2d6b75f,ESM-2024-01016,LMS-004995
27520e76-76af-40c7-bbf9-43798eaebf6a,ESM-2024-01017,LMS-002964
8d8b875e-816d-47d6-a4d7-ae91bf5fad79,ESM-2024-01018,LMS-004107
ab9baee1-5ff9-496e-acd9-438e349374e9,ESM-2024-01019,LMS-009211
88400098-c41e-4bdf-9939-d82d357b113a,ESM-2024-01020,LMS-004312
04f4b007-f1f8-41c2-a640-4eceab13917f,ESM-2024-01021,LMS-002288
0dbcc778-a256-4304-a157-9a04bd7637e7,ESM-2024-01022,LMS-003340
7c64ac0b-0f85-43c2-a764-56af90905403,ESM-2024-01023,LMS-004205
9dc2de89-8154-4a56-9b92-513071dc5cb0,ESM-2024-01024,LMS-004713
599d71a8-f61d-4ca2-8e0b-dbcdb586934e,ESM-2024-01025,LMS-007896
b9a3a06f-6308-423d-a974-fb2623a8fc7c,ESM-2024-01027,LMS-002344
5cbb5766-54c2-4450-9a41-86167bb22352,ESM-2024-01028,LMS-000879
ffbcdaa0-d467-4db7-bb2d-a9c8566f3ee3,ESM-2024-01029,LMS-001959
d969ffeb-91a6-4e52-8acd-c9b20b2145bf,ESM-2024-01030,LMS-003345
ca7dde1e-db15-42e9-a682-1d8adcaa315e,ESM-2024-01031,LMS-000251
289f76c1-5997-4e46-9ece-3db15593e347,ESM-2024-01032,LMS-006317
6fdc88f9-0c16-4055-8996-c5df6e5e6bb8,ESM-2024-01033,LMS-006937
f528937d-45bd-4cd9-ab4a-a69cc1950ea9,ESM-2024-01034,LMS-005832
76c8d125-6b76-4491-ad78-d61bc12c9ad6,ESM-2024-01036,LMS-000168
5e160af8-5a9e-4c9a-9cce-c8843ad9c977,ESM-2024-01037,LMS-009093
003a6a88-aad1-48cb-9207-18fdffec929f,ESM-2024-01038,LMS-003670
754ad35e-264b-4eb5-a7f5-e19874b13681,ESM-2024-01039,LMS-001718
049a8a6a-d521-4192-a4b8-d2606d64c80c,ESM-2024-01040,LMS-001500
24114524-4b85-41ed-b5f1-af8dbf9786d6,ESM-2024-01042,LMS-003052
52588702-4fd3-4b1a-86f4-01a8d73dd394,ESM-2024-01043,LMS-003342
cf34c29a-af5a-4586-9691-c9bb025b928b,ESM-2024-01044,LMS-003135
e4e9f6ce-7a7d-41c6-a5ac-9a78cc55e4ca,ESM-2024-01045,LMS-003965
420698cf-8321-4811-aa24-c5c983654cf8,ESM-2024-01046,LMS-006783
7b237391-6279-4eb8-b65e-12d089c2b79c,ESM-2024-01047,LMS-005091
c8e1716b-7ab1-4788-b3e5-d52fc2c27852,ESM-2024-01048,LMS-001725
07aa6b87-ff23-43d3-8645-963f1e11e619,ESM-2024-01049,LMS-000577
e961734d-76d1-43e9-9ed4-103ae7fcb0cf,ESM-2024-01050,LMS-001084
79306a5a-5a0d-4e58-a312-d2c1329e4f1f,ESM-2024-01051,LMS-001264
6a36a372-bbbd-43f2-b8ad-fb22629e6e5f,ESM-2024-01052,LMS-007275
93e226d3-065d-4068-8bc5-349a884ca7af,ESM-2024-01053,LMS-001443
ea2da3e4-a694-48aa-a16b-46d7b3e7301c,ESM-2024-01054,LMS-005229
d829abd7-be5e-4918-8bd6-342f2f66462b,ESM-2024-01055,LMS-004251
b1076fba-e937-497d-9283-6f0edcc379c5,ESM-2024-01056,LMS-005044
c1d8a9bb-6f43-456c-b40c-79edaff7f572,ESM-2024-01058,LMS-001917
4b532436-3435-40c8-883d-efa8fcbb516d,ESM-2024-01059,LMS-003977
807c3780-a74f-427d-9394-cff45491e4f9,ESM-2024-01060,LMS-005613
15859b23-0840-49dd-a14f-d051c5d664fb,ESM-2024-01061,LMS-007333
5ceebc7a-62ca-488b-b521-0b5a162e030d,ESM-2024-01062,LMS-008631
6342e888-9502-4e56-a312-249647bef089,ESM-2024-01063,LMS-007311
e216eff5-2fc5-408b-8c45-9cd9a4caa814,ESM-2024-01064,LMS-005909
eaa95638-84bb-4ad5-98c4-0c1875ec1558,ESM-2024-01065,LMS-003881
1f483138-f66c-4749-8481-e466fffa43e2,ESM-2024-01066,LMS-003032
5fc6f10d-18a3-4895-974c-ed46281fd679,ESM-2024-01067,LMS-008469
d27b657a-54b1-4437-83e2-9db73e90a872,ESM-2024-01068,LMS-002677
60c6ef2b-3328-47e5-8153-1c910b32d8e9,ESM-2024-01069,LMS-000004
eb472b20-37a1-46e7-b682-00c798448d10,ESM-2024-01070,LMS-008392
8b0dc960-8fad-40ec-b146-11055b55d5f2,ESM-2024-01071,LMS-003346
5c8bf718-f54e-4f26-b525-7badec8b8014,ESM-2024-01073,LMS-005524
e527a63c-2389-4cf7-8788-b95c8e01a9c9,ESM-2024-01074,LMS-004753
f50334c0-ef18-4951-a669-2987eabf57c7,ESM-2024-01075,LMS-007848
766ac4e9-540f-46e9-9dde-3a634a2aa784,ESM-2024-01076,LMS-009321
941fd494-772d-4587-98ac-a58dff9a6e28,ESM-2024-01077,LMS-009237
9dc245eb-f43c-4340-9620-d2249eeb9a29,ESM-2024-01078,LMS-001216
6389ea9b-badc-416e-9c81-e9214409287c,ESM-2024-01079,LMS-005215
4aac38d1-9086-4125-ab5f-bc87cb7b6563,ESM-2024-01080,LMS-005476
4c75d977-6af9-462d-898e-a73b29981dbe,ESM-2024-01081,LMS-005046
06164183-cafc-4c92-ba5c-ed05406eaabe,ESM-2024-01082,LMS-000209
99b6aa47-37d2-4995-abe7-6b8be6ca277f,ESM-2024-01083,LMS-008951
b27845f7-6c1c-4a2c-9d88-57b290c71cbc,ESM-2024-01084,LMS-008669
0fa4a22c-0b55-4462-b4ca-30e357bb5588,ESM-2024-01085,LMS-007636
4ae17a05-a500-4d22-9335-f5b2a0a3bd32,ESM-2024-01086,LMS-001377
e9ee5f66-8c10-4929-b434-ebc09bc4834d,ESM-2024-01089,LMS-006283
8e3fd2d7-a348-4b60-b8d9-45c067143ed5,ESM-2024-01090,LMS-007173
a405389f-235b-4fe9-a087-9e9eead65513,ESM-2024-01091,LMS-002936
5dd4b01c-937c-4bdb-af7f-103e3585718f,ESM-2024-01092,LMS-007719
d4b41dfa-6625-41bc-8570-525cf64d475e,ESM-2024-01094,LMS-009313
559a6c33-62bf-4233-9c52-2ae4266f1add,ESM-2024-01095,LMS-008577
73dedbd6-7ae5-4d5d-9bf2-68e8f89f3960,ESM-2024-01096,LMS-008811
5a36e76e-2262-48d9-a465-c42e0cb2b9ae,ESM-2024-01097,LMS-000546
f5cc0c36-e7b6-4ee4-90d3-522b25800283,ESM-2024-01098,LMS-008173
5bed0381-a9f5-47c5-83b4-5772a5982175,ESM-2024-01099,LMS-007442
a84014c2-6651-431f-8d0e-0a65ede8e749,ESM-2024-01100,LMS-007951
0f9fc746-2bf7-4474-8c0e-50bfcc342721,ESM-2024-01101,LMS-007716
b27d7e0a-f474-4ba4-90f7-57943986eb9f,ESM-2024-01102,LMS-001646
6617cc0c-b01c-493f-b5c2-8e20745f10f2,ESM-2024-01103,LMS-002055
bb971bee-7714-4ed5-a2c8-d37bc1343abb,ESM-2024-01104,LMS-003290
df86c27f-1e84-498a-b155-9e82df138022,ESM-2024-01105,LMS-000975
796818a9-ecdd-4090-8ecb-6c1c98e4efa2,ESM-2024-01106,LMS-009426
56a28c95-cb48-4e09-b6d8-e098cb958873,ESM-2024-01107,LMS-000017
cf5bbabc-c493-4616-a8d8-e60cdf9b2b03,ESM-2024-01108,LMS-008727
45cf98d4-24a8-44aa-8aef-2c86f2001f46,ESM-2024-01109,LMS-005544
3768768b-f705-4295-af09-0175cdd25a1d,ESM-2024-01110,LMS-006365
d9f046d8-fbfd-41ad-a35b-efda1400c16e,ESM-2024-01111,LMS-002057
881e3bfc-dbe4-4169-8f16-f2d84f799dd7,ESM-2024-01112,LMS-000208
979c6029-359d-4454-9275-4cfa982a8606,ESM-2024-01113,LMS-007906
ceb96741-129d-4362-aeeb-0f10f5945927,ESM-2024-01114,LMS-000752
8d38d5f9-40fd-4909-a5b5-ca2ed74ed408,ESM-2024-01115,LMS-003539
03e57d3d-265c-4299-a2b1-91b1ffdcea85,ESM-2024-01116,LMS-003669
4717af52-617d-4fe5-bc43-a08d4ff008df,ESM-2024-01117,LMS-005958
39055a14-8520-4441-ac8e-9fe654b2e325,ESM-2024-01118,LMS-001722
a8b1a938-b920-4636-a43e-5ca14207edc6,ESM-2024-01119,LMS-004412
4c4e2f24-6d23-4d8f-b39e-b49706b58d1e,ESM-2024-01121,LMS-003268
c894e28a-abe4-49a4-9b9a-25a1f8dd4a21,ESM-2024-01122,LMS-004224
b1cc57bb-3abb-4fe2-8636-0efa1f09fbda,ESM-2024-01123,LMS-003365
6f04161b-45a9-4d36-aaca-a5d42da7c77f,ESM-2024-01124,LMS-009428
40db5807-4939-4a6e-b998-1224555f2d87,ESM-2024-01125,LMS-004587
5410f6cd-b685-417f-9ee2-46ee964d2792,ESM-2024-01126,LMS-004465
012e114b-3296-4e30-a2a0-50acc0549e6e,ESM-2024-01127,LMS-002392
554c517b-76f4-41a5-aff9-008327f09a2e,ESM-2024-01128,LMS-008388
2dbbc738-d210-463b-aa2e-83a635cb6043,ESM-2024-01129,LMS-009058
99eea1a8-f851-4e42-90d5-b16448ad62f5,ESM-2024-01130,LMS-001654
6376bcea-216a-4181-b36a-d7730ddcde0e,ESM-2024-01132,LMS-005554
defed8e6-b2e3-4177-bcac-a1f84081efb9,ESM-2024-01133,LMS-005737
1cbe8399-9a66-4b4e-9354-9eac947b2da7,ESM-2024-01134,LMS-003339
775559de-78cd-47b6-bc59-129e44b0c5ea,ESM-2024-01135,LMS-005752
ccb54e0a-0166-4108-9da5-e398b53ffe8e,ESM-2024-01136,LMS-001689
a54f8655-7335-4fc2-80a2-2d8fb08636e0,ESM-2024-01138,LMS-005562
6c57b66e-327f-4e76-95d8-dacb6750cdde,ESM-2024-01139,LMS-001663
682ecb69-aba2-4321-aa2b-0d1e8b59146a,ESM-2024-01140,LMS-008339
ab0e30f7-7707-4359-9204-4aebe81683f5,ESM-2024-01141,LMS-009289
2319b3cb-8a87-4b3b-a26a-550b8a780dfe,ESM-2024-01142,LMS-001610
485567ff-562b-4728-8b3e-5f41a4e11203,ESM-2024-01143,LMS-000420
427eb5f7-46be-4257-b4f8-81bae9deb7a1,ESM-2024-01144,LMS-004090
6f99bcd0-ecb5-4ebd-9a94-8925170fee11,ESM-2024-01145,LMS-003008
a4c00c93-aac1-4de8-825d-eac570ca57f0,ESM-2024-01146,LMS-001327
1f048249-292d-4fd1-bdf9-be339f2245a0,ESM-2024-01147,LMS-000194
5c0b01d2-9ea4-499b-bf71-ab1e09e3a945,ESM-2024-01148,LMS-003571
bf0936f7-e060-46ed-b520-8167ab02f5bb,ESM-2024-01149,LMS-005277
c32cf5db-2fd3-4d49-9062-ea296f43e4b9,ESM-2024-01150,LMS-006586
f6a003cc-d695-4acb-9ad7-ca96235ef8d7,ESM-2024-01151,LMS-008069
d1af4165-2a81-4add-85c6-8f901f469e84,ESM-2024-01152,LMS-004137
f1056668-c389-407f-94e1-7a2716d066f8,ESM-2024-01153,LMS-004973
f81d09a7-d84f-43cb-9e33-3c3ad8d9548e,ESM-2024-01154,LMS-009335
6cb668a6-dcf8-4bf6-914f-eb4cdb241983,ESM-2024-01155,LMS-005954
3d956568-c8a7-4cd1-a1c7-5cae74a0b8b9,ESM-2024-01156,LMS-006781
71b95741-d487-4090-acb1-3456666a139f,ESM-2024-01157,LMS-008160
411df7d1-3b41-44cc-aecb-f819d8e1af9c,ESM-2024-01159,LMS-008529
a368c0c1-ca38-4d76-a758-fbe0276d672d,ESM-2024-01161,LMS-008851
df0fbd55-36c7-4b64-9070-8f1858a81e91,ESM-2024-01162,LMS-001919
8b8ad1b5-1137-4380-929b-e532ec2c88e4,ESM-2024-01163,LMS-007590
8c7f1ec8-aefe-4373-9e81-c705223728e8,ESM-2024-01164,LMS-003444
fd2d7743-5183-4efb-a934-180aafc34f36,ESM-2024-01165,LMS-007224
1fa0e76f-fdc4-461f-a651-31fcb7ed4ba1,ESM-2024-01166,LMS-004998
259334b0-1c0c-45cb-875f-e11f00a1f5b4,ESM-2024-01167,LMS-001444
d1f5ff1f-0773-4721-9b66-caff2ed4e3d4,ESM-2024-01168,LMS-003324
14225e9c-ee6d-40cb-b09b-ca860adbcb71,ESM-2024-01170,LMS-007887
ffa0bea0-3b00-495a-a0d0-51a27a67b2c1,ESM-2024-01171,LMS-005204
74d146bd-7b37-4ba2-ae22-aae30d72db46,ESM-2024-01172,LMS-008461
0fc3d600-40d9-484b-ba33-04344bfb57f1,ESM-2024-01173,LMS-004036
babf7d23-96dd-4d6c-9d8b-c569e3c0a3ae,ESM-2024-01174,LMS-000870
791ba758-65c9-4a97-a58c-a1e090546fa7,ESM-2024-01175,LMS-008428
7c69bf62-3adf-4342-90c3-45ab2d201a0c,ESM-2024-01176,LMS-007842
9d64ac7b-e73c-4a0a-bc71-94474fedcb92,ESM-2024-01177,LMS-002894
aba71dbd-1319-4445-81a0-e9d867e40543,ESM-2024-01178,LMS-007340
7d7786a1-440e-4182-8ce7-a0388b48b7eb,ESM-2024-01179,LMS-004398
3a2ac759-7add-43c7-9276-067d53b544ad,ESM-2024-01180,LMS-003515
ffe9b49a-2bf9-468e-b153-04f3baf64b07,ESM-2024-01181,LMS-004971
7a92658e-0783-4ebe-a5e9-5d50feeae0e4,ESM-2024-01182,LMS-006819
2a80cbc8-4dfb-4118-b4f2-2f75d57faf62,ESM-2024-01183,LMS-007740
d351a116-fefe-4f3d-8baa-0e929e5c41c8,ESM-2024-01184,LMS-000618
645c123c-59ca-4033-9b2d-b5b6f9c299f2,ESM-2024-01185,LMS-003274
1eac4ac2-246e-4396-88ac-52e1927910d3,ESM-2024-01186,LMS-007613
c4bdcd88-7159-4937-a399-a597696d97fa,ESM-2024-01187,LMS-007214
7d024fc2-5c37-4866-9424-416a91412fd2,ESM-2024-01188,LMS-009432
14fcacf2-60f4-4262-8557-03fe7b5124fb,ESM-2024-01190,LMS-002347
0c6165ea-46ab-4a20-9647-15f399c1fe2b,ESM-2024-01191,LMS-008657
7097ebc9-5bae-47c3-a7ce-a5e37a3168e2,ESM-2024-01192,LMS-004083
e8741c56-e3cf-452b-930f-7f34b02d9f0a,ESM-2024-01193,LMS-004897
e01dd70d-afea-4a9b-8e4b-126fda997b48,ESM-2024-01194,LMS-008163
593a11e6-baea-4454-89ee-132b7f070814,ESM-2024-01195,LMS-001288
83f62230-b92d-4f6c-b489-8ae39f5ee16d,ESM-2024-01196,LMS-006925
a7131a54-f40e-49cb-b622-9e3b0e892c77,ESM-2024-01197,LMS-001388
cd0f9cc0-14f6-4682-b021-42f8c74024b7,ESM-2024-01198,LMS-000485
87632c93-b63e-49d2-b361-d7bae60a5689,ESM-2024-01199,LMS-007414
c63ea1e7-35c7-4c58-abb9-c8d249cb94c8,ESM-2024-01200,LMS-008198
c13ee8aa-8dd7-43f0-8809-6205ee88cb16,ESM-2024-01201,LMS-006865
bb4b24ea-c08e-42b2-b9ba-c64f94d33dd8,ESM-2024-01202,LMS-006339
1578adfe-71d6-4de9-8ba1-a809c78d4043,ESM-2024-01203,LMS-002151
7fd1491d-7dad-4921-95aa-689a098fb571,ESM-2024-01204,LMS-000056
5321edcd-a270-45b5-a121-f4d1c5058af7,ESM-2024-01205,LMS-003411
7b6e2096-8da3-4750-8207-377cec411631,ESM-2024-01206,LMS-005661
dd96e82d-7ac5-4b10-8551-283cf03472b0,ESM-2024-01208,LMS-007614
03026ebc-f287-40e3-ae19-fb429e96163d,ESM-2024-01209,LMS-007081
b5c8fceb-1f29-4e17-b478-d02aa655f4c6,ESM-2024-01210,LMS-005804
8fdea047-0d1f-4651-a0d9-cf74c0b8b1f1,ESM-2024-01211,LMS-003143
4da37ed9-5c50-45e1-97ab-68b0aec6b6c0,ESM-2024-01212,LMS-008115
302cad1d-bd6b-4513-baef-2bdd35b21848,ESM-2024-01213,LMS-006008
6196e9e5-f38b-4a8c-86a7-6de13f12188c,ESM-2024-01215,LMS-005329
eee53bb8-2c25-4b4d-8f5c-3c989a2fd6d1,ESM-2024-01218,LMS-008463
26409501-050e-462d-b787-078176c43259,ESM-2024-01219,LMS-003037
077fd5c5-45b3-440a-8f02-cd11bb832b46,ESM-2024-01220,LMS-007757
81de0f2b-465d-4724-98ff-beec69b559a8,ESM-2024-01222,LMS-000381
432ceac2-a06d-474e-9d27-5f6b046d0a0f,ESM-2024-01223,LMS-003679
24f968c6-1877-439f-9f60-e913ca1e3be8,ESM-2024-01224,LMS-007084
1672e789-dfa5-495b-8fe1-943d9fb27fcf,ESM-2024-01225,LMS-005034
d6a5e2e6-8d76-4bc3-93b0-253117e3a2d9,ESM-2024-01226,LMS-001685
de223872-390f-41d6-9f71-22ce11335b5f,ESM-2024-01227,LMS-004100
c4b77d24-f6d8-4678-99d9-b17eaa1321d7,ESM-2024-01228,LMS-002398
4ad42677-6f03-4b4c-8b2c-7b7381feaf7c,ESM-2024-01229,LMS-008051
765fab20-e6c3-445f-b0f6-7b39942edd01,ESM-2024-01230,LMS-007545
36a56806-5c14-4bf7-8fd0-21cf28dde29f,ESM-2024-01231,LMS-003070
f84fc8d3-46bb-40ed-be9c-7a5e7570a8e7,ESM-2024-01233,LMS-007580
20eeb61d-1a3a-4ed4-8843-b32591b59097,ESM-2024-01234,LMS-002978
b89d8c6d-3503-4c18-8f8d-18222c916d70,ESM-2024-01235,LMS-002638
77f8a5d0-6160-4ec0-a361-4ba5ecced96a,ESM-2024-01236,LMS-005267
f6c188e2-cbfe-46ed-b427-36e7abd6c361,ESM-2024-01237,LMS-001484
5fd372b2-696e-4517-a1f7-aa5a593568fb,ESM-2024-01238,LMS-007512
5b7e6690-f569-446a-8a82-bb927a4b8499,ESM-2024-01239,LMS-000784
f1deb463-98e8-411f-bd74-f96cb260caf9,ESM-2024-01241,LMS-004483
b16824e1-85eb-4a46-85f6-6bf75e466c59,ESM-2024-01242,LMS-006188
5847170a-a357-4525-a3f4-6d963633c434,ESM-2024-01243,LMS-003413
1254f779-2a42-41ac-a127-ef3a6ee652d8,ESM-2024-01244,LMS-004256
c8df426c-f373-4bfc-a9f4-89a4fb9fd9d4,ESM-2024-01245,LMS-001530
c576b3c7-1832-46c9-8ca5-d3192ca148d0,ESM-2024-01246,LMS-006394
eec0673c-cbb4-453e-bd74-bb322be49f9b,ESM-2024-01247,LMS-006274
2f58b1fe-f7de-4197-8cd6-13efdab8bee3,ESM-2024-01248,LMS-008922
7321e25c-684e-4865-91ae-268a8049d869,ESM-2024-01249,LMS-008074
6c30df38-b2a0-4395-a1aa-d239e0d3f8f7,ESM-2024-01250,LMS-002988
20579a1a-855f-473d-9599-1219e81c0c4a,ESM-2024-01251,LMS-003014
9bd1f9fa-9a03-4fb1-8f1c-d3a15a5b9b4d,ESM-2024-01252,LMS-002782
de29a864-1c1c-41b5-89bc-62b8d6fc809b,ESM-2024-01253,LMS-009141
19dbf79e-08f7-4a4a-8726-9c4ac43179b8,ESM-2024-01254,LMS-003175
5cd568c0-1a11-4aec-8a25-6910a6e5eb1d,ESM-2024-01256,LMS-005728
819a1f0d-9865-4164-afad-1640727d754f,ESM-2024-01258,LMS-006276
2cb53520-1bc0-4591-85be-d6b179283cda,ESM-2024-01259,LMS-005773
42b3f907-cde5-40b9-b35d-9e8995418caf,ESM-2024-01260,LMS-003173
87a8fa6f-82af-4e22-ac24-b4b81b14cc72,ESM-2024-01261,LMS-004911
061ccea5-3cae-4808-8482-f4b862332bb9,ESM-2024-01263,LMS-003364
d06017b0-270a-4a47-bbb5-df66dad94f6d,ESM-2024-01264,LMS-001873
74531566-d391-4c56-b07b-b676f0caaac2,ESM-2024-01265,LMS-006085
a268d7af-fc5e-4cf2-a1d3-2505d6d6c1d1,ESM-2024-01266,LMS-000575
e6a11a2a-b50a-4a80-8059-f36217f57239,ESM-2024-01267,LMS-008839
4b1d21d7-1d85-4a46-88a7-fb8fabffe2e6,ESM-2024-01268,LMS-005615
f80de1df-bad7-4973-8e90-cfa6c8fb7624,ESM-2024-01270,LMS-005209
086ea841-e98b-44d7-8731-af673c16d410,ESM-2024-01271,LMS-006775
9f48ba7a-6246-4382-a97f-09a2629baa00,ESM-2024-01272,LMS-001045
5b66b2ff-d227-489f-bec7-fb25c1dd46db,ESM-2024-01273,LMS-007234
22b54a0a-b6c5-4afd-a8f4-29f531f6e53c,ESM-2024-01274,LMS-001664
d18e34b9-3f40-43bb-939d-1ebffa6e1905,ESM-2024-01275,LMS-004475
0870e402-ead6-43f5-923d-fb86a91ae6e1,ESM-2024-01276,LMS-003174
fd28474d-94af-4238-8407-c96007972ba2,ESM-2024-01277,LMS-005867
35896acc-e353-4437-858b-5eea7e43b424,ESM-2024-01278,LMS-009051
a87830ee-2235-488f-a6e0-dfb437fdeb21,ESM-2024-01279,LMS-009259
c863dce4-010f-4e7a-ab9e-7314866e078c,ESM-2024-01280,LMS-009245
e54ea6b5-84bb-4f47-8b74-b28c6ac9bcba,ESM-2024-01281,LMS-005584
7d4a57b1-9424-46cb-8b8e-f6fb17220463,ESM-2024-01282,LMS-002672
51ddbe21-8d52-4a15-abe4-43a984092e69,ESM-2024-01283,LMS-008808
a7a44dd9-4244-4ce8-81d7-d6c6793b4175,ESM-2024-01285,LMS-008597
88b588f2-1ce8-4bc4-83f5-6b2a2a27d047,ESM-2024-01286,LMS-006068
54743041-6ac5-4be0-bcb0-a8da33065517,ESM-2024-01287,LMS-004376
8964ee69-47cf-4cea-8d29-b7bb25e830b8,ESM-2024-01288,LMS-001700
eafd5ecb-8204-483b-8e87-0c6fd3135732,ESM-2024-01289,LMS-005372
5bce3c19-0e1e-4683-bead-01408fdf52eb,ESM-2024-01290,LMS-003745
4915b5c6-73eb-4a10-a559-236d26426757,ESM-2024-01292,LMS-009085
6fe396fc-0393-4a40-876a-c72973d8e47c,ESM-2024-01293,LMS-008779
d782e908-bc70-47fa-86a9-4ecc65d870d0,ESM-2024-01294,LMS-009451
4ec0d387-f708-4bd0-88a0-19d13c9f42a6,ESM-2024-01295,LMS-003011
f66fb41f-ed3b-470f-ae33-81b9180def59,ESM-2024-01297,LMS-009017
f14f3917-654e-4448-bf62-ac5adafc7b5b,ESM-2024-01298,LMS-006021
367f2510-f424-4072-8413-215924b179a0,ESM-2024-01299,LMS-003828
2b6b02fd-a1b9-40b6-b9f2-3cfe0a0acdfe,ESM-2024-01300,LMS-006976
c7f3a579-b294-4ecc-a802-375f6ad1ee93,ESM-2024-01301,LMS-003160
64289aef-5c3a-4b27-b357-5692457cbe2c,ESM-2024-01302,LMS-008387
493088b8-9ac6-4bf0-9a34-c58146cbf36d,ESM-2024-01303,LMS-007937
505ac2ce-ad2f-4107-9a8b-734c846a198c,ESM-2024-01304,LMS-005829
52244a18-4235-4896-b552-d3b863cbee19,ESM-2024-01305,LMS-005037
ee908e29-2ea4-46bb-b19b-f0399f8a5ea5,ESM-2024-01306,LMS-001161
73090bab-912c-41c8-835a-6a6293c398a6,ESM-2024-01307,LMS-006128
cb186b11-80e1-4ec6-81a8-b1e4afde1eac,ESM-2024-01309,LMS-003495
27a3bdee-729d-4ff8-be12-9f5b1a501474,ESM-2024-01310,LMS-002212
7953e6b7-cfb7-4d49-9e51-fe92240c487b,ESM-2024-01311,LMS-009028
411d56b1-31b3-44fe-8312-4e9f6f852b72,ESM-2024-01312,LMS-003784
118b2d3f-7748-471e-8156-82f93c242836,ESM-2024-01313,LMS-008413
ca5983e2-35b7-495e-bf60-bad83cb18c8b,ESM-2024-01314,LMS-000271
b67e3fae-d869-439c-97a3-c5cfb4a06378,ESM-2024-01316,LMS-001593
7080bd4e-5897-4ac7-8032-26d47308b352,ESM-2024-01317,LMS-003309
d2c59bb0-d7b8-4ff8-aa97-35d79d114aaf,ESM-2024-01318,LMS-008998
8fbf6dfb-f81a-4da1-8da9-513c10bbd6c6,ESM-2024-01319,LMS-004201
9bdae2c4-7c9d-46ff-9bf3-a66bd343d172,ESM-2024-01320,LMS-001582
fd6b60bd-cc65-4e8a-9493-a3dba9d66af9,ESM-2024-01321,LMS-008512
7cb9c8ea-2be0-4529-9b3a-0c7ccf045060,ESM-2024-01322,LMS-002605
e3caf001-09f2-4d9b-a7df-f68c4906d2bb,ESM-2024-01323,LMS-004718
3e4e3629-7fe3-43e7-992f-d4adf691dec1,ESM-2024-01324,LMS-001746
aa5c1f83-a9e6-4c81-bb95-e6132e6f5325,ESM-2024-01325,LMS-004621
9f5a318d-8bbf-4032-9c49-6e14ea8c0ac3,ESM-2024-01326,LMS-008381
6ac57cfc-b91a-4a71-bbf5-8e067f6c266e,ESM-2024-01328,LMS-007174
0b2141bd-9ae6-424c-8ad9-e75da76325bd,ESM-2024-01329,LMS-001695
571eb8a9-5b87-45b5-b9eb-328cce4844b2,ESM-2024-01330,LMS-003358
f33db633-5ed7-4f99-b2f8-4c5c943b413a,ESM-2024-01331,LMS-009346
ddd32624-29be-4ef8-888c-c62726da73c5,ESM-2024-01332,LMS-000891
b12708ed-6459-411c-920b-f561927a9545,ESM-2024-01333,LMS-004469
142ac360-a787-4b13-a4c8-4a509aa3ddf3,ESM-2024-01334,LMS-002037
5e0eb69e-9b36-41d7-b056-9815a2a299e9,ESM-2024-01336,LMS-000177
8c69fab8-42d4-4e15-bed4-fb3f78ed810f,ESM-2024-01337,LMS-005029
80c96e51-f747-4f64-8d37-e758514dfb03,ESM-2024-01338,LMS-002606
b9e80d6e-964a-431a-ae6d-e5dff2d32444,ESM-2024-01339,LMS-000571
fbd419e5-fdcc-4546-ae2f-1fb43dba7e27,ESM-2024-01340,LMS-003688
d967b476-0b2b-41df-a880-0c7bfed40cd5,ESM-2024-01341,LMS-002503
138e7cef-5273-49dc-852c-5415fd8293b1,ESM-2024-01342,LMS-009134
84f9acb2-527a-4c66-884f-a1bfb4c85842,ESM-2024-01343,LMS-006271
1ebc11ef-1bf8-49fb-ab23-8d02736dc19f,ESM-2024-01344,LMS-003270
c7e8199a-25cc-486e-9adb-9a3abf50274c,ESM-2024-01345,LMS-008572
61a7cd65-7c3d-451a-8cec-31428304a769,ESM-2024-01346,LMS-006079
952ee421-33bd-4e9f-ad98-1d29778ef823,ESM-2024-01347,LMS-004182
06fc3dee-2bfa-4a8f-ac88-c9c7eb8465d9,ESM-2024-01348,LMS-000856
83fdbf69-744e-4f02-b84c-ecb7c6d7a868,ESM-2024-01349,LMS-003604
e084887e-1883-425a-b6ab-341a12f1fd6a,ESM-2024-01350,LMS-005231
405437bb-8afe-453a-b71f-a4c6814f1e4d,ESM-2024-01351,LMS-006963
2c411ead-b782-4379-98c4-c97695371623,ESM-2024-01352,LMS-004169
cded63dc-0e0b-49ba-ba4a-4032b0045162,ESM-2024-01353,LMS-004322
7baa21dc-3e50-4f34-a1d2-b6f96f2a061d,ESM-2024-01355,LMS-004597
c8b72c58-1e89-48fc-b372-f9ce5fd5fc82,ESM-2024-01356,LMS-007422
16dfb04d-b3c7-4c3c-b977-567a069a9608,ESM-2024-01357,LMS-004603
783b9363-42ef-4628-8619-f9df4501e02b,ESM-2024-01358,LMS-003573
9a47ad38-793b-48b4-8b7c-573e08a23ac5,ESM-2024-01359,LMS-007445
54865b6e-af8d-4787-ab1d-f6ea7bb7072a,ESM-2024-01361,LMS-007514
2c22d13a-1177-4b83-b8b9-a0f946ab8e32,ESM-2024-01362,LMS-008491
226fbb70-18bc-47ed-9f89-03a4cc3d433f,ESM-2024-01363,LMS-006305
5fe89c20-4125-4a16-a5db-1b1aa5b1d271,ESM-2024-01364,LMS-003597
f838060d-f86b-4591-9f1f-e9bf9c0549db,ESM-2024-01365,LMS-005467
c8825b71-8e63-4b36-a65a-af70485d123f,ESM-2024-01366,LMS-002975
f3a9cb6f-ae02-40a0-93ba-811197b0beda,ESM-2024-01367,LMS-005259
0fad8e40-03ff-4e9c-b466-a2773e42ed8e,ESM-2024-01369,LMS-000687
fc79b44d-244d-4d2f-aa8a-e413e85c4ce2,ESM-2024-01370,LMS-006111
b496c4b8-0b86-490d-81ae-6c7b0aaa30fe,ESM-2024-01371,LMS-004254
bee59903-776b-4711-b1e7-182d21087fe3,ESM-2024-01372,LMS-003717
2ad47774-0747-4a2c-bd0f-0627084c32bd,ESM-2024-01373,LMS-001301
4ac21996-9592-4444-bc9e-6da414899617,ESM-2024-01374,LMS-008380
2e20261a-1578-4879-b67c-3835f559805f,ESM-2024-01375,LMS-000597
7934919f-468e-4d86-827d-8c01bfc32b43,ESM-2024-01376,LMS-004942
e8b53d19-1db8-4009-8be1-acb666b453e2,ESM-2024-01377,LMS-001617
959a420d-8174-4443-b386-a5fa9556669f,ESM-2024-01378,LMS-006916
5ee667b1-1653-483f-92c8-b7c1b8c34340,ESM-2024-01379,LMS-003306
7c78649c-d264-499d-bb05-94feffcb5db4,ESM-2024-01380,LMS-007354
bb23c7fa-8cf5-47d2-a66a-ff10da2a8c92,ESM-2024-01381,LMS-007180
be0c5e01-d1b8-424c-a60d-eedaa75a6ef9,ESM-2024-01382,LMS-006204
753c4b7b-7796-4185-a12c-bf137c372f58,ESM-2024-01383,LMS-002995
4e910548-3d47-4fca-a6db-1d1f8dfc2b59,ESM-2024-01384,LMS-000068
89baef71-c1aa-4bc9-aca2-26bd7297608d,ESM-2024-01386,LMS-004935
3a143e2f-8677-4c5d-b72f-896407e839cb,ESM-2024-01387,LMS-008613
38eee848-e27f-4f8f-adf4-362b4473291e,ESM-2024-01390,LMS-007460
575ae29f-8774-4362-a2c4-b76f19380252,ESM-2024-01391,LMS-007634
78960519-6842-4393-aed4-725ae1c4ca71,ESM-2024-01393,LMS-001849
6f2e3070-ae12-4710-82d2-0915795d7834,ESM-2024-01394,LMS-002204
3100b2bf-07d1-400a-8f52-7e2161833f8b,ESM-2024-01395,LMS-000697
b8379764-9ede-447c-87dc-8af48aed86d6,ESM-2024-01396,LMS-000862
0fea7ecf-47f9-4d5d-b220-265af286002e,ESM-2024-01397,LMS-008975
a7bf7640-99e8-46a1-aa47-7edcd6d45b85,ESM-2024-01398,LMS-000739
d9a902a6-65b6-4f52-90ff-4c73b75cca97,ESM-2024-01399,LMS-006136
2455eb20-a7ea-4117-b1ea-f56612390e15,ESM-2024-01400,LMS-001707
ff4ec0ec-3c91-479b-80e6-2ceeda732116,ESM-2024-01401,LMS-008605
3e5e33ae-7190-44f3-8442-5d2f302750c3,ESM-2024-01402,LMS-004632
a9b8ffad-d311-4596-a2b8-c756d47e4236,ESM-2024-01403,LMS-005262
35d6fd71-26d1-4bdb-8dd1-fa55b9220a60,ESM-2024-01404,LMS-002182
8b9b9826-83ef-436c-8600-b683aee496ae,ESM-2024-01405,LMS-008431
bcebabfc-99c0-4cd1-9651-8d8c53bdbcc5,ESM-2024-01406,LMS-009284
df85d01c-2a1d-4231-9ba6-a1100af881d6,ESM-2024-01407,LMS-005205
9d8a1cc9-6667-4ae9-8b27-40593c58db24,ESM-2024-01408,LMS-006158
b72144d1-8f4b-4b9e-8ebe-268955a1d185,ESM-2024-01409,LMS-002852
39af405b-5aed-4e67-a0f4-47bf0345f4e8,ESM-2024-01410,LMS-000919
6260481e-cf05-47fc-b53c-b50300640702,ESM-2024-01411,LMS-005038
871716cf-9847-4ed7-a6ed-16007af215fd,ESM-2024-01412,LMS-008536
545c557f-2601-44da-94ee-92acaef321fb,ESM-2024-01413,LMS-001772
6a869171-44b9-467c-baed-98255e0e2eb9,ESM-2024-01414,LMS-005820
4da5b619-864c-4ab7-be4e-c939b792fbe8,ESM-2024-01415,LMS-005530
0fcefe2e-e3b4-4cf7-84da-8164c018e0b9,ESM-2024-01416,LMS-007679
9388c840-6aab-47f9-924f-d7d26ab6b6cf,ESM-2024-01417,LMS-005749
6d4bad4d-f20b-4224-a8cb-3a533457ed68,ESM-2024-01418,LMS-006767
021efec6-f08b-4bc3-88db-4002a88891bd,ESM-2024-01419,LMS-001963
ea9538a0-ced2-4cea-aa14-d402ae5bea85,ESM-2024-01420,LMS-004349
bb9ea959-b6d0-4969-8e79-c7530399df60,ESM-2024-01421,LMS-000455
0d071fbe-ec04-4ebe-a842-96487ddfd329,ESM-2024-01422,LMS-001294
7e9b7f5e-8196-4c85-92ff-1480b110cd77,ESM-2024-01423,LMS-003579
0a49135a-b947-425f-8e08-e79820a9c751,ESM-2024-01424,LMS-005348
90e2944d-9673-4345-8182-dede46b1c132,ESM-2024-01425,LMS-006882
f83638a0-8cf9-40de-8f80-8aa69def1816,ESM-2024-01426,LMS-008538
9eea87dd-8db4-4307-b99d-e50176363cc0,ESM-2024-01428,LMS-001562
23dea642-c35f-40fa-ab2d-8922e0fa78ee,ESM-2024-01429,LMS-008795
6271c833-afc8-4094-87db-f2098c18fd8e,ESM-2024-01430,LMS-002450
0e5a47b6-bb52-42b5-b1dc-c988f596a5af,ESM-2024-01431,LMS-009483
db61800e-3d3b-4d61-867a-44a4621d202f,ESM-2024-01432,LMS-008229
8e0f64e2-ff45-41ea-a19e-27cfd986a196,ESM-2024-01433,LMS-007597
e61eb804-fc15-4652-b9a1-9b00089c6bf6,ESM-2024-01434,LMS-009171
703925f6-140f-4fd1-bd7b-2362393ea184,ESM-2024-01435,LMS-001779
888517c0-b7ba-4b9b-a438-46e2c5fe94d4,ESM-2024-01436,LMS-002727
19a0ed77-498a-4764-b209-5adb7e9a19d6,ESM-2024-01437,LMS-003307
c5e202b5-9912-4e2b-a37a-9030145f3b77,ESM-2024-01438,LMS-009274
60ac992f-edc0-46f5-815f-ec7589436f87,ESM-2024-01439,LMS-006673
4787a9a0-e1b5-4c14-a60b-92188cf98d8d,ESM-2024-01440,LMS-006122
ebae0ba6-3659-4a17-961c-64098a7fa564,ESM-2024-01441,LMS-005349
284e01c8-fe2b-40ee-aa99-5c742ee5c484,ESM-2024-01442,LMS-000871
bd3456ca-3df2-416e-9672-39b6cb97a65d,ESM-2024-01443,LMS-002844
28da33b3-56d2-4291-8fd4-19c97a812968,ESM-2024-01445,LMS-004221
ff13e78b-e8fa-480c-8461-1e0dde787e8c,ESM-2024-01446,LMS-003385
3a9ab881-34da-47de-a5cd-a4db2e3d17f3,ESM-2024-01447,LMS-004096
f0bd37e7-76cc-4aa4-b5d9-10c1555b58a4,ESM-2024-01448,LMS-008041
cae2c346-7026-4520-b3ee-5e249e84c945,ESM-2024-01449,LMS-005443
790bd702-730b-4df8-b2ee-8d8d0437eb83,ESM-2024-01450,LMS-003603
588962ec-5ea0-4371-864f-dd5baa7cd668,ESM-2024-01451,LMS-006373
2a34578b-b524-4cf1-9c6e-2dba2ff52cfe,ESM-2024-01452,LMS-006403
a3accfeb-fbd5-4e52-8bca-dc0c539c890b,ESM-2024-01453,LMS-006528
19646256-b426-48b4-91d5-532bab5d884f,ESM-2024-01454,LMS-001166
34eb8421-713d-4e0c-841f-9e22e2e87286,ESM-2024-01455,LMS-002101
36f348ea-dfd8-413a-9dea-5d88db4f76e5,ESM-2024-01456,LMS-000612
7ef83f5a-515c-4273-9ad9-8d61e53b3227,ESM-2024-01459,LMS-006022
9045caf6-043c-45ff-b68f-553b12f66a82,ESM-2024-01460,LMS-009487
262f9f5b-972b-4363-ae8f-80a3dcccc663,ESM-2024-01461,LMS-008819
663e2442-8644-4eae-beb9-92e71a3d16ed,ESM-2024-01462,LMS-007368
4ff010ae-e835-42ae-a400-86d3360975d0,ESM-2024-01464,LMS-008634
82e072df-0492-41d5-b70c-fd0c7223ef5a,ESM-2024-01465,LMS-000977
3d08cc03-a166-4807-8db3-87a64dda6a8a,ESM-2024-01466,LMS-001242
a075a7a1-f259-4a2a-a4c5-0f3b9f90f320,ESM-2024-01467,LMS-001943
059e69a2-341c-47d0-a368-5420c6ba2c94,ESM-2024-01468,LMS-007917
a3019d79-3ba0-4e16-970b-567dfb8e12cf,ESM-2024-01469,LMS-000023
3a10527f-c545-4f33-af9f-f656f2bd4153,ESM-2024-01470,LMS-004503
814af596-4808-4e5f-8ea7-eaeccaf33d56,ESM-2024-01471,LMS-009433
8d64d300-6d5d-41e3-9aa6-b192b4899bcc,ESM-2024-01472,LMS-004231
f50ad1c9-1933-4702-9f56-4c6646130ee5,ESM-2024-01473,LMS-002673
9b990330-2a96-4048-a363-0386e1faa9ed,ESM-2024-01474,LMS-008477
41e02f80-635b-47e4-a6cd-f9d10ab63caa,ESM-2024-01475,LMS-002188
f8174d79-61c0-4d61-ae0a-4d34e012d658,ESM-2024-01476,LMS-003105
35b59f6b-6fa4-4c9b-991a-a6bd51fa1d84,ESM-2024-01477,LMS-000027
556df853-4186-4cba-a9d7-51538631f4a7,ESM-2024-01478,LMS-006796
920077d8-e6a7-4d4e-bc94-7ba6e7428949,ESM-2024-01479,LMS-004938
9f0ca794-b41c-49ca-ab1d-7609327cd033,ESM-2024-01480,LMS-002676
f43ed814-efc4-4257-a9d8-ba964c6f9c7e,ESM-2024-01481,LMS-005979
bee050fb-f924-43fe-9144-4f5d2de379e5,ESM-2024-01482,LMS-005785
bb6325a2-7b55-4291-8032-910ac5eb9191,ESM-2024-01483,LMS-001597
72f3c4f7-a18e-4069-8b1b-a023bb0da8e9,ESM-2024-01484,LMS-007504
a33eaf2e-3123-4163-9286-90f5740c78d5,ESM-2024-01485,LMS-003004
837699d9-5109-4b6e-93a8-4d951968575a,ESM-2024-01486,LMS-006300
12c7b7da-64b9-442e-8890-e513c7b7b409,ESM-2024-01487,LMS-009430
d4ae9799-90b3-4ba5-82b2-3f8896df8d12,ESM-2024-01488,LMS-005033
e5fc7439-dfd8-4111-bc7a-19742e607a77,ESM-2024-01489,LMS-001007
d44aeab9-f1fe-44b3-a9cf-35616ba3db7c,ESM-2024-01490,LMS-006427
58338eb1-386f-4e15-9c3d-33c7813eb779,ESM-2024-01491,LMS-006502
43cb85a1-0648-4a0b-a495-7ec5fdf69f93,ESM-2024-01492,LMS-003677
7252bca8-fc00-43ee-9cb7-5f4e30f86669,ESM-2024-01493,LMS-005596
683188c0-72c6-4645-aa9d-d7b63f0f5d55,ESM-2024-01494,LMS-005802
d693682b-aa8d-4941-b3b5-a61322e88118,ESM-2024-01495,LMS-007303
38a56620-0ef5-46d5-94e2-66c76d4fae01,ESM-2024-01496,LMS-006617
e89d7b2c-027e-4b66-ab92-49697e83db72,ESM-2024-01497,LMS-002412
4719f8f8-d6f3-457e-9c34-cb986ae870a0,ESM-2024-01498,LMS-000402
01b96a40-d2a5-4f3f-8b5e-0495dfa66110,ESM-2024-01499,LMS-003350
401fbbdf-1a85-402f-a070-88459455100d,ESM-2024-01500,LMS-004425
66129baa-338d-4638-aa19-fa3343c1e458,ESM-2024-01501,LMS-008448
0a1a90bd-e493-48d2-95b4-35f01ea35b18,ESM-2024-01502,LMS-002329
f9770fcd-2dd3-4dc5-93c5-96a4c00eb314,ESM-2024-01503,LMS-008334
30556394-7835-4a86-9827-feeacdd1ff07,ESM-2024-01504,LMS-008325
ed8a9b2e-d147-424f-bc7c-9a07fd30970d,ESM-2024-01505,LMS-005441
3073b746-41a6-4ba7-acad-fe04a44e83f7,ESM-2024-01506,LMS-008110
230120c8-ab6d-4d16-a376-8798c8e33bfa,ESM-2024-01507,LMS-005296
42aa7df2-8d55-42b4-8bc7-840e0280a354,ESM-2024-01508,LMS-001316
5fb6e786-7565-4823-a92a-61fc0a173471,ESM-2024-01509,LMS-002166
2ec26de5-a96f-4dd3-9809-58b197621d7a,ESM-2024-01511,LMS-006654
609fa9c0-7af8-43c8-9242-f758b3cb55ea,ESM-2024-01512,LMS-003609
5d95c499-52b7-4815-90c5-90083a8d1809,ESM-2024-01514,LMS-004885
5682a7f2-f2a1-4629-a917-e364571aa898,ESM-2024-01515,LMS-007361
4c8fbb62-3bae-44cf-a54b-e23e2fb81780,ESM-2024-01516,LMS-003584
23efec8f-a158-4882-89a2-bc2c147f49d3,ESM-2024-01517,LMS-005133
52e4c427-4df5-41b6-8fa8-6d7b63959943,ESM-2024-01518,LMS-009012
eb1e193c-884d-4325-a370-54642411ef19,ESM-2024-01519,LMS-001224
08c4e02e-ae21-4213-aa30-9546794b804d,ESM-2024-01520,LMS-000214
476f5df9-9918-4e9a-bd66-37e7ddf2bb8e,ESM-2024-01521,LMS-002823
566739ee-be7d-4204-9a59-e370e300350c,ESM-2024-01523,LMS-006769
48496aea-1351-4ccd-953b-a7db67e9d442,ESM-2024-01524,LMS-002268
b6fe48a6-49a0-4eb1-a1fa-3ced687f4bec,ESM-2024-01525,LMS-005032
e7372726-e0c2-4f58-8d77-0afbd92908e0,ESM-2024-01526,LMS-005931
785b81b0-82b9-4404-bf3f-ac27ddf2a885,ESM-2024-01527,LMS-007525
52096546-c093-460e-96e6-578c30b914e3,ESM-2024-01528,LMS-004726
b366fd72-db86-4568-9710-0bd20c0eb2f6,ESM-2024-01529,LMS-001323
5039121e-972d-40a7-9d73-49762217f1ad,ESM-2024-01530,LMS-007469
3fff8fb6-7b25-4b73-8147-6722e217d527,ESM-2024-01532,LMS-002951
a047dc84-d022-4242-a9ec-d254afc93855,ESM-2024-01533,LMS-005625
d9be991b-a59f-4cfa-a1bc-f812e32be171,ESM-2024-01534,LMS-003396
c6411292-e735-4d28-b1b4-c0daf180f7a3,ESM-2024-01535,LMS-001585
fa1430fa-5502-46d3-8de7-c8a5eb26e70b,ESM-2024-01536,LMS-001841
6a44b0fd-0306-4aa8-af86-0c6173993030,ESM-2024-01538,LMS-008059
53736ae2-2e2a-4ff6-b70f-22d01c5fb0c6,ESM-2024-01539,LMS-002858
959817e4-dd00-4fac-a93f-5868d032bf29,ESM-2024-01540,LMS-005223
cf5b2b1b-7947-4f4f-bfa5-4a87e2affe29,ESM-2024-01541,LMS-003437
4bdec768-34ae-4a4e-aa45-28056e1115ed,ESM-2024-01542,LMS-001061
95600c07-a3d7-46d3-b609-f6232aa94a6d,ESM-2024-01543,LMS-008782
a480cecc-ae65-4018-bc33-5a0f245ec571,ESM-2024-01544,LMS-007209
7d3cbeed-1566-44cc-81d0-35a4cd0db239,ESM-2024-01546,LMS-000104
1c2aac47-3956-4f9b-a03b-16c4ec66bd33,ESM-2024-01548,LMS-008594
3a52892d-1788-41bb-871a-d32c02d23a21,ESM-2024-01549,LMS-008494
ad134791-2211-46de-be49-354f50b1d43f,ESM-2024-01550,LMS-002824
4ea4e3e1-f85f-434f-b607-f6de0d185573,ESM-2024-01551,LMS-004493
d60b0f12-d045-4091-aecf-6ad010161ebc,ESM-2024-01552,LMS-003326
25b58dc8-2193-462b-8fa3-0a89cd3fa161,ESM-2024-01553,LMS-008917
bc24dd96-912c-4269-bd78-ca1123e1eb50,ESM-2024-01555,LMS-003814
7ea6c9ff-a04a-40d7-aa71-ee2802269b6b,ESM-2024-01556,LMS-002508
da9c6744-3639-47eb-a884-2ca691121d06,ESM-2024-01558,LMS-007656
8c0acadc-deac-4345-905c-1978d46cd2f1,ESM-2024-01559,LMS-007202
fe768062-6d46-4207-b574-ad8f07b29120,ESM-2024-01560,LMS-009196
a286670a-105e-4009-b7de-d953a73114c2,ESM-2024-01561,LMS-009243
9bb95491-58c2-420e-ab20-5712dc641b19,ESM-2024-01562,LMS-002778
60ba0b8c-78b7-4135-939d-1305b3685f52,ESM-2024-01563,LMS-006327
040385f8-dd03-4a0f-8a72-349f73444efd,ESM-2024-01564,LMS-000019
cad2b78a-0c98-4322-ad3a-4dd4b9f5ab2f,ESM-2024-01565,LMS-009097
a897ef70-21ec-460f-be4b-abc5139ec836,ESM-2024-01568,LMS-003552
09cc3206-41fb-431e-978a-b6f20ad87eff,ESM-2024-01570,LMS-002611
1afa57c1-97f1-4c8c-bd6a-f3aeb0239eab,ESM-2024-01571,LMS-006293
21c84987-4093-417e-9208-32778dcfc1f7,ESM-2024-01573,LMS-006616
2f8185b0-e7cc-4900-a530-27297e65fe52,ESM-2024-01574,LMS-002369
d766eaf9-2ce5-4769-921a-8aa580de95e8,ESM-2024-01575,LMS-009204
552caede-1f46-4d17-8100-20d6ba182a65,ESM-2024-01576,LMS-004392
33c40650-d107-47d4-bece-7d8c8407f052,ESM-2024-01577,LMS-001218
b6711dba-a32b-44c8-adb9-bc2277d0ecb6,ESM-2024-01578,LMS-006731
c894f5c9-8509-4136-aeba-07d4263bb0c9,ESM-2024-01579,LMS-007570
d023100c-af5d-49f7-b75e-a894518d7745,ESM-2024-01581,LMS-008583
2b7ca4b3-ee1c-4ea1-adfa-27318017e7b5,ESM-2024-01582,LMS-007317
0259780a-929a-491b-8f59-839925e38aa3,ESM-2024-01583,LMS-001894
26f2e245-8b0c-43e6-bf28-df0735893790,ESM-2024-01584,LMS-000359
2c82c5d6-48ff-4c74-9b4a-94c1ceba6db2,ESM-2024-01585,LMS-006037
5c89ef22-b461-4cc5-9302-eae7a62547ed,ESM-2024-01586,LMS-006206
0f3f9e70-862e-4b4a-b0f7-b0ba4b98a6d7,ESM-2024-01587,LMS-009327
d6250d03-c939-487a-a661-d8dadeddf2cb,ESM-2024-01588,LMS-004179
d62ba20f-6880-45b1-8703-fab91407f59e,ESM-2024-01589,LMS-009195
6716837b-f566-49c5-975a-3e105fe04b6c,ESM-2024-01590,LMS-002465
784534ee-0de9-48e0-9a7e-208952863741,ESM-2024-01591,LMS-001321
4ea88781-0cd5-4185-916e-3a080c8a4b37,ESM-2024-01592,LMS-004531
2068290e-c353-4515-b636-80315cb8511e,ESM-2024-01593,LMS-004544
3b379778-149a-4c4b-be41-d86e2ede38b5,ESM-2024-01594,LMS-002670
58f4b5d1-b5bd-4312-ab2c-c8ccde68c3d1,ESM-2024-01597,LMS-000545
e729b7f7-cc3a-4246-a884-af23ba4ebb3d,ESM-2024-01599,LMS-008242
84ba2ec1-a6fa-4ccd-b326-b9f03b757286,ESM-2024-01600,LMS-007478
baf84986-fb5d-4587-b4f0-8b332e97a606,ESM-2024-01601,LMS-000463
4e010e89-1412-4367-bc60-f0d4b06b1322,ESM-2024-01603,LMS-000100
6af76ad1-aaa3-4252-b53f-1b0f2a4c16d2,ESM-2024-01604,LMS-000282
6cf42415-fc9b-4ec0-a1cb-3dd6f062ec0c,ESM-2024-01605,LMS-002637
07d93d0f-e847-4eb7-8964-dc22b5bdfdb0,ESM-2024-01606,LMS-004934
2f03c85b-8d43-4f19-820e-db40dac1742c,ESM-2024-01607,LMS-009203
b49db976-c8ed-4b19-80ae-b832235aecc9,ESM-2024-01608,LMS-005333
3835a2ba-8549-47c4-acc9-3ee92ab17b4d,ESM-2024-01609,LMS-004406
4ff4585f-a4fa-443f-b6a0-a80580f936b5,ESM-2024-01610,LMS-001975
e2b53759-d604-43b0-a6af-a14b3d3a1165,ESM-2024-01611,LMS-001620
614f7676-4aaf-44f1-8e79-1178031bda8a,ESM-2024-01612,LMS-004576
2ce2b130-b125-41be-ba1e-232a6d54d61f,ESM-2024-01613,LMS-002021
af72f45e-ab44-46bb-a8fc-7b59167ca8e7,ESM-2024-01616,LMS-006156
25d7e179-0f21-482c-b2e8-7010e8e45843,ESM-2024-01617,LMS-005100
e54c7e9d-d64c-41a3-bad9-701b6b09d434,ESM-2024-01618,LMS-004699
ff9b8de9-573c-4d5c-a97e-e7b118c000ef,ESM-2024-01619,LMS-008166
cd0f7446-1370-4c34-a271-aadf59e60893,ESM-2024-01620,LMS-003388
2f78c277-505f-49be-9fed-eba6d17aee16,ESM-2024-01621,LMS-000988
d36e58d0-b0ed-4245-a1b6-65afefdd269e,ESM-2024-01622,LMS-001698
ad5f00b5-7130-4386-9ccd-591266ab5ca0,ESM-2024-01623,LMS-008883
2fa946e9-4598-46bc-8bfc-e86dba573e23,ESM-2024-01624,LMS-001837
50178a5a-0211-4591-93a5-93d735e5a1e0,ESM-2024-01625,LMS-005374
fb54d48c-992c-4f3f-8932-aa881dd0a2ab,ESM-2024-01626,LMS-006820
9193507d-eced-430b-b73b-5f0034aef1d8,ESM-2024-01627,LMS-003468
26f801c8-1b86-40d1-9420-675e34853500,ESM-2024-01628,LMS-005003
0e720068-bfd8-495d-a84e-01f3d0be0d6e,ESM-2024-01629,LMS-005796
bef9f58b-2062-4548-b73a-748cfb8ad1cf,ESM-2024-01630,LMS-008258
5ea401a7-99ae-49a6-acbe-f3f5d8fed4ce,ESM-2024-01631,LMS-001231
9d12da86-3180-4738-9fda-4f499f4a5c6a,ESM-2024-01632,LMS-005925
0b8e2ba2-bba4-4482-9f1a-5c945f0667f3,ESM-2024-01633,LMS-003924
2e22a070-fc3b-420a-941a-a375d296b9a1,ESM-2024-01634,LMS-008718
36492920-a56d-439c-b921-531e7b263c40,ESM-2024-01635,LMS-007165
85561ca1-d018-4288-aa51-90c478b6a777,ESM-2024-01636,LMS-000756
6dfa5774-8112-4105-92ff-e65633cad873,ESM-2024-01637,LMS-003641
14934b5f-86e2-48df-97a9-3ee968714ccb,ESM-2024-01638,LMS-005315
a0678e7f-0bef-46ca-9a9d-3316e4131694,ESM-2024-01641,LMS-001115
70c71b43-c803-495d-90c2-5aadf6bdaba5,ESM-2024-01643,LMS-000221
df66f4d6-f50f-4a5e-8c6b-eb09bc467e13,ESM-2024-01644,LMS-001702
f3128577-f832-48c4-92d2-d4cfc248e82b,ESM-2024-01645,LMS-003499
aaabedfb-0eba-4f31-8dbb-d9a19a00164a,ESM-2024-01646,LMS-003906
9694b1d4-7527-4384-b56a-fc53c18ae53d,ESM-2024-01648,LMS-000030
4476a4ef-8a09-4a23-9135-68a2a1394493,ESM-2024-01649,LMS-002664
4868899d-0c13-4729-bd73-9bcf4256ff47,ESM-2024-01650,LMS-002394
59f1e1a7-c6d6-481a-8f4a-6d84b4afce46,ESM-2024-01651,LMS-001535
e78615ff-a2b0-4c55-a02d-ee381e3bbe52,ESM-2024-01652,LMS-004505
784681ce-e7d3-45ae-8b99-ad32e5e95068,ESM-2024-01653,LMS-003662
68aeb726-b4c5-43e1-b0a8-07d36777fcb8,ESM-2024-01654,LMS-000072
077b70e1-8db9-4d42-b4db-3328159e55d9,ESM-2024-01655,LMS-006678
c1a75242-93e2-495e-8581-e2f5d6809a8c,ESM-2024-01656,LMS-008745
8f2231bc-86a9-4d85-8e35-75851fc9a6e4,ESM-2024-01657,LMS-006434
2230fcbb-a1ac-4b86-828f-5f3afd75f3ee,ESM-2024-01658,LMS-006318
21c2691f-996d-4849-9702-66549f3914a8,ESM-2024-01659,LMS-005611
bcfcb978-53fc-4212-9fdb-24216389e9a0,ESM-2024-01660,LMS-001833
2c214d4d-0295-4ac2-8f6a-114deaa7113b,ESM-2024-01661,LMS-004264
cd88ee94-54dd-4540-a617-e77232d8e34a,ESM-2024-01662,LMS-000482
a9bd8b47-ebfb-48bb-ad3f-bc897e632833,ESM-2024-01663,LMS-000490
610dfbaa-93dc-4884-902f-df6d8dab6b76,ESM-2024-01665,LMS-005319
813ae000-9c6f-4c20-8f18-46d276c45ebd,ESM-2024-01666,LMS-007101
cdf80c10-40f0-42da-90ca-3954cd3205e8,ESM-2024-01667,LMS-008296
2bd3173a-c2f2-486e-afbf-caf609c66260,ESM-2024-01668,LMS-002186
19fbfc40-5d13-48ee-aacc-424276cc80c9,ESM-2024-01669,LMS-001495
319f4c13-e613-4fb4-a54f-69ba2863ae6d,ESM-2024-01670,LMS-004153
8022a059-344d-4f7a-8dad-05607fa0a207,ESM-2024-01671,LMS-005849
0b074ce9-5c9b-415c-9d5d-1745a61050d5,ESM-2024-01672,LMS-003905
903a1950-1425-4cfb-9e51-646998d90cb0,ESM-2024-01673,LMS-004717
b3aeed8d-4447-4928-8a5a-a0fa63b3818c,ESM-2024-01675,LMS-007687
7074068a-f2aa-492c-84bf-24ffd5eecc57,ESM-2024-01676,LMS-003930
ff51f6c7-3353-4b87-8aa5-997f352aa218,ESM-2024-01677,LMS-004190
d4d1f1f5-b304-4e21-bc64-f58a25e28d03,ESM-2024-01678,LMS-008212
9437397c-4fc3-4512-82f2-4b443b52e7d2,ESM-2024-01679,LMS-005764
873d8054-00bd-4221-aa68-ffd2170b7990,ESM-2024-01680,LMS-004757
d21fa2f6-2e0c-44a7-a93a-c9c1dfb1c4b4,ESM-2024-01681,LMS-007470
c79cc7ea-2f10-4df7-9a0a-9cd71d3f84e5,ESM-2024-01682,LMS-004257
c7fcbd69-0c9a-400a-b880-31dccf1fcf34,ESM-2024-01684,LMS-005518
893999d8-31e5-48e7-bdef-652bbeecc317,ESM-2024-01685,LMS-009200
ed06f159-eeb3-42d3-aa33-604611517adf,ESM-2024-01686,LMS-004691
2e14d2aa-6b0f-471f-b363-9782afced89f,ESM-2024-01687,LMS-002822
a51d347d-c502-4edb-a113-eb9ce57e8bda,ESM-2024-01688,LMS-004623
74bc07dd-465f-41f8-9ee1-9d7510b49dc3,ESM-2024-01689,LMS-001013
fb3058b3-ef50-4530-83de-ef6f86c74eb5,ESM-2024-01690,LMS-008096
87883dec-22b4-4552-8335-353a08afab74,ESM-2024-01691,LMS-004733
aea894c9-b8da-43ee-8cbb-ab625306c421,ESM-2024-01693,LMS-006356
f05d6e20-4f8a-48a0-bd1c-e96b282761b6,ESM-2024-01694,LMS-005753
0afd07c5-e649-4f43-aa4e-89ec5480f54d,ESM-2024-01695,LMS-003096
ad5335f7-7208-44fc-a2c3-a89d23f1063b,ESM-2024-01696,LMS-009308
1a6a7e29-9b23-472d-a716-b81e96845196,ESM-2024-01697,LMS-002187
75dcd82a-90de-483c-be51-ab176ade4464,ESM-2024-01698,LMS-002994
fca80440-63a8-47ab-b6fd-fb16fe32864c,ESM-2024-01699,LMS-004240
974c86c9-e964-4f80-b79f-78a456b46c77,ESM-2024-01700,LMS-007602
9de4d76f-20f7-4330-8179-3d0bffbf583f,ESM-2024-01701,LMS-005548
323f365a-d825-485b-a8e8-6eb0306d7ec9,ESM-2024-01702,LMS-008989
17bf4713-828e-466a-adf1-f67d202dd005,ESM-2024-01703,LMS-001310
b7845faf-2420-41d8-b8b4-d36812a0a165,ESM-2024-01704,LMS-003276
41c3729b-1551-4f2d-b9d9-b0aec74eb017,ESM-2024-01705,LMS-002525
9389b041-47f1-4c7a-90b8-0f637e295c57,ESM-2024-01708,LMS-001058
cc9cc378-e1ed-4e46-8524-925bdb799675,ESM-2024-01710,LMS-004855
0451b1be-9158-4189-ac11-d45931b00ea1,ESM-2024-01712,LMS-001502
4447b55e-527d-4695-91fb-a172d39787ef,ESM-2024-01714,LMS-008393
f052b790-7672-4741-9ea3-5f87a54b4ff7,ESM-2024-01715,LMS-002360
9226ea51-029a-40ff-805a-695418eb211a,ESM-2024-01716,LMS-008516
a97f0cdd-507d-47e2-ab7e-de38ef5263a6,ESM-2024-01717,LMS-006987
c88be300-0b5e-42f6-b894-c7028a955063,ESM-2024-01718,LMS-004110
928fc024-7ff2-4744-9a67-fef2a4685828,ESM-2024-01719,LMS-001418
97997271-eeeb-47ab-b10e-e8c41b71ca06,ESM-2024-01720,LMS-006523
7a8c7ba2-dec1-4ffd-980e-c29fb22e8324,ESM-2024-01721,LMS-006489
b84fbf8d-99f6-4751-9ba4-86708616b678,ESM-2024-01722,LMS-002056
563ed070-fa99-4eb5-9a3f-d0469fb2e07b,ESM-2024-01723,LMS-008122
712d8331-1679-479e-a34e-c20347055b80,ESM-2024-01724,LMS-005061
461d34a4-8b53-4b5e-84ab-b4c7dccb7a41,ESM-2024-01726,LMS-002984
eeeb70bc-8ab5-434f-8bc4-0c3d189819b8,ESM-2024-01727,LMS-003535
af65ddf7-2d24-4155-a630-2ab303e39844,ESM-2024-01728,LMS-005556
fae3705b-e006-4625-b020-733352c97c75,ESM-2024-01729,LMS-006689
b9d10b67-ac01-47d3-bc1d-2fc927262ca6,ESM-2024-01730,LMS-003559
7fc52014-1a4b-4b70-b187-85efe676218e,ESM-2024-01731,LMS-002806
13594147-f6e6-4d42-9cad-e8db48d15d84,ESM-2024-01732,LMS-007282
916931b5-390d-4774-8f33-f071d463b321,ESM-2024-01733,LMS-008874
051f1a8f-8114-4ab0-b6b5-d5791bd1f705,ESM-2024-01734,LMS-001470
60ddf561-144d-41fd-9d63-61f9ad8c097b,ESM-2024-01735,LMS-008141
7c0de034-2331-4f48-8c91-5db2a2e3fe04,ESM-2024-01736,LMS-007894
af076aec-8b18-4e33-a17c-a6ba2ae3e11b,ESM-2024-01738,LMS-009472
6aca93b8-0552-4c13-aa7f-52732607e33c,ESM-2024-01739,LMS-003844
a5424b1d-6e8b-4e49-9719-1e6295a9d577,ESM-2024-01740,LMS-007295
6194b346-0eca-40da-bc2d-e2e2e1966324,ESM-2024-01741,LMS-006157
78e621f5-d2d3-4aa4-ab7c-a6b0c13ba543,ESM-2024-01742,LMS-007508
646d7a70-6093-457b-9f26-e959d64335d5,ESM-2024-01743,LMS-000938
64ea7292-7eb7-4058-b527-e035127c6f6b,ESM-2024-01744,LMS-007721
3e98c564-e012-47e7-81a7-1c4046542e20,ESM-2024-01745,LMS-007053
5a38108a-7711-46aa-8af0-b1ab0ebeb035,ESM-2024-01746,LMS-009473
3c2219e2-f854-4453-943a-f90469a89544,ESM-2024-01747,LMS-004549
c5f03bcc-7d9d-4bda-96f0-e0890d3e37fc,ESM-2024-01748,LMS-005648
b54ab19f-5aa5-4664-be69-52e8718caf80,ESM-2024-01749,LMS-008418
301d9478-d026-41c3-94af-bad1a3fdfbde,ESM-2024-01751,LMS-005472
d8eeb969-1f36-4b43-97b8-ee45f42ce8a8,ESM-2024-01752,LMS-007433
d14b7646-ccc2-47fe-b93d-9cde663955dc,ESM-2024-01753,LMS-001936
a9e0b08b-95d2-48e7-ac43-086b518aa5b1,ESM-2024-01754,LMS-004965
ef4800e2-85bc-484b-a438-27bc9d6a2a8c,ESM-2024-01755,LMS-005801
48ca4d1a-2603-4afc-8221-5b2d967c0de5,ESM-2024-01756,LMS-004441
b2d01e76-f6dc-452b-90c8-606ef11ec005,ESM-2024-01757,LMS-004575
68ff1507-5c45-44ba-948c-33f320850378,ESM-2024-01758,LMS-002033
43fb8fba-3e56-498a-9f09-8e0c5ca062db,ESM-2024-01759,LMS-003770
0faacc6a-0c08-45b1-9187-bb3d16407054,ESM-2024-01760,LMS-001034
78f68715-e2d2-4d42-a8c6-ae6cf5748f42,ESM-2024-01761,LMS-007790
1b504d8c-339a-4c89-885e-059fff46e82c,ESM-2024-01762,LMS-005526
4fec7f8c-ab4a-4a95-ba08-c74547fadee5,ESM-2024-01763,LMS-009235
fd632ec0-edea-4337-9349-5f0d240633bf,ESM-2024-01764,LMS-007483
e80156e9-ec65-46e2-8299-240d84f62c66,ESM-2024-01765,LMS-006223
c49b23d5-15d8-48d6-8d95-ba9eccc0f8ed,ESM-2024-01766,LMS-005331
171b0582-9f45-428e-99e6-1e7f4038bd00,ESM-2024-01768,LMS-007211
a92fa72c-91a3-4bc1-826e-3c9eda1749bf,ESM-2024-01769,LMS-001422
b3dbcfa9-68cc-4bf2-a0f5-8a011f469f8e,ESM-2024-01770,LMS-009214
cdb2ebd1-1ff0-4c36-8951-c9e39391f9c9,ESM-2024-01771,LMS-005067
40c60cb1-0110-4ce6-b4e9-1d3c5cd2d982,ESM-2024-01772,LMS-000802
1111839a-ed3b-4e9d-8232-c01f1d8e8abe,ESM-2024-01773,LMS-000507
85ee6e85-0b98-4b56-9a92-c5952e57a299,ESM-2024-01774,LMS-004061
8852a1b6-5934-49dc-accf-ccac06516112,ESM-2024-01776,LMS-001247
d1110b2b-08f7-4547-bf2b-4dbf8461f34d,ESM-2024-01777,LMS-001815
65c4c116-2ee9-431a-ab87-b66320ac3d35,ESM-2024-01778,LMS-005500
6e2accb7-b09d-4325-bd42-35f482543528,ESM-2024-01780,LMS-000941
4d926bad-1027-4379-ac15-39e2fd927f6d,ESM-2024-01781,LMS-008744
266cad3a-0b97-4d2b-a63a-ddc6f9c0057d,ESM-2024-01782,LMS-000824
2c7db944-4475-4898-ae81-cc2da497a2ba,ESM-2024-01783,LMS-008442
5e8db4eb-e58f-4d2d-b32a-a7b5211ece5e,ESM-2024-01784,LMS-005341
22202c1b-6f8d-4a83-82f4-22482e2933dc,ESM-2024-01785,LMS-002595
61e3f031-8604-4f28-bffd-c960f5e23683,ESM-2024-01787,LMS-009468
852eebc6-8789-4c77-8777-bbfd39047de1,ESM-2024-01788,LMS-007157
51087045-cece-43cf-abc4-82452e64b734,ESM-2024-01789,LMS-005490
9b806f7c-f8a7-46d2-95bd-0bb19525d6a4,ESM-2024-01790,LMS-009033
18bee187-7508-4ca0-9688-8f69e4708ad9,ESM-2024-01791,LMS-006887
273c83b1-3355-44dc-91c3-46407e66983f,ESM-2024-01793,LMS-006697
3ea4e998-09de-453e-892a-5d677bc1d889,ESM-2024-01794,LMS-000859
ffae9d0f-192b-4942-8294-ba8d8c60e749,ESM-2024-01795,LMS-009083
fe4f8746-772e-493b-85a1-4c02b1dace56,ESM-2024-01796,LMS-004833
9249b7b4-1e5d-45db-87c8-cdce7d3bd637,ESM-2024-01797,LMS-006139
089d6e3d-3245-4bdc-9197-0b64a26165ea,ESM-2024-01798,LMS-004270
90c2d02e-548d-44bd-9399-7a01ca3cf807,ESM-2024-01799,LMS-005478
e496ba6b-46f5-43a3-82bf-a4c263251a6e,ESM-2024-01800,LMS-006632
b390b655-e23c-45cf-8a8b-f4de49fb81b4,ESM-2024-01801,LMS-006595
72f1d7b9-aa87-41e1-9e94-e24f83c77fe1,ESM-2024-01802,LMS-005781
69a43689-6539-46ed-b21d-2cc829f0fb9e,ESM-2024-01803,LMS-009360
c5529757-ba9d-4fe4-8e83-44d087ab3055,ESM-2024-01804,LMS-004207
010a20cf-76bb-44ed-9510-08914b583680,ESM-2024-01805,LMS-000063
d8cc95c9-25de-4cc0-a0ba-eec0d5abed92,ESM-2024-01806,LMS-004684
f2ceb04a-7160-41d0-98bc-72148c52e98d,ESM-2024-01807,LMS-004192
cd2c148d-c0b4-4f5c-8ad4-77b0f9a3cef1,ESM-2024-01808,LMS-003764
9ae45987-21c6-4ad7-a043-1a2601d0a4bb,ESM-2024-01809,LMS-008518
c28aa1aa-4c56-4fbd-b937-b21ed24f793b,ESM-2024-01810,LMS-004852
67097f11-7da4-4e59-be87-fd6c49493ad4,ESM-2024-01811,LMS-008179
4dc354e8-e43b-4fd0-8a89-ccb68a52dd1a,ESM-2024-01812,LMS-006836
67f2c624-b577-4eb4-a704-041ef5daf85b,ESM-2024-01813,LMS-008219
14c5dae2-0a72-4c5f-b57d-04f9fb551982,ESM-2024-01814,LMS-000709
cc5ca11e-d135-4d28-a6c4-04c8077cf9ec,ESM-2024-01815,LMS-007357
c870206f-436e-457e-b540-da0e4bb9192f,ESM-2024-01816,LMS-002183
8fda6bd4-77ce-45f1-9cbc-9e5734ff3625,ESM-2024-01817,LMS-007093
84fdb1ac-c69a-4c72-a4b3-089d1aec6826,ESM-2024-01818,LMS-007475
47f555b7-76b1-4f09-98d5-461736834eae,ESM-2024-01819,LMS-008840
d67e66f6-1102-4793-bec2-d96290db2028,ESM-2024-01820,LMS-002357
390e962d-4284-4bcf-a477-54bccf2dfbaa,ESM-2024-01821,LMS-009383
42657c35-d7fd-48da-be10-429c25c1174d,ESM-2024-01822,LMS-004002
dc71f4f2-1667-4db5-b123-541eb3aaaf01,ESM-2024-01823,LMS-007297
51e2d450-161c-430e-9200-95384c9456dd,ESM-2024-01824,LMS-000711
ab7b7153-78a3-46d3-8e8b-25a2e695b92b,ESM-2024-01825,LMS-004789
e3a90658-3cbe-4be3-ae2c-22a148fad8a6,ESM-2024-01826,LMS-001510
895e831a-c339-4ec2-878c-3ecdcc722c57,ESM-2024-01827,LMS-003749
ed7ac84e-a64c-4c41-b0bb-44e330b779fb,ESM-2024-01828,LMS-000806
b7dafa9a-51f2-48a2-8ae6-e356970b8d32,ESM-2024-01829,LMS-006917
c9c08eaf-f56e-4e8d-a72d-6b9e15535ab0,ESM-2024-01830,LMS-006344
a74b6962-f023-4c74-802d-ffa9975dd32f,ESM-2024-01831,LMS-009305
ecf67690-555b-4b25-aa13-03819a1cb5ac,ESM-2024-01832,LMS-007342
42738bea-e334-47a5-b2cd-8be4132afe90,ESM-2024-01833,LMS-003759
e1e9f002-9ac7-465f-9ebc-fef62acab98a,ESM-2024-01834,LMS-005047
cf851a9d-182a-4c03-a719-c5a4cd307282,ESM-2024-01835,LMS-002506
4428b49e-2d8a-4469-8dd3-322b922c9dd9,ESM-2024-01836,LMS-001420
a32edfd4-a10c-44d2-bc3f-8b5b80988ae1,ESM-2024-01837,LMS-005971
77a110a3-ef6e-49c6-82fa-813c04b3941d,ESM-2024-01838,LMS-005941
7a909805-b4d3-4e32-a46e-dedf7a19814b,ESM-2024-01839,LMS-003959
12e9319e-1158-4696-831c-787a15578881,ESM-2024-01840,LMS-006397
b3c83f45-cccd-4701-92d5-21704a03702f,ESM-2024-01841,LMS-000926
090ce75e-c216-4d05-9675-066d92822439,ESM-2024-01842,LMS-009177
2e7695cd-88fc-47ca-9220-7bee422c2a1f,ESM-2024-01843,LMS-001199
02462f54-7110-40ee-b0d6-8e6693b33c01,ESM-2024-01844,LMS-006347
b4f862b6-9044-46c9-a801-4a32ff21f425,ESM-2024-01846,LMS-002315
b0f0500d-8b98-41eb-9614-498cff156335,ESM-2024-01847,LMS-004324
113c0215-fbde-4a6b-95c8-2538850ab03a,ESM-2024-01848,LMS-009409
445be083-b6a5-429d-abab-36cd508e0a2d,ESM-2024-01849,LMS-009081
f8854b0f-e8f9-4911-bac7-a756dd5484a6,ESM-2024-01850,LMS-004829
7002cdba-09f4-41db-8804-f194e63440db,ESM-2024-01851,LMS-003949
e2cb8f96-160c-42ae-be55-f4c9795c8ee1,ESM-2024-01852,LMS-006160
ac31e67d-b808-4733-831d-1e063a960251,ESM-2024-01853,LMS-004564
8d8e762a-ef51-4145-9d92-5809e3d40384,ESM-2024-01854,LMS-000787
54fd1b4f-5e72-46ab-9d80-d000d4ac8d56,ESM-2024-01855,LMS-004284
28370695-a43f-46fe-8e1b-3ded0bc4c763,ESM-2024-01856,LMS-001423
ee676e0e-efcc-4f33-bfa9-91db089630fd,ESM-2024-01858,LMS-003062
85ba23df-c982-4731-91b6-29810c576c80,ESM-2024-01859,LMS-002102
77f52466-a1f3-49f1-b283-aed62f342e44,ESM-2024-01860,LMS-004185
a499c369-44d4-40a5-b808-a69743e6f857,ESM-2024-01861,LMS-008277
7b444f90-281f-447f-8661-5481b64772a8,ESM-2024-01862,LMS-002376
fafc6d10-8033-4eef-a2c0-f401613e87dd,ESM-2024-01863,LMS-009410
26ab5678-40a4-405d-a306-cb15c6da78db,ESM-2024-01864,LMS-004365
c0720aeb-41e1-4e2a-af46-0cb3f4afb03c,ESM-2024-01865,LMS-003400
e32b51d5-8b62-4ce8-b07b-8371ebfb7990,ESM-2024-01866,LMS-003794
41eb8ffd-1b17-4ab8-b617-1562b80235f2,ESM-2024-01867,LMS-007913
d29b0baa-e762-4dbb-b1b0-14ff617f3e35,ESM-2024-01868,LMS-001900
d93d7554-7410-4e07-ac68-ae95362846be,ESM-2024-01870,LMS-003226
bfb1080d-8747-40f6-8ca3-6eded577540d,ESM-2024-01871,LMS-001387
e72ce8a4-9b5e-410e-addf-0021ab8360fe,ESM-2024-01872,LMS-004953
f6474800-b903-44db-9abe-3b02ba4df3fa,ESM-2024-01873,LMS-007531
da2e46f5-4582-440e-b512-2c5c841e74aa,ESM-2024-01874,LMS-003756
116b6533-c756-4e56-9432-412e89d11d1f,ESM-2024-01875,LMS-002081
0bb595b5-2786-42aa-9739-1deb0bd7a6bf,ESM-2024-01876,LMS-006342
5a84d65a-5929-4002-9ce0-0cad9e70392f,ESM-2024-01877,LMS-005623
d64116dc-d18b-4b8a-a5f9-6a4ee398626e,ESM-2024-01878,LMS-003347
66109464-32b6-45c2-a496-d2e3ed8702f5,ESM-2024-01879,LMS-005634
370d43a3-88cf-4ebd-ad08-a808c8422504,ESM-2024-01880,LMS-004461
cc37b104-bfe5-47a8-b2dd-9643758efd90,ESM-2024-01881,LMS-001906
0f2dc837-5534-4cc3-a725-20da21f77713,ESM-2024-01882,LMS-008197
19f3ecd5-d56d-4718-86f2-efabf4e705a7,ESM-2024-01883,LMS-007990
ca335dfe-b35d-4c54-8cd8-35fe4f20b498,ESM-2024-01884,LMS-006328
c1b556a3-c0dd-4594-96a3-35c4dced3a1e,ESM-2024-01885,LMS-001738
c0bb18ba-e82a-4364-b5ec-f9808014be99,ESM-2024-01886,LMS-002630
14763d9c-59e3-454b-9ce5-d62c50771612,ESM-2024-01887,LMS-007592
31c24abd-a79d-4283-be35-416fd43e3faa,ESM-2024-01888,LMS-002278
46ddded7-20b9-4fce-85a3-3372b2d65a0f,ESM-2024-01889,LMS-005879
e5956f00-58d9-4c36-86c0-f2f7cc456172,ESM-2024-01890,LMS-004457
5189a0bd-ac76-468d-ad85-b3cf5e0919e9,ESM-2024-01891,LMS-002567
7f10118a-c6c0-4f29-bb20-61f224880d18,ESM-2024-01892,LMS-003325
f8b5d1f7-d678-4e1d-ab09-3d13898bc795,ESM-2024-01893,LMS-009312
5227b8f3-9aa9-4abb-87b0-0d1ca33009e0,ESM-2024-01894,LMS-001022
eb013243-b53f-446f-a0a8-c52cae3d61ad,ESM-2024-01895,LMS-003399
a52ee98a-a860-4360-b997-da42b4aa7535,ESM-2024-01896,LMS-000353
90d944c5-4cf5-4e1b-a30b-a3e9deffc9db,ESM-2024-01897,LMS-009145
182a95f4-3131-478b-9f02-fe83face8e55,ESM-2024-01898,LMS-007966
fc88710b-1f1e-4449-9dff-78cf1369856a,ESM-2024-01899,LMS-009316
a7fc031f-8b2f-40ff-917b-92721a17863c,ESM-2024-01900,LMS-003122
f3f87abf-7b95-40bb-907c-6d77c1e9c918,ESM-2024-01901,LMS-008389
933f5e19-eedf-4fbf-8d4b-6da20bad6124,ESM-2024-01902,LMS-004724
e902e118-5669-443e-9fab-bc173c2bc9d9,ESM-2024-01903,LMS-005420
fcbc3023-86c5-4230-88e6-e3a2fce801dc,ESM-2024-01904,LMS-003108
f17ccfc4-5288-41f9-ae91-965893d69522,ESM-2024-01905,LMS-002818
15e8ec00-fa7a-44a4-8b3b-9b84e2dd8f1a,ESM-2024-01906,LMS-008630
90f656c0-355b-4928-9ede-ad85bafd44ca,ESM-2024-01907,LMS-002181
2804a9b4-43c4-456b-b637-6bb34ca63cbc,ESM-2024-01909,LMS-006209
45b4d0c2-961a-4db7-bbe2-8f23e38e6527,ESM-2024-01910,LMS-003946
10a7927c-641a-4a7f-97b3-e218f21af3c7,ESM-2024-01911,LMS-005582
9ee6a77c-6294-4031-844e-6ba22ef69cac,ESM-2024-01912,LMS-008849
7954791e-3161-4cc6-9ebc-6eed419b2896,ESM-2024-01913,LMS-009252
2855d5cb-f96a-4425-a401-3e61aa38d5dc,ESM-2024-01914,LMS-000112
736484f9-0f44-4f12-afca-57d41bd5b1d9,ESM-2024-01915,LMS-006549
312a31a1-e6e7-4ef9-bfa4-4f93f802d47d,ESM-2024-01916,LMS-003142
64df9b66-b07e-4f22-af4c-af119861ee63,ESM-2024-01917,LMS-006099
ee74458a-2f91-4f25-988b-9477b42eeaf2,ESM-2024-01918,LMS-001315
3f6e267e-431d-45ae-bbaf-ff9ed851156b,ESM-2024-01919,LMS-002915
4a0e32f8-b495-45d9-8cf4-02020a58b0ac,ESM-2024-01920,LMS-004121
b2bb252a-5998-41b2-b468-a26b63df940b,ESM-2024-01921,LMS-006844
884bebf9-3425-4147-8ad8-0c4391d3d165,ESM-2024-01922,LMS-001390
c5fb7d6c-3212-490b-aa0d-3b2185086fa8,ESM-2024-01923,LMS-003223
02cbcb2e-baa0-4c02-991e-3cb953ee3ba1,ESM-2024-01924,LMS-008342
d74aac50-5842-42a0-9a0d-9acdd732afac,ESM-2024-01925,LMS-000413
527f3b89-31a9-46b6-95c7-589e2c9207ed,ESM-2024-01926,LMS-001548
c702a261-3e75-4993-abe4-59f563f71e23,ESM-2024-01927,LMS-003010
2a4515d6-4e83-46e4-aa88-2f50bc232147,ESM-2024-01928,LMS-003320
4fc7893d-5e79-478b-9911-463a30de277e,ESM-2024-01929,LMS-000094
9a38b510-22a2-49d2-9079-251d84380963,ESM-2024-01931,LMS-004367
0fc1761d-edfb-4072-92ee-2df216473e6d,ESM-2024-01932,LMS-008617
c122b535-7a2d-4579-8a53-5c742a9745a0,ESM-2024-01933,LMS-000817
97f90e28-8de0-473f-87fa-db6d597a085c,ESM-2024-01934,LMS-003774
dc465ab7-40d8-4ad3-ae47-0ec3e09c28a7,ESM-2024-01935,LMS-004186
ec29e1f4-8565-43bb-bab0-78ebee0effdc,ESM-2024-01936,LMS-001328
acb54391-8555-4ee3-8159-8ceba17f7e2a,ESM-2024-01938,LMS-004371
22afb6d7-e0e5-4c70-8d5e-83572c2b2b37,ESM-2024-01939,LMS-005695
fdb7edbc-be8b-42ee-a1a4-4502302bd981,ESM-2024-01940,LMS-007579
40a7c9c6-5a62-47cd-83e7-c4aa70dc46d8,ESM-2024-01941,LMS-000356
42b5ec7e-91ce-4600-9c8b-bebed0179b2d,ESM-2024-01942,LMS-003383
e662b824-a1a8-45c6-a801-8207d59cbbb3,ESM-2024-01943,LMS-004958
856d9997-5ea4-4543-be07-343dfb17d4f4,ESM-2024-01944,LMS-005069
0fb05959-557b-4444-bc6a-6828ba137938,ESM-2024-01945,LMS-005806
4f681dc8-abd5-4878-abb3-98a530e37bc7,ESM-2024-01946,LMS-001400
63e0baaa-d12b-4f73-8808-5cb7b56cf0f9,ESM-2024-01947,LMS-009366
16311c93-ad77-45a6-ab8e-e8a369bd09f7,ESM-2024-01948,LMS-005748
71d16ff5-882e-4b19-a21f-1ec3c887055c,ESM-2024-01949,LMS-003720
248d85ec-542e-4970-84a9-1a83b031ebf5,ESM-2024-01950,LMS-003683
5818cde3-9581-45c8-9d11-881734103d0f,ESM-2024-01952,LMS-006046
da5c60cf-e279-48e2-bc87-0d2282d80280,ESM-2024-01953,LMS-002095
d1bf4384-4690-4bbb-8443-947946df811c,ESM-2024-01954,LMS-000190
962376d3-468a-48bd-9966-641d58570213,ESM-2024-01955,LMS-003305
1e2095d8-fb98-4860-8300-3aa60d9e78df,ESM-2024-01956,LMS-001870
07d57be6-57c7-4fb5-811a-66a7c6e13785,ESM-2024-01957,LMS-006309
26756480-f267-4acf-9b70-e7e8b8a59ca7,ESM-2024-01958,LMS-002155
abd8318e-7486-404b-bd71-febd3fbe91bd,ESM-2024-01959,LMS-003410
3b004209-c67f-410f-84b5-70b8f083cde1,ESM-2024-01960,LMS-007155
ac36854e-3d0b-43b7-b215-5c6ce20904f3,ESM-2024-01962,LMS-005664
942d9550-4072-40cf-bbba-ec79e9afb065,ESM-2024-01963,LMS-003370
291b2c4f-4780-4de8-8ff7-45b3f9b77ef6,ESM-2024-01964,LMS-006788
a4364b24-1129-4d0c-b2d6-6ea5d696284f,ESM-2024-01966,LMS-002866
cefc71cf-ae36-4aba-b0ae-386c9f55c112,ESM-2024-01969,LMS-008676
5bb91036-0160-46b3-b6b3-060e679c375d,ESM-2024-01970,LMS-004290
62c5ebea-e9c6-4d60-a2d2-0f73cbc41d5a,ESM-2024-01971,LMS-000885
50c34f65-5d3e-4d06-ab2b-a877c4a44ae9,ESM-2024-01972,LMS-002741
9044ed0d-1840-461e-bca9-e0eaa4fa3789,ESM-2024-01973,LMS-002016
f46d71e5-c8c5-45a5-8e63-4ce3ef8889a2,ESM-2024-01974,LMS-007127
d03f126a-0f8a-466a-a88a-b4aee6ec6b32,ESM-2024-01975,LMS-004646
ec8d87ae-fa14-4b20-aa3f-1b9407ccdb52,ESM-2024-01976,LMS-001940
b306632a-f443-4dd3-a1ff-9d947ea08f75,ESM-2024-01977,LMS-001717
61010260-2b4e-4ac7-aa41-72fd8e88773e,ESM-2024-01978,LMS-000187
2e70ea99-518e-49d1-a22f-a75110aaf303,ESM-2024-01979,LMS-000892
6ce2bc53-2ef7-488c-8a46-fccd558b4b47,ESM-2024-01980,LMS-008856
a01ede4d-1900-43f3-9918-6a023d25084f,ESM-2024-01981,LMS-006215
73f9dfc9-5aee-4cb0-9c05-04f621bbd4c5,ESM-2024-01982,LMS-004604
2f729286-5338-4c7c-90bb-864d1dac1cbb,ESM-2024-01983,LMS-000682
e01bd6df-f2ee-409c-b067-1552c79cab96,ESM-2024-01984,LMS-000666
18944382-f771-4f67-bdec-00fb855c8232,ESM-2024-01985,LMS-003002
b03b392b-6e27-484e-af4b-84773096df9c,ESM-2024-01986,LMS-001467
a2fe2592-2d27-4c2a-b917-734af7c6f0c5,ESM-2024-01987,LMS-008272
ff0a0808-5eab-4646-804f-51d15e0fb512,ESM-2024-01988,LMS-003698
2c5f5383-e135-4d6c-9361-ad65f37ab866,ESM-2024-01989,LMS-004247
1fe07e0c-26eb-4a09-aa76-af9adc138cfe,ESM-2024-01990,LMS-007752
6041c80c-355b-4cd1-9ce9-ab50bfec0f16,ESM-2024-01991,LMS-001643
6c628058-ef96-4014-9d40-e7d1fc8145fd,ESM-2024-01992,LMS-004403
b12ab7cc-08ae-418d-aa77-6f7c3b8dccff,ESM-2024-01993,LMS-003344
e8516484-fe4d-4cfc-a2aa-bd8db1626267,ESM-2024-01995,LMS-003984
a8f9945a-c46f-4308-ae4b-62799bc5554b,ESM-2024-01997,LMS-008862
d8228af3-258a-4a85-873f-a51207924249,ESM-2024-01998,LMS-007607
21e84358-b7fa-450b-baa5-1e41cc42151a,ESM-2024-01999,LMS-008193
644ba433-b953-4e30-9e81-3574babc1403,ESM-2024-02000,LMS-003294
7af8ca03-2196-4a19-8560-9be6d43774a3,ESM-2024-02001,LMS-005992
cf082520-1ef3-458f-821e-0ff88f8310ed,ESM-2024-02002,LMS-001273
67a084a9-1f62-41b1-8f67-419e835b76e1,ESM-2024-02003,LMS-002112
4cadb108-f29f-479b-ad5c-76c18ff05d73,ESM-2024-02004,LMS-007879
14548e45-4f91-43ef-8eb2-a025c55e59d8,ESM-2024-02005,LMS-001716
e28c77bd-29d5-41f8-9fdb-3ac1f6733653,ESM-2024-02007,LMS-001334
b3bb6c52-5b61-49dd-964a-db337027d93e,ESM-2024-02008,LMS-000345
3754a596-9ef3-43b0-b594-e79daed86f50,ESM-2024-02009,LMS-001074
75a69b84-41b9-4c4a-8d76-c783f0b33767,ESM-2024-02010,LMS-004812
135dfaab-7960-4bd7-b6c3-8ff5cdcbafc9,ESM-2024-02011,LMS-005993
27c261b6-67cc-4bfd-8e20-735c7359ea40,ESM-2024-02012,LMS-001950
92295ca5-c0ca-483a-a326-57a1ff48b1cd,ESM-2024-02013,LMS-003684
b4f0f9e9-5ff4-4cbf-94ba-e855f73be5d9,ESM-2024-02014,LMS-005841
f0e8c462-7199-49e8-9daf-0e336234f9ce,ESM-2024-02015,LMS-000327
67ced36b-ba05-4035-87f5-c97a487ee91b,ESM-2024-02017,LMS-004037
4f44425e-b0be-4e01-a6d8-e76eb030b23f,ESM-2024-02018,LMS-004783
fcd6e58b-2e97-4a9d-9f6e-f3d6a525f9c5,ESM-2024-02019,LMS-004821
68f75da4-453e-4e82-a819-4bb41de2ea68,ESM-2024-02020,LMS-006848
751f2648-1f37-4303-a42c-f8892c161ca1,ESM-2024-02021,LMS-009458
adc8faca-1d90-4ecb-b71d-98ba0a24f04f,ESM-2024-02022,LMS-006758
a97c92f3-2968-4f54-befb-ee789e686479,ESM-2024-02023,LMS-004977
32e93e06-0b2d-40ae-8fde-4fc886cf8aa9,ESM-2024-02024,LMS-006095
15b27eed-fe16-4009-9983-d4356c9482cd,ESM-2024-02025,LMS-005722
6808d03b-eeb6-4db7-93eb-6c21b4286cdc,ESM-2024-02026,LMS-005646
79e8547f-6d02-4f65-9648-8aa19b396b57,ESM-2024-02027,LMS-008099
696b7a31-4b76-4c7b-bcb4-d1243e33b441,ESM-2024-02028,LMS-008338
41c974e1-f3f8-4207-b975-7c1d30878c52,ESM-2024-02029,LMS-008620
6deb7f72-a486-4f9e-8c6d-03ede2047208,ESM-2024-02030,LMS-003958
33bac11b-bd49-4eae-8c85-a371d0c3de45,ESM-2024-02031,LMS-007138
f3d1184b-8f4c-4c88-ba32-4a503e7ade5c,ESM-2024-02032,LMS-001909
2798b4c6-993c-44cf-bba9-dcfefb1d7f60,ESM-2024-02033,LMS-007953
2521e784-4d03-4c05-af2e-9acad9458cfe,ESM-2024-02034,LMS-007599
70c8fc35-43d9-4803-9b3e-16653ae9b61f,ESM-2024-02035,LMS-005968
6e879661-5085-4c58-865b-20f3b67e6071,ESM-2024-02036,LMS-007666
d9fbbc62-e8e2-4c68-a40c-85d5e9b8dd1d,ESM-2024-02037,LMS-003582
f301f041-9284-43b3-93bb-08d75b3c5036,ESM-2024-02038,LMS-000202
da734c40-0ec2-46c7-aca2-703af569b98c,ESM-2024-02039,LMS-003506
bc14519a-6bb4-42aa-999e-12696654e7d3,ESM-2024-02041,LMS-008668
67e133c4-9c22-4269-a9b4-16d802d60383,ESM-2024-02042,LMS-007524
2a9dfb4f-d285-4f45-8540-8e29aa547ae4,ESM-2024-02044,LMS-002129
0f3443ea-be77-41f9-b6f2-d600a81d38e7,ESM-2024-02045,LMS-005523
00e21237-1fb8-459e-8c60-fe348772d519,ESM-2024-02046,LMS-008405
c9b019a3-6fa9-48bd-92de-932ae9b29492,ESM-2024-02047,LMS-002285
cf395245-1ecf-4301-b5cb-936fd0dcfb3d,ESM-2024-02048,LMS-002860
990ed73f-2fdc-4799-ba48-d718a1f91af4,ESM-2024-02049,LMS-003145
cb448524-37d8-42b3-9686-fabdd0e9a3ad,ESM-2024-02050,LMS-005224
cd9d736c-cd53-4d22-9574-1fc98c044228,ESM-2024-02051,LMS-003030
dbca20a7-91de-4a6a-87ac-99c0f3cd1bce,ESM-2024-02053,LMS-008513
0921d566-30fa-486c-a0db-891a3adb2ac2,ESM-2024-02054,LMS-001026
e836e773-13cb-45ff-a791-af237799b07a,ESM-2024-02055,LMS-007995
924779fa-3c55-45c3-8c39-4e080e804426,ESM-2024-02056,LMS-002144
3cf1cebd-3de7-488f-b8e7-0a296a2d673f,ESM-2024-02057,LMS-008295
4aef6a62-270f-486c-b003-907d15365dff,ESM-2024-02058,LMS-001434
d3ccabe2-4045-413f-8e24-3b23afa75d80,ESM-2024-02059,LMS-000368
45ba2bb9-3a20-4952-9a63-c5948b86668b,ESM-2024-02060,LMS-004144
6a3aa6bd-c34d-487d-b20e-a6a5f4d27197,ESM-2024-02061,LMS-005280
d067a77e-98f3-4e35-9016-a67317c479af,ESM-2024-02062,LMS-007955
f08e802a-7c05-436c-be6f-61c0e7a6d788,ESM-2024-02063,LMS-006189
41dc2019-dbeb-4fbc-b74f-32bdca85d486,ESM-2024-02065,LMS-002878
1b599110-6cae-459d-9272-9068067a2461,ESM-2024-02066,LMS-006631
815a46b1-ff22-4f24-a639-e07413eebb63,ESM-2024-02067,LMS-008361
6427ed9b-040e-402f-99a9-55a71c469312,ESM-2024-02068,LMS-007888
6f52576a-a327-4212-88d5-84d9e85219a9,ESM-2024-02069,LMS-009384
b62757ac-6a74-4e5a-9e28-8b1623e923c4,ESM-2024-02070,LMS-005131
528c16a0-3cb8-4e63-8d87-69286783baa0,ESM-2024-02071,LMS-008530
b4c2413b-cef4-41c9-858c-20f6fc59e9c8,ESM-2024-02072,LMS-005142
d017b2c0-0954-4abc-83da-d02d8f6bb813,ESM-2024-02073,LMS-006639
d11f60ed-58d0-4474-911b-7a3e745bf81c,ESM-2024-02074,LMS-005945
3505eb38-1f6d-40b1-bb17-d669dbb8bfaa,ESM-2024-02075,LMS-000337
7602fcf0-cf44-4f41-8cac-9924523c2afb,ESM-2024-02076,LMS-000457
576e2557-5e31-428d-92ba-807fd333a5f8,ESM-2024-02077,LMS-008077
7b998141-c5c7-4c9b-a93f-f596053b10ba,ESM-2024-02078,LMS-008694
81a74a41-5aa9-48a5-94f0-e4d71a8061b3,ESM-2024-02079,LMS-008582
5b938a50-4cfe-452a-9b5d-8f2fd5b8eeb1,ESM-2024-02080,LMS-001669
aef2e050-a22e-474a-8ccf-01efa3a7a8ce,ESM-2024-02081,LMS-005850
03c4813b-c83d-4895-b5a5-8164726b6059,ESM-2024-02083,LMS-006809
6f5f9663-c155-4815-8bcb-537b79204a89,ESM-2024-02086,LMS-006291
8b6277cd-f816-4667-90a4-be18cdce7c16,ESM-2024-02087,LMS-001532
9e25080d-3117-42c7-8848-25b02b053caa,ESM-2024-02088,LMS-009440
f044814c-60fc-4ed9-9098-7fb4544ebf8a,ESM-2024-02089,LMS-001912
0af58e22-4f02-4add-a9fa-a9032a0660df,ESM-2024-02091,LMS-005863
fbc7ee4b-bb5a-4979-8680-4b5e821d33aa,ESM-2024-02093,LMS-003989
d26491f8-b04e-42e1-8f84-97724562e82d,ESM-2024-02095,LMS-006924
54332289-30e9-4cbc-82b4-7e4b78bb3284,ESM-2024-02096,LMS-007871
0628da3b-dc69-4a21-b1eb-4819905a219b,ESM-2024-02097,LMS-001803
bbda1240-da02-41ca-9657-1938e1fa6851,ESM-2024-02098,LMS-003595
9c782900-dbe9-4283-ad68-2afc2583f1cc,ESM-2024-02100,LMS-007595
44bdda11-7707-4069-9162-bb7938448864,ESM-2024-02102,LMS-005368
6a7b6e31-bd39-4325-9307-e1c82c5125c4,ESM-2024-02103,LMS-006193
847710a3-3bd5-4364-803b-119181b9b7e3,ESM-2024-02104,LMS-001028
bf5e73b8-5988-49ca-957c-824655cd8b43,ESM-2024-02105,LMS-004216
bf312443-0de3-4c79-93bc-a1021aaf8447,ESM-2024-02106,LMS-003747
885c8769-b106-4900-b838-36b1efb1987e,ESM-2024-02107,LMS-005923
3bf46e63-ac6b-4a5a-a216-4163dd9185e4,ESM-2024-02109,LMS-007825
f49e279a-a15e-4541-bf4a-557bd2d2206c,ESM-2024-02110,LMS-003575
7b3623d1-8907-4d31-8080-35c65ea11faa,ESM-2024-02111,LMS-009186
56a0eff0-941d-4fe2-851a-8fc5a73c0f66,ESM-2024-02112,LMS-002156
87768f05-c424-40f3-a7da-895a1f29bc0a,ESM-2024-02113,LMS-005078
d39c64fc-9ad4-4972-a488-a3b1778c22ac,ESM-2024-02114,LMS-000982
f7a84639-d361-4e55-99a4-3662713fbb39,ESM-2024-02115,LMS-005674
b9d9056d-6760-47a1-8b3b-e7a6563cf706,ESM-2024-02116,LMS-003303
3eaf44b6-ea29-46e0-b3bd-cadf0a18ccc7,ESM-2024-02117,LMS-006969
8f707497-baf6-4aa4-8d68-015247d6016c,ESM-2024-02118,LMS-003393
f0a1c0c4-e560-4dd7-921c-873636b5bdb5,ESM-2024-02119,LMS-005949
9a10925f-3b08-465f-b699-3b7e8c69da00,ESM-2024-02120,LMS-006391
e7cbf4ba-0705-4be5-a480-3d6e5cdc98cc,ESM-2024-02121,LMS-003854
b428e3d9-bfe7-4c15-90c1-5df4a30946b9,ESM-2024-02122,LMS-001077
672db4e0-881e-42c7-a5d2-f85dd99c01f5,ESM-2024-02123,LMS-002232
24665a52-750e-4f69-bdd3-78d06dbe310d,ESM-2024-02124,LMS-000821
cb74487d-2929-4a59-a94b-9dd347daf3a8,ESM-2024-02125,LMS-005469
d829d480-e9e2-40bc-863c-cbce802d06a3,ESM-2024-02126,LMS-004357
381caf65-7ed6-43a5-b9d2-9ce98ac87c5c,ESM-2024-02127,LMS-003714
5700acd9-980a-4bfa-9621-2e7d2c4cbdde,ESM-2024-02128,LMS-007862
88e630fd-ef0a-414e-83b0-d2abe34736d1,ESM-2024-02129,LMS-005946
7e8b0730-a2aa-4ddb-9e45-25b1bf5803a3,ESM-2024-02130,LMS-000569
283360d6-5037-46f0-9aee-437b8cb3b0fb,ESM-2024-02131,LMS-002612
0ad2d0c6-0f1f-490c-bf63-6ca7f97a19f2,ESM-2024-02133,LMS-008569
ca2ee7ff-1902-45c1-b5d4-a4a83657152c,ESM-2024-02134,LMS-003000
139d0ffd-c737-4996-9c6a-70cb0bf7ed28,ESM-2024-02135,LMS-001309
c2182dbf-621b-4ac1-936a-9b8554f252f8,ESM-2024-02136,LMS-008734
a97ac9cb-fe28-474e-bd70-006b43b465df,ESM-2024-02137,LMS-002562
cd3be868-6eda-4fe8-ade5-d41fa6661f98,ESM-2024-02138,LMS-008766
9f348911-54e8-4665-ad98-1e809111c8d6,ESM-2024-02139,LMS-000275
51676738-ae2c-4de3-bf28-9f590b0b4240,ESM-2024-02140,LMS-002092
d10c099a-766d-4de2-b622-44787adade2b,ESM-2024-02141,LMS-002804
bcabe567-59e7-4fe8-aea3-0114bda1cfbe,ESM-2024-02142,LMS-001267
59d86a41-a278-4129-b331-ffa96325554d,ESM-2024-02143,LMS-000400
5cfba3d8-111a-42fa-89d4-80aa7674c841,ESM-2024-02145,LMS-008022
8b5740f8-43a4-4a9f-838a-0125961f56ec,ESM-2024-02146,LMS-007861
93f3f1bb-cf83-4a9d-b05b-658debdc48e4,ESM-2024-02147,LMS-007075
c9862141-7b05-409c-93ba-40d245a19867,ESM-2024-02148,LMS-002499
864ba8c2-88de-403a-a2d1-f337423548d2,ESM-2024-02149,LMS-005019
db30d88d-05e2-4d44-85a9-d5bad27c8ec4,ESM-2024-02151,LMS-009386
8f3c0172-f190-493d-9448-49b614ce90b6,ESM-2024-02152,LMS-001319
b4adb0d6-3191-4eff-a27e-3a267aa29166,ESM-2024-02153,LMS-009314
624ce3cb-7462-440c-bfd2-74c7dff7850c,ESM-2024-02154,LMS-005442
d10413e7-b1d0-414d-9b7a-af48cf883f59,ESM-2024-02155,LMS-006664
320a59c3-eb21-472d-a71b-17de33e514cd,ESM-2024-02157,LMS-006238
a7e1a9f5-6f9d-4e70-98eb-854339e6266d,ESM-2024-02158,LMS-007136
72c00476-18ce-4ccf-b06f-942c920f838c,ESM-2024-02159,LMS-000712
e95092f5-10cf-4df0-bece-64b2393acfc8,ESM-2024-02160,LMS-005772
5e52516c-415b-4476-8236-2b0012730821,ESM-2024-02161,LMS-007737
3db4c25f-45e2-498c-af17-99467bbda95a,ESM-2024-02162,LMS-008758
61948e7b-f331-4459-8762-4fae293a9ae7,ESM-2024-02163,LMS-002907
35a86538-fb53-4901-b940-c834d0306218,ESM-2024-02164,LMS-008886
17893c86-a1dc-4a4c-8e29-d70cd292bb91,ESM-2024-02165,LMS-002479
e950c807-c884-451e-abc8-c4d277439788,ESM-2024-02166,LMS-006420
68c67f95-769d-4fc4-aabd-fa3fb020d42b,ESM-2024-02167,LMS-003813
efecc03e-f915-46f8-85e1-b57d4842d1d7,ESM-2024-02168,LMS-004785
56d64ab5-3a9e-4122-a4ec-9c525ca457b0,ESM-2024-02169,LMS-007680
b7290db7-8a9d-415b-af96-142eae461a2f,ESM-2024-02170,LMS-005260
f34cef90-ff28-4c5d-9b55-14607bc4a3d6,ESM-2024-02171,LMS-005538
9ab5fe89-786f-4474-bb45-6d063ddec660,ESM-2024-02172,LMS-009349
29b9828a-bce4-4af5-b041-fdc5678f32ac,ESM-2024-02173,LMS-009209
1eee9d82-8202-4b3e-9206-4f5795d0f330,ESM-2024-02174,LMS-001373
48532a27-da77-4160-80a2-94e3b1b9d788,ESM-2024-02175,LMS-005124
9e870434-19b1-48fb-ba2b-a34e89e07b9d,ESM-2024-02176,LMS-001136
cf0fdbb4-1962-4732-8fa2-0e9fccdd6a77,ESM-2024-02177,LMS-004611
76f00573-91e0-4d6f-a6e8-6248a24667c3,ESM-2024-02178,LMS-001403
ebc8e1d6-a28f-4ef6-a745-cb052b80ff11,ESM-2024-02179,LMS-003893
2d5c75bd-b834-4d7e-99e1-bb181da0957e,ESM-2024-02180,LMS-005525
c4307a3e-a0ae-4624-a557-150d62b4630b,ESM-2024-02181,LMS-005595
71f027c5-8608-4076-8ce1-12fc338d108b,ESM-2024-02184,LMS-001618
bf58e777-0eaa-478c-9294-456608942396,ESM-2024-02186,LMS-000501
8a162d61-3d5e-4a51-9e2d-6459c4956290,ESM-2024-02187,LMS-005697
8892e386-0a5a-40b8-a1f6-b463f3eb14f3,ESM-2024-02188,LMS-002210
c9468e57-f837-48f8-a402-692e554fa252,ESM-2024-02189,LMS-002109
d279088c-7673-4256-b2bb-b2602d801786,ESM-2024-02190,LMS-009176
c4d1d99a-5289-4d47-93e4-ad9059fb0618,ESM-2024-02191,LMS-007003
4fb4e811-3748-4bf0-be6d-0f7c67f74cca,ESM-2024-02192,LMS-007984
16e1383c-3aee-47fc-bb44-71f31ceafcb8,ESM-2024-02193,LMS-001299
8fbd8d58-40a7-46b3-bc89-f5135ca648fe,ESM-2024-02194,LMS-003817
42dfedb3-a7a6-4c50-821e-3df75a165d7f,ESM-2024-02195,LMS-007693
6da18545-9b2c-4cc7-9eae-48b812898b11,ESM-2024-02197,LMS-003278
64e78e50-d71c-45a9-8c40-f19911367ba7,ESM-2024-02198,LMS-005084
a1b4e159-8330-4ef4-85db-100f38ede943,ESM-2024-02199,LMS-000377
6cdff7b8-2571-4953-863a-69dbdad7b602,ESM-2024-02200,LMS-000375
8b0708f8-f594-4721-ab7d-18c04f293ab4,ESM-2024-02201,LMS-000148
02a0f932-1c08-4510-83de-c3e38b02f40f,ESM-2024-02202,LMS-003127
bc7409b0-404b-461a-a17f-1c4eb2ab8c61,ESM-2024-02203,LMS-005293
44190306-2b48-4b5e-a320-597f6275f07a,ESM-2024-02204,LMS-005612
5dda2d01-bbf6-4fef-a607-3554c8890b09,ESM-2024-02205,LMS-007261
7b109ddc-6f05-46e3-9345-cb559142a3a9,ESM-2024-02206,LMS-001037
56d5fff3-da14-4b71-8f38-055df79d2ba0,ESM-2024-02207,LMS-007527
3601da51-1fad-445a-898f-dd17b8f08d96,ESM-2024-02208,LMS-001694
fa1442c2-b4b4-4451-bc7a-6afc8c459a3d,ESM-2024-02209,LMS-005901
e1345da4-2352-4af0-b79f-9965ae71ab11,ESM-2024-02210,LMS-005961
3028470f-2d28-4408-b9b0-f52d9b690c09,ESM-2024-02211,LMS-006294
f6ae08b5-ad06-45c4-a65e-a1768e59b134,ESM-2024-02212,LMS-004937
3dff188e-a49b-4895-8a88-d8d67ff69a95,ESM-2024-02214,LMS-007881
28d31bfb-f537-4ec0-a2be-b4fd54cb97e3,ESM-2024-02215,LMS-002764
ed301ede-9183-4372-b932-efa14efbf371,ESM-2024-02216,LMS-000405
a4dd7d41-752f-4213-996c-88fef0d835fc,ESM-2024-02217,LMS-005021
b6add199-5abb-45cc-bc6f-ef5169465d06,ESM-2024-02218,LMS-003376
d98f44af-b4fc-4aca-a911-7ee908a10f9a,ESM-2024-02219,LMS-002720
aa794b4d-f9d7-4cd6-985a-859b593b4fbf,ESM-2024-02220,LMS-008006
543e6ab1-e34f-4d99-ab23-fb4391a5bc8a,ESM-2024-02221,LMS-002082
0a70d299-5c04-4eb8-ac1a-35abb252c0f5,ESM-2024-02222,LMS-006509
13822c91-cad8-421a-9abd-9b67844c2f60,ESM-2024-02223,LMS-000623
c86ca5fd-7ac6-46a3-a59a-7efe85c9e118,ESM-2024-02224,LMS-000242
4d964d87-860d-44e7-865d-3bf77289d9da,ESM-2024-02225,LMS-003773
6d841d67-a452-42d3-9af8-f0e1780ddafa,ESM-2024-02226,LMS-002577
dd850618-cbd0-4592-813f-4090c8a51b32,ESM-2024-02227,LMS-006203
2281ff91-8133-47bd-b507-d12beb4e316c,ESM-2024-02228,LMS-005755
92c16542-fb4d-48e4-b07c-7f0b6df41cb4,ESM-2024-02229,LMS-005588
3e8a7a52-c9b0-45f9-803f-859e9ff818bb,ESM-2024-02230,LMS-004021
a6a6483c-a19b-4bb3-9deb-6f43fd7371b4,ESM-2024-02231,LMS-009405
a101232a-72fe-43d5-8302-048bfea3654b,ESM-2024-02232,LMS-001014
dd0093ff-cdfa-4c2c-8189-5f2ef1a3793b,ESM-2024-02233,LMS-001414
fbb50c19-e83d-4fdf-ae00-a55416d06e97,ESM-2024-02234,LMS-007833
bd2b0960-4118-4345-9594-842574634ea0,ESM-2024-02235,LMS-005809
7657a907-2081-4620-8d87-16d81cb6b1e2,ESM-2024-02236,LMS-005181
11de53dc-015c-4706-8a46-98949485e07e,ESM-2024-02237,LMS-000643
b38db64f-0c6f-427b-8146-f6dfd2dd1a00,ESM-2024-02238,LMS-002737
a39d7cc8-d105-422c-b275-870023525d96,ESM-2024-02239,LMS-003589
b2c747b2-a17a-46e3-a2e6-e863b6ffdd80,ESM-2024-02240,LMS-008751
d1359178-62c9-4a6b-be5e-f9b16ba78416,ESM-2024-02241,LMS-006869
2fbe9df0-2cd3-4910-8e88-f29e63b92162,ESM-2024-02242,LMS-000321
92319782-d91b-48d2-bdcb-e4457747d5e1,ESM-2024-02243,LMS-009149
ab12f8e0-0089-467f-bfdb-276a7bd9f196,ESM-2024-02244,LMS-005401
e18cfbdc-8ce6-497e-aa53-9d2d02850798,ESM-2024-02245,LMS-001383
4a3887be-4c38-4f27-88d3-f3cf8eee3d6a,ESM-2024-02246,LMS-007542
31003027-0feb-46b0-b793-9addf392e2e5,ESM-2024-02247,LMS-004866
6ce0dc48-9997-420f-9707-689a3f62354d,ESM-2024-02248,LMS-000882
16ae7de5-733c-4461-b617-cddffd4dea6b,ESM-2024-02249,LMS-009138
c6fe42ca-f0ac-44c4-8eb7-46f6669d1727,ESM-2024-02251,LMS-004879
c52255f7-f16d-403f-bfdc-6f02c74cbf06,ESM-2024-02252,LMS-007872
4e23f359-1555-4ea9-8051-e15fa81a528e,ESM-2024-02253,LMS-005768
3526826b-4b95-4f6c-a1db-f58574c2a445,ESM-2024-02254,LMS-007048
d9ce7ecb-a8ed-4a95-b1e7-34204627d8d8,ESM-2024-02255,LMS-002623
5f7b70aa-957f-4ed6-8cc6-d033a71ee201,ESM-2024-02256,LMS-008805
f5046605-29ad-4900-8854-c2a3e5e51e27,ESM-2024-02257,LMS-008769
29e03d5c-8e56-480e-9a0a-86327941949f,ESM-2024-02258,LMS-000583
80525d8e-4c3c-466c-8711-481d19e7879f,ESM-2024-02259,LMS-003829
afd0d85b-2ca9-4741-8530-6aa86216dc27,ESM-2024-02260,LMS-001516
3b14f136-3788-44ad-8939-9ff86b79a8b3,ESM-2024-02261,LMS-000764
d59bbd7a-d7d7-4739-b1e3-59019a817a0e,ESM-2024-02262,LMS-006359
fc71a88e-642d-4f46-acb7-155b7d273274,ESM-2024-02263,LMS-006797
aec677f3-47a4-4d57-aba2-fd9350492d9e,ESM-2024-02264,LMS-003133
4a9aaad9-2eda-4ac3-99dd-b823844b52f8,ESM-2024-02266,LMS-004735
f241cfed-abe3-4c05-88df-4cf165f24bf6,ESM-2024-02267,LMS-002621
d361ca3d-5050-4983-8550-f59cb60fc8ee,ESM-2024-02268,LMS-006629
293cf654-e17f-4235-918b-0a49f72bd815,ESM-2024-02269,LMS-001354
6117a725-18ba-48fe-8938-8041cd390d56,ESM-2024-02270,LMS-006620
f8b58a48-3941-4461-bcc0-235722cf8f13,ESM-2024-02271,LMS-006801
9313d7b1-6f2f-4df3-8c9d-62aa10c4e3a5,ESM-2024-02272,LMS-000110
d1fa1403-e9e5-4c1c-9da0-88b1f574f36a,ESM-2024-02274,LMS-007723
c4cd9ad6-2870-4d4f-a78d-7d99b70aaceb,ESM-2024-02275,LMS-004004
586d5b41-b3dc-4170-a4c8-d42821f36465,ESM-2024-02276,LMS-003263
13d6e181-0d8b-4f95-b123-a3089d3c508c,ESM-2024-02277,LMS-006275
e74543fe-d5e6-4b07-bdbb-87b4d4b51732,ESM-2024-02278,LMS-003470
be26cbf9-144f-4d20-b17e-8bb526671c53,ESM-2024-02279,LMS-007032
c5cfda60-ad9b-4d9f-a7a6-ba01a4a28ef6,ESM-2024-02280,LMS-000384
00bdb862-5e8a-418d-8564-7a4c70e01e4f,ESM-2024-02281,LMS-004396
5c3fb00b-5827-4972-bbfa-aa330b3e904e,ESM-2024-02282,LMS-004178
a2184540-7721-4742-9cad-7e9542afae51,ESM-2024-02283,LMS-006971
e7e7c377-6393-47d1-9fff-a24ab2102879,ESM-2024-02284,LMS-003674
94948388-c453-4311-ab62-f194c72b8cc4,ESM-2024-02285,LMS-003935
a4acc6b6-32c7-417b-baa9-e44e435e59e3,ESM-2024-02286,LMS-004485
5de47eb1-b1aa-4b0f-8ccf-35914ad1819a,ESM-2024-02287,LMS-005353
da633b80-6905-4445-ba90-53f93f4a432a,ESM-2024-02288,LMS-000681
68be9898-2d31-42a7-84d9-bad36a533e7f,ESM-2024-02289,LMS-006176
33c39d33-15e0-4c59-abc4-fc0f915c81cc,ESM-2024-02291,LMS-004446
10d9213f-5dda-46f6-b954-985cca44f01c,ESM-2024-02292,LMS-007916
5741ba7b-7ae5-40be-92d6-f19d6877145e,ESM-2024-02293,LMS-006676
76902cc4-16fb-4fb2-acc8-f4a4bdbd9ae0,ESM-2024-02294,LMS-008987
a53f1ca8-d2b9-4c37-8e75-07be588b4784,ESM-2024-02295,LMS-005056
15b9490a-a92b-4bd1-b0f8-a28ba62a8942,ESM-2024-02296,LMS-002440
627bd6c2-fd39-4157-9add-10c8b7d05b0a,ESM-2024-02298,LMS-009379
eb2efb50-bba1-420d-b369-e1ba56d48d72,ESM-2024-02299,LMS-002706
a19b6f34-2108-424d-beca-eda3def0bad6,ESM-2024-02300,LMS-008986
ad6b3043-711f-48df-a93f-ae4b8f2cb4f4,ESM-2024-02301,LMS-008626
2fe26bc3-d92e-4a4d-a550-bb712029c541,ESM-2024-02302,LMS-002972
2a53d8dc-f3ce-44fb-b338-2d2fd01031ba,ESM-2024-02303,LMS-001817
4a43809d-a4f4-4657-9c05-ab32b8233fd6,ESM-2024-02306,LMS-005555
79354b66-40a6-44aa-8a4b-7b869ddac58a,ESM-2024-02307,LMS-008560
075cc9e1-6ec0-4df7-8a7d-66a120ae4787,ESM-2024-02308,LMS-004537
cec69cc3-a39b-41fc-b246-e29d192e3ea3,ESM-2024-02309,LMS-008977
35fab840-0649-4519-a7fe-db1299cb7737,ESM-2024-02310,LMS-004133
89fb390f-4f4d-40d8-8650-13479eb7d6c8,ESM-2024-02311,LMS-008551
be7ae757-c4e1-41e5-8e25-4868e15cc173,ESM-2024-02312,LMS-006594
49b5b9eb-b5b8-4504-aed7-966a93fff6fc,ESM-2024-02313,LMS-001413
eba95b25-7a7d-4122-b341-8f81344862d2,ESM-2024-02314,LMS-006537
78e50ca6-65db-4b10-ad9d-9dbce9d79cd8,ESM-2024-02315,LMS-002624
1a3e3954-8fde-4daf-b70f-53dcb7345995,ESM-2024-02316,LMS-006895
85d12ecb-2fab-4ef7-a195-67bdb233e746,ESM-2024-02317,LMS-004538
110208d9-6b1c-4e18-b2f5-600fdf45a761,ESM-2024-02318,LMS-008217
7aa4f823-64c6-4143-b983-6b31c509c144,ESM-2024-02319,LMS-000328
53873308-8d17-4485-a0de-4ec9bda4dd7e,ESM-2024-02320,LMS-005451
8c6af243-cfad-4d65-afcb-84b9fc8f5f3c,ESM-2024-02321,LMS-006759
61ad2da6-62e3-4f02-a4f4-2290b3b1ada8,ESM-2024-02322,LMS-000436
bc23b772-9dfc-42c2-a950-df964a04e23d,ESM-2024-02323,LMS-006033
73e64aa7-bd4f-493e-a6ab-4b12aeaefb4b,ESM-2024-02324,LMS-000614
0e6e34fa-02c8-4fa7-90d2-e350e5530bab,ESM-2024-02327,LMS-005166
bbff2ea7-ea54-416e-99fb-4cfeef059525,ESM-2024-02328,LMS-001964
cc1fa593-e93f-4a73-9d7f-ee7ae914a6df,ESM-2024-02329,LMS-005600
3fda3b1c-a9c5-44c6-b460-0ce4bd88a02e,ESM-2024-02330,LMS-001802
cc818870-1ff7-40ea-99a5-f19537bffbd4,ESM-2024-02331,LMS-006025
17ec466d-1479-4c31-966a-72f9a5c1d359,ESM-2024-02332,LMS-001957
fd62a1f2-6281-4272-9135-dcd001b37b32,ESM-2024-02333,LMS-001838
36fe2f00-66d6-40fd-a49b-07f959c9d8ed,ESM-2024-02334,LMS-005452
e4254f63-3ab7-47c4-b797-f4fe484f2683,ESM-2024-02335,LMS-003088
0413f099-1e4a-4984-8017-13c29fcf8653,ESM-2024-02336,LMS-004961
99824b57-bdb9-4f12-9977-23a183c63203,ESM-2024-02338,LMS-005018
7cfbeb58-0da4-4682-b023-4655e184fd01,ESM-2024-02339,LMS-003778
fe5a2f7d-0384-4b7d-af7f-7568a707f16f,ESM-2024-02340,LMS-006003
30bb2065-4e53-4afb-bba8-3f940b750de6,ESM-2024-02341,LMS-003877
89f31003-b4ed-4fec-b8b3-88a196d4815a,ESM-2024-02342,LMS-001141
cf4cbae6-866f-498e-a7d6-694e1182a5e6,ESM-2024-02343,LMS-003295
6c97e894-f24f-4522-a384-1c2f12a21c3b,ESM-2024-02344,LMS-001135
6a4535b5-01e0-4ab1-b2d1-011b1f59758e,ESM-2024-02345,LMS-006282
450b2cec-02be-4835-9bd8-1af62faba2d4,ESM-2024-02347,LMS-007137
b2aa4069-a89a-41a9-8b43-4157e09a733d,ESM-2024-02348,LMS-005396
12c6edd7-a3e8-4283-92cc-97340c0401f0,ESM-2024-02349,LMS-008796
cd58d288-ca05-4613-a6e1-0e2eb573d532,ESM-2024-02350,LMS-002946
8d84f527-5866-4583-8bc2-9d582dfc90d7,ESM-2024-02351,LMS-003045
c65f2d97-9b32-419f-80c1-dd1a66ffccd3,ESM-2024-02352,LMS-005716
7e14602f-5f48-4a1f-80ec-9fe4e39da88b,ESM-2024-02353,LMS-006602
ea1fa556-f0df-41eb-bb7b-46fd4d09891e,ESM-2024-02355,LMS-007259
6cf9d46d-9257-4aca-aeaa-8f5e8b1341d8,ESM-2024-02356,LMS-005574
02bb0140-eb2b-495c-87e2-3e8d2e09f240,ESM-2024-02357,LMS-006016
ec3140b7-8946-45a1-918d-ad42e6c9e8b2,ESM-2024-02358,LMS-007378
66a26d27-3656-4168-bc51-9d6e5bfb182e,ESM-2024-02360,LMS-005468
49ae97a7-aecf-4bc5-a6e9-21f27a0d34fc,ESM-2024-02361,LMS-004463
64d102ad-d5c9-43ab-b9ec-cfd4412c17a3,ESM-2024-02362,LMS-005553
f258889c-8fe4-4ade-b45d-4ff54bc42f9e,ESM-2024-02364,LMS-003985
9de51ff4-c520-43be-9620-5927b2303d34,ESM-2024-02365,LMS-002856
8418517f-3c3d-4bef-b2a1-2449d64ac512,ESM-2024-02366,LMS-007715
38559edf-6f06-463e-a5cb-159644f478ad,ESM-2024-02367,LMS-006649
60d75d9d-3c25-4d93-b05b-5232cff462f1,ESM-2024-02368,LMS-002654
1c5dd63a-d69f-4334-ba85-cf7cbc2b408d,ESM-2024-02369,LMS-007288
604a4953-1700-486f-ae0a-8dee9b2ee413,ESM-2024-02370,LMS-005480
57ff817a-649c-4080-88f7-533990b46841,ESM-2024-02372,LMS-004951
86755dea-c086-4ff6-afa3-93320a248dbe,ESM-2024-02373,LMS-004353
1eccf30f-2c66-4e6c-a1d0-69223b9cd51a,ESM-2024-02374,LMS-008270
c5d014c1-2eee-47dd-977c-ab540abcc1db,ESM-2024-02375,LMS-005915
83872af4-600b-4285-a819-dfeae3ba0bf2,ESM-2024-02376,LMS-007144
c24e0f06-a6f6-4d80-9cab-85b375f61664,ESM-2024-02377,LMS-004615
25875c62-6927-424c-85f5-7deb9ff257c1,ESM-2024-02379,LMS-008303
4c5c612e-f4a0-43bc-9cc9-9116818bad9a,ESM-2024-02380,LMS-007358
9e5e8888-6419-40c2-9638-11135ea4a00b,ESM-2024-02381,LMS-003527
3268a0bb-e257-4495-b1e4-4de03a870891,ESM-2024-02382,LMS-008233
4bc46ff1-cd20-441d-9169-c808e6d7bcff,ESM-2024-02383,LMS-001167
579c3283-908f-405f-8b15-2d39579c9d5c,ESM-2024-02384,LMS-009283
899e47e7-ae3e-4eaf-b77e-34bc0ad2ade8,ESM-2024-02386,LMS-003245
26b83578-0a7f-4948-9629-8a3d92bb73da,ESM-2024-02387,LMS-005683
13291476-d784-474b-a0ac-bb6c71b66b91,ESM-2024-02388,LMS-000639
5117e15c-b701-4fe0-8fbb-f03568d0faac,ESM-2024-02389,LMS-004553
b5acd69c-1aa4-455d-93c2-45745f8af758,ESM-2024-02390,LMS-000197
165f5f80-44e1-4617-809d-15943c9fdcbe,ESM-2024-02391,LMS-000992
3796a513-a382-43bb-8e8c-fb1e0109618c,ESM-2024-02392,LMS-001202
5958a29e-6f6a-480b-9ec1-5a12eb98eba7,ESM-2024-02393,LMS-000022
b5639a18-29f3-46b0-bb8b-e39ab3c64aeb,ESM-2024-02394,LMS-007249
e49c5a7f-5e7d-414a-b4c4-2dd9391346ce,ESM-2024-02395,LMS-005512
b80410b7-7308-4172-8dbe-8b56411489b1,ESM-2024-02396,LMS-004491
bbf3aff2-af81-47b9-ad3f-ab7b7a6bc229,ESM-2024-02397,LMS-009061
b39e5404-5a5c-49d5-82b2-0074999c506a,ESM-2024-02398,LMS-001764
186be38c-cfbb-455d-8b95-c1f04dbff86c,ESM-2024-02399,LMS-006787
8e789001-4488-4b7b-bc6e-c4ea4e3b12ac,ESM-2024-02400,LMS-005719
fa28dabc-bff5-492c-94c3-6c4977fd2e56,ESM-2024-02401,LMS-000766
efe77ae7-623a-4fe2-9c1e-e061ed4366b6,ESM-2024-02402,LMS-005797
5ed6323a-bf45-496b-861d-63d2885d9b87,ESM-2024-02403,LMS-008654
25293177-f9d7-4e66-aaf7-3114feacac31,ESM-2024-02404,LMS-002746
81183b1e-a76a-49ee-adec-527574388668,ESM-2024-02406,LMS-001371
0cd0940c-1baf-4545-8642-84496b4ea68b,ESM-2024-02407,LMS-008682
cae14206-d671-4e2d-8365-02c86275965f,ESM-2024-02408,LMS-007647
597fb704-19c2-4638-95b2-195674367bb5,ESM-2024-02410,LMS-005654
bcfe23bc-320c-4d18-9d69-b0e712209fb0,ESM-2024-02412,LMS-004480
1bb3fbf4-944a-4dee-9b94-45872ddeb948,ESM-2024-02413,LMS-001660
027f1e85-7f22-42e6-bb0b-bb3db4a76ce4,ESM-2024-02415,LMS-003888
68f38852-5164-4231-bcb7-030e4e2ddf13,ESM-2024-02417,LMS-002862
f2a9df3b-0a89-4ae4-8161-284832756a79,ESM-2024-02418,LMS-000694
4233aa13-f0e8-4fe5-be34-572a5a007673,ESM-2024-02419,LMS-003653
546b30e4-a7bf-4a39-8d95-1bda702aaf27,ESM-2024-02420,LMS-000841
7380262f-6736-4d17-89cb-480e7e160352,ESM-2024-02421,LMS-002334
ac38987f-6fa3-4f9d-9537-517418ab5a49,ESM-2024-02422,LMS-004055
9a744edc-d1a3-46e1-bfc4-fd84570dfd12,ESM-2024-02423,LMS-003134
76656384-ae2b-4666-9280-ea17b5446d8c,ESM-2024-02424,LMS-006061
c53f32b6-7c20-4f02-9d03-a22cd946a67d,ESM-2024-02425,LMS-003501
823007c5-d532-481e-9a6f-431b7a6a0c23,ESM-2024-02428,LMS-000869
9322fc26-296b-4dc5-a047-cc076c99af9e,ESM-2024-02429,LMS-008178
0bd526be-f5cf-48bf-9596-2fa744ace8c0,ESM-2024-02430,LMS-001995
04f9a861-082a-440d-9192-39f20954b956,ESM-2024-02431,LMS-007208
7d403265-ea7a-4b60-bbf0-b2d5fffa0b76,ESM-2024-02432,LMS-006922
0b3ef956-178a-4d6d-b750-92deed1673a0,ESM-2024-02433,LMS-005266
226ff311-409e-4344-9459-a130f0f79a4a,ESM-2024-02434,LMS-000143
3e648eab-fbe3-40f0-a978-d8137964bef5,ESM-2024-02435,LMS-005373
4702b52f-60bb-4594-a00c-c2eda5750643,ESM-2024-02436,LMS-005883
444367d0-d95e-4005-9de7-7bb7b604671d,ESM-2024-02437,LMS-004808
0915e0cd-a8e8-4af0-aacc-8ec4858ab07b,ESM-2024-02438,LMS-002428
7b46ea4a-6148-4da9-8a2e-2ea0f02d783b,ESM-2024-02439,LMS-001855
65f2baf5-474a-4601-b5fd-31c15c1bc941,ESM-2024-02440,LMS-004688
c187cac4-ba78-433b-841f-ae1e7be0302a,ESM-2024-02441,LMS-002902
e7d5231d-b2ce-4b0e-a0f2-c8e3f18181e2,ESM-2024-02442,LMS-008585
2a93bbe2-2587-4af8-88c1-4856b2ed6759,ESM-2024-02443,LMS-002422
313e13a8-ec10-4bfc-909a-9e008cb40413,ESM-2024-02444,LMS-007759
65195dfd-a043-4c28-b83a-d7d69495711c,ESM-2024-02445,LMS-001567
d8bff895-80c0-40b5-a170-4f5dae4028a6,ESM-2024-02446,LMS-002142
9eee3ff6-fe73-4f7b-99d3-61f8f223c75c,ESM-2024-02447,LMS-000035
53c775b6-d027-4b33-983e-c25806067cbb,ESM-2024-02448,LMS-008770
da86a4e1-e520-4ab7-98ce-f8605460c73b,ESM-2024-02449,LMS-006459
fa0104a7-7c3b-48c2-a54a-486162bfa752,ESM-2024-02450,LMS-006195
08a4c555-2f0b-4f20-9197-31fef5f7e3e5,ESM-2024-02451,LMS-001257
550f2226-0470-4239-be46-f806b6cf8eb5,ESM-2024-02452,LMS-007970
b8ec0aee-559d-4106-8355-053077e48a59,ESM-2024-02454,LMS-002002
a0c33c13-a8ca-491e-8f42-917a0834bb4b,ESM-2024-02455,LMS-004400
fc755041-c897-4cd1-b117-e275b794123b,ESM-2024-02456,LMS-001062
22b0e8ec-5a38-4ee0-b39a-46737f0a7e00,ESM-2024-02457,LMS-000007
fce0016b-4855-44d0-afc1-ab6b1e07d26c,ESM-2024-02459,LMS-000073
3af34e59-2417-42fc-9adf-0362d55c3c99,ESM-2024-02460,LMS-005355
3c57cad2-6105-4025-b5a6-a255750d9be7,ESM-2024-02462,LMS-003999
6ec47026-5c3a-42e0-a361-a0e7127e1cfe,ESM-2024-02463,LMS-006045
1a866174-f6f9-401b-9d5d-28613a70a7e5,ESM-2024-02464,LMS-002796
606aab9c-e760-45f8-8402-e1702ff1ac80,ESM-2024-02465,LMS-003644
5d01b70d-ead4-4322-8278-bdd94c026fc3,ESM-2024-02466,LMS-005228
44480e43-b12a-4f24-984d-26285d3b6c5d,ESM-2024-02467,LMS-007062
2dc30818-a116-419c-9d4a-9c2015d18840,ESM-2024-02468,LMS-005386
3afb5ad2-6d6a-42af-bd1e-3889bce129b0,ESM-2024-02469,LMS-002213
2e6f6349-07d6-4fd4-8430-1e6028c5e2f8,ESM-2024-02470,LMS-005999
39ebfeee-109a-4549-9279-6364128fc904,ESM-2024-02471,LMS-006031
b50c46ea-4ea0-411d-a189-acf50fdeac33,ESM-2024-02472,LMS-008236
ad3f5206-0b66-403a-9da0-0e2b322e9c93,ESM-2024-02473,LMS-005514
d4d9249b-7a70-4fe5-86c0-2745a224a5b4,ESM-2024-02474,LMS-007582
3d171716-affa-4769-a93d-7d68f48afefd,ESM-2024-02475,LMS-003193
ac6297fe-b151-4f19-bec8-63e2cff91a20,ESM-2024-02476,LMS-008261
cde2790a-77c2-4587-81ba-425d99a72fc8,ESM-2024-02477,LMS-008224
b7471386-b73c-4d83-822d-d579f81d605c,ESM-2024-02478,LMS-003012
bc8322f1-4ae1-4348-abba-033238e7716e,ESM-2024-02479,LMS-003026
fac0618c-0eb6-45ae-ac7f-9121091c7c5b,ESM-2024-02480,LMS-000131
3761cbf0-0993-46fa-ba6f-3f196a9f89c3,ESM-2024-02481,LMS-003967
1d680668-e8ae-48b1-b355-6cc7502ad02b,ESM-2024-02482,LMS-008777
4eb5f383-9e2b-4eed-9179-90d0bef088fe,ESM-2024-02483,LMS-002933
a9ce8855-5581-4427-80fe-511b4236b3f9,ESM-2024-02484,LMS-007242
dfdb66ea-c3e3-408e-af78-8b6d9f723e71,ESM-2024-02485,LMS-002430
e360dcfe-40de-4c63-8fbd-40aec2bc9c8e,ESM-2024-02486,LMS-007980
0f5fac3e-1d85-4286-a7b0-06c7beda7397,ESM-2024-02487,LMS-001426
726420a6-feaa-4981-b157-d6a2848511ab,ESM-2024-02488,LMS-007274
f7062376-aed9-47ee-a00b-9fd154b4c798,ESM-2024-02489,LMS-002883
fb1b4b3d-c85d-4550-9302-2af290654f6c,ESM-2024-02490,LMS-000901
b5c1881e-66c6-4a54-ae25-01524ac144fe,ESM-2024-02491,LMS-001477
8adecfc1-0076-49a9-93f8-06f4c571186d,ESM-2024-02492,LMS-008087
e0db1c95-5b49-48a4-a628-db104d975935,ESM-2024-02493,LMS-000292
822a87c2-b267-49b3-b6b6-3319f7af93ad,ESM-2024-02494,LMS-004588
844a2d2c-6f1e-47d9-8a9f-395c32c931ee,ESM-2024-02495,LMS-002373
63dad312-eee2-4243-961f-68580d252f9c,ESM-2024-02497,LMS-002918
f5ff6727-eccd-47a4-afbd-a000df7c0404,ESM-2024-02498,LMS-001036
8d6e6369-0e94-481f-bcf1-ceac912db35f,ESM-2024-02500,LMS-006962
6ab0fc2e-6e9a-4f47-9f35-7afc53e5c954,ESM-2024-02501,LMS-008125
31c50c55-6458-407a-93fb-ff3af1291467,ESM-2024-02502,LMS-001177
d92d1563-8994-478f-b52c-9fee0f7e6515,ESM-2024-02503,LMS-004990
989eb636-684f-406e-ab5d-a8a2ea8d413e,ESM-2024-02504,LMS-004612
c7caa4d4-f053-4c8c-affe-6257a007f2df,ESM-2024-02505,LMS-008558
6eab15c5-17c4-49ed-9f2e-1132de31108e,ESM-2024-02506,LMS-003983
fdd82fb1-6b5b-49ca-8466-16efa10586ee,ESM-2024-02507,LMS-004233
85e1cd35-dded-400c-9a4d-55ad316048da,ESM-2024-02508,LMS-003192
e1e10151-f7c3-4817-8cda-fbc6c9c72845,ESM-2024-02509,LMS-006067
3fb9ffae-19ee-41fe-869a-753bb750f24d,ESM-2024-02510,LMS-005733
ab3661aa-b671-4116-9e7e-826f3857100c,ESM-2024-02511,LMS-004663
76eb473a-8b7c-483d-ba2d-ce99f8cdc786,ESM-2024-02512,LMS-000701
5f52a9f5-9893-4274-869b-5430096f8854,ESM-2024-02513,LMS-001346
b2aa6723-8bd0-4856-8dc9-57ebbf9f6f73,ESM-2024-02514,LMS-008025
e23fb77f-c4f7-44cc-bd1b-0791c097e36b,ESM-2024-02515,LMS-002221
b7998c50-f9fc-4124-9a34-34e2b4e65b05,ESM-2024-02516,LMS-001901
fa219a61-e592-47fd-8b24-86a4a7c7b253,ESM-2024-02517,LMS-004882
3ac42175-5de6-4a93-b8fb-29e5285e5b73,ESM-2024-02518,LMS-004591
def55aa2-62c9-46b8-9022-5ecbe1954833,ESM-2024-02519,LMS-001932
11747382-56b8-44c3-8087-1168261fd4f2,ESM-2024-02520,LMS-003621
b9144646-9dd9-4c8b-9ecf-a7e0b06e427a,ESM-2024-02521,LMS-004627
2ba9dbd6-63be-4193-b999-edad25d83cdd,ESM-2024-02523,LMS-002795
baaf3bae-da8d-45ec-83e1-1c1482bd45e4,ESM-2024-02524,LMS-003449
6a118735-5b90-4a4c-8bf2-20e9d304ddd9,ESM-2024-02525,LMS-001197
ffcacf24-8f9f-4c7e-9323-533cdc20a0bc,ESM-2024-02526,LMS-008078
cf6fa68f-4ad4-4a86-90c9-8cbb939d1535,ESM-2024-02527,LMS-000667
a474aa93-d00b-4686-b909-721260097b6f,ESM-2024-02528,LMS-004628
d6538061-d720-4113-b30f-8f8c79891196,ESM-2024-02529,LMS-008567
f329b0e7-0b4b-46d3-b8a5-32643a261866,ESM-2024-02530,LMS-004458
6a69e0a2-7247-4991-a818-e468a7ccc8da,ESM-2024-02531,LMS-009429
e4ebb69f-eabc-45ec-9bce-615aa4e79a2c,ESM-2024-02533,LMS-001043
c030fbe6-c4f7-4630-9f3d-b9948b340301,ESM-2024-02534,LMS-003235
9b58098f-2783-436e-bedb-f08ca2dec4c4,ESM-2024-02535,LMS-008037
3f9c5c9d-a9e6-4eac-b071-d5bcd8d65a08,ESM-2024-02536,LMS-002760
1013b1c1-e590-4cbf-ad66-cc3c4b36e5f0,ESM-2024-02537,LMS-007516
79f9a6f9-5630-4261-85e9-15e1e33b6fc1,ESM-2024-02538,LMS-007494
96d60a98-52f7-41d7-9b31-834df70f6bd1,ESM-2024-02539,LMS-009022
a1cd73cb-9baa-4047-8925-94f06088a304,ESM-2024-02540,LMS-008660
d19f1fb7-bdc8-4382-8b0a-3f68eb81ff73,ESM-2024-02541,LMS-008471
f7e59859-4ccc-41d6-8218-3bb14b21f504,ESM-2024-02542,LMS-000266
3a843860-ae9b-4a36-a690-fdc027c10652,ESM-2024-02543,LMS-001228
9b8fe676-5bc1-4069-a8d4-285c5257f4e3,ESM-2024-02544,LMS-005563
984876fb-9995-43c2-922f-9b28e1f090de,ESM-2024-02545,LMS-008896
e8038548-d607-43b0-9364-6310cb860043,ESM-2024-02546,LMS-001151
ed0ede41-7fb8-424c-a589-dcfbc242609a,ESM-2024-02547,LMS-006436
b5572dad-15f6-4206-aa11-6b77f713580a,ESM-2024-02548,LMS-004025
8c9541ee-bbc8-4279-bb61-512b21cfb8a2,ESM-2024-02549,LMS-002053
106bd136-58a0-4a4f-b4c7-be2262fdb4af,ESM-2024-02550,LMS-005270
2d16c023-ec91-4820-b9ca-4e2f99eef506,ESM-2024-02551,LMS-006903
eaf3f40e-22ee-4e01-ab01-d15d1c4516db,ESM-2024-02552,LMS-005632
1b4a15ec-66ad-4aa2-9f73-88f709f19d10,ESM-2024-02554,LMS-007047
855ec75f-b11f-4568-a0c4-2a445dc7d95f,ESM-2024-02555,LMS-007322
99562d85-e348-45f7-b153-b833889f6627,ESM-2024-02556,LMS-001882
82733c6a-d02c-48da-9259-22374dbcced8,ESM-2024-02557,LMS-003939
42afb50d-23a6-40e4-832e-59468c5b9578,ESM-2024-02558,LMS-006325
e88a18e8-f42f-48cc-871d-8ce6f12f0b2b,ESM-2024-02559,LMS-008781
68a225fa-d2ab-48bb-81dd-8328071188af,ESM-2024-02560,LMS-006428
6473dbde-121d-44d3-90d4-fad9dc608f89,ESM-2024-02561,LMS-002058
8cf3f534-ad93-4afb-83ea-96f27c9da8a6,ESM-2024-02562,LMS-001904
ef127fd8-c49c-4453-8936-407cbe864f5e,ESM-2024-02563,LMS-007713
32e3a1f5-e89f-4de9-a578-b932d75a2d48,ESM-2024-02564,LMS-002043
9e181025-a9b2-459a-a221-8d401765b4ad,ESM-2024-02565,LMS-008221
a141ef76-e3d2-47ae-b0a8-d2c1a3e2befd,ESM-2024-02566,LMS-007182
8a70d49a-95c1-4b23-8419-1980c196badd,ESM-2024-02567,LMS-003090
69d1fe88-3d1d-4653-b691-97e2d26920ba,ESM-2024-02569,LMS-003001
d2e9fca3-d249-48d3-96f3-799c62823383,ESM-2024-02571,LMS-003951
f3fbf996-ef00-4211-89a7-a5f4ef305b20,ESM-2024-02573,LMS-003281
7d72858f-c85d-4cd2-8010-b94f6b053e96,ESM-2024-02574,LMS-003093
6411cb1d-25d5-4c82-878b-3104608cae56,ESM-2024-02575,LMS-006782
a620e496-3e24-4ea4-a2cc-ab64e1a262bc,ESM-2024-02576,LMS-005679
fa397f0e-aef8-4085-b750-c6e909c90c64,ESM-2024-02577,LMS-004725
1bbb6506-5d0e-4c44-8d9f-8eed2044dae8,ESM-2024-02578,LMS-003371
0299de77-ff9f-406e-9e0e-8d9bfbc88464,ESM-2024-02580,LMS-002853
19630a67-bcf1-468a-9565-47b842b58aaf,ESM-2024-02581,LMS-007362
394e5521-ce19-4e8e-a97a-5751961876cd,ESM-2024-02582,LMS-001763
de762280-4e84-4fec-a87d-dbe6f505da08,ESM-2024-02583,LMS-002202
4c0a9078-2c89-43fc-97f1-a5bdc0bd5b31,ESM-2024-02584,LMS-003053
d4e1dcf7-4035-4a35-a164-4a24946dab2a,ESM-2024-02585,LMS-002718
5c21f6b3-79e7-44d9-989e-f7e3b8f84d68,ESM-2024-02586,LMS-003500
114f6568-2f3a-4512-ae88-89882653597f,ESM-2024-02587,LMS-008135
75370947-7968-4792-994f-679cbbd55039,ESM-2024-02589,LMS-001937
473d9e51-d839-4627-a6d9-bd8ddb0eb8fe,ESM-2024-02590,LMS-007158
c5c0216a-399e-4fa2-ba3a-54a3c593392b,ESM-2024-02591,LMS-002803
d2eebeb6-9ccc-45ad-9144-6df40851d023,ESM-2024-02592,LMS-005848
ab1383c9-a734-4957-bb8e-03ee3bb96b3b,ESM-2024-02594,LMS-006812
5398e0e4-bab9-48be-ab20-b7ecd52ccc66,ESM-2024-02595,LMS-000211
2137f137-01ee-4b90-bd8e-ed32264e63f1,ESM-2024-02596,LMS-008231
41e21a98-3746-45df-bf88-8c8834839eb7,ESM-2024-02597,LMS-005005
a56ac981-5a76-4d54-ad9d-c3f152d74be5,ESM-2024-02598,LMS-003242
aa256b6b-b91a-494f-8d0a-1f8a8d494e09,ESM-2024-02599,LMS-005171
605f81aa-fbeb-4924-b343-0158473a960c,ESM-2024-02600,LMS-003800
8f7535dc-0ecc-4dc9-b3ba-fe72b7b4d586,ESM-2024-02601,LMS-004763
ddf8cc8b-d1c1-4391-abfe-02be80164e6b,ESM-2024-02602,LMS-009112
efc8569f-d72a-413c-a8b6-8fcd7ce4cec0,ESM-2024-02603,LMS-002308
be2580d6-6ce4-4da4-9843-3d7e85a58228,ESM-2024-02604,LMS-005094
945ff3a8-a51b-49a0-99f6-cdee4bde1272,ESM-2024-02605,LMS-001777
86870078-5352-4989-9acd-e1ba4b5c5759,ESM-2024-02606,LMS-006416
38f81fc8-087c-4c55-8243-b5e37848d85b,ESM-2024-02607,LMS-001376
7931cc61-18aa-4e09-802b-ac1b442f7cdd,ESM-2024-02608,LMS-002873
57adb368-e311-4ece-bde1-a23884b7c09a,ESM-2024-02609,LMS-005578
2b2a91ab-2af6-4a9d-a3c9-7f3349b3f3a2,ESM-2024-02610,LMS-000055
d6e4c2fa-5c6f-443f-9ecc-5aa26fd6acde,ESM-2024-02611,LMS-002366
80b17780-7da5-494d-95c6-45f7fe3e1b34,ESM-2024-02612,LMS-004102
14ebb84f-67eb-407a-b547-b486358908e5,ESM-2024-02613,LMS-007390
0957c402-938d-457d-9ac7-0dada1fc4260,ESM-2024-02614,LMS-005093
0949a6f2-95d5-4691-89bd-7bf9170c666c,ESM-2024-02615,LMS-005152
219f46de-9676-4176-a8c8-23fb7adce794,ESM-2024-02616,LMS-005283
c41a3019-f1ad-4405-9d51-6e25b5dcbb78,ESM-2024-02617,LMS-000932
7bd4b95d-208c-4c70-8acc-7bc179c98ff3,ESM-2024-02618,LMS-003625
45456bcd-3f8a-4e1f-95b1-4b49e2474fad,ESM-2024-02620,LMS-003257
bb51928c-b71b-4db3-a5a0-18beeaeb177f,ESM-2024-02621,LMS-004143
644de30a-51cf-40e2-9adc-fb14cf27f17d,ESM-2024-02622,LMS-003544
a43c9c6a-3cfb-48d0-b62c-a2a932195471,ESM-2024-02623,LMS-004795
d9ecfdb4-5d19-4253-b255-ead15707bb4b,ESM-2024-02624,LMS-005156
5f5fb344-8942-41f9-b752-e49e38d67503,ESM-2024-02625,LMS-005598
9d00cbbb-f141-46cf-a303-3d9a04048290,ESM-2024-02627,LMS-009402
80464006-8c72-4a21-b24e-3966f75bb3e8,ESM-2024-02628,LMS-004043
5c484a23-7b06-4392-87e4-1282dd8feeb8,ESM-2024-02629,LMS-003970
7f9411a9-881c-43d5-b154-b939c84f9f72,ESM-2024-02630,LMS-005495
b5db439a-9837-4d9c-90e9-be261a6ecddb,ESM-2024-02631,LMS-006714
2dba556d-5371-409f-896d-5e9571cd7fa6,ESM-2024-02632,LMS-008643
70260341-a8b9-4f19-b6a1-d7df136c8e4a,ESM-2024-02633,LMS-001325
684f0d9e-daec-4cf4-87e5-b412c1aba8af,ESM-2024-02634,LMS-006694
6ca84bed-650d-46c2-a746-d3ca7e98e64d,ESM-2024-02635,LMS-004619
48dea9b7-fcc6-4aa5-be9b-16c2936c8d1c,ESM-2024-02636,LMS-001651
3e29099e-7c01-4566-b219-d44ccac12f8a,ESM-2024-02637,LMS-006567
cdc31432-65e3-4d00-998f-67b0ee1115b9,ESM-2024-02638,LMS-006092
fd8a2b4a-4e6e-4740-a853-a44bb49821e7,ESM-2024-02639,LMS-009197
865413c8-0131-4f44-a823-8af43d238502,ESM-2024-02640,LMS-000312
8a32deea-18f2-4aa0-97f9-0ed25de5ddd4,ESM-2024-02641,LMS-007843
922f343f-5a7a-496d-b232-c064d9eb93a3,ESM-2024-02642,LMS-007642
ac38a2ec-f69b-4a57-8cd1-dba30ca9c4d0,ESM-2024-02643,LMS-009336
8d27e727-717b-4213-8c35-3c3b681e1a84,ESM-2024-02644,LMS-002338
e192d6e1-ee01-4425-a96f-eef432651af9,ESM-2024-02645,LMS-004241
6f7bb85b-768c-4b4b-b29e-dbc6acb6f3e5,ESM-2024-02646,LMS-001086
af5e58e0-dc11-434a-baf1-92bcd9cbcabb,ESM-2024-02647,LMS-006659
e0e06a64-8f8b-44a2-b3db-a5cbeb87e6c0,ESM-2024-02648,LMS-005962
9d40f1a0-edae-4dd1-8063-2e8a801147b3,ESM-2024-02649,LMS-008080
631fe437-bd33-4289-994e-bc74c0cab2cf,ESM-2024-02650,LMS-009371
bc81de72-e0c1-4450-b340-94d9288265e7,ESM-2024-02651,LMS-002592
a856668a-f68d-4fa9-aa4f-cc28bd57189c,ESM-2024-02652,LMS-006662
29a354d4-a18a-4195-8fc6-f0ac979dae83,ESM-2024-02653,LMS-006671
f31e149e-ebef-49a6-8929-102616e1a0b1,ESM-2024-02654,LMS-008716
8caf350e-c701-4e16-b34f-780ec0122dad,ESM-2024-02656,LMS-008003
9b7c34e5-75f6-49f3-9d6c-c997ac55c538,ESM-2024-02657,LMS-003186
59180240-199b-4fa1-bc9d-55ea2b1d3eb9,ESM-2024-02658,LMS-000109
051ea97d-42c3-4782-a1d5-930e7c076f2d,ESM-2024-02659,LMS-000404
066408b7-6334-4118-874c-ef0864a1386c,ESM-2024-02660,LMS-002134
2c3e1611-d7cb-4ed5-8145-cf12c61d5f33,ESM-2024-02661,LMS-004283
3039465b-7270-4420-81ed-33f02ed64226,ESM-2024-02662,LMS-003880
476b3c4d-70d2-4f90-a9c5-83183226fe22,ESM-2024-02664,LMS-002469
a086e0de-80f1-46a0-9218-62d98dfe5be1,ESM-2024-02665,LMS-001229
1372cbea-2526-4dff-be7b-e38f6111bd8b,ESM-2024-02666,LMS-004166
6f2a6ca1-9c2f-4ffa-937e-c6ebcd2899fa,ESM-2024-02667,LMS-006756
40e2076d-7f27-4c60-a659-1e6e1dbeff4e,ESM-2024-02668,LMS-006231
9ce36d30-be2f-4702-9272-021d78736f40,ESM-2024-02669,LMS-002970
c1e3b8f3-173f-47ca-9dc3-495e8e3f79de,ESM-2024-02670,LMS-002609
5f30c0b0-ed46-41dd-b908-4881dd439c65,ESM-2024-02671,LMS-001001
24861ef8-3015-4173-b9fe-5da7bb633e21,ESM-2024-02672,LMS-000438
7e1e7245-bd66-41c6-a44c-5863a22c688d,ESM-2024-02673,LMS-004548
3354963d-bf33-4676-a07b-33859d05df09,ESM-2024-02674,LMS-009226
7325bfb5-2851-4ad9-8e61-ae7a35458cfa,ESM-2024-02675,LMS-004746
03e67a98-a38f-433a-8b6e-0769a13d5cae,ESM-2024-02676,LMS-006233
8855ec41-a262-49bb-b3db-f2f4d36d3f7a,ESM-2024-02677,LMS-002763
47a86ff8-16fe-4d17-b982-e8b1d6e4f8b7,ESM-2024-02678,LMS-003353
49467dfd-b816-46bd-9e60-57ea10486e8d,ESM-2024-02679,LMS-006841
c9e50acd-8933-47c2-9bd3-bd7ae18348c2,ESM-2024-02680,LMS-005462
60717fc7-7f27-4e5b-bf0a-569be6a14d7e,ESM-2024-02681,LMS-008618
f5e45aeb-c3fe-48a9-8aaa-3c04476a3b18,ESM-2024-02682,LMS-003424
0d196de5-2a66-4721-a972-b95e4788e809,ESM-2024-02684,LMS-008330
5c0aabbb-4280-4a20-afbf-670dac0fd682,ESM-2024-02685,LMS-005839
ec8031a9-afc1-42ad-b606-d9d7cad3ea81,ESM-2024-02686,LMS-002220
3927d649-eca9-4f63-9c55-3a6afdf41360,ESM-2024-02687,LMS-008423
e360660b-4b8e-48f2-8de6-682646135f79,ESM-2024-02688,LMS-009398
5fd4870b-2db3-4b14-8480-bac459b647b5,ESM-2024-02689,LMS-004454
b54b88dd-1d1f-454e-b6c2-ed0085a83d05,ESM-2024-02693,LMS-001494
e28defd3-44f7-41aa-8389-9f0bfd3e5c1d,ESM-2024-02694,LMS-005242
d3749699-baa9-454f-8750-a62c02082524,ESM-2024-02695,LMS-005208
d11e4eec-c963-4282-96ca-2cbd201bd0f4,ESM-2024-02697,LMS-001102
64c03f73-ab57-4ae8-b3c1-41898178c88d,ESM-2024-02698,LMS-005974
cf44fbe3-da7a-4ada-86b5-c0a7fd9e0be7,ESM-2024-02699,LMS-003456
bff78247-1288-43e3-86d1-5a2a9ce72eab,ESM-2024-02700,LMS-001981
66de7edf-9794-4dde-9f8f-5d3cea7ade34,ESM-2024-02701,LMS-000725
088e74c9-8251-459c-859f-5e7077379b96,ESM-2024-02702,LMS-004970
7123a9ee-e52b-4730-9abd-0a89289d0f04,ESM-2024-02703,LMS-002160
4f7b7f84-ba64-4f3d-ba15-626ff91eafd5,ESM-2024-02704,LMS-004943
82ee25ac-af3a-46d8-81ab-292f9dc4d254,ESM-2024-02705,LMS-002692
28c03608-8484-4c61-a12a-f34988fd1c1c,ESM-2024-02707,LMS-002669
812ab68e-2c0b-4394-8aa2-d7b77cef271c,ESM-2024-02708,LMS-004471
1b3d2ba0-6340-4ea9-b373-27c34a1bdfdf,ESM-2024-02709,LMS-003700
27e4d318-1413-4264-b5e7-85ecd296d17c,ESM-2024-02710,LMS-004249
f89718fc-46ff-4e1a-abe6-a16d0cc79189,ESM-2024-02711,LMS-003182
675ee99b-8c31-4ad2-ba5e-21ed14d1b571,ESM-2024-02712,LMS-007620
a557483d-175b-4a06-af8b-a8fbba536187,ESM-2024-02713,LMS-007619
2b8f58a9-2378-4a8d-9c03-1b79dfbcd9f3,ESM-2024-02714,LMS-000763
05ebc7c4-6f5f-4dd6-92af-0851ceb91c2d,ESM-2024-02715,LMS-000106
bac050aa-4408-4bc1-b3f9-079cf04c401c,ESM-2024-02716,LMS-002029
b79c3473-6dfd-493a-bc20-c91be3927748,ESM-2024-02717,LMS-007928
88ebec07-e334-46dc-868d-df9233b09ca1,ESM-2024-02718,LMS-000637
bcb7dcce-4733-4114-8b62-f50e9a65783a,ESM-2024-02719,LMS-006587
5361a04f-a5d5-454e-8180-4f328b714f57,ESM-2024-02720,LMS-006383
5b1aea94-2bf8-43d6-8868-3e723d4f5b9a,ESM-2024-02721,LMS-008966
3260e698-a8cb-4945-ac58-56637fef8810,ESM-2024-02722,LMS-002922
aad8f557-c477-4ca7-b2b8-ee90a5919a0d,ESM-2024-02723,LMS-009481
2107d7c3-ec2d-4cb7-b8a8-4cc7864cb0f1,ESM-2024-02724,LMS-007667
e5602aa9-8ef1-42dc-8968-c126118f0898,ESM-2024-02725,LMS-005517
09134ac5-692d-4a63-863e-8b2cd15f7aea,ESM-2024-02726,LMS-009228
e692ec4b-77d5-4e68-b702-d910825141aa,ESM-2024-02729,LMS-003613
39a8566b-07e8-402b-b4e0-eb8aab2ed8e1,ESM-2024-02730,LMS-001171
e2b642ec-da43-4b33-9a93-931546870494,ESM-2024-02731,LMS-002571
63200af4-c56b-457c-ad07-6ae711f7ef18,ESM-2024-02732,LMS-004397
4cd558b1-6ee2-4012-ab2f-38a47653d53c,ESM-2024-02733,LMS-006822
6fd9c9ce-5d8f-4bd1-bd00-a72ab9548ad6,ESM-2024-02734,LMS-002657
4655123f-eb50-48b6-b0d2-24e1301cf010,ESM-2024-02735,LMS-007853
69fe692e-1973-46f2-b1d9-3e35f0297921,ESM-2024-02737,LMS-004689
6581a4b2-4c11-405c-807e-a3aac8062efa,ESM-2024-02738,LMS-005312
a48ba9e8-dde7-42e2-8ee6-9d1358561307,ESM-2024-02739,LMS-005011
185c0d47-b550-4e86-bf20-c0887c079696,ESM-2024-02740,LMS-004859
3bb4b68b-bad6-4ecf-88a7-5b81b1b8802a,ESM-2024-02741,LMS-004635
b88a17dd-0e92-4308-b7b7-a72669daafa6,ESM-2024-02742,LMS-007511
c415ef00-4cef-4965-ac0b-044f29d087d3,ESM-2024-02743,LMS-007945
70f336da-cb5a-4bd6-a783-b0a9148d81f1,ESM-2024-02744,LMS-000032
4ffc2871-bc41-4997-a920-958bed5307ab,ESM-2024-02746,LMS-004968
6412876c-dac3-4d5c-88f8-784bd91e8f8a,ESM-2024-02747,LMS-000191
669a2cec-1d32-4d82-9f4b-ff12de0dfec5,ESM-2024-02748,LMS-002251
c6136cf6-26ef-43d9-afaf-94ef69bab158,ESM-2024-02749,LMS-000680
891c22c7-5fa2-4898-8a4c-c11c16938c09,ESM-2024-02751,LMS-006249
fd52e0eb-93c1-4862-8f11-3c61178125f6,ESM-2024-02752,LMS-008094
210391d0-f85d-4266-91f7-619b49a73c53,ESM-2024-02753,LMS-000556
0e3bb149-6aec-4e00-ae34-e929c74c8138,ESM-2024-02754,LMS-002099
383daedb-3c40-4fd0-931d-2d30ed89de97,ESM-2024-02755,LMS-006918
62bc510d-b42f-474a-a5ce-2879d3d983d4,ESM-2024-02756,LMS-004513
f50a406e-7f36-4540-97f7-176a96ed2759,ESM-2024-02757,LMS-008278
49f11d85-e66d-4e40-9c8a-7262808d93c5,ESM-2024-02759,LMS-000674
9f621c69-1063-47c5-8365-0cd4b49c9ada,ESM-2024-02760,LMS-000741
dce8c69d-ec44-4e9d-8f1d-a7963583be4e,ESM-2024-02761,LMS-008374
f09ad91d-6ae8-476f-9d2b-b0dcc484bf2a,ESM-2024-02762,LMS-007458
67d4bbaf-899d-45b1-a652-87d1421bda95,ESM-2024-02763,LMS-003028
5aa3ba6a-2754-4ec4-a988-5153f9045e3e,ESM-2024-02764,LMS-003627
a931a7a6-bb58-414a-b0b1-96cee494fe16,ESM-2024-02766,LMS-009352
350b4ba3-d8a3-4523-83c5-3559b2bbec1f,ESM-2024-02767,LMS-007726
63cbedab-a8a8-4803-ac9d-3e4fcb184be3,ESM-2024-02768,LMS-002368
b98ba22c-f226-45c7-b447-e2b23c63bd13,ESM-2024-02769,LMS-007682
1f94a44b-40e2-490a-9a3c-5cad9c599e7b,ESM-2024-02770,LMS-001449
06b5ac7d-1557-4868-baa4-1206771336cd,ESM-2024-02771,LMS-005147
916cfc99-2c74-466d-b0c6-a7125698be97,ESM-2024-02772,LMS-008218
95fed253-c0b5-43ab-a167-6be7d676924c,ESM-2024-02773,LMS-002466
e3979376-cb90-4d82-a86c-dcbee6d71a14,ESM-2024-02775,LMS-007089
00699279-2a9d-4c8e-bcc9-f5bdec80d899,ESM-2024-02776,LMS-002250
4fb1bb17-7498-4a9c-ac59-4c2d155f4465,ESM-2024-02778,LMS-003542
ccf21161-71a4-40ac-94c3-a5614639f8e9,ESM-2024-02779,LMS-007735
60100bd9-51f0-433f-98c2-44ba0ac5473c,ESM-2024-02780,LMS-004428
acb81363-b0ce-47d8-a45a-43c264ae8e17,ESM-2024-02781,LMS-002185
6b0e0d57-99e6-4e41-a408-70710f0a1fc1,ESM-2024-02782,LMS-004929
c1ba6daf-cd1b-40b8-aa73-39a3db891a2c,ESM-2024-02783,LMS-002887
0c93f02c-be83-49ff-a30e-29bd6bf8bc0b,ESM-2024-02784,LMS-005724
1c46543e-5ff3-41be-940e-984fde2c6fbe,ESM-2024-02785,LMS-007628
e8a33848-6284-41f0-9dcc-5a2bd6162bc4,ESM-2024-02786,LMS-001671
c5d65d38-8fc1-42e3-b060-7fbc15694285,ESM-2024-02788,LMS-002924
ce7c37a7-d29e-4f80-a18c-88db5e7531ed,ESM-2024-02789,LMS-006367
ae689593-9db9-4188-8909-984636eb0b93,ESM-2024-02790,LMS-002305
5e07415a-e931-4b70-a4a8-bec824a673c9,ESM-2024-02791,LMS-006250
0922840d-e4ac-4fe8-aa6e-c355fcb0f689,ESM-2024-02792,LMS-008783
aec9f6b6-5316-4049-adb9-8ecc3dab8a48,ESM-2024-02793,LMS-007847
af4a09cd-79f8-49e9-ae59-43f6ac386842,ESM-2024-02794,LMS-003555
97544548-773b-42e0-b9c5-ab9b702b2f02,ESM-2024-02795,LMS-001816
6b8a7617-23d8-44a1-b8c5-761a226aa255,ESM-2024-02796,LMS-003910
f0f14a0d-5d58-411f-823b-8cb09a5429b9,ESM-2024-02797,LMS-008245
0b2810d0-2b4e-418a-960b-01bbf2eb257d,ESM-2024-02798,LMS-005051
b4084063-a85e-4c5a-95e1-2d754e68d745,ESM-2024-02799,LMS-000695
536f0dfa-1d94-4425-b0e9-d5a6aa2307ce,ESM-2024-02800,LMS-002303
9e17e008-4a1e-42a8-ae6b-bb0bc2527bbd,ESM-2024-02801,LMS-005965
67b45bb7-6845-4967-b7ac-988d6f16a8aa,ESM-2024-02802,LMS-004559
2faeff9c-bdb3-46d2-8b48-bbc93f7fe91c,ESM-2024-02803,LMS-001131
a2b19fb9-88ef-4949-89ee-507c1c3c1738,ESM-2024-02804,LMS-008083
d0005094-4d1a-4c43-8ff5-6dbe14ada0eb,ESM-2024-02805,LMS-001466
17ba7bcf-2d29-4ab6-8461-a09959c9727c,ESM-2024-02806,LMS-007073
0ccbfd4f-5002-40db-824b-9c45d037a02d,ESM-2024-02807,LMS-007046
466087a8-d0b3-49cf-9608-783d208b206f,ESM-2024-02808,LMS-004108
ef93f56a-9b1e-4506-b87d-93017e4aa3d0,ESM-2024-02809,LMS-008590
ea6c0b2a-c43b-4010-9c5d-aa3bad01ff89,ESM-2024-02810,LMS-005356
87c28c04-2080-405c-b33a-636af840a537,ESM-2024-02811,LMS-006011
85bb9377-9353-461c-a87f-f964bd604f66,ESM-2024-02812,LMS-000649
50009d63-77a2-4913-a01e-ffcdd75b929b,ESM-2024-02813,LMS-001156
220486f7-2bbf-43ad-aba8-eda84a041451,ESM-2024-02814,LMS-006084
fd1c6c42-cc0d-4ad9-89b0-fa565873fb68,ESM-2024-02815,LMS-000241
c2f0058a-2289-4cf5-9aa6-052c52196e3d,ESM-2024-02816,LMS-004850
5794eb88-9635-48c6-8abb-71e7e3083239,ESM-2024-02817,LMS-007228
4d3ad2ad-0d94-4759-9584-ee2bb322d605,ESM-2024-02818,LMS-001845
d08ad86d-47b3-4380-b805-508856e151d7,ESM-2024-02819,LMS-004193
e3b6872a-21c2-4af2-85d8-dda1c80762a0,ESM-2024-02820,LMS-004081
98e2a88b-a4be-4e87-97cc-f1c74335405e,ESM-2024-02821,LMS-007779
a093037a-c953-4e48-abfe-1618d83b5e34,ESM-2024-02822,LMS-005927
d1a74f75-d4d4-4618-80c5-36c4a03d1015,ESM-2024-02823,LMS-008737
62dfa579-6606-4438-b6cf-23002f9f3060,ESM-2024-02824,LMS-003590
c97a6b0d-d047-48ed-a4e7-37e48ae92cc4,ESM-2024-02825,LMS-006270
4aef422e-e2d7-4aa2-a3e9-fb605ddc3f04,ESM-2024-02826,LMS-001067
c05344a2-b281-4258-af60-54d123d9de19,ESM-2024-02827,LMS-005389
72deaa64-bb90-48e9-bc6b-e142b83634d8,ESM-2024-02828,LMS-006991
b971d9a8-2b27-4164-8bd0-83f2147c9b2c,ESM-2024-02829,LMS-007926
e2c53a5d-df98-4c4a-88ae-c90127547a17,ESM-2024-02830,LMS-003109
2d2c11eb-7824-46b0-b4ae-1864700d6d03,ESM-2024-02831,LMS-007219
5fa8ae0d-b751-4429-b113-f835f764815b,ESM-2024-02832,LMS-006226
58906a25-f28a-4df7-a757-e8243a00af91,ESM-2024-02833,LMS-005256
c9aceb3e-e8b2-425d-a18e-91e39791eb9a,ESM-2024-02834,LMS-004826
69314a7c-3e60-4ba0-8131-43fe5bde0760,ESM-2024-02835,LMS-004223
adcaf42b-6f4a-4174-b3b3-562243b18395,ESM-2024-02836,LMS-004462
d3b028d7-ce59-44e8-90f8-bd4ac44aaa72,ESM-2024-02838,LMS-001869
29f2a6e4-9fe6-4033-b98d-78844064f6f4,ESM-2024-02839,LMS-004527
1c3a1dc6-4890-44d2-8fc5-b24b49091abf,ESM-2024-02840,LMS-000567
4e0d5f04-622e-44cf-a227-a422b9796318,ESM-2024-02841,LMS-002132
9305905f-bb1a-45ed-b7a3-378327959bb4,ESM-2024-02842,LMS-005394
13d1b258-ab61-482b-88a7-0ea2c58fd52d,ESM-2024-02843,LMS-001474
b4f3981d-0d4a-4b0b-8cca-fc18bd0db366,ESM-2024-02844,LMS-002276
59d960ed-8c7f-49ed-9f29-5eafa40a7a37,ESM-2024-02845,LMS-001668
4aa479cf-5250-4460-b516-e49e46134fa7,ESM-2024-02846,LMS-005404
ba423361-6c6d-4260-a31a-a30c97b6412a,ESM-2024-02847,LMS-005670
bfb87f4d-d3c9-4f0d-add6-779476865a3f,ESM-2024-02848,LMS-006913
70c4a4ec-6264-4181-9d7b-924385d1b6d5,ESM-2024-02849,LMS-007143
a20a10a1-aa39-4c94-bbff-42e82ea0f14b,ESM-2024-02850,LMS-003911
c043d7c4-7ba1-4629-b687-caed24f7bb83,ESM-2024-02851,LMS-000974
a9d87c05-6abe-46ec-b656-89c2a0df0389,ESM-2024-02852,LMS-009064
42387970-6fa8-4a71-b5bc-3905a243a745,ESM-2024-02853,LMS-002480
3796a7af-39eb-4372-8527-65e0969b78db,ESM-2024-02854,LMS-005746
a9bc59b0-a966-469f-803e-fb3bd5e5efa1,ESM-2024-02856,LMS-006166
43479528-69ff-43af-8020-bfa5331ae546,ESM-2024-02857,LMS-003971
fdb78e36-9178-4245-aed6-215bed0b5ab4,ESM-2024-02858,LMS-000684
a609c843-3154-4ba7-815a-464329f85a37,ESM-2024-02859,LMS-005640
42e3dbc2-f6f2-490c-85f1-0a0751a44336,ESM-2024-02860,LMS-004799
eba530ea-8e00-4db9-a800-9cb42f68ddda,ESM-2024-02861,LMS-005944
137d7bb0-b568-4c5d-889f-5f439f75d0b2,ESM-2024-02862,LMS-004334
681ae2fe-411a-46f5-abc1-40349a3fe817,ESM-2024-02863,LMS-003703
abc565b4-8165-4f0a-a43a-9f2520e7bc20,ESM-2024-02864,LMS-001632
ff512ee2-8a6a-4c7b-b8f9-2da661943721,ESM-2024-02865,LMS-004325
b6ad38c6-9f56-494c-866b-becffe323963,ESM-2024-02867,LMS-006246
e2dc5a7d-3278-4f33-8e9b-589f4c334f36,ESM-2024-02868,LMS-000290
b315f557-3f86-4117-a693-bfc7dba8a024,ESM-2024-02869,LMS-006184
332f79f4-2fb5-41d9-b9ea-72f405b2bab8,ESM-2024-02870,LMS-000902
5b1f826d-c640-4d64-84e9-d0ca83ede322,ESM-2024-02872,LMS-003790
c79246d9-8eae-435b-9e85-a29072c0a4e5,ESM-2024-02873,LMS-000996
b18c15d0-5ed7-4d1d-84e7-baafa2138b0b,ESM-2024-02874,LMS-002944
9cf164e2-4339-4790-8509-5254d0617354,ESM-2024-02875,LMS-003352
01541135-2d05-4e52-8b4e-f79df21f3b0c,ESM-2024-02876,LMS-002128
5d552f25-9a58-4801-bfef-761da381865f,ESM-2024-02878,LMS-000959
6f8935b8-468f-4b8a-9dde-294e25943ac4,ESM-2024-02880,LMS-006754
81bfbb37-0f6e-49ea-a3de-b9f5ae4a2eb4,ESM-2024-02883,LMS-000981
626574f6-77cd-4c7e-a356-bab64f2092f4,ESM-2024-02884,LMS-002323
d92c8093-91a9-4cb8-9b43-2b9bee2de3ca,ESM-2024-02885,LMS-000913
9377eda3-0d12-4407-9896-8c5786c096fb,ESM-2024-02886,LMS-007421
501f9fb2-101e-444c-9b0f-434f097979fa,ESM-2024-02887,LMS-008692
5762f86d-f263-47b2-85f4-1c36c07201ea,ESM-2024-02888,LMS-008343
57dae976-b61f-470a-996f-a20165a1a4c1,ESM-2024-02889,LMS-004488
6a9df307-daa3-4333-b90b-c14a1e19b54e,ESM-2024-02890,LMS-008445
bce4e186-e7f4-49b9-88e6-460da516f946,ESM-2024-02891,LMS-006717
3b5289e3-e802-4122-8274-ed01bdb11553,ESM-2024-02892,LMS-002193
0babe445-ef9c-4344-9f0c-6eaaebfe28c8,ESM-2024-02893,LMS-005302
1160dffd-e7da-44aa-a0fb-fd4796247a9a,ESM-2024-02894,LMS-007820
1a07d715-6210-435b-b8b0-c4b532b9a1ec,ESM-2024-02896,LMS-001298
b5617449-67a1-4bcd-881d-3122647c4366,ESM-2024-02897,LMS-008685
8bbf130c-b86e-4dd0-9330-820a15a080f6,ESM-2024-02898,LMS-004766
19e3fc3d-9f7f-4e07-a6c9-488d07010150,ESM-2024-02899,LMS-002300
00d630a4-fee0-4b0f-9c96-168f4ac766ea,ESM-2024-02900,LMS-000503
bcf1dd0d-86cd-4bde-86d2-03c3fa33a0b0,ESM-2024-02901,LMS-003137
8c783007-b17b-4467-9c51-a640b94de621,ESM-2024-02902,LMS-002237
b763e7a1-1adf-46f8-9aea-234c8891ca3a,ESM-2024-02903,LMS-002542
1f179222-3d3d-4a74-8d97-6071e278414d,ESM-2024-02904,LMS-003736
0c2b26da-6513-444c-8e27-e0aa4c2ee536,ESM-2024-02905,LMS-004675
5c772032-09d3-4d95-a2b7-0f8571e612d7,ESM-2024-02906,LMS-002900
8af17f04-ba50-458b-854f-d5740eb9e7fe,ESM-2024-02907,LMS-000818
f4046327-7f35-46db-ac61-44a5ea9a3fe1,ESM-2024-02908,LMS-007774
0e927e87-60e1-4427-a8a5-0e39a1de1dde,ESM-2024-02909,LMS-000809
7f3ebf79-e7e9-47de-a9d4-a55c47db03af,ESM-2024-02910,LMS-006399
bc9a7f7e-86a8-431d-bed6-bdf5e39c962f,ESM-2024-02911,LMS-001539
1bfcd5b0-01ea-4177-8669-1e9ad2e20eb9,ESM-2024-02912,LMS-002832
d748ea02-ecf4-43c3-a9ee-47c1af3e8de5,ESM-2024-02913,LMS-000418
940bf245-b2d5-4ef2-86c5-ae2f7ea18092,ESM-2024-02914,LMS-001544
ba8eae7e-6204-452d-93e2-61cc1c61a72e,ESM-2024-02915,LMS-006513
74716aae-9ca4-4c25-9a6b-927b71ffe612,ESM-2024-02916,LMS-002080
b05cfe97-81b4-44d8-a6df-faf3424622a3,ESM-2024-02917,LMS-002116
090cac50-f18b-463e-998c-603f50235aab,ESM-2024-02918,LMS-007811
0d82e8f6-5acd-431f-8766-a60aeb61b274,ESM-2024-02919,LMS-006457
8a7fc72f-28b1-401f-93ae-27c0d982aaa5,ESM-2024-02920,LMS-001913
0253299e-0111-428b-bcfa-138569beb2b1,ESM-2024-02921,LMS-008458
7c380f69-a7f2-42a1-a80b-055e5f8f24c6,ESM-2024-02922,LMS-004351
dc24dffd-5234-4d4f-a49a-955d6477dec0,ESM-2024-02923,LMS-006182
5f67381d-71f4-4c18-954a-0bf45df4b535,ESM-2024-02924,LMS-007035
116ad19d-c2b6-4c49-8d58-c89bdf270c71,ESM-2024-02925,LMS-003104
e7c2e4c5-56c1-4981-ad8e-899049028776,ESM-2024-02926,LMS-006749
b754a4ac-bad3-4b9f-8124-bc4e58a3223d,ESM-2024-02927,LMS-004219
e8b4b5e4-db68-4bb3-ae99-8f68b9a9c46e,ESM-2024-02928,LMS-006760
456e5805-0c1c-40cf-a6b3-755f57ba7851,ESM-2024-02929,LMS-003815
41e2a19a-5f52-4576-b241-369c3027020b,ESM-2024-02930,LMS-002549
fd9879f5-a971-4076-9b29-f6ab6f6ce7e9,ESM-2024-02931,LMS-000008
9d892c91-c3a8-4b72-9c3e-cb7dbc6f20f0,ESM-2024-02932,LMS-007134
9808d429-14a4-494f-accd-eee3324acbdc,ESM-2024-02934,LMS-003524
ecce6095-bcc6-4b99-9fbc-9a1be55ce4ba,ESM-2024-02935,LMS-008889
94537678-cea9-4553-98b3-17c25d3c982d,ESM-2024-02936,LMS-000860
bf00aba9-9e40-4d45-becb-ce003eeb9957,ESM-2024-02937,LMS-008377
42f40d2d-7757-4456-adc6-9247b5fd8c6e,ESM-2024-02938,LMS-004928
bebadffa-c499-4c59-b176-1016920e963b,ESM-2024-02939,LMS-008772
cea4d296-5534-4b3f-9b1d-4c653d1a7688,ESM-2024-02940,LMS-009068
b5e18662-f78a-4b29-932a-58ff7d2349e0,ESM-2024-02941,LMS-006494
41e8d219-833d-4566-9d2d-767b3b096024,ESM-2024-02942,LMS-005857
a6bde1cc-7be6-45d2-bf91-f44e22a55d8a,ESM-2024-02943,LMS-007925
007cadc3-02b6-4eae-a942-f49093f9152c,ESM-2024-02944,LMS-008957
369d3946-ca3b-4e05-b298-ed9cc06e0bc7,ESM-2024-02945,LMS-002550
00f07766-ce58-435d-b5c2-632279ff809d,ESM-2024-02946,LMS-006547
f69cd309-42db-4bba-8525-edacd6afd3f2,ESM-2024-02947,LMS-005138
73c13704-5d50-4460-a6dd-a18862b7e1d0,ESM-2024-02948,LMS-009271
5979e515-84cc-4a03-b735-f8bad40b1ff4,ESM-2024-02949,LMS-005179
e1d69edf-6cfe-44fb-915d-08019002aace,ESM-2024-02950,LMS-003328
5354ed2a-c291-4043-b16b-2e0dc0b83e8b,ESM-2024-02951,LMS-000936
b7962bd4-d51e-432f-936a-2fc9095e597c,ESM-2024-02952,LMS-005938
caceba87-0a05-413f-82e5-f2152af19120,ESM-2024-02953,LMS-001830
21379b42-11bb-4971-8437-ca043f102860,ESM-2024-02954,LMS-005714
3988d3db-0413-4b1c-b324-815107bbcfd4,ESM-2024-02955,LMS-000135
66ecbbbe-1c28-4cce-a359-170d34ecd411,ESM-2024-02956,LMS-006998
aad61373-ab3c-45bc-811e-a1e1baabeef0,ESM-2024-02957,LMS-000518
22c74651-2251-40c5-b4a0-58f88ea4eb37,ESM-2024-02958,LMS-002443
52f04b1d-8e64-435d-a577-17dd57faaf2a,ESM-2024-02959,LMS-006478
41fa1e32-de13-4580-9e4b-c06e43e023bf,ESM-2024-02960,LMS-002032
dbbadfeb-b183-424a-a875-34750ae8e81f,ESM-2024-02961,LMS-007123
53950187-77e7-4b00-bb2a-241a766ccc70,ESM-2024-02962,LMS-000914
cf48d51e-10d1-452c-87a6-ad3d89f76a5e,ESM-2024-02963,LMS-000296
ae773e9b-227d-4fec-a242-f36e56afa4af,ESM-2024-02964,LMS-002143
7099aad6-fce9-420f-8745-4faddd3b4649,ESM-2024-02965,LMS-004486
b8419033-cfae-4365-8a53-8ea651ecf87d,ESM-2024-02966,LMS-002800
462b74dc-3d61-40ba-9178-61bc7434c32c,ESM-2024-02967,LMS-001670
c932564b-a732-48d9-abcf-29f050cb44b5,ESM-2024-02968,LMS-005191
f63f2bab-d369-40d6-adbd-41ac1f288af2,ESM-2024-02969,LMS-002299
f37d8192-ad72-419e-9557-05abb624f66a,ESM-2024-02970,LMS-008378
d9006794-4057-415e-bcb7-f29098546874,ESM-2024-02972,LMS-003830
7acff609-311b-4a8a-ba24-0622d52870fc,ESM-2024-02973,LMS-001944
073807eb-3225-4c00-a199-4e142a1834bf,ESM-2024-02974,LMS-006663
63404321-3143-4a37-8f7d-22880ad00555,ESM-2024-02975,LMS-006179
3eba0ed9-a3a9-4a6d-b94a-2898f74f429e,ESM-2024-02976,LMS-007806
363b4679-e964-4771-9da3-07d893074342,ESM-2024-02977,LMS-003038
d3c558a2-922c-40aa-8803-eebd2c6975d0,ESM-2024-02978,LMS-004482
718fcae6-fa93-4714-8b09-4a8b0fa9bbb9,ESM-2024-02980,LMS-003318
59229ced-29bd-44d1-bc2c-754a7b78bbe5,ESM-2024-02983,LMS-002339
abf1838a-90ec-46b8-9d76-6fa845bea82c,ESM-2024-02984,LMS-008444
e8996802-da3a-4127-b137-f2ab1a922549,ESM-2024-02985,LMS-003615
e04a0edf-3cda-4f90-84f1-f21b2015c51d,ESM-2024-02986,LMS-007260
35e6fe4c-60bb-4892-949c-1d4456220b0d,ESM-2024-02987,LMS-000444
3e8cfb66-a003-40ec-87a9-c777bd4821a4,ESM-2024-02988,LMS-004417
30130262-08b5-44b3-82e1-ecf848a39f17,ESM-2024-02989,LMS-001856
d61bb9a4-0c4d-4b67-b2b6-7703780f131a,ESM-2024-02990,LMS-001863
f45b6eea-56de-4fed-852e-fe17173b06db,ESM-2024-02991,LMS-004554
7a75ebc6-44e1-42aa-9416-9b53b2124b9a,ESM-2024-02992,LMS-007796
1152f565-d2ff-4869-91c0-95fcfc0aed39,ESM-2024-02993,LMS-001372
55392a6b-5ffe-4408-8117-413a4fa8cebd,ESM-2024-02994,LMS-005520
e997112b-d15f-4972-88a3-cc0cf7f75596,ESM-2024-02995,LMS-000778
2259c5f1-c4aa-4083-9bb9-7ef3f06ab6a7,ESM-2024-02996,LMS-008402
9dae82b6-4dc1-4e3c-b4fe-8a2c675b9ab9,ESM-2024-02997,LMS-003936
f302d0ef-c4be-4445-bb38-56822e8dbb92,ESM-2024-02998,LMS-006135
8e3434eb-7b68-4a05-b38c-5c46bba4d4f9,ESM-2024-02999,LMS-001208
93d53750-5551-4354-88ff-23a6f7163ca1,ESM-2024-03000,LMS-007167
41c6062e-c97d-48ff-ad26-7fe7904d2724,ESM-2024-03001,LMS-002176
03594a82-cfba-47e0-80f5-e64e1942c577,ESM-2024-03002,LMS-003851
eb3d16ea-4077-439c-9774-881437672000,ESM-2024-03003,LMS-000047
c3ba1098-aeb9-4677-953b-198ab5121ecb,ESM-2024-03004,LMS-006566
5ff35968-a479-4876-b69e-f37e412250aa,ESM-2024-03005,LMS-005515
6682f807-aea4-4a52-8abb-53e95bc6466e,ESM-2024-03006,LMS-004500
16abb2a7-0f4b-4d7c-b25e-6afbae480e83,ESM-2024-03007,LMS-005054
5fbf7654-0c41-4f01-9b9f-514469c8885f,ESM-2024-03008,LMS-003635
f75fb6a2-5a58-4a03-bc37-841d074b9017,ESM-2024-03009,LMS-004303
8cefe971-7f46-421e-8a63-d867071f9f61,ESM-2024-03010,LMS-004481
26b5ae95-f140-4ab7-87c1-908290649f5a,ESM-2024-03011,LMS-008625
73266cc3-ccc7-4c09-99d4-3c2905bd2f39,ESM-2024-03013,LMS-005362
ba12eb78-f5c5-4ad2-8004-06c32f49847a,ESM-2024-03014,LMS-005448
a3aeba6c-f759-422e-9f49-8d72f72e392b,ESM-2024-03015,LMS-002888
a441bccc-854f-44cd-b191-c73fdb874754,ESM-2024-03016,LMS-008331
751fb69d-8e88-42dd-a730-4f204326d239,ESM-2024-03017,LMS-005006
dd16d9dd-8115-414e-9ed7-4f4727974101,ESM-2024-03018,LMS-009184
c03b7223-eea0-4c4d-b4d7-eae5491d64e0,ESM-2024-03019,LMS-002565
8bb1a899-5252-4f08-9f06-3b887b65eccb,ESM-2024-03020,LMS-006653
2c0c066b-61e7-443d-a3f2-884d8b8b9e0f,ESM-2024-03021,LMS-002270
a5a8ef0b-ca92-47f4-ac1a-95a17ff2cb12,ESM-2024-03022,LMS-001609
21a3d5dc-247f-406b-b91c-41fc89d1cf29,ESM-2024-03023,LMS-001534
fa99b58e-4d10-4468-8a53-5cbb9f05918c,ESM-2024-03024,LMS-003926
ac2b4d35-3e60-429c-8c32-67666eabe0ac,ESM-2024-03025,LMS-003355
a6cae2e6-90f4-428b-8ec5-84b6f98a5257,ESM-2024-03026,LMS-003928
8db6b3f1-a012-4a70-8194-85fc28fd8223,ESM-2024-03027,LMS-003743
5474eb11-e2d5-4b7b-8c57-1343e0409378,ESM-2024-03028,LMS-001778
ff5e5cf3-a37d-49a9-a971-bb8f7f7d97f9,ESM-2024-03029,LMS-001023
e35801ec-125b-487b-a3d6-4fbfb87c83ed,ESM-2024-03030,LMS-000613
d822ecf3-0677-445c-99eb-59c1a8f0109f,ESM-2024-03031,LMS-000299
2e0c7856-e315-48c5-90dc-9abb7b959f18,ESM-2024-03032,LMS-004816
f3e140c9-3336-499c-9d0e-aeeef690cfce,ESM-2024-03033,LMS-008837
6bb44b12-8944-4511-956e-0394fc6d42a5,ESM-2024-03034,LMS-003492
e8e48c76-22ff-4ab0-a9d9-ff4c75e639c5,ESM-2024-03035,LMS-006825
329ff527-1d50-448a-b057-dca977bc6cc3,ESM-2024-03036,LMS-002266
210b93f6-4a74-4b19-b093-9eb22d1dbf29,ESM-2024-03037,LMS-000443
40f2a59b-0246-43c4-a2d4-279b8be2df8b,ESM-2024-03038,LMS-009118
f1a0218d-60b1-4d23-80f3-d066234a77fb,ESM-2024-03039,LMS-005317
9955f59e-e3a3-49be-9eff-7b549933a78e,ESM-2024-03040,LMS-005141
e2498dae-a2fd-46cb-a056-5ae7ebb176b5,ESM-2024-03041,LMS-007936
df370a25-667b-4cbd-8a8b-f79a8480ffd0,ESM-2024-03042,LMS-003074
5634df49-fd22-4192-9eae-898906303765,ESM-2024-03043,LMS-005167
07426751-dc9b-45f0-ac8f-d2ac6ad25a1d,ESM-2024-03044,LMS-006636
b9cf2550-0238-4836-a0fe-ab2589adb225,ESM-2024-03045,LMS-007884
a3b3d6de-c336-4c90-ab33-ded0a5be69ec,ESM-2024-03046,LMS-009331
8535009c-d4a7-47e1-9bc4-787d57010186,ESM-2024-03047,LMS-003596
e13eedb9-3be9-41cd-a5c5-8edd1323522a,ESM-2024-03048,LMS-008008
7802b69d-66be-40f4-9570-e74692d862ca,ESM-2024-03049,LMS-009499
87ad5a7b-88f7-4a60-baf8-e60059c434cb,ESM-2024-03050,LMS-004714
f299d892-3c25-455f-912d-ff7ee7ade2a8,ESM-2024-03051,LMS-006285
8f166d7e-fed3-4d65-a848-b03e95928784,ESM-2024-03052,LMS-006736
482e57b0-9915-492b-ae74-601cc1285651,ESM-2024-03054,LMS-001429
179a86fb-1a54-41a2-af44-b4d165b5d837,ESM-2024-03055,LMS-003954
6cb43d65-d17d-47bc-83ba-56e40a720a73,ESM-2024-03056,LMS-001487
d14fcd65-c601-428c-b3bd-051c0e3d69ba,ESM-2024-03057,LMS-000260
7271efed-8c04-4d6c-bef2-eabdddbce253,ESM-2024-03058,LMS-001744
08a134ee-8702-4170-9b14-5076760f7610,ESM-2024-03059,LMS-000854
9aa2b4f1-79b4-4389-bf4c-1a05541b6ad7,ESM-2024-03060,LMS-009318
bc10dd91-5fb9-4651-a13d-f8c088086191,ESM-2024-03061,LMS-003020
f1515954-b251-4a36-9e6b-c6f1a61a8a09,ESM-2024-03062,LMS-001939
f8f52383-41e9-48ac-8ad5-0cb42694d97d,ESM-2024-03063,LMS-002150
d790b4e5-cf12-4470-9a48-d842f21879d2,ESM-2024-03064,LMS-006608
793c8c62-49d5-4fc0-bedd-c8ccdf2b4e52,ESM-2024-03065,LMS-000347
8a14a90f-022b-409a-91a2-0258f3809c9c,ESM-2024-03066,LMS-007767
c58296b2-f0d4-46e8-854a-e3a732fd74c1,ESM-2024-03067,LMS-002236
5cb87e7d-36ec-4256-a5f0-79a719c3cf6f,ESM-2024-03068,LMS-003572
d462fcef-9865-4239-b0bc-09e1f30e5870,ESM-2024-03069,LMS-004851
316ec27c-c53a-42c8-9087-fb3398d5c906,ESM-2024-03072,LMS-003367
efd52e4e-7a1a-45cd-83a9-ab7510196992,ESM-2024-03073,LMS-009497
f8396f22-1ab1-4d2e-bed4-773124f9d266,ESM-2024-03074,LMS-008746
85d81eb9-aeb3-4f4d-a63e-c30cf1ad70f7,ESM-2024-03075,LMS-005316
202d5db8-15c5-4fdd-b68e-d80385132c52,ESM-2024-03076,LMS-006854
4528563d-6c59-4ddd-83f0-f947c865bde3,ESM-2024-03077,LMS-004427
d3a3d6ea-dd9a-499e-a66c-23dea6f7138f,ESM-2024-03079,LMS-003516
acaf6aec-09a0-4a13-9579-9cde727fc015,ESM-2024-03080,LMS-002869
238b251a-388c-4289-a184-1f7e4ac671bd,ESM-2024-03081,LMS-005149
9f50f61a-498b-40c4-a79c-93b7d8661b1e,ESM-2024-03082,LMS-006311
90deeabb-eb7b-47c4-b35a-c88bf06a3fdc,ESM-2024-03083,LMS-005531
7f8d3daf-aa32-4b89-a18c-31886bb93d8a,ESM-2024-03085,LMS-004431
017a499b-9748-48f2-95a8-c3575f0513c6,ESM-2024-03086,LMS-005996
97177928-9b31-47e0-9d70-d28ffca0a643,ESM-2024-03087,LMS-005889
77218a1a-84b1-4cfe-9386-d3a65b308f1a,ESM-2024-03088,LMS-008902
a143910c-74ec-477b-b06d-3ed5cf415a47,ESM-2024-03089,LMS-005895
b8e908ba-94d9-460c-91f6-5204d47489fa,ESM-2024-03091,LMS-005557
3fb20bdd-2b8e-4448-8f77-98c17ea3bf8d,ESM-2024-03092,LMS-000492
8b69bd5e-7403-4cc8-842b-09b450d1d3f7,ESM-2024-03093,LMS-005791
2726cf51-e6a4-4209-9cff-5154e12af37f,ESM-2024-03094,LMS-004436
e2250d4d-190e-45f7-bdb3-1cb199310cf0,ESM-2024-03095,LMS-001711
82104dfe-1a88-4f9d-9527-91dda367e49c,ESM-2024-03096,LMS-005991
67633434-a7eb-4278-8d59-63d9885e1981,ESM-2024-03097,LMS-008002
c57ae848-d81f-43b2-a85a-aa4f549ebb56,ESM-2024-03098,LMS-000476
02c79a4b-b03a-4012-950f-8693ebff2828,ESM-2024-03099,LMS-004154
95f7b193-1fb6-48bd-a00b-e372007af3f4,ESM-2024-03101,LMS-005446
bd5210da-8e11-4cfe-a347-2af18d1175fc,ESM-2024-03102,LMS-007341
56959692-71ed-400f-be3f-35ecef046b64,ESM-2024-03103,LMS-005894
f18393d8-c433-493e-a768-cda8d89e1ac4,ESM-2024-03104,LMS-004007
43e3d306-515b-410c-8567-f7ccac4b427f,ESM-2024-03105,LMS-006984
d7a86184-febf-41d6-bf2f-280f451d5780,ESM-2024-03106,LMS-003685
423f2439-ff5a-46c4-9c50-ad3b98d22956,ESM-2024-03107,LMS-001425
8b51c08f-fe9f-4b4d-843c-b81b6f1909e9,ESM-2024-03108,LMS-002958
88895ce0-0f5a-4209-9785-baffca72a62a,ESM-2024-03109,LMS-000166
04a413be-081f-4fc9-accc-d3297fd86747,ESM-2024-03110,LMS-006118
53cc7a50-bba4-4f63-a8ef-65602152ce32,ESM-2024-03111,LMS-006241
75ef8b69-fdf5-40b0-add5-199f86cfc04e,ESM-2024-03113,LMS-008879
47e37e98-5f8e-486d-90de-6a354ada532f,ESM-2024-03114,LMS-004787
0121f267-feb2-4625-80f0-55973bd97dca,ESM-2024-03115,LMS-001394
dda1fc33-8fef-49c5-862d-33d5d4ca66d6,ESM-2024-03116,LMS-003048
0445584b-46d1-4800-960e-f93e8856b747,ESM-2024-03117,LMS-000054
e7d8d5c8-27ef-4e83-93a7-8859831662d6,ESM-2024-03118,LMS-007983
232c20f6-08ff-4a2e-8841-e321bb253253,ESM-2024-03119,LMS-004035
1066b40a-327f-4fad-bd8d-273983e445ec,ESM-2024-03120,LMS-008273
8b032be6-a5d3-48fd-96d5-2ed218a0275e,ESM-2024-03121,LMS-006604
6c9c15af-6506-465a-8913-3b8a5b5bd71c,ESM-2024-03122,LMS-000654
b712defd-a00f-4291-acf7-057274701a61,ESM-2024-03123,LMS-006557
1089fc64-cda1-426c-b5c2-0fb8b4981867,ESM-2024-03124,LMS-001269
a258e50a-546f-4b18-8c40-747668ca530a,ESM-2024-03125,LMS-004348
10bf056c-b338-4a61-b41b-3e87d0d4b0ec,ESM-2024-03126,LMS-009096
f54fe6ba-3504-4cc7-8492-3ccd13e40b68,ESM-2024-03127,LMS-002384
672bd062-2b70-43e1-b3fa-2a4019ac076e,ESM-2024-03128,LMS-002365
02ff6609-0336-4bf1-b0e4-6d904f97f0ea,ESM-2024-03129,LMS-005240
cb2809d8-b7d9-4829-a2af-2bb1284882d1,ESM-2024-03130,LMS-002012
083fe5e9-8f43-4ea6-a7cf-4716c7d5d82b,ESM-2024-03131,LMS-002013
acef3154-5dbb-4178-9c8f-49d98b8d09af,ESM-2024-03132,LMS-003694
fe776756-fba5-46bf-b346-ab1c8910f644,ESM-2024-03133,LMS-000115
dbb07c4b-b256-4178-ba9a-3e23ddc2cad2,ESM-2024-03134,LMS-003620
1128739f-a535-4d24-9df2-57fb184c64aa,ESM-2024-03135,LMS-006038
ef111064-9c3a-4ca3-bc69-ff70e5b43735,ESM-2024-03136,LMS-001587
fef75ebd-bc16-4bd9-9c2d-62bc729047ee,ESM-2024-03137,LMS-009009
dbfec600-accd-480f-9190-4a9dd0b4e765,ESM-2024-03138,LMS-006591
6f626d68-3840-4117-92fd-d59c406898e9,ESM-2024-03139,LMS-008568
d06afaeb-d765-4eae-b0c9-4f8d1e1923c5,ESM-2024-03140,LMS-006842
8d027092-ac05-4b26-ac9a-bfe94a5601c7,ESM-2024-03141,LMS-005713
647e8454-9ce8-4d01-8b30-2816ee77fa78,ESM-2024-03142,LMS-006687
6cd13cac-d72a-4402-a8c1-504b48afcfd5,ESM-2024-03143,LMS-002639
013c5505-db53-4e57-be3b-5164277b3ab5,ESM-2024-03144,LMS-007818
93e2ea0d-6170-4a62-a14b-fa3a1e7d8f80,ESM-2024-03145,LMS-002757
1ae50981-13b6-4c7a-8f56-929516326901,ESM-2024-03146,LMS-000189
86a10127-ed0a-494c-b717-78fd5afbd2e4,ESM-2024-03148,LMS-005668
2ce26e41-5b72-4f47-ba28-3f4da681462a,ESM-2024-03149,LMS-007519
8786069d-5bd0-462e-a1f5-7c6740ec998b,ESM-2024-03150,LMS-007337
0dc6d9fe-e5be-4242-818b-a6327550b754,ESM-2024-03151,LMS-003927
4bc3ae0e-2254-4983-8ecf-650b13cbfc9f,ESM-2024-03152,LMS-003378
b97d0923-a511-4eef-a0c2-f743c53de782,ESM-2024-03153,LMS-005130
0f934719-19bf-40b6-91c3-658089573f25,ESM-2024-03154,LMS-007462
8fe68823-d40d-40a5-bd86-3e38a9331560,ESM-2024-03155,LMS-005898
9b864125-385a-4c81-a82a-d448bf51d1ee,ESM-2024-03156,LMS-002245
b31cc512-3a0d-4450-b065-ae679f5a768c,ESM-2024-03158,LMS-000542
482bce8d-cda2-4e68-8f06-aab8e1944ae9,ESM-2024-03159,LMS-005892
9afaa637-6fce-4425-81ac-8523efef29ee,ESM-2024-03160,LMS-004846
229ddae0-aeb7-44a9-88a7-4d8f65e1fa7b,ESM-2024-03161,LMS-005273
2b1657fd-7cb9-4d96-874e-f59442dbebb3,ESM-2024-03162,LMS-006167
8648492e-96ae-4158-8364-7ba7b294e722,ESM-2024-03164,LMS-000352
4b52953b-e944-4158-b9dd-a5da04824533,ESM-2024-03165,LMS-006529
0dd14014-12a8-4964-bc50-2af773fb911e,ESM-2024-03166,LMS-008133
62df2f75-7dfd-4edd-9c24-f7260ffb0bdc,ESM-2024-03167,LMS-005048
568c555f-8f9b-472b-b1c9-fc023448bee0,ESM-2024-03168,LMS-000183
55214aaa-3382-4bde-8eaf-b5e59e4cf5ea,ESM-2024-03169,LMS-003271
30c0818b-24d1-40e8-bbf1-d1a4f3fb3e77,ESM-2024-03170,LMS-008768
93ae9a16-ca61-48e3-983a-0f296ee2c796,ESM-2024-03171,LMS-008350
b7fcd66a-b23e-42f1-9339-76f6e0d43545,ESM-2024-03173,LMS-001223
8d0442e3-7113-4c6b-ab63-8a5c67bf5424,ESM-2024-03174,LMS-008371
32e1df22-be92-4eab-9a1c-b3a2f28dddd8,ESM-2024-03175,LMS-002321
a72e9b14-dda2-47f1-a1d5-a4a56060ae4d,ESM-2024-03176,LMS-005445
faf08b54-570a-477f-bb8c-327dad7a556c,ESM-2024-03178,LMS-007523
7eb90faf-0649-4154-b544-1a4265874b4c,ESM-2024-03179,LMS-007574
7f5bb4d6-3534-468a-a525-f1e7b0ac05a7,ESM-2024-03180,LMS-003556
f280f98c-60fd-49a7-bd5f-bd97fb1912ae,ESM-2024-03182,LMS-003550
d88816cb-88d1-4dc9-abb2-499480b48959,ESM-2024-03183,LMS-004364
a4a157a8-45c3-4ee6-9417-b6b19ea94472,ESM-2024-03184,LMS-006315
b66ca1c1-c7ad-4230-bed3-35b44ccf9827,ESM-2024-03185,LMS-002066
47564049-2556-452b-b525-c97ef5af2f20,ESM-2024-03186,LMS-005199
bd672ba6-6693-42d6-b898-24cb91937935,ESM-2024-03187,LMS-006553
5af7df2a-0bb3-4618-9d49-34136acb7d36,ESM-2024-03188,LMS-000823
7fa42bbb-08d1-4659-9318-f3bfe9649529,ESM-2024-03189,LMS-008382
f0e3dfe8-756b-4629-80d7-83dce648d123,ESM-2024-03190,LMS-001272
8a4acc4d-8fd3-4054-9822-93c3c26bd0b9,ESM-2024-03191,LMS-000116
9165f890-832e-48b9-80fd-4d1f3ed7115a,ESM-2024-03192,LMS-007320
5391c0fa-1d5e-4d8a-8b1b-b91e0f35f10d,ESM-2024-03193,LMS-008725
838bb8dc-47f4-477a-8c46-125aca8efa5b,ESM-2024-03194,LMS-001492
ca4b1d65-a4cb-4ce4-92b7-a701a2db32c1,ESM-2024-03195,LMS-006894
fd43f9f5-eca3-4d70-9b0d-af2919bae56d,ESM-2024-03196,LMS-004926
2bc95e07-d9f3-4254-8b77-d0a2ec247d4b,ESM-2024-03199,LMS-005712
be82ab8a-7ad1-4d78-9cdf-fe44ca003f1d,ESM-2024-03200,LMS-006164
00449d44-616a-4180-9dc6-5e9e9a9e734e,ESM-2024-03201,LMS-002036
59bbb1ef-f81d-4101-8021-7f9871e281b7,ESM-2024-03202,LMS-002699
2e68373a-fe83-4857-85da-11f277f82d01,ESM-2024-03205,LMS-004529
5bcf99b8-c391-4946-b5e3-972ac0012f3b,ESM-2024-03206,LMS-001893
a9ea1f2d-a11c-481d-854b-61b45e5aa007,ESM-2024-03207,LMS-007622
f85f30c5-710e-4eed-8b3f-eada24fe04de,ESM-2024-03208,LMS-003788
9e28e96f-ce30-4b74-9a0b-a701872cf08f,ESM-2024-03209,LMS-001125
4f27d15f-faef-45b8-85fc-17c44185a6d2,ESM-2024-03210,LMS-001657
9c01f21b-c5d0-4ea3-b901-c7bd9266019f,ESM-2024-03212,LMS-002311
dd36a7a1-84de-406f-aaa7-d5282491f17d,ESM-2024-03213,LMS-005336
4d12b302-ab89-48aa-9d7f-ce1a1abca3cb,ESM-2024-03214,LMS-003431
89059658-d847-43e1-aa1b-8fd8680b6c17,ESM-2024-03217,LMS-000147
432cff9e-ead3-4001-85f9-67e18604c550,ESM-2024-03219,LMS-005884
967a8f81-4bf1-448b-9410-7216012ae9fd,ESM-2024-03220,LMS-004647
654217f8-341c-4097-b00a-9c6d2148d4ab,ESM-2024-03221,LMS-001188
5d0c4c59-6d91-4def-8b09-547fdc1fb167,ESM-2024-03222,LMS-001622
7ba23a46-d597-47a6-932f-fcac3133a952,ESM-2024-03223,LMS-006702
92dacc1d-dabf-43a0-a76f-2a9929ca00a5,ESM-2024-03224,LMS-003853
d223ae48-f99d-4227-9554-259f1e9b6f46,ESM-2024-03225,LMS-003187
2a380494-5c1e-4c85-8e74-3d1ed77228db,ESM-2024-03226,LMS-009434
8db1ce97-c7ea-4770-a0e2-4b14851f4367,ESM-2024-03227,LMS-006655
03810236-bd79-48cc-bfb6-eba49b6c9bb1,ESM-2024-03228,LMS-007678
ebf409c1-e86a-421b-b104-cc8b39d8c248,ESM-2024-03229,LMS-000789
73044677-8cd0-4c62-8670-bc9a33bf23da,ESM-2024-03230,LMS-005973
0d40daca-897f-425e-b20d-e83550453752,ESM-2024-03231,LMS-008932
54e0dc30-fca4-4e2b-aacc-0cb8c849b6b9,ESM-2024-03232,LMS-008196
7306b056-3ed8-4889-8eb8-af35dac4c3e3,ESM-2024-03233,LMS-005529
39ad44c0-5424-4ff4-a7b5-20d0a3e32fd1,ESM-2024-03234,LMS-001551
a2bd3991-78f1-4dcb-ba95-bd4fb46c7b61,ESM-2024-03235,LMS-007535
bb5f0de0-962a-40c6-a18c-1ce638773920,ESM-2024-03236,LMS-003682
073de10b-e953-4b09-9b9b-a27536ca887e,ESM-2024-03238,LMS-002068
4607526b-943e-49a6-95f9-3c7669619c91,ESM-2024-03239,LMS-005607
9fece291-8240-4855-8ad8-67dbbdbf13a4,ESM-2024-03240,LMS-008930
b9543e1a-2520-4a61-a059-f64f6ae5f6c3,ESM-2024-03242,LMS-000255
617873e8-fbad-41a2-85b1-3c39668c00f8,ESM-2024-03244,LMS-005975
3da81541-abc2-49eb-b0f4-2cd1c42910fb,ESM-2024-03245,LMS-006055
9bcbea26-cbed-4b4e-8f2a-29d7479a6c45,ESM-2024-03246,LMS-009268
c72ca429-f1a4-4f25-9816-908d119b520a,ESM-2024-03247,LMS-006353
11b364d5-1506-48fe-a55e-979d8e6d1e2f,ESM-2024-03248,LMS-000813
38f0d960-162f-4600-aea5-c523afbec65d,ESM-2024-03249,LMS-009239
8e6baf4e-c7de-49b4-84ca-dcd462cc8ae3,ESM-2024-03250,LMS-002541
97f5add0-e225-4769-b786-218fb63d02d4,ESM-2024-03251,LMS-007055
a67f8d5e-a58e-41fa-bbcf-f0a65e6587aa,ESM-2024-03252,LMS-008239
31ff234f-acf7-4b42-86b8-2e0402d281ae,ESM-2024-03254,LMS-004370
227f1774-94f0-4a2e-858d-a0d0b9ec5e53,ESM-2024-03255,LMS-004149
050ef5f7-c84b-4914-a847-01581e14c79a,ESM-2024-03256,LMS-004345
48224d55-006f-4bfa-9fa3-c46532b00783,ESM-2024-03257,LMS-007810
8bb5724f-c061-46ac-9576-636cc1194e1b,ESM-2024-03258,LMS-000847
db51830a-6a80-40cf-9323-bcaa3218c568,ESM-2024-03259,LMS-000472
1fd62142-3dc0-4d34-9fd5-df3b3e9b75c5,ESM-2024-03260,LMS-000797
e7ca7b39-6815-416c-a797-96e0cea6c5e0,ESM-2024-03261,LMS-003219
5f688050-51a7-4bb4-a55b-9a0e084d5a79,ESM-2024-03262,LMS-007132
9ce2add1-37e2-43e0-ba8e-82fceb06c301,ESM-2024-03263,LMS-006120
9904970c-063c-46ff-8c72-764c7f711802,ESM-2024-03265,LMS-005184
1053d040-fa28-45eb-9d69-4e57b2ecadd1,ESM-2024-03266,LMS-004900
1d825afe-6ad4-4644-8563-926ff1ecab9b,ESM-2024-03267,LMS-004561
d1e5bd37-39c1-425b-b476-08448bd8c1da,ESM-2024-03268,LMS-008280
796fcb94-a702-4c10-bfd7-6ebcee95b0d6,ESM-2024-03269,LMS-003272
8d9d96b8-2043-460a-9b6a-be926ad1c5e1,ESM-2024-03270,LMS-007351
5381d6bf-cae5-441c-b122-1d00c3ded2b9,ESM-2024-03271,LMS-001729
25802b01-030d-45ed-ae44-306e1119ed92,ESM-2024-03273,LMS-001985
e102256a-4a95-4cbc-beb1-75106e1a3868,ESM-2024-03275,LMS-002088
e89fd257-25ea-4ffa-a57c-bd4b7e8398f8,ESM-2024-03276,LMS-003384
9061157f-eb07-497e-af37-1b337da031d9,ESM-2024-03277,LMS-000276
045f6aa0-9039-44dd-bbcd-9941d88adea3,ESM-2024-03278,LMS-001003
e328a328-d7cf-4287-93d2-7b0b6c45c439,ESM-2024-03279,LMS-002734
ba682f27-8164-4cda-9529-eb0c9c4aa575,ESM-2024-03281,LMS-005641
3e7a4eef-ed68-41d0-91e7-560dec76b0b4,ESM-2024-03282,LMS-008403
2c86dcb9-05c5-4b34-92c3-4a55616df0db,ESM-2024-03283,LMS-007565
29b28224-f513-4061-b94f-cd249887b9a8,ESM-2024-03284,LMS-000907
4c949618-2add-4162-8e6a-0081515e425a,ESM-2024-03285,LMS-005969
1e424322-b40e-4175-816e-ef97d1cb8e1f,ESM-2024-03286,LMS-006364
54086896-5102-48de-87d8-ddfb8b536d58,ESM-2024-03287,LMS-009471
dbefe686-d9bc-43ef-9d7c-d14f0bda6519,ESM-2024-03289,LMS-004955
503ad74b-2cd6-461e-b274-ba4aa0228139,ESM-2024-03290,LMS-008176
04e6f6e1-9736-4da2-948e-f9fd12973646,ESM-2024-03291,LMS-009221
c83a948e-3e6d-4dcd-b983-069565d627ec,ESM-2024-03293,LMS-002650
cf6b8faf-9ee2-4e07-8854-eff1c553d8cf,ESM-2024-03294,LMS-007699
b0a99523-697b-4aa9-8060-d97b501ffa06,ESM-2024-03295,LMS-005258
7f7223fa-f40c-4d9a-9c0a-dc126ec19d71,ESM-2024-03296,LMS-000785
f39d950b-e579-4a89-91f0-c7d6a94dd292,ESM-2024-03297,LMS-004642
5a6ff6b0-ab8f-4a3a-b858-63a33e4c7396,ESM-2024-03300,LMS-005380
8c4fbdfe-7081-4e5b-a1bf-b604d3a88a09,ESM-2024-03301,LMS-008635
f88b4a11-5284-439d-a488-daa8342591c7,ESM-2024-03302,LMS-001826
688de4a2-65cf-41b2-aac5-3e16ae3f3207,ESM-2024-03303,LMS-002932
42c8cea1-5e02-4de9-ae9c-2dcee99830ab,ESM-2024-03304,LMS-006914
d73bab3e-0d97-4694-a2ff-6f0bcb961b6f,ESM-2024-03305,LMS-003553
6fb987a1-de7a-4d08-8494-cda42fdd20e2,ESM-2024-03306,LMS-008139
e3007536-0927-4e51-ba1e-acd3325982b2,ESM-2024-03307,LMS-006814
c3d02ec8-0710-485a-a8bf-5a4b04d72359,ESM-2024-03308,LMS-006036
e36288df-d55d-4185-ba74-9058f2fbde59,ESM-2024-03309,LMS-001290
aa83f429-1342-45c1-b0f7-88617bf65974,ESM-2024-03310,LMS-005433
af4c8301-92e8-4fff-a096-5a463defe0ab,ESM-2024-03311,LMS-003637
cd9a527c-110b-448f-809c-d609dc2a35df,ESM-2024-03312,LMS-001082
7eae6a23-856c-411a-b6eb-daccf5ad13ec,ESM-2025-00001,LMS-002976
091af18a-98b5-47a9-968c-d663071d6355,ESM-2025-00002,LMS-002987
fbe60fff-05ab-465d-a63c-66885fb3b817,ESM-2025-00003,LMS-002585
8192d533-2dba-408c-9d59-619a862315d4,ESM-2025-00005,LMS-006501
513b05ce-3582-4408-9ad6-5bcb5375b74e,ESM-2025-00006,LMS-006395
bd7d9392-cd07-4865-b8a4-c481c67892c2,ESM-2025-00007,LMS-005684
52661dbe-6474-46dc-878c-7cbb1034614f,ESM-2025-00008,LMS-007246
e980eae1-14b6-4318-b706-e5f1fd4d8e3a,ESM-2025-00009,LMS-004891
d3e91837-5d6f-4b32-b632-30faa5fc657a,ESM-2025-00011,LMS-003502
a07dd4f0-1551-4ccb-aeef-1fa55539fef6,ESM-2025-00012,LMS-007195
e7c9b147-82c2-4009-a993-4eaccd7d3868,ESM-2025-00013,LMS-000097
3ce88fd3-a76a-4f57-b7ac-aa4d22ccd565,ESM-2025-00014,LMS-001648
e23bef05-ba52-4a08-a42e-b8b8618f9bd0,ESM-2025-00015,LMS-004424
8efc16ff-edbb-4bd3-a495-4423ea4ba2a1,ESM-2025-00016,LMS-009357
cae86234-e257-4e4d-9f96-85abd1deea8b,ESM-2025-00017,LMS-001594
6287e735-3906-4a54-a141-56fdded4ca07,ESM-2025-00018,LMS-007318
9a9468bb-badb-4625-9a7f-109e17188c74,ESM-2025-00020,LMS-004206
9bc0efd6-9685-4b08-b662-904ea47293c7,ESM-2025-00021,LMS-006823
cb61b8a4-65fd-4923-82a2-7e4fc1559e2f,ESM-2025-00023,LMS-007484
eb3bf346-2bf9-4591-8372-4792f8756fbe,ESM-2025-00024,LMS-006818
e22a1f5f-14a7-46d2-9f4e-2fbead1385b4,ESM-2025-00025,LMS-004506
07cd690a-d1a4-48b1-ad51-60b55dc66686,ESM-2025-00026,LMS-005210
43b75ba7-59f7-433d-a1bb-9ec9415df9d3,ESM-2025-00028,LMS-006456
178fe29b-efd1-44a4-87e4-bd13befac46e,ESM-2025-00029,LMS-009069
c1f72145-d068-4da4-94f8-e8a845365da8,ESM-2025-00030,LMS-003940
e15dc103-d69d-40bf-95cf-08239479bdda,ESM-2025-00031,LMS-005398
34e70126-2b84-4607-9460-01fd5514bd7e,ESM-2025-00032,LMS-007495
d4403b1d-2396-4d7e-a7a6-9e08769c661f,ESM-2025-00033,LMS-004624
7aa8830b-04af-4678-9b3f-5b3cdb11cec8,ESM-2025-00034,LMS-006034
fbfb96d4-11c4-426e-9bd9-98c3dd18431e,ESM-2025-00035,LMS-008542
fb21f055-cbc1-4739-99af-bbd61ce6ed8c,ESM-2025-00036,LMS-002563
4c84b9f5-d1b4-42ed-99b9-da8645b08af0,ESM-2025-00037,LMS-006624
702d089b-0801-432a-bf48-2efd5564faa3,ESM-2025-00038,LMS-006875
62eccea1-21e3-401a-b9d5-2c27a613bec6,ESM-2025-00039,LMS-003477
4ad3dbfb-03ea-4d65-a083-66f64bfa214c,ESM-2025-00040,LMS-006795
b2ff2c4a-235d-4caf-bd88-60f1c0483485,ESM-2025-00041,LMS-005114
801fdcd2-79fa-48b9-ab6b-c61377178849,ESM-2025-00042,LMS-006331
1c95c2b8-b24f-4cb8-bdc0-4cb87bbbcf1d,ESM-2025-00044,LMS-009101
55a75f89-2a24-4282-8865-85f867673cf2,ESM-2025-00045,LMS-003480
8a59aa60-5c4d-486e-ae07-8359b4d51d0e,ESM-2025-00047,LMS-002113
1822ce92-a447-4c6b-90de-08cb7725a2ed,ESM-2025-00048,LMS-007270
d71fd348-7f49-44b9-a2c0-93117709ecef,ESM-2025-00049,LMS-000874
e6ceae96-f955-4366-a251-fbc57921284e,ESM-2025-00050,LMS-005464
566d4fbd-5ba0-41cd-876a-1bf74b4f2d89,ESM-2025-00051,LMS-007024
e20899bf-a0c7-4959-9cd0-a7283b7f2f9d,ESM-2025-00052,LMS-002665
66b2a5c6-3676-45b3-adca-9ab837cb8c97,ESM-2025-00053,LMS-005250
a6083cd7-4a54-4ae9-95b1-e94ef9897acb,ESM-2025-00054,LMS-000929
bbbc760f-f07c-43fe-abee-11a450bb09ef,ESM-2025-00055,LMS-001928
d9e5e077-481c-4413-9fc8-56b13b03aee8,ESM-2025-00057,LMS-000399
6c742561-d47b-4058-abc5-3a6de37e9c26,ESM-2025-00058,LMS-007124
5587d1a1-0b69-4a77-b3a5-bbcc0784c243,ESM-2025-00059,LMS-000724
d768a810-5f30-4d60-b971-c05d3ffc9ee3,ESM-2025-00060,LMS-006748
b597aba4-7c62-4e51-93d5-38bd638077a5,ESM-2025-00061,LMS-006888
667e87d6-0708-46f5-bf61-3a91a6d9eef8,ESM-2025-00062,LMS-000559
27561f00-2115-4453-b67a-ec67f46ef801,ESM-2025-00063,LMS-006073
3d8f77b2-a4f7-4f2e-ba79-d044492ad0da,ESM-2025-00064,LMS-007981
0b41bf40-e2de-4fde-ae11-a401e07e6c39,ESM-2025-00065,LMS-006762
38822dc8-93a4-44a3-bce8-64f950cec89c,ESM-2025-00066,LMS-008564
c8da1f2f-6550-41c4-9d8d-94a7b7bd0d8f,ESM-2025-00067,LMS-000316
5b2117d1-dd8d-4945-8f97-948be95536ef,ESM-2025-00068,LMS-006200
8a300097-e93e-4a82-a4ea-0f0101fd3589,ESM-2025-00069,LMS-004091
96ef38e1-bd04-4d61-bc71-25e179976430,ESM-2025-00070,LMS-004599
5076795b-6399-4cf0-8636-96c769acee1b,ESM-2025-00071,LMS-002343
8c2f1db2-02b5-444b-97ac-e8e3b4e0ce0b,ESM-2025-00072,LMS-008073
4cf98b18-9f01-4146-924a-00edd6331307,ESM-2025-00073,LMS-005631
47e5df8b-f3a9-4f2a-bb55-7cfb47c78f84,ESM-2025-00074,LMS-006999
99c46689-f3c8-4425-8576-e0b8a74bd599,ESM-2025-00075,LMS-008430
d0adbd41-55d8-4df9-b50c-74d3f9bd47c7,ESM-2025-00076,LMS-008709
34baa0f3-78cc-4cf4-803c-ebeea77009a3,ESM-2025-00077,LMS-003789
d4cdf66e-ab93-45ab-9100-afd6e6eece3f,ESM-2025-00078,LMS-001365
1e1bc7fb-c782-4b2c-a8fe-c26bf0389a80,ESM-2025-00079,LMS-003533
29965512-96e3-4d87-bf99-5591d7018da2,ESM-2025-00080,LMS-006446
8f60986c-1410-45c2-bd56-f508a6c8f409,ESM-2025-00082,LMS-001961
fbf5e88e-4315-4a8e-aec7-d406927cc59c,ESM-2025-00083,LMS-002108
87d50581-e338-4aaa-a90c-f6a398999cb8,ESM-2025-00084,LMS-005306
11d2052f-c745-494f-95c3-a6aeb768ae37,ESM-2025-00085,LMS-000471
79c495c1-7ca8-477f-b8ed-c7620e030854,ESM-2025-00086,LMS-002539
bfab3972-a6fc-4056-955c-8151de4b26c9,ESM-2025-00087,LMS-009355
2338ada6-716e-4f0b-96fa-a1b1f7a9b6bb,ESM-2025-00088,LMS-000448
1c06463a-5af2-4b9f-8b26-29f1d67aeabf,ESM-2025-00089,LMS-005813
fa399900-f483-445f-991d-6c689f766cb5,ESM-2025-00090,LMS-005943
a1493e81-5b89-4ba8-84bd-bbdf818c907c,ESM-2025-00091,LMS-006752
5c3ff472-58ef-4fb1-a7f0-c90c760413ee,ESM-2025-00092,LMS-001684
5dd43a8c-61e2-4d8e-9b5f-2b1b18e5edf2,ESM-2025-00093,LMS-006868
89b12609-9b28-4ef9-8058-23cc1f6ce2a1,ESM-2025-00095,LMS-008508
222c9e4a-4edf-46e3-b6ac-e94be77dc732,ESM-2025-00096,LMS-003366
e6ff309d-5834-424f-8a8b-491bd774129a,ESM-2025-00097,LMS-009242
c555133d-248a-4a39-9c44-ea7d8f018b1c,ESM-2025-00098,LMS-003006
a63bce7d-b6e8-411f-9ada-b55e8a433aad,ESM-2025-00099,LMS-007130
5e3b58c7-5f24-4146-a2cf-d3971b07fa2d,ESM-2025-00100,LMS-002923
75823bb1-a0b2-4b59-afb4-7e836c3712d5,ESM-2025-00101,LMS-004438
f6e20b87-e22e-47b7-9c2f-df198551d86d,ESM-2025-00102,LMS-003855
3e2a6fff-8495-434e-a273-5c1e5725554e,ESM-2025-00103,LMS-001154
e8040269-1847-45bb-94af-9d0001bfc034,ESM-2025-00104,LMS-001571
daf6d06d-a19b-4506-9949-f462f0401a29,ESM-2025-00105,LMS-007977
040324e1-ce51-4438-be75-2c4f1bfd42d3,ESM-2025-00107,LMS-002227
8453104a-1b8a-46c3-a9ea-7e7868db1eb4,ESM-2025-00108,LMS-005711
78613bce-e254-4c70-8ed5-f12413a2ca39,ESM-2025-00109,LMS-008601
0acd6096-8e19-46e2-863c-8a1c26e5d93b,ESM-2025-00111,LMS-006542
41ced3da-863b-4c55-a39c-8e93cdad8d38,ESM-2025-00112,LMS-002208
cab44067-5cd8-4ce7-903d-b959e5bc2b3c,ESM-2025-00113,LMS-005328
42ee7a56-7381-45f5-92c0-de123e2795c0,ESM-2025-00114,LMS-006721
fc9b4f83-e648-49b6-ba9e-001fe541d2c3,ESM-2025-00115,LMS-002507
1eee3db0-234f-4a41-9539-e529270810fb,ESM-2025-00116,LMS-004058
3657dc08-53b4-418e-a35b-d39865699760,ESM-2025-00117,LMS-003972
2722dcb4-253e-4ab5-8b4e-542a463d10b3,ESM-2025-00118,LMS-004440
0b0424de-a337-4965-bb2d-3f9684737b6e,ESM-2025-00119,LMS-000947
273e04ae-0ea4-4d11-b968-d777383d04be,ESM-2025-00120,LMS-001091
cb5cf7bb-d74f-4087-bc5f-ca965de0d43f,ESM-2025-00121,LMS-004191
9e8be9e0-2683-4d1c-8e9e-334a2d639d1c,ESM-2025-00123,LMS-001631
e452a9a3-fff3-4716-b5cd-0b55f6c17c78,ESM-2025-00124,LMS-006626
ede9430b-7094-4cd0-a3ec-db94e17a1111,ESM-2025-00126,LMS-006018
45805dbf-4325-48df-b3ad-b5a7f18c4a60,ESM-2025-00127,LMS-002780
204b0ca1-ed30-40f4-921b-9baf0362f170,ESM-2025-00128,LMS-005840
ff3d6de3-4a89-40e2-824f-890e5a08a2b1,ESM-2025-00129,LMS-007248
d17ebbfe-fa72-4a16-b752-0f1af6877548,ESM-2025-00130,LMS-007940
6de8a431-0703-4be4-9ee9-895b68057ed9,ESM-2025-00132,LMS-005190
16092e11-54d4-458b-8ee6-9607b0b84697,ESM-2025-00133,LMS-001048
b5c1e57c-6fd9-4018-9439-3321c2a5b491,ESM-2025-00134,LMS-003647
70988991-b718-4ee7-b178-894cc143787e,ESM-2025-00135,LMS-002460
2ff6b78b-b04b-4300-9c90-6c409e101dd7,ESM-2025-00137,LMS-006588
abc20ef1-48bc-43f4-9154-e3088565c5c5,ESM-2025-00138,LMS-003521
64fdd7e1-a4ff-45db-a8f1-92d7b8f572f3,ESM-2025-00139,LMS-006877
d368e345-81d8-4114-8bd9-c3416da8e73d,ESM-2025-00140,LMS-006536
f1d4379b-e6d4-49a4-ba7f-2f85303cdeaa,ESM-2025-00141,LMS-004660
675ea208-658d-4e49-84e7-b8efa2f566e8,ESM-2025-00142,LMS-003576
b57171f3-7424-4f1d-8e42-19116deb62d8,ESM-2025-00144,LMS-001416
20e0f776-9e73-4814-8195-840f892946fb,ESM-2025-00145,LMS-008927
01981d11-e85e-457a-afa6-2f2456be093c,ESM-2025-00146,LMS-008991
4fcbe0b0-c1fd-43f0-8a64-d3e80df3b594,ESM-2025-00148,LMS-000534
801a16fb-0ec5-4bc0-9e23-22c2e59e3066,ESM-2025-00149,LMS-000726
d1520e71-f6f3-4d68-ade6-83b0944b7449,ESM-2025-00150,LMS-000783
362d08e5-d5af-4925-bf29-39f8e82f2630,ESM-2025-00151,LMS-001293
c1d6e112-db41-441c-b0c0-f0afad1368c6,ESM-2025-00152,LMS-006727
05d7f2dd-84ac-4cf0-947a-4b90a7f173a0,ESM-2025-00153,LMS-009356
b5b93453-6452-47df-8418-12f979ffd57c,ESM-2025-00154,LMS-002570
2fe12af6-32ca-468a-989d-88ed84002b02,ESM-2025-00155,LMS-006047
0fe512dc-00ca-4957-89e7-4379c1a38cd8,ESM-2025-00156,LMS-009060
29b77b87-06a6-4767-91ba-f00ef7b91d85,ESM-2025-00157,LMS-003264
d5c15977-2023-4ba4-b33f-b0910603bf44,ESM-2025-00158,LMS-005900
5a737142-dea8-45a1-b3f0-f87d9dd616e1,ESM-2025-00159,LMS-006870
260c2b01-a467-4e7b-b16c-c53aeeb92997,ESM-2025-00160,LMS-004280
7374c5bd-dcc8-444c-8605-eca9c735ebe3,ESM-2025-00161,LMS-004729
8cac4ec6-f110-46a3-929e-98e6909a30a1,ESM-2025-00162,LMS-001558
ab9f102d-41b9-4e6e-97cf-304f59dbdea9,ESM-2025-00163,LMS-006615
23331405-a180-4a6a-b5e9-3f10dacf5840,ESM-2025-00164,LMS-007423
e8275a15-dcf6-4596-8cf3-9bffee78315d,ESM-2025-00166,LMS-007364
f4315074-164a-4a22-b7a2-bcee489e66f6,ESM-2025-00167,LMS-004131
8d045cf0-21a7-425e-b654-b6840b402e97,ESM-2025-00168,LMS-006470
ccaeef1b-c547-44bb-99ed-0616625c8011,ESM-2025-00169,LMS-004200
b6e83153-2e15-4f87-aaab-403af807e9ad,ESM-2025-00170,LMS-006982
d7184dec-e3fe-4781-aca9-05c2bc983bde,ESM-2025-00171,LMS-000015
6019bda9-1702-457f-a940-849d1f5c560c,ESM-2025-00172,LMS-005143
84743bbd-c96e-4ee2-a2bc-cb91f7cab0be,ESM-2025-00173,LMS-008108
0a820975-a773-4e5c-b33a-37eb7e103f9a,ESM-2025-00174,LMS-005058
e5561f26-499d-4336-b3fe-b8d60854fca1,ESM-2025-00175,LMS-008639
ccbf8ee1-e134-4ce5-b9f5-85cb47626d4f,ESM-2025-00176,LMS-007140
df03fc16-58bb-4f4b-98b5-464f6dd1d407,ESM-2025-00177,LMS-007399
91c7f33d-f52b-4af1-bb55-38b63e8ca45e,ESM-2025-00179,LMS-001399
ba2efc66-b0df-4c3e-a518-67ec9b49ebc7,ESM-2025-00180,LMS-005063
6d2421a1-6ecc-49a5-9785-a05569ea231a,ESM-2025-00181,LMS-006889
8a3a3ae7-6e07-4722-93d8-8c9a437b6b19,ESM-2025-00182,LMS-007100
99324651-0d08-4871-b2a8-181c3fb53aa4,ESM-2025-00183,LMS-008678
84415a20-b568-4ea7-be69-4af1bb3c28b0,ESM-2025-00184,LMS-004064
68b33b07-b755-4415-b197-204b476084c9,ESM-2025-00185,LMS-003301
b34d2fb0-6333-4ab0-b40e-ce212e4759f8,ESM-2025-00187,LMS-004987
49d7afff-3cc3-4c47-89f0-7a7d99a115f8,ESM-2025-00188,LMS-000123
94756ea0-d447-44b7-8180-74f5f0fd9bb6,ESM-2025-00189,LMS-004947
66884873-757d-4b16-ba36-058597dac10b,ESM-2025-00190,LMS-003039
2856a5aa-3886-4b96-8716-cd155de71dad,ESM-2025-00191,LMS-004528
a892a6a9-fe91-481a-8b4c-963534a762bc,ESM-2025-00192,LMS-000552
c88b192c-f774-4754-9648-fd99dff5b3d8,ESM-2025-00193,LMS-009191
f158714a-4540-4c1f-abbb-f92081e68a1d,ESM-2025-00194,LMS-004805
fba7a167-b17f-4623-a748-8cafa91bf7cd,ESM-2025-00195,LMS-004385
a26f85c4-0610-490d-9a22-54a0ac9d5d3b,ESM-2025-00196,LMS-007944
21e4ff72-90aa-4493-a16d-5580cdf5f57e,ESM-2025-00197,LMS-001438
c537f0cf-6725-46df-820f-79dd464f86b4,ESM-2025-00198,LMS-004739
110baa88-74b3-41d8-b76f-92e006b5df75,ESM-2025-00199,LMS-005376
2861b091-1a2f-4c42-b526-01c2cb87a37f,ESM-2025-00200,LMS-003113
578aedf4-e687-43fc-89ae-7b4d899d2a8e,ESM-2025-00201,LMS-001781
f887c2f2-3319-4bda-b25b-99da240fc386,ESM-2025-00203,LMS-002942
f700f0ac-8544-403b-af96-0ee580955cee,ESM-2025-00204,LMS-006950
f19fe0d6-f290-4fdc-b98e-61348d6db172,ESM-2025-00206,LMS-008748
aa5f8f3c-5e93-4c3c-a58f-d571002af806,ESM-2025-00207,LMS-006368
b016ee25-fde3-4edc-8111-034b03b1b140,ESM-2025-00208,LMS-001665
a8dd55ef-1412-4b62-8839-d6724b7050e0,ESM-2025-00209,LMS-006647
f299a360-005d-4f34-b56a-a76898a6b2bc,ESM-2025-00210,LMS-002256
14cbcaf1-4736-4788-878e-ddb66590dde2,ESM-2025-00211,LMS-001109
8b06a5f1-4a98-426f-aeef-ffb7c0066b9d,ESM-2025-00212,LMS-004344
5bd4f5a5-276a-40ba-947b-76db5b536865,ESM-2025-00213,LMS-002049
c15d629f-d799-4724-bb54-19de830ae8f5,ESM-2025-00214,LMS-005297
cf1f8490-3787-4ee0-85ea-e4e0cb260a88,ESM-2025-00215,LMS-005105
d510f164-3013-4e3d-a423-0ca7d40883ca,ESM-2025-00216,LMS-001543
5e2781e8-de65-47c9-8d08-0114104980ab,ESM-2025-00217,LMS-001238
89c8c597-ea54-4615-966c-bfaead66db2e,ESM-2025-00218,LMS-002453
9c119a28-e1d1-4ab9-bce7-6d55ec90afb9,ESM-2025-00220,LMS-003189
c747f659-c9ae-421d-942f-c7bee3afede3,ESM-2025-00221,LMS-009075
3c6c2167-abb4-4605-a7b8-57fd58a1331a,ESM-2025-00222,LMS-005763
ce34ffef-ab24-41ac-886d-763185f6efdd,ESM-2025-00224,LMS-001364
f57c9179-6c6b-4566-895d-ac925175a71e,ESM-2025-00225,LMS-009014
a9f8c478-93c8-4733-a7bb-ce97b7660de2,ESM-2025-00226,LMS-005086
8039157e-26f9-4017-8f95-f9eb1a5551b7,ESM-2025-00227,LMS-008598
2b4e0e7a-100e-41a6-860d-72cb8258dbc2,ESM-2025-00228,LMS-001956
7c9ef08d-bc5e-4000-a24a-1e324debafdc,ESM-2025-00229,LMS-001899
9194c9a4-58ae-4198-84b2-95383b9e4c3a,ESM-2025-00231,LMS-008731
10f1ef5d-c470-407c-8869-a269912b9c01,ESM-2025-00232,LMS-004374
699045bb-62d7-4117-b2e5-4c48593e5242,ESM-2025-00233,LMS-008644
10c336b4-d90d-46b7-b8a0-1256ba5ca75b,ESM-2025-00234,LMS-001808
b452937d-0ca2-4c5a-976c-9aea7d64c839,ESM-2025-00235,LMS-002625
6d5f9887-5840-4655-bdba-de73d01bc2b2,ESM-2025-00236,LMS-005559
ea5a3b4f-22b2-44cf-a797-941803e39b83,ESM-2025-00237,LMS-001827
2258966f-ac6f-4e6b-8bb4-e261f2771f16,ESM-2025-00238,LMS-005751
fb5d6675-c764-4391-8151-1d0866035901,ESM-2025-00239,LMS-001577
fe40ee3c-a78e-4823-aec6-f41d6a2fbda7,ESM-2025-00240,LMS-007120
a793e253-8ff9-422e-b911-ea93d2389e35,ESM-2025-00241,LMS-006901
4e8e63e1-d5e1-4836-a549-5d4d2fc68a09,ESM-2025-00243,LMS-009350
ac782be8-3387-4360-9f5f-ec0d8889374b,ESM-2025-00244,LMS-008761
e2f28a49-0345-4b7e-a586-35dc1c0e17e8,ESM-2025-00245,LMS-003433
50c2a98e-d8a1-4159-914f-14c667af99e8,ESM-2025-00246,LMS-004921
0440f062-36cf-4b8e-958d-05f599c0d9e3,ESM-2025-00247,LMS-008853
63c9cfe9-6348-4d1c-9c38-b0c5852d5bc0,ESM-2025-00248,LMS-007135
08d8e38e-383f-49ac-8f44-f97f68e067fa,ESM-2025-00249,LMS-000379
6c20ecb3-14ab-4a6f-bf85-bd8ecad0d57c,ESM-2025-00250,LMS-008429
4dd66522-b1a4-495e-8bc8-044a58567949,ESM-2025-00251,LMS-001287
ef9f5e29-9021-470b-8f68-a569538fb761,ESM-2025-00252,LMS-006272
686d89a2-ad3f-4a3a-8a63-4ae8e8676167,ESM-2025-00253,LMS-000338
0645d4ff-7048-47a0-af1f-e9de581536f4,ESM-2025-00254,LMS-000848
9c76a097-56a7-4099-8561-6e9688a96d97,ESM-2025-00255,LMS-004000
423cfa33-7233-4e8a-b8ed-7e561faf5455,ESM-2025-00256,LMS-007543
65b80a88-1f91-48f9-b0c7-0ab03ab44a9d,ESM-2025-00257,LMS-004156
ede18089-3402-4899-a38d-29ff62d0382a,ESM-2025-00259,LMS-004501
c8a94c4c-288e-49c5-bd4a-55ca4b2dd43e,ESM-2025-00260,LMS-002864
27cfad4a-7d36-4ff5-9cec-aa2b36e00e91,ESM-2025-00261,LMS-009457
9b767f13-9d15-4ac3-af0d-f2651a273b78,ESM-2025-00262,LMS-001317
f20daf03-5d99-4265-b6ce-63da4ec985a9,ESM-2025-00263,LMS-007098
a88a86ec-9741-4657-927e-aa438bf364d8,ESM-2025-00264,LMS-002701
d3b198c2-1b74-4be6-a541-751aa7f44fb5,ESM-2025-00265,LMS-008541
ef27fc43-0114-4709-b9ca-0ae0724c5b6e,ESM-2025-00266,LMS-000408
a508bbbc-ed56-4bf6-aecc-84b09de9e4e1,ESM-2025-00267,LMS-002574
5047de82-d051-4834-a889-b4bcd26a4825,ESM-2025-00268,LMS-007222
876b4821-103b-4d9e-a6c9-0d0f875b8e13,ESM-2025-00269,LMS-000451
20df9e5d-96bd-4986-b21d-bf9880cf3303,ESM-2025-00271,LMS-002583
96f5fd05-b413-41a0-b5ad-483bf1d6eafb,ESM-2025-00272,LMS-006970
1ba17cf8-c602-489f-baf5-aee430617423,ESM-2025-00274,LMS-004062
748c4677-df90-41d3-bd38-f73948b46699,ESM-2025-00275,LMS-000676
07077110-0ad9-4240-ad9e-2e2e9095090f,ESM-2025-00276,LMS-001991
4e849a30-9bcb-425a-bc21-bef77fd6327f,ESM-2025-00277,LMS-008871
937f6390-74ca-42da-9721-d9daf7a1c159,ESM-2025-00278,LMS-000858
9be947bd-1ca4-4255-9d3f-2ab803644c8c,ESM-2025-00279,LMS-008710
d0cd9ce1-2174-4ac0-b179-8a4ac694f019,ESM-2025-00280,LMS-005616
0ae6bab5-75bf-4d27-993d-007c42fbdde5,ESM-2025-00281,LMS-007927
96649154-cd87-4fd8-8344-3e85f1a697fc,ESM-2025-00282,LMS-004892
f01a72ab-9a0e-4025-a259-b977bf588ec7,ESM-2025-00283,LMS-007025
2a8e23dd-8602-421d-8cdb-d1fb9583cd18,ESM-2025-00284,LMS-000440
9254be6b-c37f-4617-8334-79985a530672,ESM-2025-00285,LMS-004800
8771ce38-238b-442f-84cd-dd709cce89f6,ESM-2025-00286,LMS-005924
d6f8420a-81b0-42c3-a694-21cb175ce508,ESM-2025-00287,LMS-002877
da5d8585-b082-446e-80d4-0e55cf796e6a,ESM-2025-00288,LMS-008754
b5348a86-7021-4c7e-97ba-9b9497132750,ESM-2025-00289,LMS-009162
055905f6-9428-461d-bd2f-2d8f86184a6d,ESM-2025-00290,LMS-000215
6e1794d5-2f63-43f4-bce0-b87692eeb71e,ESM-2025-00291,LMS-003998
59e36f3b-7c75-41a2-a87e-b18097f7a624,ESM-2025-00292,LMS-002729
19e97da1-2575-4538-8afb-090168df224c,ESM-2025-00293,LMS-004118
046659e8-203f-4bcb-a9f1-84fe0455d108,ESM-2025-00294,LMS-009106
177dd3c8-2af3-45af-bc6d-499ff68f03ae,ESM-2025-00295,LMS-006572
78372b72-8f1d-4a81-bae5-bf673c307349,ESM-2025-00296,LMS-006019
0d57a5aa-0176-424a-b935-4dca513e486f,ESM-2025-00297,LMS-004276
199c349d-6f0e-4381-b857-3c673937a941,ESM-2025-00298,LMS-001284
8ff94e79-2fc3-4ff4-8ffe-a0c4b047680c,ESM-2025-00299,LMS-005264
12d4bab3-b451-4395-b7cf-5bd997e17d16,ESM-2025-00301,LMS-006522
1fa908d7-43c8-422a-a65e-8370d10c1a37,ESM-2025-00302,LMS-004807
ed1b39cb-d12e-484b-938c-a9c8817c4cad,ESM-2025-00303,LMS-002380
ac5e503f-3d98-4d58-a662-5f15a46ceb2e,ESM-2025-00304,LMS-005366
7628b1fd-ebb2-4d53-bd17-e16a957a7b46,ESM-2025-00306,LMS-000942
98722e5c-2d08-4892-aec7-bc75c13e0f2e,ESM-2025-00307,LMS-008790
d6c821de-13cd-492d-b720-583c656fd61f,ESM-2025-00308,LMS-005402
202c5076-7d4b-40fb-884a-a7c6ef5c1bee,ESM-2025-00309,LMS-005852
df023aef-04b2-4f06-a89e-7b101f67c13e,ESM-2025-00310,LMS-008379
5621dc4f-0322-48b8-a243-d9921ddd8479,ESM-2025-00311,LMS-007212
55e3e29e-dfe9-4149-a192-46ae72bd2b27,ESM-2025-00312,LMS-004271
ed1ff4ad-cc9f-468d-8f66-6295394e6c4f,ESM-2025-00313,LMS-003517
7a3257e4-5f3a-47ed-a42b-baf7a6fd7261,ESM-2025-00314,LMS-003577
f3715b48-3a58-4cec-b408-5fa5675e1617,ESM-2025-00315,LMS-006262
549ef402-4eb4-472b-ada0-660d19c4026c,ESM-2025-00316,LMS-003945
e8dc8f84-0536-49eb-91a4-038ae08c2554,ESM-2025-00317,LMS-004847
e48ccd3f-fd9c-44aa-89aa-cb32a0d5b507,ESM-2025-00318,LMS-004890
136bd20a-141c-4fe1-846e-19e7975db7f7,ESM-2025-00319,LMS-007216
f3479397-ef5f-4d78-9bd2-8ce8d3adbda7,ESM-2025-00320,LMS-001193
40ec1793-cfdf-48f5-9312-8bf8e77aa331,ESM-2025-00321,LMS-001864
fb728e9b-d3e9-4501-bf1f-647ab3803b7a,ESM-2025-00322,LMS-007501
f1aa9542-78e6-4bd5-855c-baadcbf7568e,ESM-2025-00323,LMS-006766
468f7a85-4d0b-4c1c-94ee-fe9955a29c2d,ESM-2025-00324,LMS-006724
e103a3a0-a69d-407c-bd28-47f2f97b1618,ESM-2025-00325,LMS-002019
b963afe7-761a-40eb-b67e-4bb41dd23f28,ESM-2025-00326,LMS-008817
50042eed-cfe6-43d3-a800-dcda96b84cbb,ESM-2025-00327,LMS-001768
6e196b66-fd79-4e59-9439-c8beed624dc6,ESM-2025-00328,LMS-000441
f8e1a6c0-04f0-4a6f-8029-cd4b6512b573,ESM-2025-00329,LMS-008637
2c8aabc4-7d83-45cc-9034-119b5e1d297a,ESM-2025-00330,LMS-007145
547d9820-c9ae-4be1-b773-b8a752020e62,ESM-2025-00331,LMS-001734
dbfae696-304d-4f9e-9cb9-0fa0736d4a29,ESM-2025-00332,LMS-002914
72b5c829-f0b1-4a64-94cf-4ab9d5f00474,ESM-2025-00334,LMS-001445
567cf973-4088-45f2-98eb-4e52af4e6d77,ESM-2025-00335,LMS-008825
37aaf804-d168-434b-8ca5-2458d6599b61,ESM-2025-00336,LMS-004861
f2d42601-569f-4975-873a-c8ebd1b04d61,ESM-2025-00338,LMS-006108
b4b824c3-47df-43be-a37f-3eb7ccb6393e,ESM-2025-00339,LMS-003136
e398338d-e102-490f-b128-867c8ba93632,ESM-2025-00340,LMS-006487
44cb7979-84a3-4c9a-80f3-51a920778180,ESM-2025-00341,LMS-008208
8a5bac5f-6eb0-4d2c-8105-0bb3af7823a9,ESM-2025-00342,LMS-002515
2bbf866f-f9b0-4a26-a4d8-b5fa9da1eba6,ESM-2025-00343,LMS-005614
28b65c65-22cd-405b-82a1-49566d4d3a29,ESM-2025-00344,LMS-004372
f87e9889-0fcd-4b50-915e-05f32541a7e1,ESM-2025-00345,LMS-005145
0ad3afbf-d565-448c-a254-f05f9d68d45f,ESM-2025-00346,LMS-001352
673dc78e-ed44-46c5-abc0-7926b9371f71,ESM-2025-00348,LMS-006338
13ae9dff-e422-412d-8f3b-023ffda7a5fa,ESM-2025-00349,LMS-003246
8a7c463e-7f58-481c-9ffc-5e2b3574a863,ESM-2025-00350,LMS-006806
8da33c1f-3684-42d5-a6be-81e4afdcb089,ESM-2025-00351,LMS-004033
091feabf-eaa0-43dd-a6bd-78b4da6f0de2,ESM-2025-00353,LMS-007742
618d4a90-cce4-41b2-ad55-7122563b2601,ESM-2025-00354,LMS-002838
79d9b7eb-6836-466b-9f5a-ce8e67ddc4f9,ESM-2025-00355,LMS-001858
2d4f7e77-0ca3-43e1-b9cd-9e754cccaa9d,ESM-2025-00357,LMS-008670
ed708bff-fe53-4e98-82db-0621a8209497,ESM-2025-00358,LMS-004533
a86d36af-310d-4fde-81b2-304407ea9545,ESM-2025-00359,LMS-000253
8a57a89c-f1af-4d48-a092-598613b7e2ce,ESM-2025-00360,LMS-004111
e495d8c9-51ff-4bf0-a399-db80c990e63c,ESM-2025-00361,LMS-006438
57a9d05f-f688-4943-ac2a-47cf2b5eb62b,ESM-2025-00362,LMS-008612
b3e385af-326c-4224-a23f-5a2f77bbe2b6,ESM-2025-00363,LMS-001602
a16edad2-66dd-4730-9599-916f6e2ff4b9,ESM-2025-00364,LMS-004157
90104beb-1355-4092-b890-99e6b81b3aed,ESM-2025-00365,LMS-002640
a7b9ebfb-5c40-4d25-a79e-425a4240e9ab,ESM-2025-00367,LMS-007221
5127c9ae-5859-4d63-9968-0bc82ce19c1c,ESM-2025-00369,LMS-004117
31c20eb8-58b8-4f0f-948f-0fc68ff98b10,ESM-2025-00370,LMS-002175
a1762d83-7b11-4d88-880d-a25e0f145c1c,ESM-2025-00371,LMS-001291
e57c2f0e-38a1-44d1-9fde-d181e087d90f,ESM-2025-00372,LMS-008473
82b0baee-392d-43e6-8412-7f0ccc71698b,ESM-2025-00373,LMS-006503
11eab875-8861-45c8-bd1c-b72d3df00fcb,ESM-2025-00374,LMS-008183
2793e37e-8c02-4fe8-ab0d-e901b891f939,ESM-2025-00375,LMS-008810
693086be-5a8e-42b1-af9e-d42180ea8f12,ESM-2025-00376,LMS-007864
62f860c9-4881-40f7-884a-226241df299d,ESM-2025-00377,LMS-008243
a1893219-f1f9-4f92-8069-5a2949ffffa4,ESM-2025-00378,LMS-000803
268979cb-6aca-4548-b881-59ddd0bb9f88,ESM-2025-00379,LMS-000050
c3e4bb16-7d8d-46ab-b92f-25e07da1a241,ESM-2025-00380,LMS-004407
5eb8ecf3-a82c-4200-81e6-21f3b41c6b98,ESM-2025-00381,LMS-003044
cfe39778-2006-4ac0-b997-fb24297c782b,ESM-2025-00382,LMS-000840
ed738f07-f329-46ce-9be8-58b6624309f9,ESM-2025-00383,LMS-003151
bc6ddefb-302a-4ccc-ac79-d06a0a8bce65,ESM-2025-00384,LMS-007664
3b4eacdd-5850-4acc-aae5-3e904013aad5,ESM-2025-00385,LMS-006735
dc741a48-3213-4cce-a058-79593bbedcd7,ESM-2025-00386,LMS-000020
dcfabbd5-6ad8-45f2-9dcf-5d9808922447,ESM-2025-00387,LMS-006469
c76aa302-223d-4154-b5d1-a973516df8d3,ESM-2025-00389,LMS-007812
aa23b396-bcbd-4945-9086-d03254a313de,ESM-2025-00390,LMS-002572
6e8fdeca-aacb-4abc-9f9c-142f07520730,ESM-2025-00391,LMS-004606
d0ac1dfc-22f2-40a4-baab-2733f3b15f45,ESM-2025-00392,LMS-000855
00941102-f527-4363-ad98-7f0f9ab41021,ESM-2025-00393,LMS-008001
f7a57ddf-b019-43c7-9c5e-b9ee8f64bfd0,ESM-2025-00394,LMS-002846
c97d64dd-9035-4e2a-bde3-b8248c81c6bb,ESM-2025-00395,LMS-004050
5811cad8-b2c9-4424-a30c-8e8204ffcf87,ESM-2025-00396,LMS-003017
25835836-ce08-4ebb-b29c-a7ebc2cd6bdd,ESM-2025-00397,LMS-003332
b53d8d5a-cf75-4e5c-a6a3-ca63092e89c6,ESM-2025-00398,LMS-001359
2bb314a8-aa42-4d49-9342-309304298369,ESM-2025-00399,LMS-005009
48dd7678-de02-4199-b011-1af9d0b236d1,ESM-2025-00401,LMS-001752
cd139eb0-05ec-4cf7-b372-5822ce857b3d,ESM-2025-00402,LMS-007345
6cb957f6-eac6-47ee-b76a-55ecfad45f48,ESM-2025-00403,LMS-000617
8d6bb3c1-9ce9-4720-8f57-269c428b2e09,ESM-2025-00404,LMS-000866
73ff734c-18ee-4962-88c9-17956f0a2d0d,ESM-2025-00405,LMS-007403
5ffb439e-00cb-4823-ada4-b62bf0671c60,ESM-2025-00407,LMS-003791
c2903bf3-384d-4299-8a04-08fc19ec4a11,ESM-2025-00409,LMS-004292
ce99c929-816c-4abf-92ff-3234fd66dc31,ESM-2025-00410,LMS-002756
9f47ba3e-cda5-4866-92c4-5e96bbce4b69,ESM-2025-00411,LMS-004214
40f430b8-1c06-46c1-a890-011ac18ceeb2,ESM-2025-00412,LMS-003478
f18640e4-b09e-43e8-bd0e-dafe0fb84ac4,ESM-2025-00413,LMS-008873
06f944b1-1ce5-4e89-ad84-075801c9fa52,ESM-2025-00414,LMS-003724
d08274f0-7954-4a2e-8ddb-a2d6e5f840c6,ESM-2025-00415,LMS-007496
67463f0b-b369-4519-97f6-aa4a509bec10,ESM-2025-00417,LMS-005098
cae5c3f1-3924-4ff3-a32e-88e6caa36784,ESM-2025-00418,LMS-001552
2f2ad6ab-9802-4fc2-acd7-01689ed30968,ESM-2025-00419,LMS-002870
e30c6148-4f4b-48cf-831b-84811cd99d5b,ESM-2025-00420,LMS-003546
9830d188-8964-4215-b521-543da03f6fc8,ESM-2025-00421,LMS-001245
185ed3fc-5776-4ba4-9bff-cd0888bd1c6a,ESM-2025-00422,LMS-004592
ca8a1247-fc05-440b-8267-3d8908c427e7,ESM-2025-00423,LMS-002429
3a43d19e-5724-4e6e-88c0-faeaa0ea3958,ESM-2025-00424,LMS-003210
034d20a3-d428-4958-89da-31e07ff5ff2f,ESM-2025-00425,LMS-002246
11c25117-e5d6-453f-a0a9-30db627dd580,ESM-2025-00426,LMS-001237
c7cf4d02-bf9a-4f18-a8a6-6df7ce9e55da,ESM-2025-00427,LMS-009463
82d8328f-36a1-4164-b555-2d71df6019c7,ESM-2025-00429,LMS-006381
52d09cdd-f203-4963-9708-f51f8da7f183,ESM-2025-00430,LMS-008293
99d568fd-2751-45cc-bea5-d71c2a20b7ab,ESM-2025-00431,LMS-007006
6d6a8623-4e5a-45fb-a9e2-3ec01394a9e2,ESM-2025-00433,LMS-002483
348605dd-223c-411d-aa80-83449c39f322,ESM-2025-00434,LMS-006425
a9cb7b5b-6ab3-450c-ab87-c344fa1b8c5c,ESM-2025-00435,LMS-006281
abd32a1e-1e33-4793-8c88-049cbcbfa275,ESM-2025-00436,LMS-004643
17cb8855-eff4-470c-adec-455ead3731b6,ESM-2025-00438,LMS-001942
06b6bad0-6f82-4e22-b7d2-489c270c7db9,ESM-2025-00439,LMS-000699
b4194758-5540-46f2-a103-555b56a2f221,ESM-2025-00440,LMS-002833
d9db0eda-1003-48e6-b027-893582288c72,ESM-2025-00441,LMS-003177
dde39faf-bff7-4f5c-9b6e-66b0b3e87c7c,ESM-2025-00442,LMS-009498
f1de8506-1ce3-4523-a1fd-06daf8618adb,ESM-2025-00444,LMS-001042
720e4453-fff1-43c6-a813-46e7f64cad63,ESM-2025-00445,LMS-008711
bc439174-9f40-4e42-bc28-9b83c95011e3,ESM-2025-00446,LMS-003752
91864fa1-3d42-4d8c-9a80-a0e78d918d81,ESM-2025-00447,LMS-003034
6a3ddb89-67d9-48bd-aae3-59f2ec0bb851,ESM-2025-00448,LMS-003681
63fd46d5-e826-4eaf-813e-aa8e9b67b25c,ESM-2025-00450,LMS-003645
c619f68a-6381-4d4e-a2ab-73e05b1d53dd,ESM-2025-00451,LMS-006568
e51d0ba2-bf38-4a22-a785-4824706d7348,ESM-2025-00452,LMS-006828
bbd95a49-afb6-4676-bcd4-00d143f9e0ab,ESM-2025-00453,LMS-004046
8def65f7-f26c-48ed-bf87-eb6797ccffdb,ESM-2025-00454,LMS-001379
053c3031-65a1-44ac-b7ec-4fb1a785f21c,ESM-2025-00455,LMS-008875
989e522c-2c20-46c0-99ed-82d4bb031eb7,ESM-2025-00456,LMS-003082
b119542e-c34c-466e-a90a-7d8e1f93b8f5,ESM-2025-00457,LMS-004411
fda07121-4af9-4cdf-babd-afbce9169bad,ESM-2025-00458,LMS-005388
be725fc6-b408-4ae7-bec5-b440669da19a,ESM-2025-00459,LMS-003241
231294bc-727c-4527-954a-1d6444108080,ESM-2025-00460,LMS-007931
3198a740-5068-4b1b-9a38-da398e1484a6,ESM-2025-00461,LMS-006130
c69084a5-f917-4cdb-be3f-ebec058a0582,ESM-2025-00462,LMS-001142
9a893f06-3be6-41be-ae68-aacac314f58e,ESM-2025-00463,LMS-001949
3a4f8e8d-33f6-40f0-a44e-d53d8151afaa,ESM-2025-00464,LMS-007393
a242d012-9844-43a9-bc1b-1bf3f54e5bea,ESM-2025-00465,LMS-006340
d6b45aaa-03b3-44a8-a68d-cd8e7eb0e926,ESM-2025-00466,LMS-007773
b1fb2ace-fe62-40e5-9766-232f5b1e0edf,ESM-2025-00467,LMS-005690
aa90711e-29a5-4ae9-8173-63de56a17693,ESM-2025-00468,LMS-008500
c7c63bdf-2781-4132-8285-a4c21fd7cb12,ESM-2025-00469,LMS-003987
940cd33c-be12-48a3-8a5c-61c6266f3f0a,ESM-2025-00470,LMS-005997
d12174c1-631d-4f01-9951-f1c60c5761d2,ESM-2025-00471,LMS-004167
d1fe8cf7-471b-4640-927a-ecfcc469c730,ESM-2025-00472,LMS-007131
b35e9db6-67f2-476d-9b04-5738dcdba1d8,ESM-2025-00473,LMS-004170
e76eba66-9ac6-4d11-9672-4fa8410da8ad,ESM-2025-00474,LMS-008708
08a78d35-3790-47d1-adcd-4fcfa7b5c03e,ESM-2025-00475,LMS-009374
a6a46e5f-48ed-4779-9927-75ad813a44e5,ESM-2025-00476,LMS-002576
94f8015f-6d8b-48cb-bd94-c36052fcabfd,ESM-2025-00477,LMS-004088
7ee30bd1-9a8b-4f57-9f59-9e0752297211,ESM-2025-00478,LMS-002159
a86fde32-e826-4d18-98fb-df7e98d265f1,ESM-2025-00479,LMS-001286
55051ac0-0cf4-497a-8d16-d67ff908824d,ESM-2025-00480,LMS-003118
559380b3-0aae-4935-9f9c-53ae93677e12,ESM-2025-00481,LMS-000973
5d0dfa82-36b9-4806-b9f4-92332d9945ef,ESM-2025-00482,LMS-006198
48467bf2-d14f-42b9-adaf-2e91cc3b5217,ESM-2025-00483,LMS-005681
5ede7d92-fcd4-4415-9c5f-a995cf663c26,ESM-2025-00484,LMS-000650
edd89801-1910-4e17-b71d-00c0b75671c6,ESM-2025-00485,LMS-009157
08651923-ea46-4798-8729-03fa2be7ae4c,ESM-2025-00486,LMS-000074
f0296aa9-3a12-473a-8cc0-4083af92da08,ESM-2025-00489,LMS-009464
49336cce-b82a-4157-9ac4-4946c8a3873b,ESM-2025-00490,LMS-003374
2cf72cbb-ae75-493a-a56e-44999b4e271b,ESM-2025-00491,LMS-008599
d92f5317-852f-4115-bec0-ab2c87233e98,ESM-2025-00492,LMS-007785
3e1ff8e8-c0f9-41ae-8519-bfdfb81ad953,ESM-2025-00493,LMS-003202
f1cfd150-9c85-43d5-a48c-d67ac9168b7f,ESM-2025-00494,LMS-007476
d549bada-9d23-49fd-a6c5-cc577c7fad72,ESM-2025-00495,LMS-001600
7c63b3aa-f396-4e1b-9405-2ba1d4443182,ESM-2025-00496,LMS-009446
93390d58-1c91-452b-a95a-0e0dfbe1e0bc,ESM-2025-00497,LMS-000588
4da23b45-1cc4-475e-bf03-9a3ff9cba91f,ESM-2025-00498,LMS-005984
6d076ea4-0bd6-467a-b28d-18640fd3a918,ESM-2025-00499,LMS-001799
d193d7fe-bf2a-4d37-8288-0735ad60d895,ESM-2025-00500,LMS-001121
5eef0f3b-37cd-4893-ade4-a0fb59913c25,ESM-2025-00502,LMS-002298
ce4111d6-9fba-4da6-9048-88ce32d4435f,ESM-2025-00503,LMS-002977
5c8d0faa-7fdb-4bb9-b1ec-8736423509ea,ESM-2025-00504,LMS-009153
59137490-4dd1-40a3-b007-887657bec721,ESM-2025-00505,LMS-002028
51914c68-8d0a-4ab7-a057-d99ad377cac8,ESM-2025-00506,LMS-009144
50b19c8e-fbd1-4a85-a349-61b2dcf5c64a,ESM-2025-00507,LMS-007849
2d79cf4b-66ed-4874-bea9-0cc257e26fb8,ESM-2025-00508,LMS-009407
cc1f2410-e8be-4523-9d8e-4e993c171203,ESM-2025-00509,LMS-008733
eec84fbb-34db-45e5-b30e-4a31ff45be54,ESM-2025-00510,LMS-002064
a7e7bd33-289c-4531-a14e-e4eb6029daa3,ESM-2025-00511,LMS-004666
fee80bf9-8293-4518-9aba-ecc53ad66b71,ESM-2025-00512,LMS-003140
ca066014-1fbf-433e-bdb6-2a9ad767966e,ESM-2025-00513,LMS-001616
f4477feb-7ea0-4afc-8b57-a3bdd2310d28,ESM-2025-00514,LMS-000236
40da4752-377b-41bd-8e59-34c2aa29e23b,ESM-2025-00515,LMS-006119
86d4c868-cf7c-4daa-b4cc-3bf9706ac70b,ESM-2025-00516,LMS-007688
5af3dcae-baa3-44cc-bee8-ff28c4869836,ESM-2025-00517,LMS-008453
97e3e9ef-8f4d-4d9c-a247-ba91bd5051da,ESM-2025-00518,LMS-004640
082e6d83-66f1-4ff6-b3bf-9cc0a8dfa1c5,ESM-2025-00519,LMS-002244
61beeca4-bab8-438d-ad42-600fb3256e33,ESM-2025-00520,LMS-001537
35cefd1a-e477-4d8a-9ec0-64f3d5b0c174,ESM-2025-00522,LMS-007749
cfa196c4-4bb8-4f96-87f6-ab8987064637,ESM-2025-00523,LMS-006012
81084ce9-b674-4c2f-a6fb-53c662739d38,ESM-2025-00524,LMS-001312
4ca4bf88-3738-4953-95d4-0e0f353a1f49,ESM-2025-00525,LMS-006507
fcd65d7c-5085-480e-8eaf-3a1dd119d25a,ESM-2025-00526,LMS-004298
9806b4c3-7eb7-4f60-8190-9bc9a945c16b,ESM-2025-00527,LMS-004767
698ead1d-f50f-4ea1-bcc4-4b1b21e7eac7,ESM-2025-00528,LMS-004721
e0f66cd9-161c-4f5b-b8b4-deff7877f566,ESM-2025-00529,LMS-000099
dba1101b-e9c6-482e-a884-a011fac59d7b,ESM-2025-00530,LMS-004798
814e1b21-0cea-4442-a122-21dcc9f6fa86,ESM-2025-00531,LMS-008126
d5452314-612c-4c59-91ae-54b0851a1794,ESM-2025-00532,LMS-001395
a2276de5-76d4-4db5-9e68-a1b0e42f647f,ESM-2025-00533,LMS-002644
da8771e3-d22d-46d8-8d70-6f02147dee00,ESM-2025-00534,LMS-009201
348500bb-ec8e-4bec-a29f-2399ab872b5e,ESM-2025-00535,LMS-003606
37fda7b7-1847-49d6-8672-7881eb5a5cca,ESM-2025-00536,LMS-003508
74788004-fceb-448c-a087-4d687dfaa198,ESM-2025-00537,LMS-005444
20ad2cdb-c4ec-46c9-b8ba-19a7f9efff6c,ESM-2025-00538,LMS-003744
8cabc76d-1de3-4dae-a79f-b201b6b1e9f1,ESM-2025-00539,LMS-007814
76edb138-1415-49cd-8452-f47c7fc210f2,ESM-2025-00540,LMS-007039
2d633651-57dd-4f68-8fd7-99af25e9dfc0,ESM-2025-00541,LMS-006722
f9273830-d449-4d14-9c93-a0a8ed6517e3,ESM-2025-00542,LMS-004330
f303dcd8-7dae-4031-9d90-b392e239ec37,ESM-2025-00543,LMS-005384
efd84b80-2f73-4015-b90b-574ea265ec72,ESM-2025-00544,LMS-004569
2197ca44-5a98-4eb0-932f-38229c847d57,ESM-2025-00545,LMS-006321
be6f5920-ec09-4725-a75e-bb5888144038,ESM-2025-00546,LMS-005285
5a922435-514f-417b-adf5-253155a4b3b7,ESM-2025-00547,LMS-005568
c102ce60-ea08-4fd0-b40a-459c71b55933,ESM-2025-00548,LMS-000793
2a9d94e9-aee8-4370-8961-af8c385ce675,ESM-2025-00549,LMS-003761
4f0579aa-7a03-4f0f-a608-c00dd26ffbba,ESM-2025-00551,LMS-001094
8175d963-e266-4c19-b881-a044b2290148,ESM-2025-00552,LMS-008962
d219cc08-4479-411c-a8cb-4ef42e0cc2ae,ESM-2025-00553,LMS-002744
1885adfa-0bd8-4815-bfd0-71266dc20a96,ESM-2025-00554,LMS-003841
2f5a3128-1cda-4cb3-abd6-4804e7adb066,ESM-2025-00555,LMS-001209
8b116c5e-dde1-40be-8c7e-e1bb7590a6f7,ESM-2025-00556,LMS-008391
0db2d791-8cb9-4b80-8355-e4730d124db7,ESM-2025-00558,LMS-005481
3aed61bb-b561-445c-9c72-176c5f4b5aa1,ESM-2025-00559,LMS-000685
3880080b-9809-47c1-8028-52d340982256,ESM-2025-00561,LMS-003804
178e085c-e497-48ac-8364-aad9dd17ab9a,ESM-2025-00563,LMS-006579
7662bb89-0397-490c-b768-94fde8f82c31,ESM-2025-00564,LMS-000185
81c361c5-4a21-4954-86b2-c3c3a97f56c8,ESM-2025-00565,LMS-009175
5886c125-486c-4af4-8f06-216b6afb1e9e,ESM-2025-00566,LMS-001623
22c65af1-6601-447b-9197-8205fc76a6e7,ESM-2025-00567,LMS-009339
a3fd706a-a29b-4acf-a056-a529c988cd1c,ESM-2025-00569,LMS-002406
ab6185b8-f6db-4633-8545-263559e7dd92,ESM-2025-00570,LMS-006521
2e32ce73-039a-404b-8831-01f8fb702cbc,ESM-2025-00571,LMS-004401
78421742-d060-4c33-8a66-68973ff00a0f,ESM-2025-00572,LMS-009084
ce7a8951-6907-4c53-97ef-abc4b315d288,ESM-2025-00573,LMS-004811
f74dc66e-fe62-4162-9379-4811bbcad9f3,ESM-2025-00574,LMS-007438
5c209f5d-dbd6-4dd7-86f3-b2ec4677640a,ESM-2025-00575,LMS-002997
a23d2f4e-931e-464a-b1fd-dff7d950eb46,ESM-2025-00576,LMS-008113
1fa71205-c366-4905-a928-955d1e464aec,ESM-2025-00577,LMS-005720
be6d994a-b830-4396-b6d9-458d95506fb8,ESM-2025-00578,LMS-005638
da064623-999e-4ab0-8501-6097e9ef0f8e,ESM-2025-00579,LMS-003969
5c5ff126-7d8b-47ca-86fb-e173b92c0134,ESM-2025-00580,LMS-008318
3084f69c-3f6c-43b5-a7f9-8389af91f139,ESM-2025-00582,LMS-004074
e216b729-a24c-41b5-99c8-bf978148b44b,ESM-2025-00583,LMS-000551
89e175ce-4c60-40a9-a86b-42f1b0475503,ESM-2025-00584,LMS-008366
1bdf6271-a8c1-45c2-9133-28c312434556,ESM-2025-00585,LMS-003491
4c122b23-9ba8-4de9-b47c-fd3c8ff6699a,ESM-2025-00586,LMS-000513
778a5556-6aeb-4b79-bb0b-db3b58632a69,ESM-2025-00587,LMS-006965
27a90e55-2b64-462d-a043-47e3a90ee65d,ESM-2025-00588,LMS-003304
005ce286-4d9d-450f-9033-a49671948043,ESM-2025-00589,LMS-006380
f12be7cb-59eb-4dc9-8376-dc08ed684326,ESM-2025-00590,LMS-000648
8ee022b6-d25e-428b-b41b-9365f6444a41,ESM-2025-00591,LMS-000768
6dfef777-2a4f-4c89-967f-52321c575a47,ESM-2025-00592,LMS-007336
5bdc7f8d-967e-4bfc-a0e6-4e5ecd370731,ESM-2025-00593,LMS-003369
8a9a5aeb-c8b2-4a39-a3b7-01b8ce88eb74,ESM-2025-00594,LMS-007482
44048824-222b-47fd-8ab6-575a78adb9b7,ESM-2025-00595,LMS-007786
a75a6ada-dd64-40c7-a711-892bdd47e8b3,ESM-2025-00596,LMS-009491
17c2631a-ff02-4c94-9fd5-09e8ee71716d,ESM-2025-00597,LMS-004009
844eab18-7513-4c44-a23b-e172a2bcc949,ESM-2025-00598,LMS-005039
5f9a83a0-d483-4c52-a73b-ba7f850122c6,ESM-2025-00599,LMS-009260
9398529c-797c-4807-908d-3bc8a4d2ace7,ESM-2025-00600,LMS-008467
f3a137c1-2375-433b-8a8c-1770196a8a82,ESM-2025-00601,LMS-008695
3083daaa-1ed6-4ca9-a414-b3f4508697d0,ESM-2025-00602,LMS-005754
188ffad4-70cd-464e-82e8-04171bf80da4,ESM-2025-00603,LMS-007676
83e79d5c-7b22-43cb-b62b-4276ee4e4f44,ESM-2025-00604,LMS-006443
273f2717-ae62-465c-b910-95aab00327f5,ESM-2025-00605,LMS-003395
22ee13a7-4d22-48c1-9845-6ef8612ba467,ESM-2025-00606,LMS-001491
8408ad71-0d72-4bc4-a130-8c553d927ef8,ESM-2025-00607,LMS-009421
433c0eb1-2f09-4507-92ee-21777f4bbc72,ESM-2025-00609,LMS-001027
ceabf8d7-1424-44d3-921a-048c3ddc4d92,ESM-2025-00611,LMS-005020
43c964ff-1477-402b-bab9-eb74b6e7c865,ESM-2025-00612,LMS-006811
2d660fd7-6b1c-4df0-bd89-ce7e6443b0a6,ESM-2025-00613,LMS-006053
06ae269f-fbc8-48d6-a438-ecef86d23601,ESM-2025-00615,LMS-006716
2a1eb231-e555-4cf3-b14f-3218326dc82e,ESM-2025-00616,LMS-003162
e8d5365c-3063-4285-ae17-b447156a5229,ESM-2025-00617,LMS-003042
2c74d043-d335-4cc1-9f4d-ba47e094f5df,ESM-2025-00618,LMS-003543
c7ab2833-abeb-47f0-9299-b146ed2538f1,ESM-2025-00619,LMS-006352
d0c0e808-d625-4d52-b6be-bb88671b806f,ESM-2025-00621,LMS-001482
3b7c5a75-6c08-49c6-ba1e-d97dbaaafac0,ESM-2025-00622,LMS-001926
0b7309c4-87b1-47fe-9e3b-61d30b374099,ESM-2025-00623,LMS-000360
9af7d649-7411-4370-85e1-25f548a86bb5,ESM-2025-00624,LMS-007869
1283c5ee-6d2f-4f70-ac90-b2d185d5a926,ESM-2025-00625,LMS-006555
b4d16ae7-0a75-4681-881c-6ff323f0c846,ESM-2025-00626,LMS-006181
b63a7ee6-fd46-4c49-96bf-8095cc4f6c83,ESM-2025-00627,LMS-008867
3aed95e2-4f4c-4628-ab95-d03b15edd50d,ESM-2025-00628,LMS-000698
48f2dcec-27e0-4f27-92f1-52aed8515bdb,ESM-2025-00629,LMS-002961
e543e474-899f-4648-b6a9-493f6396dff4,ESM-2025-00631,LMS-008914
b3243b16-0fbd-417e-998c-3f9f5cae7427,ESM-2025-00632,LMS-004680
b8478fed-d2dc-4cb4-a741-daac67b3a00c,ESM-2025-00633,LMS-004071
168794ba-9e1f-4b14-a3a6-aa539db7f570,ESM-2025-00634,LMS-003087
d3637f18-ace3-4a8f-90ee-9fb705891e8b,ESM-2025-00635,LMS-001417
88b34ee6-5241-4f25-8bb7-43f5f7a8bb20,ESM-2025-00636,LMS-005911
eb843f6a-2290-4cf1-adf6-a603588b579a,ESM-2025-00637,LMS-008546
a3193bc9-361c-4e39-9fb9-30fb0c71526a,ESM-2025-00638,LMS-008738
18e422c1-bae3-488e-879d-bcd16e41893e,ESM-2025-00639,LMS-009123
ed4069ef-4057-4034-b96b-a2445f228777,ESM-2025-00640,LMS-004327
7793f54e-569e-4b03-92d8-c5d1e61a577c,ESM-2025-00641,LMS-001804
091db472-9f10-42b2-bd2c-d72b4458819f,ESM-2025-00643,LMS-000672
5d776b6d-340e-4966-a249-99e8c8b21cc4,ESM-2025-00644,LMS-004637
8a4dd80e-05dd-4ffa-924a-26b146cacde7,ESM-2025-00645,LMS-005300
392fbca0-c7b2-45b0-821b-c05b4371cfdf,ESM-2025-00646,LMS-004773
91907050-7346-43dc-9007-8adedaccf57d,ESM-2025-00647,LMS-001724
652e662a-552b-470e-9ca7-a9bddf3046d1,ESM-2025-00648,LMS-002755
e867804f-5e30-4b16-a7e4-2f9d5a684322,ESM-2025-00649,LMS-000385
7bd472bc-16a8-461b-acb3-6b52642fdab1,ESM-2025-00650,LMS-002073
3344c66c-18f5-4600-be90-01332f022742,ESM-2025-00651,LMS-006464
ae02c4c4-390e-48a6-a2d9-61698dbc45ed,ESM-2025-00652,LMS-007694
91f8118f-6220-443b-9ca8-40bb157b85c1,ESM-2025-00653,LMS-006919
4864c4ca-b4eb-4411-8e29-a47cebc13b72,ESM-2025-00654,LMS-003919
c0759797-a492-4b07-8011-7411fa2e5f60,ESM-2025-00655,LMS-000581
12554a7a-7228-4b77-ba85-4486039e92ab,ESM-2025-00656,LMS-002884
400bd81e-47bc-4dd0-96ac-48fe4feeb6e4,ESM-2025-00657,LMS-009013
cd6e4e81-81cc-4ee4-9efe-544b9880af2e,ESM-2025-00658,LMS-004608
376b49cd-1c84-47d0-98f9-ab49318d6edc,ESM-2025-00659,LMS-006217
8654b594-c920-420c-9050-7a173395e4bd,ESM-2025-00661,LMS-005617
daada3b6-44ed-439f-9cd7-5f1eb82ba4b2,ESM-2025-00662,LMS-005893
55d27fb1-7b78-48e6-8289-6c42dd23e726,ESM-2025-00663,LMS-002545
267494dc-ff77-43d6-8cb6-0bd759f26742,ESM-2025-00664,LMS-006780
0fd1e0ca-572a-4be9-83ab-071430ee60ea,ESM-2025-00665,LMS-001570
c835c957-9711-45ee-82ea-e2940744752c,ESM-2025-00666,LMS-007085
2c6036b3-cfd9-4f11-b3d9-ee1cf146f4fb,ESM-2025-00667,LMS-005782
49b60794-26c4-44de-8fe1-e6c852f14449,ESM-2025-00668,LMS-003672
29170b97-c460-4a02-aaaf-fdd6a12434d2,ESM-2025-00669,LMS-007502
de8f9acd-7e48-4e6a-8eb3-ae8dac2f3e79,ESM-2025-00670,LMS-002014
da801091-9d94-4e06-8a47-a6438979203c,ESM-2025-00672,LMS-007122
9fb3f079-0c06-4ad7-9702-09a5430873ea,ESM-2025-00673,LMS-003870
24b251f8-bdae-4af0-a446-0096f88dac20,ESM-2025-00674,LMS-008880
6a4494ba-d207-499c-9cb8-4d7e102c3105,ESM-2025-00676,LMS-006476
b026dcc5-2173-409b-affe-bff79d58430f,ESM-2025-00677,LMS-000585
275f357d-33f6-4b53-93ab-4c11ec1bfb5d,ESM-2025-00678,LMS-002196
85632161-46fe-4a63-971b-8fcd1bfae47f,ESM-2025-00679,LMS-009122
ddf57841-0f15-4067-a57b-6975acd2cb86,ESM-2025-00680,LMS-000126
75f33038-6abf-48f4-afcb-9d92202b6419,ESM-2025-00681,LMS-000873
ee9207c6-6a6d-4552-b7e8-5320e7fde77b,ESM-2025-00682,LMS-005426
0a49cdbb-11df-4025-9bd1-b379c1e266d6,ESM-2025-00683,LMS-003155
2b4b32d3-77eb-4c4b-84d1-b37d45b175be,ESM-2025-00684,LMS-006934
da9e7bdd-683d-40f8-8781-9ef280181a77,ESM-2025-00685,LMS-000609
3657a536-6a2a-4d92-9dcd-3c8a2c3026aa,ESM-2025-00686,LMS-006264
73f41ae6-7044-43c4-94d3-28a4475bf0fe,ESM-2025-00687,LMS-001642
297b12b0-5404-46e2-b8d7-5272b6989ffc,ESM-2025-00688,LMS-002504
7f2482e3-03ae-4381-815a-59c6f9b99395,ESM-2025-00689,LMS-007883
58b1398e-dfea-4fdf-be30-7ddebe1d8d52,ESM-2025-00690,LMS-003884
f599999a-d8f9-473e-ae89-75543b1daa36,ESM-2025-00691,LMS-009059
a8c3fca2-1d3e-4d79-811a-492925170a0b,ESM-2025-00692,LMS-005693
1132d83b-986e-4816-86fe-cb4c4fd38085,ESM-2025-00693,LMS-003966
91837924-657f-4624-aff2-8ece93fc1de5,ESM-2025-00694,LMS-001182
f36ae9c4-1ea0-4615-afe3-47b43ec23713,ESM-2025-00695,LMS-006020
792f91b6-0042-406d-9530-f7be523d8954,ESM-2025-00696,LMS-001097
54c80880-0268-42a3-9295-854822f0c6a8,ESM-2025-00697,LMS-001603
0d906e7e-71bc-4bac-ac0d-7c5e4c30f963,ESM-2025-00698,LMS-002615
774f8cc5-08f8-4d6d-b084-ae39abf00898,ESM-2025-00699,LMS-004815
56038b6c-287a-4283-bbc9-0997ab575829,ESM-2025-00700,LMS-006448
b4b46c67-4ff4-4e03-9214-4d00385d9bbf,ESM-2025-00701,LMS-006885
5952693d-80f4-4d99-8c9b-a9abc0665e4e,ESM-2025-00702,LMS-006482
605d6b9d-c23f-4342-a129-94eddadb05c9,ESM-2025-00703,LMS-007909
06fa4950-8eea-49ee-9a6f-50246a00a7d8,ESM-2025-00704,LMS-002274
862e308d-7a1b-4419-b1e6-15f2c8874e55,ESM-2025-00705,LMS-004841
0b054404-ea16-4887-9028-b098c1fcca27,ESM-2025-00706,LMS-004238
1492a170-1c2a-4611-9270-58282ad3c168,ESM-2025-00707,LMS-004886
ddcc8ae6-f582-4727-b336-931f8bd6913e,ESM-2025-00708,LMS-006107
e1318ae0-c3ce-4f2f-b2b5-bca79b7a4f4e,ESM-2025-00709,LMS-001732
3fd82b48-05c2-4fab-8417-a71ff4f9b522,ESM-2025-00710,LMS-005234
ee16ecd6-eea8-4513-91a5-ae7d694491cb,ESM-2025-00711,LMS-005216
ec4fc524-3854-4ef6-bd60-0a763d6fcd5d,ESM-2025-00712,LMS-005571
ab3dc53e-8b71-43ea-a79e-939cd5a31d1f,ESM-2025-00713,LMS-005407
5efe1958-beb1-47d6-8dd0-08cb678cd0dc,ESM-2025-00714,LMS-008130
85fe9231-5fdb-438e-978c-35c13622c308,ESM-2025-00715,LMS-006874
1ef5dae2-eccc-4b2a-8645-8f8bbd287f4a,ESM-2025-00716,LMS-001370
6d9bea32-6480-4d97-ba14-3faa5b9b9af2,ESM-2025-00717,LMS-001739
fa679cc7-1b82-4ff8-8ed0-e07ce1d9806f,ESM-2025-00718,LMS-004940
6f911738-6083-4fd3-9f4f-a327faa2d5a6,ESM-2025-00719,LMS-007236
f38b5697-e635-4d63-87c8-76c460e754a2,ESM-2025-00720,LMS-000761
c601c96e-b36f-466d-9dd1-1788a472d54e,ESM-2025-00721,LMS-007217
5843aced-417b-44c6-919a-c3d98b9ae6df,ESM-2025-00722,LMS-003797
50c247de-11ad-436b-96de-cd32cf784a92,ESM-2025-00723,LMS-008615
cd62d1ec-c44e-403b-ac59-37bf7ea5cc23,ESM-2025-00724,LMS-006778
4e6c11c1-e70d-4ac5-a015-4b19c86893e4,ESM-2025-00725,LMS-006110
3ab097dc-0c7a-4289-bb19-4fda4f5b260f,ESM-2025-00726,LMS-008211
1c7e6279-7a5f-4b2e-a172-b7af9273d499,ESM-2025-00727,LMS-006205
c9c9dc30-63f9-4793-bd5e-9906ae8b4c85,ESM-2025-00728,LMS-004828
8badba70-0adb-4592-92ec-12c776beaad8,ESM-2025-00729,LMS-007384
4f3e6164-2cde-4798-9048-fc9403222fc8,ESM-2025-00730,LMS-002180
80798909-db9c-4688-b557-7bf51a154ff2,ESM-2025-00731,LMS-000737
8a089f46-7a8e-454c-abd1-82736bb0e464,ESM-2025-00732,LMS-007471
9704cba9-b0d2-4b8b-bc0d-fee5679ee849,ESM-2025-00733,LMS-007829
e62dc4b0-d48a-4c8c-b84d-0fdffc3cc881,ESM-2025-00734,LMS-007920
59ac2b08-11bd-4b0c-94b8-ba25a7f2fb84,ESM-2025-00735,LMS-008944
67e39faf-b8c2-4721-a4fe-6192115c523a,ESM-2025-00736,LMS-009340
4cc95560-f18d-494b-8eb4-47b71fb30933,ESM-2025-00737,LMS-008062
b4a9016b-f4a4-4b6d-a1bd-d3ed2bce806e,ESM-2025-00739,LMS-008595
119f46a2-fb16-4bf9-8cba-9ab977031bc7,ESM-2025-00740,LMS-006981
81a0815f-1fae-4bc4-9feb-6180623b669f,ESM-2025-00741,LMS-004966
e5f570b5-ffb0-4f0c-984c-08abac0bb701,ESM-2025-00742,LMS-005459
2ef92b2e-c1cb-4420-8eaa-4c1bb1cebe0e,ESM-2025-00743,LMS-001774
5afde41f-a40c-4e0e-acaa-ae9c80a65880,ESM-2025-00744,LMS-000178
cf301b81-c8af-45a1-9787-ac1869c052fa,ESM-2025-00745,LMS-007316
f2810799-c30e-4c2b-b121-0291d1f282f7,ESM-2025-00746,LMS-007365
9e7daaf6-73a9-4ff3-8378-9019a753ab1a,ESM-2025-00747,LMS-005475
7f3cabd5-1ab8-4500-bfe5-4476d1e245d8,ESM-2025-00748,LMS-007111
b04633f0-a4ea-48f4-a0ba-2c4129753f09,ESM-2025-00749,LMS-006575
53dbb24c-5e03-44d7-a40f-08b1a2c4dd0e,ESM-2025-00750,LMS-001344
f9a97381-1b83-4ec5-ab7e-db6b5986ca76,ESM-2025-00751,LMS-009417
ff4711ab-0624-41d5-956c-7f04b54ff2b0,ESM-2025-00752,LMS-002761
a44aca73-a7cb-4a8a-a5f6-e051192fb1d3,ESM-2025-00753,LMS-007456
8735d237-c8eb-4ef8-afce-97f0767f9fa4,ESM-2025-00754,LMS-009194
95264363-adde-4302-90af-1e12985b82d3,ESM-2025-00755,LMS-003022
478c7f0d-2217-466c-bc73-fdec6dd078f4,ESM-2025-00756,LMS-008386
da497a9f-73a3-45ca-a3f9-c897b3cbff9d,ESM-2025-00757,LMS-008786
89dc6c4f-088c-4c9c-9b44-d1ec55ec7c07,ESM-2025-00758,LMS-009016
3b672423-b734-430e-ab39-0ca7f7e8154e,ESM-2025-00759,LMS-007902
d007910b-d160-473a-99f0-12962756f9a4,ESM-2025-00760,LMS-006995
980ff416-0ab0-4d0a-b128-cd3815407069,ESM-2025-00761,LMS-005202
6e5017a5-d64c-4184-a7fe-2cbfededad10,ESM-2025-00762,LMS-003284
50fd6b14-0137-475f-9276-528dbc3ea42f,ESM-2025-00763,LMS-006539
c585f7f9-0f10-410f-842c-51e271eb1ad4,ESM-2025-00764,LMS-005856
ab618300-034c-42f1-bdcc-1fe61d88d153,ESM-2025-00765,LMS-003481
8aef31b7-8f7b-48ca-a28c-25167fe20426,ESM-2025-00766,LMS-007302
cc8e55f6-1b27-4579-8785-35e88de5af98,ESM-2025-00767,LMS-004655
a08011cc-2738-4e48-80ca-37b92559620d,ESM-2025-00768,LMS-006545
d026f1fe-26c6-495d-b175-e2a27f1f6224,ESM-2025-00769,LMS-007239
d16aca23-4bfc-4373-a08a-a071811d117b,ESM-2025-00770,LMS-004631
9c2dd0a9-c621-49b9-b054-458167baae85,ESM-2025-00771,LMS-008468
85f16c2b-dbc7-4f84-9830-74467ca7c5a9,ESM-2025-00773,LMS-008652
e5f607ef-79ba-4d1a-b6a3-13f271fcfd85,ESM-2025-00774,LMS-001271
740ff68d-4581-4f86-8639-13193403b964,ESM-2025-00775,LMS-000357
efcea9a4-feab-482f-a12c-7edf00f331d4,ESM-2025-00776,LMS-000770
93f17b4c-464f-449a-a85f-4a8e7a058595,ESM-2025-00778,LMS-004343
5b24cac8-321e-4a86-bd8f-46b0419c382a,ESM-2025-00779,LMS-007022
eabd5938-c9be-4ef2-9e1b-d08c5c26130c,ESM-2025-00780,LMS-006235
c9b9d399-da0d-4bd3-a488-1d831127dc95,ESM-2025-00781,LMS-000346
cc84037e-96d4-4f24-8052-a849ac2c638c,ESM-2025-00782,LMS-007733
63d47cce-f199-43e4-bd94-a0b950eeba1a,ESM-2025-00783,LMS-004031
438de20e-8899-441d-be64-ee92c3e3e45f,ESM-2025-00784,LMS-007008
e0fc259e-d88a-4749-85d6-3ec97a9e6e63,ESM-2025-00785,LMS-001030
d344d125-7fdd-45fa-ae55-618fef27e3f5,ESM-2025-00787,LMS-000010
ae901e74-1ffe-4160-b3de-08f4494aa257,ESM-2025-00788,LMS-000508
27e9257c-f6e4-4920-9bd1-d1cbf0e6a8c6,ESM-2025-00789,LMS-002765
390badfa-2b6a-4c3f-a3e4-6e5c30f307d4,ESM-2025-00790,LMS-008632
c83f53ee-508c-43d9-a5e3-3ea3ab83dac5,ESM-2025-00791,LMS-007293
727047c3-3e1c-4687-ab9b-0b9349753725,ESM-2025-00793,LMS-007233
f3149dd3-5ee7-4604-82e8-bd5ed1d2814f,ESM-2025-00794,LMS-006761
8ae5e870-8f09-4af9-a00a-f80d8d137c41,ESM-2025-00795,LMS-006486
b36bda79-793a-47b6-8274-8df850486b10,ESM-2025-00797,LMS-006178
13829460-8a4e-4f59-8c45-44580a900548,ESM-2025-00798,LMS-009342
c30ef9f8-a761-4ab2-8cdd-08e541c846b1,ESM-2025-00799,LMS-000732
b33d6e24-e98e-4ee3-ba3e-fd81a97fbc09,ESM-2025-00800,LMS-006040
810f767e-26f7-4b78-b963-48e0e864f95e,ESM-2025-00801,LMS-006006
e3a5db4e-2e21-4236-9ad1-d7a2ed2c245c,ESM-2025-00803,LMS-004437
ecad7cc8-0ed5-4cba-86d1-fa716e9f0b36,ESM-2025-00804,LMS-007544
406920ed-27d6-4246-b167-4aba7cb62e4f,ESM-2025-00805,LMS-002941
25fadc0c-7dcf-4ab3-9293-3e26f146e966,ESM-2025-00806,LMS-000269
3d0baa34-667c-4dff-8598-ccaebfda4ed3,ESM-2025-00807,LMS-008756
5810d2c3-bd43-419c-b929-bc7ae9a1643d,ESM-2025-00808,LMS-008305
b2105145-1417-4645-a964-4cf623dd8155,ESM-2025-00809,LMS-008997
327a0fc1-ba11-49a5-924c-0533000d792d,ESM-2025-00810,LMS-005381
2ef18a1b-7846-44e1-96b1-0d233e7c1e4d,ESM-2025-00811,LMS-002121
9b38c9a8-9f59-4d4a-96ab-b799c9e7b5cc,ESM-2025-00812,LMS-004432
02cbfeab-58bf-4d5b-9e91-cdcec3382b8f,ESM-2025-00813,LMS-008953
5e39db76-ea55-4741-9cff-2c4c045e95bb,ESM-2025-00814,LMS-002089
427ae473-d7ce-4ce5-b0da-da4c79af6a3b,ESM-2025-00815,LMS-000175
941d5727-be48-4325-856c-69c790b1fa97,ESM-2025-00816,LMS-000890
10aac0ce-4495-47b6-b10d-15783c12a647,ESM-2025-00817,LMS-002255
e3134283-ad56-4a13-8148-dc3c65f2f2c4,ESM-2025-00818,LMS-004563
0d2100c0-d614-4712-b3d3-653d692b3272,ESM-2025-00819,LMS-008715
f286a830-8c1d-4d44-83c4-b27c0bcb0ceb,ESM-2025-00821,LMS-000318
7774d98c-4ae0-43ee-90fc-b6fa36a160f6,ESM-2025-00822,LMS-005485
78a8f538-bb48-4c66-9a92-b30c46525bbe,ESM-2025-00823,LMS-002925
e0f6a770-ec9d-4741-aec7-f11195e687a4,ESM-2025-00824,LMS-002435
e13b9299-e47b-4935-89ab-b27808662d0d,ESM-2025-00825,LMS-003490
fb7ff247-345c-42ce-bf94-4e3c712bab40,ESM-2025-00826,LMS-000524
3507514b-2752-4a8b-a1c3-73a63458d99b,ESM-2025-00827,LMS-005922
a9e03fbd-973a-4611-b12e-ea2bf2562bb8,ESM-2025-00829,LMS-008793
bb193374-057f-4248-81f7-ef09c02e014d,ESM-2025-00830,LMS-001088
671dd2c1-9dd4-4cc8-beb9-4e15e91445b9,ESM-2025-00831,LMS-002683
ea5daa00-b542-4b3f-b9fd-523cb344fc3d,ESM-2025-00832,LMS-008317
99eab0e4-f93b-466d-bb70-1ddb607e97be,ESM-2025-00833,LMS-002784
b6f4275f-f463-4b92-8d2a-671b2aacf319,ESM-2025-00834,LMS-007087
f57c14fb-5839-43db-9fd2-3ea9537d2c34,ESM-2025-00835,LMS-005982
b51452c4-ca55-4b7c-a34c-fb7f699f2af5,ESM-2025-00836,LMS-006635
8d140a02-fd26-4d98-96b2-87121a2b646a,ESM-2025-00837,LMS-003713
773a9583-9205-4387-b25b-9654ab540b31,ESM-2025-00839,LMS-008915
9fd0e916-33c0-4d44-8321-7e2645d3d744,ESM-2025-00840,LMS-005390
5310a749-1f62-4344-9ff7-96332c56874d,ESM-2025-00841,LMS-008912
01657267-05b1-4d9f-9f61-2c0a4d085d1b,ESM-2025-00843,LMS-008365
c3c2ad13-c848-45e2-84fe-040f841f9983,ESM-2025-00844,LMS-004340
e0ba826a-ac8d-4e4c-97b0-3c94c139cee8,ESM-2025-00845,LMS-000580
fd53e1a1-9f59-4ca0-a77e-cb48e77f3cd4,ESM-2025-00847,LMS-005041
493c9c9d-c94b-4ea1-8e82-d22d873fdee6,ESM-2025-00848,LMS-001590
85bc589a-1c4e-47f0-92cc-0d2bf0783b70,ESM-2025-00850,LMS-001649
a8baa3e7-78c5-4888-b8b0-4a865633f7b6,ESM-2025-00851,LMS-002168
a8ad8780-8d09-4ed8-ab51-6fc01fbc782c,ESM-2025-00852,LMS-001336
4c9b9271-fde8-4b29-a27a-9a9ffd9a06fc,ESM-2025-00853,LMS-004222
ac42e39d-c609-45e0-9454-c5e772cf5025,ESM-2025-00854,LMS-000889
8ae86119-1c46-457c-9dd5-5e52dc78ea01,ESM-2025-00855,LMS-005873
b68e2553-3812-4e11-b0c9-cb2012852637,ESM-2025-00856,LMS-008328
0acff0e2-e1df-4689-9db0-749084194a0f,ESM-2025-00857,LMS-000481
a3b0b7a9-4c97-421b-8cae-f9c0f9280f29,ESM-2025-00858,LMS-003953
55c7f573-0d33-48c6-aa99-80761d4bc3ee,ESM-2025-00859,LMS-004052
7461d061-dbef-406f-ae49-47a68fa16be0,ESM-2025-00860,LMS-001983
e158adb6-39d3-4132-93b6-705cd130c8b9,ESM-2025-00862,LMS-007960
b4c9a2c9-201c-48b5-b82f-a1aee277e53f,ESM-2025-00863,LMS-008741
5e85b053-a323-4008-b601-c972247e68b8,ESM-2025-00864,LMS-008076
877818b4-9b68-403e-9e53-380dcc31622a,ESM-2025-00865,LMS-006612
840ec505-7125-4aee-80ef-097e0b333c07,ESM-2025-00866,LMS-002797
43b669fa-9cc9-4204-bd08-4ca53ec62496,ESM-2025-00867,LMS-003771
cfba0f67-f0f6-4dfc-8777-87f4a9d68625,ESM-2025-00868,LMS-002738
a5ae3538-98da-45e9-8d9c-48574821353c,ESM-2025-00869,LMS-003763
567f4795-1c6f-406b-931f-5ef04ab44865,ESM-2025-00870,LMS-004456
a4b81f4c-e2d3-4fb7-bb9f-c2f5be659ad5,ESM-2025-00872,LMS-001190
7e7b35e5-209a-4e10-a4d9-04d0fe5c7630,ESM-2025-00873,LMS-008834
37f424fa-7689-48cb-a7cd-552cfe8106f9,ESM-2025-00874,LMS-006569
39a32f4a-8c81-42c1-86a6-491a1fa6b023,ESM-2025-00875,LMS-004269
d968da3e-f58e-4234-b603-dbb3fcb9d2fc,ESM-2025-00876,LMS-005905
7ff66b85-0b6c-401c-bef4-b9b1640af2e2,ESM-2025-00877,LMS-006729
b9652ad4-07d0-4e68-bd2a-f753b6ab22c9,ESM-2025-00878,LMS-003168
445bfc0a-0c25-4541-8460-b8d779f51bdb,ESM-2025-00879,LMS-007473
652dffeb-d9b9-4acd-9563-54a1342d6c5a,ESM-2025-00880,LMS-005710
3d9e4987-f7c9-4cff-b67a-a47de9244257,ESM-2025-00882,LMS-008465
486c74e8-ee2b-466e-8f13-ea5f41e38875,ESM-2025-00883,LMS-007291
78c59fc2-b92c-43c9-a435-f83db48f879b,ESM-2025-00884,LMS-009370
eb695d63-711f-40fc-95a8-500c5d518341,ESM-2025-00885,LMS-003089
bf7abb73-5099-4a92-bf12-e20bba92e821,ESM-2025-00886,LMS-006253
cbce9ebc-4e8e-47db-adb0-ca42475f1116,ESM-2025-00887,LMS-007626
2bf9660d-1e97-4c02-a2db-924c2b5f42e7,ESM-2025-00888,LMS-008031
32d419fc-d92a-4f45-9d25-a01543d2678b,ESM-2025-00889,LMS-006526
f0044c11-4bcc-4216-9fbe-3c584e8238d3,ESM-2025-00890,LMS-000608
19335a93-8ea8-44ba-80e0-f22b89b9e051,ESM-2025-00891,LMS-004242
8a0da457-aea1-4ce8-b67c-fed7dd1a7473,ESM-2025-00892,LMS-001187
43ee4948-bcf8-4f1b-9d0f-f5f71df30743,ESM-2025-00893,LMS-000198
738ca7ec-b001-448b-bc15-1aeb397df82b,ESM-2025-00894,LMS-002190
22518352-80d1-4c76-8270-0e3080c89253,ESM-2025-00895,LMS-006185
49aaf6b1-3787-4823-bfdf-1edde98c0c43,ESM-2025-00896,LMS-007655
8d904e9c-970b-4ab6-b216-9285fbb702a6,ESM-2025-00897,LMS-004293
7e48144e-1583-42c1-a4ff-0f76e0c251ba,ESM-2025-00898,LMS-001442
7ee9eacc-11d1-47a4-b7ab-90b6a37dad76,ESM-2025-00899,LMS-001965
c31051ad-a18b-459c-bb02-45dad017ae32,ESM-2025-00900,LMS-004402
54214d24-0cf0-4fad-bed9-d977c7525bae,ESM-2025-00901,LMS-003979
ab86f630-d1f9-41f7-93dd-e84d60e92cac,ESM-2025-00902,LMS-007852
9bac6989-3711-4493-9ee9-be44ef2b15a8,ESM-2025-00903,LMS-002556
9422ed2e-c4d1-436f-86b4-4c1b3653a69e,ESM-2025-00905,LMS-006132
de5dfa8b-6fec-497a-92df-a7da15d1e8bd,ESM-2025-00907,LMS-009348
4315a348-b41d-4d44-b776-77e8cfa8f7d1,ESM-2025-00908,LMS-004895
b1d1276f-ea79-4577-aad3-8abef2657ac1,ESM-2025-00909,LMS-005175
3381844d-7ea5-4ae5-8281-d529f76575fb,ESM-2025-00910,LMS-003580
4ca47194-fb22-4d24-bae3-244d7526c1a9,ESM-2025-00911,LMS-000816
a58cfdac-a158-48fc-af0f-ff5f48b764e6,ESM-2025-00912,LMS-007701
0784b3cd-fc7e-40fc-bdd4-b508642418e3,ESM-2025-00913,LMS-003432
e5bee434-0cbf-42c6-929b-7715035ae363,ESM-2025-00914,LMS-001412
69d96ea5-302e-443e-bfa4-55e5d3660fe9,ESM-2025-00915,LMS-005419
aaf7ca26-e5a8-45b0-a933-17eb7b75aa9d,ESM-2025-00916,LMS-000009
72081614-28c1-4cfb-b92a-ffa4d1bc2892,ESM-2025-00917,LMS-005117
5d29fb33-d9f8-4911-9366-7046bd5832bc,ESM-2025-00919,LMS-007900
41bbb793-5bc0-4cfb-b3cf-aea7990990e4,ESM-2025-00921,LMS-004594
bf8be677-b773-4db4-8bd6-d1ac88be563f,ESM-2025-00922,LMS-000333
0f3e513c-b6e3-4f57-b906-6a8bebed3b03,ESM-2025-00923,LMS-002968
4fabaea7-d4bd-43ed-9743-75353345fab6,ESM-2025-00925,LMS-001910
ec9f265c-4575-49c0-8dbe-e437c9192bf0,ESM-2025-00927,LMS-007088
cf2e3fca-3c33-4e84-9cf0-481071a593ad,ESM-2025-00928,LMS-007640
4304fa6e-b9c2-4218-b414-e49797a50590,ESM-2025-00930,LMS-002829
7896b20e-7ede-45f6-ab20-79b580808335,ESM-2025-00932,LMS-001008
af12a9f9-326a-4df0-b342-b0484866179c,ESM-2025-00933,LMS-003852
c256f92e-fea6-47af-98bf-00bdf7202e04,ESM-2025-00934,LMS-009436
15c42cd5-27f2-4306-a7a2-a3fb6b981eb9,ESM-2025-00935,LMS-000835
180e5c1f-82b6-40c2-800c-7a39eac834ea,ESM-2025-00936,LMS-001488
f9baa609-390c-4027-b3fe-42ed176752cb,ESM-2025-00937,LMS-002937
d2d22a14-e788-45c8-b6fe-7eb627c7290f,ESM-2025-00938,LMS-003471
7a9f0c78-ae41-4464-8574-efaf0e7a030f,ESM-2025-00940,LMS-001791
0cdc933b-f49d-41cb-803f-fd78d14b2768,ESM-2025-00941,LMS-003357
50ef03d1-8b64-4fb1-96d7-417ec780d2d0,ESM-2025-00942,LMS-002845
88f47f75-6ff2-4276-ada9-d7d72912d14c,ESM-2025-00943,LMS-007873
1736b6e4-0e2d-4432-b71b-79b6d565469c,ESM-2025-00944,LMS-001885
1b18a440-6f82-45c2-b27f-b946fdefc71a,ESM-2025-00945,LMS-000456
bc78ef8c-49ef-4d30-85fb-a6589f69a62a,ESM-2025-00946,LMS-000718
51990e12-8f8d-4549-9fb9-919da972a834,ESM-2025-00947,LMS-008253
89f9928f-a470-4989-a91f-273ce2929bcc,ESM-2025-00949,LMS-002828
8b5019aa-4249-47d2-9c94-5772b7e249dd,ESM-2025-00950,LMS-007186
9e4fdc5c-473d-47a7-856d-e4b40518d380,ESM-2025-00951,LMS-008526
35e452bf-787a-4cf8-a957-ede729cf050e,ESM-2025-00952,LMS-001948
bd8f30f6-7177-4db6-a425-5317f3f2263b,ESM-2025-00953,LMS-007725
09fac180-f24a-408b-801f-ec76d557a20c,ESM-2025-00954,LMS-005647
b1baddc8-60e4-4870-b60f-e823284e7555,ESM-2025-00955,LMS-005677
d2230cb6-9bc6-46f3-b4aa-54dcdd53b133,ESM-2025-00956,LMS-002769
345f12f5-9135-4a9a-a602-bfe89820e8b0,ESM-2025-00957,LMS-008033
56884580-f803-4d05-b1eb-3166c1c778dc,ESM-2025-00958,LMS-004518
9ab09e06-ccad-4f4f-867d-f6546b8a1dfd,ESM-2025-00959,LMS-005326
1b0542b2-3794-4454-b766-9dad43243893,ESM-2025-00960,LMS-004103
117e610c-8fb9-4e88-85d9-a0ebc6aaaedb,ESM-2025-00961,LMS-004946
a6ea396f-2662-472c-94b5-013d4a6b3855,ESM-2025-00962,LMS-002145
b8e37cc5-6c85-4e67-a23b-b659261d41f3,ESM-2025-00964,LMS-004140
5055a7d7-d5fe-4cf1-9c77-462c54dd0c83,ESM-2025-00965,LMS-003769
5db99fad-d54f-4916-82ee-31e060ad2798,ESM-2025-00966,LMS-003895
6de0b2ac-9094-41fe-8f5c-03e872997bb4,ESM-2025-00967,LMS-001305
b52f8dd6-f97f-41f0-9b22-4e43c7389685,ESM-2025-00968,LMS-003741
b2f795b5-33ef-4c61-8b71-3ca440ed8e39,ESM-2025-00969,LMS-000283
bdabefd3-c911-4e73-8b6d-61b9a8677a2d,ESM-2025-00970,LMS-007755
634af8a4-3344-4234-bedf-6d3334cf9d5d,ESM-2025-00971,LMS-003033
0f6bb61a-c5ac-4404-883d-a94ae390fab1,ESM-2025-00972,LMS-003375
06c622ce-2337-45b5-95a8-ddb3378ec319,ESM-2025-00973,LMS-006757
b676a1fd-6201-4191-91eb-11fdd62101cc,ESM-2025-00974,LMS-002949
92fdc040-8111-432b-b309-c8bf8da2081f,ESM-2025-00975,LMS-004765
7d8ca59d-3a19-4281-9b4c-f4fbb32207aa,ESM-2025-00976,LMS-002876
5f57da8f-e68b-4fcc-894c-0d3cee861e24,ESM-2025-00977,LMS-000117
cd16b761-dbe3-4037-923c-ee6574dd60f4,ESM-2025-00979,LMS-007661
170e0c59-bad2-4a2a-9519-ef983682e883,ESM-2025-00980,LMS-004368
d9a037a3-121f-4c21-8b40-419c844708bf,ESM-2025-00981,LMS-001314
a5957715-bb3a-4a36-ace2-80067fe4a23d,ESM-2025-00982,LMS-008400
81ccbfa6-44e0-4495-9a9a-84f2da6c8b89,ESM-2025-00983,LMS-007405
34622553-5c4f-486c-8778-f718050ba177,ESM-2025-00984,LMS-005309
0aaf8b0e-655e-4c65-848a-6fd27d2d891b,ESM-2025-00985,LMS-007125
503c797a-ac75-438f-a42a-6a84b9e7df13,ESM-2025-00986,LMS-007147
47ed89fd-ccb6-4a1e-bdce-90bfa4c10cb7,ESM-2025-00989,LMS-004296
ab6817aa-4e97-4400-9ea5-88e7cbcc3250,ESM-2025-00990,LMS-007007
48c9b60b-f67e-44a7-94b7-fefb7f3fe119,ESM-2025-00991,LMS-000118
4f9c1768-2806-4b5b-99be-fb8038387e3e,ESM-2025-00992,LMS-002579
516488ea-8ff6-4346-a7a4-3b3960d6b298,ESM-2025-00993,LMS-007915
2812bbe9-d9f2-43ff-b409-e43b8c071ee5,ESM-2025-00994,LMS-001226
941609d3-e51c-4b01-8975-8d3ca03c7ff5,ESM-2025-00995,LMS-002484
731fd351-9310-42d4-8ea0-cfe679aa2b0b,ESM-2025-00996,LMS-006082
b5270e4c-7b1b-4218-8a3a-a99f8625ad94,ESM-2025-00997,LMS-004905
07d3d07f-e3d9-4362-a078-b89a71e73f87,ESM-2025-00998,LMS-008666
6b7f3345-2a2d-4228-bbdb-e362124f8e8d,ESM-2025-00999,LMS-007352
8ad376a5-e07f-4f4d-810f-24106b92a248,ESM-2025-01000,LMS-002105
91c09c9b-51d2-44f3-9a73-9057f41029fd,ESM-2025-01001,LMS-007804
0cb13d0c-87b0-414c-a773-57efc368fa0e,ESM-2025-01002,LMS-004273
7b8524a1-3958-4fba-a96b-3ba248b56529,ESM-2025-01003,LMS-008294
312dbc6f-bf1f-4806-ae07-58737e50523b,ESM-2025-01004,LMS-001159
87aa7cf0-f8bf-41d2-bbe0-cd420b19e2c5,ESM-2025-01005,LMS-007997
fa13537c-9d57-41c8-b41a-35b4d4db4389,ESM-2025-01006,LMS-003361
83b69d87-f36f-4cd9-b7df-19bb2845d752,ESM-2025-01007,LMS-003657
5c4bed66-a04b-4da2-9d02-07c0a528dca5,ESM-2025-01009,LMS-004308
16a32c15-ec7a-4899-a8c7-f2c6602453dc,ESM-2025-01011,LMS-008061
5baabf48-ab4a-4f91-8631-b02d487cbba3,ESM-2025-01012,LMS-006792
8ec50b24-9646-48e7-a639-895cb1b9a298,ESM-2025-01013,LMS-006682
a7ee0cca-6b98-4e28-9565-7738460ac1a2,ESM-2025-01014,LMS-003315
8f631b0e-0aa3-4612-9862-611a0e7f1a82,ESM-2025-01015,LMS-002985
7a4c8f9a-bee0-476b-88fd-9644e2de56df,ESM-2025-01016,LMS-007324
0a024fb1-e908-4406-9f95-8cd8b1dfe9c4,ESM-2025-01018,LMS-002538
5960d71e-6012-4789-bc68-9b6c9cbe7479,ESM-2025-01019,LMS-003240
90ea9878-d325-49c1-831b-69ecb79ff0d8,ESM-2025-01021,LMS-008958
5be72538-086c-4c36-9d08-b95bfc26b46e,ESM-2025-01022,LMS-006949
d296cb5b-e045-4c7a-9cae-197539bf53eb,ESM-2025-01023,LMS-003408
cbb61ca1-597c-4c75-8407-0c2422662353,ESM-2025-01025,LMS-000354
d2e580cc-cbcb-4171-b29b-7f910b488bbb,ESM-2025-01026,LMS-008827
a2570086-3f04-4889-b3ac-ed687f040e07,ESM-2025-01027,LMS-002898
dd5e9ebd-0523-47af-9598-c743ad50aec0,ESM-2025-01028,LMS-000445
a96c614c-bcde-45b9-9ea3-90cb2ae4b662,ESM-2025-01029,LMS-004845
8be4d56c-5215-456e-9b8a-c89897c425f6,ESM-2025-01030,LMS-001329
4dc66c3b-a434-4796-818b-ad5beecdf1a5,ESM-2025-01031,LMS-001455
5faadba2-06e4-48f3-b008-ff7e47d65659,ESM-2025-01032,LMS-006711
e4637d09-1254-49e6-bdaa-b06cc2992ce0,ESM-2025-01033,LMS-005036
4e4ce874-84ab-4dfc-bc6a-09d69e618219,ESM-2025-01034,LMS-001884
f9865e21-4a40-4139-b952-9cae1d5836df,ESM-2025-01036,LMS-004511
dda1ad08-3b30-4600-b543-88b18a7b2611,ESM-2025-01037,LMS-000910
d7587c82-8398-4a56-8aae-2cc49df2728b,ESM-2025-01038,LMS-001479
457c0cc9-8d74-4e63-b911-e0d4d7d2a067,ESM-2025-01039,LMS-009441
7156bdc8-5650-4a78-967f-c96b97011f55,ESM-2025-01040,LMS-000558
022de1d8-bba6-4a05-af04-4dca6b98ad31,ESM-2025-01041,LMS-002885
94c01299-169d-4703-92ba-02aa1d8e6f5d,ESM-2025-01042,LMS-003287
b6b05fd8-6e27-4e8b-a095-87f671f9c527,ESM-2025-01043,LMS-000287
676bc1cc-14f4-4edc-a64a-9b5b169347d6,ESM-2025-01044,LMS-008367
4f4428c5-7e3b-46ce-8710-77952c225d1b,ESM-2025-01045,LMS-001914
09df15eb-c13b-47eb-bc48-7b4465533dfe,ESM-2025-01046,LMS-003690
36e061c1-056d-49ba-aa70-2ca5021294c7,ESM-2025-01047,LMS-008248
05b374c1-c12d-4ee7-8123-aac812d1a393,ESM-2025-01048,LMS-006256
8ba267f0-b1f1-4c79-903c-f9058556f693,ESM-2025-01049,LMS-005383
4c146bd3-6324-4afe-be95-fcb3429a4e21,ESM-2025-01051,LMS-008028
85d89ac1-f3fb-49c0-a19a-f596d4297941,ESM-2025-01052,LMS-008948
5974af7f-d1dc-47cf-9dca-6f749c55d536,ESM-2025-01053,LMS-001927
5f32d427-94f9-4d68-affb-8ff4a486ee47,ESM-2025-01054,LMS-004024
dc605956-9ca3-4713-9f4d-9c202f43e4f3,ESM-2025-01055,LMS-003915
63cf0a9f-61b5-4be5-b9c2-e397b847cf22,ESM-2025-01056,LMS-002307
342c54bb-02cb-41d3-8366-acb76865c87f,ESM-2025-01057,LMS-007191
de19aef3-bfe7-4de8-ad76-8d2f597015dc,ESM-2025-01059,LMS-000519
43cb713f-3a90-4c80-ab70-243bbbf8ee98,ESM-2025-01060,LMS-005140
ad66bfce-f41c-43d5-adbc-5a669e3eb846,ESM-2025-01061,LMS-008394
b9783505-bb3c-44cb-b045-a1f3e32238ac,ESM-2025-01062,LMS-008767
7265a394-2655-4479-944d-64961781b223,ESM-2025-01064,LMS-007758
b075ba35-bfc1-40ca-9523-b67e64793740,ESM-2025-01065,LMS-006302
07d467c3-472e-477e-ba31-48e72f80b3fc,ESM-2025-01066,LMS-004426
7137a406-600a-4387-a9ee-8ca7548235cc,ESM-2025-01067,LMS-000921
408432ad-30ac-49a0-800f-c112b030f836,ESM-2025-01068,LMS-003425
1473cf4e-1739-4370-8dc9-8c968df7e3af,ESM-2025-01069,LMS-008584
62f5fd07-cd89-46be-afd1-762cb189823f,ESM-2025-01070,LMS-001955
b951b06e-e06a-408a-86f8-2ec12aa5bf68,ESM-2025-01071,LMS-000673
7be31544-e4bf-4a9f-98eb-14588de70044,ESM-2025-01072,LMS-002445
767c1b0d-adf9-485b-9fd8-7a8e47fa11cb,ESM-2025-01073,LMS-008414
6c7d083e-72e4-4155-83f8-ba584626284b,ESM-2025-01074,LMS-003138
e60ef260-6c67-4b8b-bd23-cb498cd0304c,ESM-2025-01075,LMS-005408
5147b94e-8beb-4fe0-9c53-cc803aa01ea1,ESM-2025-01076,LMS-008260
260c580d-f5a4-4a83-a966-a67e0997873e,ESM-2025-01077,LMS-007107
492b4326-aece-4a9f-9ee9-518381f6362d,ESM-2025-01078,LMS-000811
4cf09259-3352-4ff3-82dd-056e16337b6f,ESM-2025-01079,LMS-002254
e696be36-da59-4fbd-89fa-7588cb12c63c,ESM-2025-01080,LMS-002488
e814d5d5-c869-4276-9d49-4de671e96846,ESM-2025-01081,LMS-003878
234cfcdd-4767-4abf-973d-2c5b85a1b528,ESM-2025-01082,LMS-002751
491a13e8-ee60-42dc-afee-5219b03a3bbb,ESM-2025-01083,LMS-003963
b773449c-52c3-4466-9a42-d20d83a50cc4,ESM-2025-01084,LMS-000985
47fcb43e-3f8a-4da2-80b0-afc17b40f30e,ESM-2025-01086,LMS-007254
3715b506-2765-47b7-82b5-97225b0cc7d8,ESM-2025-01087,LMS-000980
69ebfb3f-b7db-4c66-8493-2fdc2bd1a914,ESM-2025-01088,LMS-002680
5b903c91-3ee5-4d67-8ba0-c98693459637,ESM-2025-01089,LMS-004580
64053b94-ee07-4457-8d9e-e82617c48735,ESM-2025-01090,LMS-003451
df6fadcf-ee2d-4a87-a4c5-9e6585090a45,ESM-2025-01091,LMS-001397
a12e9c3d-84ad-44f4-9a35-b604d10a712c,ESM-2025-01092,LMS-007377
df37754a-fc2b-474b-80d7-828febb3153d,ESM-2025-01093,LMS-008755
6331aa37-944c-4cbe-a8e6-701eb4e26f63,ESM-2025-01094,LMS-000247
3cd67126-0096-4f45-8ba7-bcee66df9122,ESM-2025-01095,LMS-002093
576e9a4c-0047-4dc3-a860-553d4aa958e9,ESM-2025-01096,LMS-004172
1e849af9-4800-4535-8e42-fad47cb85fb4,ESM-2025-01097,LMS-008222
8a9c6a89-b8f4-4ec0-8d67-37fe538c62e4,ESM-2025-01098,LMS-008759
fd8897a1-e1e2-4051-aa9e-bd6d74dfdfea,ESM-2025-01099,LMS-002423
7bcebd83-0c01-411d-b838-2fb256fae79e,ESM-2025-01100,LMS-005423
99b0f2e3-817b-4d6e-b0a9-2ba830dfa678,ESM-2025-01101,LMS-009213
0f8c67ab-d5aa-4874-a664-7e1a50af3208,ESM-2025-01102,LMS-008629
e4c47692-e967-4dc9-8b40-d29dfacb02f5,ESM-2025-01103,LMS-005918
360a8a54-8be4-47e4-829e-6111a736c6a9,ESM-2025-01104,LMS-007327
745ce95e-d21a-4bdd-9eb5-6ccfc8c8c2e1,ESM-2025-01105,LMS-002359
d82c4211-ade9-4fb5-9538-b2517922216a,ESM-2025-01106,LMS-007792
1427a678-d3ec-4cfa-a8e4-1884b953c344,ESM-2025-01107,LMS-007964
d8b22b63-ba18-47d9-8d0a-c3b81e71b616,ESM-2025-01108,LMS-001605
909cdea8-5ead-401e-b3d4-1ec37ce49aa1,ESM-2025-01109,LMS-002850
844bdb07-57ba-4fa7-8781-0cdc339bcafa,ESM-2025-01110,LMS-007520
5d615703-8f69-4449-b19e-72524d76d081,ESM-2025-01111,LMS-009052
0689b668-9b76-4734-9b40-49251ef63c88,ESM-2025-01112,LMS-000952
fef89226-dca6-4c53-863f-dbe73656860f,ESM-2025-01113,LMS-002602
9e49ac8f-6eb8-43b5-9833-794176c3abf2,ESM-2025-01114,LMS-001656
a5a74974-2852-4c17-a3fc-72391e8c578b,ESM-2025-01115,LMS-009256
8e4fef83-8389-4b47-b153-a73b19c72d68,ESM-2025-01116,LMS-000631
f9ff19a1-531a-46cb-8a2d-e8ca2d06dcb9,ESM-2025-01117,LMS-006583
8e970b2e-106e-4d75-95b4-2ba3e31a3cbf,ESM-2025-01118,LMS-002989
cd3a3217-7f02-4b8d-8be8-0b12a114ace2,ESM-2025-01119,LMS-006138
f09b942b-0bd3-4399-ba9f-e0faf12df677,ESM-2025-01120,LMS-006704
c3de1eba-3694-4caa-a1ec-55cd32e08294,ESM-2025-01121,LMS-005161
a088b34d-afa4-4c7b-a63f-0bb28de4e2b3,ESM-2025-01122,LMS-003279
e5bc0fdc-80c3-45f1-8c1a-f4818c3b910e,ESM-2025-01123,LMS-002349
356a8182-51bd-430f-8e74-0c146a92ae36,ESM-2025-01125,LMS-006986
60ead0d6-b43c-4b4d-b0aa-6ea32305a900,ESM-2025-01126,LMS-008440
e4d49a67-c40d-45ce-ac0b-487d34204e47,ESM-2025-01127,LMS-000880
ab0f234a-1286-494c-a752-fef14d9c6106,ESM-2025-01128,LMS-007730
d258720a-ea56-46ae-a4f5-ec84a89f8fe3,ESM-2025-01129,LMS-002415
bde015dd-9dd5-4baf-a6fd-2b5dccde7691,ESM-2025-01131,LMS-003775
9642941f-289c-4dc4-83cc-4a32cdc859f8,ESM-2025-01132,LMS-004723
9e1f0c14-9710-44fc-848b-6fd2f3def594,ESM-2025-01133,LMS-000995
6d496122-2d3a-4953-9f02-0f42b8b07342,ESM-2025-01134,LMS-001522
07d4896e-0069-4c26-810b-3dd49176bfa2,ESM-2025-01135,LMS-001505
df5a4c1c-f207-4591-8e2a-7c64c7456621,ESM-2025-01136,LMS-005880
8b209c43-d734-46b9-bf45-2d2d406777ec,ESM-2025-01137,LMS-008533
87faea5f-6803-42ec-afaf-087ce6d7780f,ESM-2025-01138,LMS-007041
eb2b1a3d-1e08-4c89-a057-b76e5e2a3c1a,ESM-2025-01139,LMS-004014
75e2bca2-8e36-4f56-bb28-a930f6684854,ESM-2025-01140,LMS-003442
04faab50-5aed-4e3d-b817-60557dac2ad1,ESM-2025-01141,LMS-001520
8d42c5a4-45b1-488f-ab55-3397af210611,ESM-2025-01142,LMS-000127
2f77984a-7950-4d18-b746-2718d96332f2,ESM-2025-01143,LMS-001179
b8be8dbd-0183-4243-854f-bde76336daa2,ESM-2025-01144,LMS-009275
48af832b-c072-467b-b1ac-a3f80723dfd3,ESM-2025-01145,LMS-008138
f7f4dfbc-3a46-43f4-a4d3-0a8fb7964864,ESM-2025-01146,LMS-006771
0a03dd5b-763a-43c5-969f-b89323982aa5,ESM-2025-01147,LMS-000498
a1a684bc-d3b1-49f6-82c0-6a11d98e4195,ESM-2025-01148,LMS-003077
7c90402f-dcf2-4303-ac39-3aba51f9fcd3,ESM-2025-01149,LMS-004342
14697a2a-ec2b-4240-b007-d7d778f44394,ESM-2025-01150,LMS-003914
2110384b-853c-4a5f-ad3a-80b457a0ae1e,ESM-2025-01151,LMS-005709
443eee67-3b75-4eeb-bd44-de5910a0aa89,ESM-2025-01152,LMS-007400
68368e1b-8ec7-46f1-846a-3fe0f515478c,ESM-2025-01153,LMS-003618
3b63bb89-b421-40e4-a445-0c1016d1d7b7,ESM-2025-01154,LMS-007043
815b936e-41da-475d-8240-37ed2b3fc5f7,ESM-2025-01155,LMS-008456
f32a1ff0-61dd-47b7-aed3-6162242c8a99,ESM-2025-01156,LMS-007633
9d7c0a73-4225-4b3c-a8bb-08f67c51eb3c,ESM-2025-01157,LMS-004734
1e225a89-c074-405c-99b1-4579c006a354,ESM-2025-01158,LMS-001439
820ea628-e26a-4eec-a52d-63f15298f7df,ESM-2025-01159,LMS-003834
ba99fae4-fea4-4513-b452-c25510fb5573,ESM-2025-01160,LMS-000026
6794d2ec-35e8-4338-8277-d6417b948e4b,ESM-2025-01161,LMS-002559
2bc71a0f-a5e3-456e-b61c-bf7897c2d571,ESM-2025-01162,LMS-008363
dd76d2d5-fd5b-42cb-bd8f-a575a5eb27c9,ESM-2025-01163,LMS-008648
d0c4240a-c6d4-4a0c-a350-c7fdc60f6ef9,ESM-2025-01164,LMS-004032
06893316-0b1f-45b9-82be-ecbfae8d33cf,ESM-2025-01165,LMS-006737
6e6cedc2-b5ef-4547-a3db-78ae6261f80d,ESM-2025-01166,LMS-001521
29050785-fc7e-4de2-bf4c-846d61706a69,ESM-2025-01168,LMS-000034
9d7ae724-9365-4b28-8302-a453e1f98b61,ESM-2025-01169,LMS-001060
b3e03b5a-20be-4f1f-8b00-3710bba670b6,ESM-2025-01170,LMS-001239
e69427e0-98a5-4453-acfe-1b66343c220e,ESM-2025-01171,LMS-001396
2994fd3d-bf4d-4a9f-a74e-8fe50573b0dd,ESM-2025-01172,LMS-004336
cace5802-777e-43d0-bd72-3657c1ae833d,ESM-2025-01173,LMS-002849
7a541995-70f1-431f-bdc8-837239b24c7a,ESM-2025-01174,LMS-005200
54f9e0ca-0a08-48fa-85a8-f091a4e53377,ESM-2025-01175,LMS-006675
14277899-ef32-4580-b24c-690d62ff4086,ESM-2025-01177,LMS-006907
568e85e7-fb7b-4937-b791-9d93ed47b274,ESM-2025-01178,LMS-005811
9b8b9086-531e-485b-aaaf-8808215d5bd3,ESM-2025-01180,LMS-008168
0c3a36ca-4f69-4b7c-9f1a-0421a2b54824,ESM-2025-01181,LMS-003112
4d2d02b9-2954-424c-ae75-b0484de845a9,ESM-2025-01182,LMS-008949
b0fa39f9-9476-4ea7-9c8e-beacfcf75f73,ESM-2025-01183,LMS-007267
6b15dc3f-f4e6-4686-8b9c-72b19429752f,ESM-2025-01184,LMS-002776
231be2fa-4fb0-429a-9e6c-9fc0d31ef1e0,ESM-2025-01185,LMS-001839
d30208a2-595a-40a5-a346-1c008964f388,ESM-2025-01186,LMS-004120
bd419d75-8dca-49d0-9a75-b6a94caa74df,ESM-2025-01187,LMS-001358
39f7205b-8f46-4c6e-ae10-1b9ccdc7b2c8,ESM-2025-01189,LMS-009270
f0294860-f9a7-4bc0-87cf-928d4bcaa3b4,ESM-2025-01190,LMS-009477
fffe000f-2fcf-4113-86cc-7f6a4be3491b,ESM-2025-01191,LMS-007828
132264b5-8425-46bd-bba4-09cc74987e42,ESM-2025-01192,LMS-006014
bcd8f81c-09ff-4a98-880f-89fee18bfb7c,ESM-2025-01193,LMS-001703
2b7732dd-7a9b-4bb5-bf85-2f86f6145c78,ESM-2025-01194,LMS-006343
93a99000-e0fb-4566-822b-add4caa972bc,ESM-2025-01195,LMS-009099
52cdce58-b0e3-4e0a-9225-6dee7203860c,ESM-2025-01196,LMS-007808
c908b8a1-1314-4c35-8489-ef91815ff410,ESM-2025-01197,LMS-002094
ad13fa74-734b-4e7e-8604-442b33253bc2,ESM-2025-01198,LMS-007013
09632454-7d3b-43cb-95e0-4a73a42dad71,ESM-2025-01200,LMS-003120
c6788197-c6a0-487f-9a9a-34b8d80b29ee,ESM-2025-01201,LMS-008553
1a4408ce-27dc-4ed8-a860-2eb4c01c689a,ESM-2025-01202,LMS-003229
1ff9badb-17e5-4d6e-9281-9cc6c9e94541,ESM-2025-01203,LMS-001244
35203632-8d6e-48cf-8b6d-f3df786ad16a,ESM-2025-01204,LMS-001374
794bcc32-dc98-440a-8a79-0b62b4d8a7be,ESM-2025-01205,LMS-006948
ff5648da-917a-4912-8c31-f461de00770c,ESM-2025-01206,LMS-007030
eaad0a6b-23d2-4ffb-bdc6-0cd86e654f2f,ESM-2025-01207,LMS-003734
0c431c36-0412-439c-a7e7-7cc8d6f2593c,ESM-2025-01208,LMS-000620
ff7ce1b0-ce4b-45e3-a3e5-0c34d8cdf0c1,ESM-2025-01209,LMS-003435
84a3672d-642e-40f5-8941-3b686ff9f5da,ESM-2025-01210,LMS-007230
9273c8fb-bcd8-40b4-96e8-858c5bfb9621,ESM-2025-01211,LMS-003988
60061ffe-3af5-40d4-94e2-5a4fe84526f9,ESM-2025-01212,LMS-008791
6e9ee2f6-9952-4a75-89b9-05eb26cb3d34,ESM-2025-01213,LMS-003737
2ab830d4-1cee-4aa1-b07e-916e50abe3a3,ESM-2025-01214,LMS-009249
d2cba5bf-f836-480a-95c4-a3790e8bb099,ESM-2025-01215,LMS-005864
c218ad06-1ae4-4434-8f70-8db9d49bfbe3,ESM-2025-01216,LMS-008555
b8a00c26-02b4-4130-8eec-93677487f7ca,ESM-2025-01217,LMS-006958
f3cdbc85-5235-4c8b-aa26-9a3848e7a033,ESM-2025-01218,LMS-000601
4634582a-9ec4-40b6-af80-c25c506bad69,ESM-2025-01219,LMS-006890
9f9c6e16-78d3-4a94-84cb-b6d1e9e8725d,ESM-2025-01220,LMS-002999
b746dc03-3a41-4a56-913b-80ade122d4d2,ESM-2025-01221,LMS-004006
d50e41cb-9214-42b8-87db-d4f782b7c312,ESM-2025-01222,LMS-005077
acd335ce-58bc-437a-85f0-52759b5b204a,ESM-2025-01223,LMS-005798
d01ef15b-143e-44d6-bce5-c05f3e654871,ESM-2025-01225,LMS-006393
5742433f-c6b7-4f69-b44b-96b9c0891a96,ESM-2025-01227,LMS-005414
ba07e70e-a38e-4ef3-80ca-d7d0e0e3b8db,ESM-2025-01228,LMS-002733
7d2a7107-714e-424a-90d0-c486c886ce7e,ESM-2025-01229,LMS-007359
8780a7be-7c5c-4b46-babf-2f0adb383faf,ESM-2025-01230,LMS-006546
7a82b211-7939-43d6-a505-e74ad710d9f1,ESM-2025-01231,LMS-003666
c601aab3-f4ef-4ab3-bd5f-60b0f416461a,ESM-2025-01232,LMS-006606
ce1efe5f-e961-4440-86f5-736c6d6ad491,ESM-2025-01233,LMS-007481
ca1d5f4d-27dc-4362-b100-916dd488641e,ESM-2025-01234,LMS-008376
3b4020a7-a9dc-4461-8e47-47bbedaecec0,ESM-2025-01235,LMS-009229
97781a47-b253-4412-a794-804ccf915593,ESM-2025-01236,LMS-004387
878dafe3-3777-41a7-a9b4-4caea9b43224,ESM-2025-01237,LMS-003494
293fdfb2-e98b-40e0-8e81-a73974f8e304,ESM-2025-01238,LMS-000825
76584e83-1d2c-440e-8f4e-16f4e1c81a0c,ESM-2025-01239,LMS-005004
8c435f3f-ab30-4b61-afce-ab88d72fea6f,ESM-2025-01240,LMS-003667
6f9b9e9c-255c-48a1-8640-a87f161f5c2c,ESM-2025-01241,LMS-004388
d1517f8e-573c-4ebb-b756-3748cfa090d4,ESM-2025-01242,LMS-008760
6849498d-8ee2-4d07-b65f-72fc5ea2880e,ESM-2025-01243,LMS-008920
7eb5a13a-e828-4ee4-b139-3dbbd3790f22,ESM-2025-01244,LMS-008410
a78a2726-6e32-40c2-8bdc-3034a6a20cd0,ESM-2025-01245,LMS-008030
de19921a-3dc2-40dd-8eda-bdc5b1f9228e,ESM-2025-01246,LMS-000239
aee99c74-bc3b-41fd-bb50-db973e911aa4,ESM-2025-01247,LMS-000465
a4f880b3-8e0e-40db-840a-733d5770b218,ESM-2025-01250,LMS-001241
0d522001-67e7-4ed3-999a-a422019477a9,ESM-2025-01251,LMS-008701
ad83976f-d184-45d9-9ce7-c81b2a90da8b,ESM-2025-01252,LMS-007161
d53b9350-de5e-4f4f-9c62-15b89c355a92,ESM-2025-01253,LMS-001568
be687c86-8c2b-4c6a-9467-be95dec0efc4,ESM-2025-01254,LMS-002341
7a80d520-3008-413b-9a6c-e24e5f8bf502,ESM-2025-01255,LMS-008436
afe710aa-aead-4249-bf27-d7a5fe768fe9,ESM-2025-01256,LMS-008993
215e356b-a12b-4ef4-81e0-8e3dc0428d03,ESM-2025-01257,LMS-008559
ecfeb286-514f-46b8-86bf-3773249c662c,ESM-2025-01258,LMS-007903
f5a67f4c-8704-42eb-a19b-bf2d5ac94c5c,ESM-2025-01259,LMS-009258
94bc3b4f-3177-447d-88dc-fd54aed1825f,ESM-2025-01260,LMS-005113
6a429970-96d5-4bbe-8b16-c036600183db,ESM-2025-01261,LMS-003563
c80b47ba-ff4f-4658-bb8d-bb7cbd505e2c,ESM-2025-01262,LMS-000319
5afde8df-0f9e-4c67-adca-d9a289cd41e2,ESM-2025-01263,LMS-005658
e2373978-6deb-401e-b49a-d0aa1c62d94a,ESM-2025-01264,LMS-008534
210b61e2-596d-4338-b09b-f153cafac1c4,ESM-2025-01265,LMS-005828
f8304970-2b7e-4041-bd19-5e4d99a9bf24,ESM-2025-01266,LMS-002674
940cec3c-1730-46a4-9906-5642c90a71ae,ESM-2025-01267,LMS-006439
422def86-abd9-4d2b-9765-5e1d145d3486,ESM-2025-01268,LMS-003479
169a022f-4884-406d-bb68-11e3797efe9c,ESM-2025-01269,LMS-008653
622baa4a-6f62-41c7-9fba-b873cbe84093,ESM-2025-01270,LMS-005865
f22b7c40-e4c1-4c91-830d-79129fd05991,ESM-2025-01271,LMS-005263
79ba17d4-5fa8-4a0a-b11e-62e09d7f5e51,ESM-2025-01272,LMS-000911
349e5949-ab63-4dde-9922-105a005338d1,ESM-2025-01273,LMS-002015
0ee7399d-1771-497b-9052-07178dd9a684,ESM-2025-01274,LMS-002331
c6032079-5b57-4c0b-8d29-1edf25d7d845,ESM-2025-01275,LMS-000252
be5335f3-ee64-4f44-9506-7fd9d4dabf1d,ESM-2025-01276,LMS-004329
34933eaa-2731-4342-9b22-b4c8fe56cc35,ESM-2025-01278,LMS-004097
e51841cd-ac27-466b-9117-c83cbbfb289e,ESM-2025-01279,LMS-008527
bbdc9777-8f2e-42f8-9011-18bb1a2a7e20,ESM-2025-01280,LMS-004444
447241c7-62b5-4980-bde8-d45250f9aa23,ESM-2025-01281,LMS-006054
7747f1e2-f181-4dfa-96f8-8bddeaec0843,ESM-2025-01282,LMS-005891
8112a484-e284-4160-92be-a06733f12d4b,ESM-2025-01283,LMS-005299
cc517e71-a909-4db6-aabc-a93e771495fd,ESM-2025-01285,LMS-005102
390bc95b-f63e-4483-a66d-693038823155,ESM-2025-01286,LMS-004790
8d446770-fdd5-4310-bc78-1cd9748d2266,ESM-2025-01288,LMS-006057
5e100285-3e43-41e4-a416-e8d51d763c48,ESM-2025-01289,LMS-001072
3608e022-33ce-4363-877d-8b163cc9490d,ESM-2025-01290,LMS-001263
45f099aa-6149-45b3-ad2a-1ae845a553c5,ESM-2025-01291,LMS-007480
acebae89-6b23-4c15-91a0-cccbdd4992a7,ESM-2025-01292,LMS-008520
a4474ef2-1a2d-468a-89f9-f55b3203da55,ESM-2025-01293,LMS-000786
200657a1-e584-4283-b9dd-c44b1e6989ef,ESM-2025-01294,LMS-005800
fe5894ce-2bc0-43f0-9ead-9d34bd278f2b,ESM-2025-01296,LMS-008752
a76a4d68-a21c-4ccf-8b23-60f889572ac1,ESM-2025-01297,LMS-001766
dc32b8c7-38c7-414d-ba1c-f37e0173341f,ESM-2025-01298,LMS-003106
f993755d-2ed8-43d6-8fc3-485d2e6ebf35,ESM-2025-01299,LMS-006643
77925afe-6048-427f-afe3-1cb18758e38b,ESM-2025-01300,LMS-003009
9eb46302-cfdf-4147-b109-911eea995565,ESM-2025-01301,LMS-007116
090a3b57-d299-4b8d-b280-231a096fb05f,ESM-2025-01302,LMS-008891
bf55df18-81ca-4836-bc24-71dabfdf8472,ESM-2025-01304,LMS-004151
fd0f0f26-8168-47fc-8ce3-11164d653ba3,ESM-2025-01305,LMS-001902
ae337781-aac3-4363-a273-179aab1d6d32,ESM-2025-01306,LMS-006039
4fa15436-52d9-40fb-93b4-7b47eea15362,ESM-2025-01307,LMS-002381
8cc519c0-7048-43a3-8218-a216b54c2998,ESM-2025-01308,LMS-006856
402e1a9c-c07e-4c44-a90b-316d557a4f39,ESM-2025-01309,LMS-002897
f42407bb-f794-4ff9-907c-d52290200df8,ESM-2025-01311,LMS-002295
b2ec0ee3-9873-46f0-bcbb-9bd9c4299b8a,ESM-2025-01312,LMS-003812
2a2ae9e4-e0c9-46e7-b3e5-d135018633a5,ESM-2025-01314,LMS-005805
6fd32c18-65fc-4550-883c-73239e57d81d,ESM-2025-01316,LMS-002926
9d3724a7-a22e-4f55-94a2-562335e05e0c,ESM-2025-01317,LMS-007344
1bca52d8-8072-4a22-b4ad-d748407b641d,ESM-2025-01318,LMS-001169
9021c312-1fd1-47c1-bdd8-9094be58f11f,ESM-2025-01319,LMS-002752
d91a1eaf-8ec0-4772-b273-f12b305e82e9,ESM-2025-01320,LMS-002526
8f802d34-3cca-42ca-930d-c63955f44bde,ESM-2025-01321,LMS-003750
6be7d9ea-4dda-471d-bb47-3427f02ca59e,ESM-2025-01322,LMS-005405
738c7d0a-1040-4b3f-a4c7-9f36caf7e2c0,ESM-2025-01323,LMS-001946
6a53eda9-7755-4fc9-8d66-ee0aa6a5516a,ESM-2025-01324,LMS-005090
c4db68bf-7ffa-4e0a-8f36-71d1c95255a0,ESM-2025-01325,LMS-004098
07b54334-8b28-447a-a8e3-e445fc076c6f,ESM-2025-01326,LMS-006600
516d5ba1-46b8-4b13-89d7-6bdab0c34f2e,ESM-2025-01327,LMS-001566
fadc045f-74fa-4935-9fcd-cbf8cc19a222,ESM-2025-01328,LMS-008985
cbacca87-b73c-47f3-b270-add80a93941f,ESM-2025-01329,LMS-006939
b50d77bf-1bf3-4e6a-b85f-fdc346699d1d,ESM-2025-01330,LMS-000837
e82285da-cc25-4f3a-82b5-0cc79ccfa543,ESM-2025-01331,LMS-009113
4055d472-e57f-4943-b8cd-68da32280ae5,ESM-2025-01332,LMS-002420
d1e908d2-ef30-4371-90c7-749e74961c59,ESM-2025-01333,LMS-002811
8cb9eda7-4a01-48e0-ade4-4ee325f9d84e,ESM-2025-01334,LMS-004596
2e39c5f3-821b-4386-bf2f-67d6d46afc86,ESM-2025-01335,LMS-000174
58a8e0a6-f127-4fc7-b6c9-c2fa25adca64,ESM-2025-01336,LMS-002461
170d58e2-b988-4334-9a33-addb08fe1195,ESM-2025-01337,LMS-005178
d4d927ee-ab0d-4e64-8440-168d67b0a880,ESM-2025-01338,LMS-003659
836305e0-0cda-4821-b4b7-3317ab570b43,ESM-2025-01339,LMS-000675
81e522d8-9af5-4ca3-b8a4-4237760d550c,ESM-2025-01340,LMS-004752
ccfab09a-c25e-4433-aba8-9a2fe0b1283e,ESM-2025-01341,LMS-000090
a7d123ab-ac8e-496a-88d4-715fa9300c6b,ESM-2025-01342,LMS-007816
9f0a6491-8f81-47a0-9e39-48b805064c82,ESM-2025-01343,LMS-004473
3b13d1d2-9e08-4ba0-bb74-647574460396,ESM-2025-01344,LMS-004013
2d71b22a-aa4a-4f68-a6ac-8c3cb6863f4a,ESM-2025-01345,LMS-004901
bf1a0b1a-ea39-45e0-85ba-9dd085a597ce,ESM-2025-01346,LMS-001613
d1561043-688b-44c6-b0a9-95ffffa8879c,ESM-2025-01347,LMS-005492
d7d30356-cee1-4b03-8200-b9ca7ae0bde7,ESM-2025-01349,LMS-009299
762bf234-1b72-44f9-83c9-ca466308745c,ESM-2025-01350,LMS-006096
364cba03-d195-449b-ba6e-3579ac5785c6,ESM-2025-01351,LMS-005050
c75c7115-5e07-4020-9c30-06e79f87ea81,ESM-2025-01352,LMS-004854
80cf987b-87e6-40ad-8315-62459b20a972,ESM-2025-01353,LMS-004069
ea084347-5357-42d1-80bb-25c92e250f7b,ESM-2025-01355,LMS-001092
2a2b6ed7-a49e-4be3-af54-10dae1f0b098,ESM-2025-01356,LMS-002568
9c3856d3-456b-4710-b6cd-bec11f0aec80,ESM-2025-01357,LMS-005062
f18ea884-b47b-4b13-a36e-700ddd5a58a0,ESM-2025-01358,LMS-007096
a7b833ca-4f33-475e-abd8-c775bf67f5bd,ESM-2025-01359,LMS-004109
b5973238-9d49-48d1-b06a-1c4460d76605,ESM-2025-01360,LMS-008926
13460cfb-95f2-4efa-8493-019ec4f1cbb2,ESM-2025-01361,LMS-000520
9a8c253f-8149-4603-ad28-94791dda6e3a,ESM-2025-01362,LMS-005150
a3fe02ff-2223-480a-85d3-adcbdf57a5ca,ESM-2025-01363,LMS-004775
c599b7f3-1a8e-4491-a377-7a84d272e452,ESM-2025-01364,LMS-000460
5927c391-050c-4cb0-b391-e7ace1c65d93,ESM-2025-01365,LMS-007001
a7a923ee-3bd9-40df-bd63-02c445f98c4d,ESM-2025-01366,LMS-000944
ed26284c-cb2d-4552-be56-b4021e070779,ESM-2025-01368,LMS-005409
99b49cf6-087b-4a0f-89b8-322a7a66e61e,ESM-2025-01369,LMS-000388
c6e04ccc-34b9-4796-849e-ea39c92b01fe,ESM-2025-01370,LMS-001175
464c5a82-cfb2-4db2-bffb-59a24b820e58,ESM-2025-01371,LMS-003578
df45a332-b708-4f30-ac1b-b439210c8ba9,ESM-2025-01372,LMS-007166
466c56c6-65e4-45b2-9961-db9fb9d092ba,ESM-2025-01374,LMS-005543
b2798af9-b1d7-4fc4-b637-f38e9086b1ad,ESM-2025-01377,LMS-001214
7d78083f-f8bf-49a0-96de-281b3bef1062,ESM-2025-01378,LMS-004541
15a7f230-ad8f-4966-a3a0-4b2d9067c1a6,ESM-2025-01379,LMS-008832
5b04d84e-8199-44ff-822e-ec0b308ff746,ESM-2025-01380,LMS-001282
751802d4-c19e-4ad5-8850-b7424690f4d3,ESM-2025-01381,LMS-009021
1da83d95-79b0-4e29-940e-f4811a8b6cf7,ESM-2025-01382,LMS-004771
f161578e-eac3-4094-a7bb-a6a165b4109d,ESM-2025-01383,LMS-006131
d284e6c7-3c7d-4652-b855-ff46cf6afc02,ESM-2025-01384,LMS-007727
25e65ab9-8a81-469d-b169-2895a6c2b8f5,ESM-2025-01385,LMS-009054
d631bac4-7956-42d3-bea7-228059910c49,ESM-2025-01386,LMS-008268
91968ef8-21a6-413c-a036-cffbea95b86c,ESM-2025-01387,LMS-001951
51ba4f11-9402-404b-8102-3bfb82e55788,ESM-2025-01388,LMS-006384
1743d7cb-4f18-459c-a477-04e3eefb02f4,ESM-2025-01389,LMS-000815
da0dc9f4-7102-4ae2-afff-c94858b24877,ESM-2025-01390,LMS-000562
6d779b73-06df-4805-a169-a38e125b9338,ESM-2025-01391,LMS-002441
b2688e8b-b922-414c-b808-52e1b40d2870,ESM-2025-01392,LMS-003041
0a70f89e-9652-4525-a67d-07b66b49b38f,ESM-2025-01393,LMS-003153
b513eff9-dcc0-4f3f-9b8f-e94ff810a1d4,ESM-2025-01394,LMS-006277
6b966b22-1e1c-4d62-9cf5-f527e8db1d91,ESM-2025-01395,LMS-003311
3c604a9b-40a1-496d-8014-f206e13afc9b,ESM-2025-01396,LMS-003909
099766c3-62e5-4f00-a049-faf8f1286bfc,ESM-2025-01397,LMS-005907
847e0537-54d7-4ae6-94ca-2593a87b9115,ESM-2025-01398,LMS-004781
3f4f572c-f67c-4d4c-985b-06c2a41b0395,ESM-2025-01399,LMS-007826
2849b946-bb42-4bb3-aed7-5b3c6252b365,ESM-2025-01401,LMS-004540
1f7a0f90-f213-4a50-a888-7c6ac0a73948,ESM-2025-01402,LMS-001579
0569b4f8-5e7f-4f41-b5b0-33dafc4460b9,ESM-2025-01404,LMS-000655
c0547828-7fbb-490e-85fb-5af4dd0b81cb,ESM-2025-01405,LMS-006943
0b82d80a-c478-4eee-9e14-ceb1d0bd4e7f,ESM-2025-01406,LMS-002355
aec9f5f8-11d6-427a-aaf7-5d4195e31452,ESM-2025-01407,LMS-005237
07685c72-d36c-4938-ad7d-a685ef6d3962,ESM-2025-01408,LMS-000540
210adaa4-0291-46b5-b293-5df310ccbf9b,ESM-2025-01409,LMS-007598
0bec67fb-01b3-4926-b510-c3521baae6c8,ESM-2025-01410,LMS-000394
87fb5241-af64-4b15-88e5-88c0b6fe6f5c,ESM-2025-01413,LMS-001850
a8372266-1a91-443e-820f-218af0ec2c9c,ESM-2025-01414,LMS-005622
34d58497-592a-451e-bb01-956a8b1a6130,ESM-2025-01415,LMS-008911
c205fdb9-f938-4e8a-8bb0-bd383f61da14,ESM-2025-01416,LMS-008439
325b4882-02dc-4abf-9f89-0f17c9e9b8e9,ESM-2025-01417,LMS-008202
fece69b1-9093-47e7-bdf6-0fe3b78bf3ba,ESM-2025-01418,LMS-005107
6e902d54-3ec2-470c-bba2-3e6d2ae9468e,ESM-2025-01419,LMS-002634
eb1f17d8-2446-483f-b66a-c389790e89d8,ESM-2025-01420,LMS-000746
78834538-84c3-45cf-b283-587b15798593,ESM-2025-01421,LMS-005193
83f7da35-6658-4e9f-88fc-883460465f56,ESM-2025-01422,LMS-000635
6fd16f1b-87f7-4b88-9cb5-02ed0bd34665,ESM-2025-01423,LMS-002712
0594d9e3-9f96-4a75-9b6a-49e2931e2eb4,ESM-2025-01425,LMS-005295
68c1d0e5-9f6f-4463-bdff-9665c2516290,ESM-2025-01426,LMS-004225
6f1e4362-01af-41f2-8e09-a463de6a81a0,ESM-2025-01427,LMS-007683
4602e8c9-ddb3-4857-9971-483e178f28bb,ESM-2025-01428,LMS-005016
df10e00c-cdb8-4c3f-9d17-662eb2a79fae,ESM-2025-01429,LMS-000279
de0feec6-f496-4ba2-9b53-d59e442c2e60,ESM-2025-01431,LMS-008206
1d865e9f-fb74-4798-93a2-d356aab5aba0,ESM-2025-01432,LMS-007332
41dd946e-e180-4366-a8c0-fb8fe9b68134,ESM-2025-01433,LMS-003251
7dd0fee0-016a-4cfc-b6fd-d9206cc8c5c4,ESM-2025-01434,LMS-000653
e4602501-21b7-4973-8ceb-72ec6416c799,ESM-2025-01435,LMS-008187
6ddec676-82b7-4788-bbc2-ed7adabbcc8e,ESM-2025-01436,LMS-002899
0dba5216-d8f7-4ab0-81c3-88f94ee84d61,ESM-2025-01437,LMS-004912
b4a4be7a-da60-4e9a-a83b-5db790c340a7,ESM-2025-01439,LMS-002920
9e25becd-6f94-4bf9-b327-de8e06ea8756,ESM-2025-01441,LMS-002003
7082ddb6-2751-40e6-b93e-f553b66f8e58,ESM-2025-01442,LMS-007226
a0fbb198-addb-495f-ba20-46cdf4456ce3,ESM-2025-01443,LMS-006755
59dd540a-80a7-493d-b505-214a19349170,ESM-2025-01444,LMS-000342
b24578ea-d3ef-41b7-a052-e1522e7ef654,ESM-2025-01445,LMS-004306
55948794-dd44-4556-bdc2-f7146ff117a2,ESM-2025-01446,LMS-004236
4b975ebb-016a-4303-9c19-2183eb119ef1,ESM-2025-01447,LMS-001812
df340487-fdb1-40be-aca5-7841b0201ebc,ESM-2025-01448,LMS-009188
cdffeca2-54c0-4c89-a4b5-855e260ebab2,ESM-2025-01449,LMS-000723
95aca014-7e89-4251-95c3-56d050fb5eba,ESM-2025-01451,LMS-000920
145f2fdb-3690-42e6-ba87-aaf3c61f4f1f,ESM-2025-01453,LMS-004460
aee73cf4-a2e2-44ce-ab65-40c3037d7fc3,ESM-2025-01454,LMS-000502
8c65a7f5-0bd1-4860-b8db-45ab696e88aa,ESM-2025-01455,LMS-001132
2b1f3f6b-91fc-496f-8f3b-b97c135844e8,ESM-2025-01456,LMS-004867
8f5fa1af-94e3-4059-a415-fa4611f9fad1,ESM-2025-01457,LMS-005219
882e874c-65f8-433f-af16-afd16fcfeaac,ESM-2025-01458,LMS-008042
8dfa48a9-568a-4c31-a629-4eb480520051,ESM-2025-01459,LMS-007856
f149d46c-733a-48df-9a8c-5bb20983969a,ESM-2025-01460,LMS-007150
11114afa-3624-4da0-b4a7-7290d0496500,ESM-2025-01461,LMS-005736
0f6916b7-3ea2-4b0d-9d47-5f40ace2ec58,ESM-2025-01462,LMS-001976
101f22a1-dfd3-413d-9670-3ed80fffa4f9,ESM-2025-01463,LMS-007121
7286799b-54c2-458d-9055-6ad1a1753050,ESM-2025-01464,LMS-006308
5c716a3a-9161-4013-96f5-fea6b7ec8816,ESM-2025-01465,LMS-005057
fb5f6077-9c09-4c99-ad18-d8194eecfe06,ESM-2025-01466,LMS-001029
66c53754-6fcb-47bd-9ddf-f78053621e4f,ESM-2025-01467,LMS-007588
b4254247-e0ea-44c3-b357-a664b821d9fe,ESM-2025-01468,LMS-008662
33152610-1a5b-4ac8-94be-987636c5683f,ESM-2025-01469,LMS-001751
3aa1b118-09b9-450a-84f4-b99f1ec2b35a,ESM-2025-01470,LMS-003827
4f71733d-243f-4de4-91d3-fc406142c5a7,ESM-2025-01471,LMS-000424
7a445f0b-0953-4031-b5bb-efd435cf6bc0,ESM-2025-01473,LMS-000960
204e0acf-6972-4e40-ac04-d246452a16d1,ESM-2025-01474,LMS-002087
57b90cb8-2010-4f34-bcb8-ab767d849a53,ESM-2025-01475,LMS-000689
5db12751-4fc0-412a-8251-6fa70492ce56,ESM-2025-01476,LMS-001343
6ce14ff7-01e9-4cd2-80d6-5e5e07ed3a32,ESM-2025-01477,LMS-000924
de1fdbb7-e50b-4ee2-8404-d065d76692ed,ESM-2025-01479,LMS-005521
01544546-71ea-428e-835e-6659ab771b59,ESM-2025-01480,LMS-003256
3c06b769-854a-4a3b-8a59-74d66ef004dd,ESM-2025-01481,LMS-004092
71d4256f-b1fe-46f6-8c18-3ef3c6590e18,ESM-2025-01482,LMS-001281
1dbe1060-a2bc-43da-bff9-dcbc233823cc,ESM-2025-01484,LMS-007654
3ed81443-669b-4944-805b-60135f602361,ESM-2025-01485,LMS-008762
9a3826a2-3801-4122-bbc8-ce832aa2414b,ESM-2025-01486,LMS-002498
b2f7ea88-e631-46a8-86ac-92ab8b0c70b1,ESM-2025-01487,LMS-009089
24f2e790-e4ab-4c4d-8dc3-e6d5527a4d76,ESM-2025-01488,LMS-003640
7b2fea7c-f22b-46e1-8953-1b5b9d195ac5,ESM-2025-01489,LMS-009304
29de773f-5589-410f-941c-8851a1bb6a0b,ESM-2025-01490,LMS-006301
2ce30771-8ae4-45c9-920f-4ca3c328e0bb,ESM-2025-01491,LMS-005528
46846fcb-f160-4300-9aac-232594801057,ESM-2025-01493,LMS-000107
3b279b31-c8ed-4938-9775-ea5cb5e10bdd,ESM-2025-01494,LMS-001085
b59ff71a-4047-4633-94b1-a28064b77aad,ESM-2025-01495,LMS-008407
4e8eee30-c6c3-41ea-b2be-66b091c6b13e,ESM-2025-01497,LMS-008364
e0fe4a11-f311-4249-aef6-061f2bddfd9a,ESM-2025-01498,LMS-006829
dd7c028c-cce9-4076-bdd4-42da6e1425f1,ESM-2025-01501,LMS-000084
3620b2c7-b3d2-42d0-9c4d-57ec0fc74bbf,ESM-2025-01503,LMS-005294
74c2ca6c-4ee3-467c-bf89-cb05bc6fcbbc,ESM-2025-01504,LMS-003961
fe25d6c7-e356-4b17-af94-d564f38ca988,ESM-2025-01505,LMS-006524
c9c1b3e0-37a6-4185-94d5-0d6f1ffa4d33,ESM-2025-01506,LMS-007967
d19aaedc-0c48-4871-81d9-db4c3ae3bdaa,ESM-2025-01507,LMS-006369
9bba2b89-74bb-4239-9bb9-c281f18a572d,ESM-2025-01509,LMS-007095
98d1e405-ebdf-48f5-8ae6-0c297a35055a,ESM-2025-01510,LMS-005610
f4209c42-755e-4d34-a8d0-79b86b145fb3,ESM-2025-01511,LMS-006123
f7cf7494-907f-456b-aed6-890d862babc7,ESM-2025-01512,LMS-002292
226469a0-92a0-4ea7-b606-02f57c287a9e,ESM-2025-01513,LMS-006601
080c6468-bb40-48ed-a817-094c8294f1a8,ESM-2025-01515,LMS-002646
8c0d4b69-e5f1-4167-a35a-61b480921322,ESM-2025-01516,LMS-006652
59e14387-bad7-4645-8cf9-aae68a9143c0,ESM-2025-01517,LMS-008167
10f0ffcb-9158-49ba-a26d-58c4c243427d,ESM-2025-01518,LMS-008887
3e26a482-ece2-4461-8bc6-c18bc1c4ac2f,ESM-2025-01519,LMS-002140
effd9f6d-f137-4a65-8bdf-688fa4621e57,ESM-2025-01521,LMS-003237
fb413ec6-483d-4ec0-982f-bd3a912bfa8e,ESM-2025-01523,LMS-006883
a79e9d07-d81b-4e7c-ad67-cde52634539d,ESM-2025-01524,LMS-007492
6a390625-3a0c-4bfb-963d-0ab0c1207b64,ESM-2025-01525,LMS-005608
a921095b-895b-4fcf-a148-2d05e7c5ac67,ESM-2025-01526,LMS-002851
68f4e745-2ca2-4d2d-85b3-a68f00791b88,ESM-2025-01527,LMS-000382
a7aeecac-fd2d-48cc-a20b-a0fd5031efa4,ESM-2025-01528,LMS-002802
06d6d1a6-aebc-4d81-bbb6-e0d0fee443c8,ESM-2025-01529,LMS-001133
b7b7a086-06e6-4674-990b-6018d6acb1de,ESM-2025-01530,LMS-009244
65a67b07-394b-4a39-bfca-fe1fae5ad1cb,ESM-2025-01531,LMS-005014
1e6a173f-0867-4673-afcf-1c2ea09e9313,ESM-2025-01532,LMS-007490
4adaa671-29b9-4f5f-acec-300295516def,ESM-2025-01533,LMS-003334
6c39a6e1-242e-4f36-b4f0-4048650461d0,ESM-2025-01535,LMS-008893
a8619efc-8984-452c-a256-fceb86b369cd,ESM-2025-01536,LMS-003489
c536f8d0-c08e-4600-a130-a6c7834398df,ESM-2025-01538,LMS-005393
01776055-4b62-4aa6-9693-c298a234239f,ESM-2025-01539,LMS-002481
985c592a-6db8-4b63-8c8a-81210ff62e19,ESM-2025-01540,LMS-009116
5a333d78-fa85-4088-89f6-fbb893088a34,ESM-2025-01541,LMS-001200
dcb0305a-4f45-4835-b2e7-46c7e6d0aa55,ESM-2025-01542,LMS-006124
8bae8aca-6aa2-47d7-9e11-f70fd5deb131,ESM-2025-01543,LMS-000058
29101070-4936-4949-937d-1447ec72512d,ESM-2025-01544,LMS-000046
82b0c202-c447-4fb8-898a-448a63344dcd,ESM-2025-01545,LMS-000987
910f87b0-acde-4614-aedb-6bbb8a4043f2,ESM-2025-01546,LMS-006362
06a0e497-279e-461d-b68f-ba3ea19de874,ESM-2025-01547,LMS-006881
9fcdf6ba-f6c2-4ad8-b6a3-2dbba3c945d4,ESM-2025-01548,LMS-001608
b062a8ea-5d0b-4ff1-a21a-634d31d78f50,ESM-2025-01549,LMS-009332
0104d62b-1b4e-468b-a707-f9c703e0e040,ESM-2025-01550,LMS-006514
7033e5a1-ef83-4b5c-b3a3-f41b83a6d52f,ESM-2025-01551,LMS-006323
5bf828d9-7375-45fa-a15e-f90e525d46f0,ESM-2025-01552,LMS-000683
97b79599-0578-467c-a460-af93bd447fe1,ESM-2025-01554,LMS-000141
687d79ad-ad32-4093-89a4-40e83bcdd59e,ESM-2025-01555,LMS-002696
3901e22e-7141-408d-b60c-467247185939,ESM-2025-01556,LMS-004126
8747e03a-1903-490e-a12a-03c4301694bc,ESM-2025-01557,LMS-005601
65798fa1-eb14-46b5-845d-46ec47e017aa,ESM-2025-01558,LMS-002547
8211e347-75d8-464d-a8e0-eb1181cca99c,ESM-2025-01559,LMS-007548
39bfa42d-5046-4fe2-936f-cbe46adc7e90,ESM-2025-01561,LMS-003420
7f830698-77b5-48ec-b1a6-f01a925507c9,ESM-2025-01562,LMS-006186
f5f7a74f-85c3-47af-a960-03ef5c9d6c27,ESM-2025-01563,LMS-007572
62238121-bc5a-4295-b943-5c27fbd94932,ESM-2025-01564,LMS-001499
c9158b18-0435-49c2-bf36-f0dcc4677724,ESM-2025-01565,LMS-008067
141ed631-b970-4d5f-83f3-94ede050a858,ESM-2025-01566,LMS-001083
7685e11b-acb0-4081-a18b-581feb6d3342,ESM-2025-01567,LMS-004873
5f5f0c39-90b6-41a1-8466-5ceb7ad255ce,ESM-2025-01568,LMS-001181
518c077a-8ae7-40bb-9888-0597e27aa7b8,ESM-2025-01569,LMS-008905
5340173a-2432-45ac-9fd8-3a8775a46c9c,ESM-2025-01570,LMS-003297
946c9507-ef8d-4a91-bc3f-f9ed69e23267,ESM-2025-01571,LMS-004379
1c5df6fc-3346-4109-b234-93a9994d8ae6,ESM-2025-01572,LMS-008045
8c0481c5-5a13-4baf-afda-5ecae898de1c,ESM-2025-01573,LMS-006930
a8e84589-5179-452b-86cd-cec220c700ae,ESM-2025-01574,LMS-006592
39fd4ac6-1ab6-4f7e-b682-a95e0f48df03,ESM-2025-01575,LMS-000156
28182829-2bbf-4bb7-a652-55205f6af349,ESM-2025-01576,LMS-005269
ddf170a4-81b6-4035-af47-a1d46ead08e6,ESM-2025-01577,LMS-005158
d1cb5a1e-91c0-4dd3-8bd5-f49c8af475b9,ESM-2025-01578,LMS-002158
1fa971f7-af34-485f-aef9-c449537a27f9,ESM-2025-01579,LMS-003656
1c89a434-2f61-4706-a2a8-5ae43d81ebdc,ESM-2025-01580,LMS-001436
6c62cddf-79cf-49ec-aa44-552cc093e8c0,ESM-2025-01581,LMS-007355
a4f2efc7-bce0-47bc-a907-b442c9dfdcc8,ESM-2025-01582,LMS-001046
bce71ad0-d4de-44fb-be23-6218dfe5213e,ESM-2025-01583,LMS-008360
6e7d40ee-24d2-465d-844e-81bdaf398555,ESM-2025-01584,LMS-008789
b889ac76-6cde-41e8-9527-7a8eae8f788d,ESM-2025-01585,LMS-009187
df39b70e-7355-4636-b488-ee7d6f003598,ESM-2025-01586,LMS-007815
3c50b000-7d7a-46e3-93b2-f65cc1ff00fd,ESM-2025-01587,LMS-000085
b93efb6e-a53f-44e0-9962-5640f3d92f33,ESM-2025-01588,LMS-006738
42ea13a9-8af4-4d70-a8d7-d394f5ee38fb,ESM-2025-01589,LMS-007020
59fd36b2-edbd-4efd-b245-eb8e04d6c99a,ESM-2025-01590,LMS-001105
b111ded3-669f-4ed6-a259-7b81f3ddcb16,ESM-2025-01592,LMS-009233
84fdfc02-fd92-49dd-804f-231d97ba1735,ESM-2025-01593,LMS-000965
042b513a-e8dc-4ea3-8004-2954dd38ac48,ESM-2025-01594,LMS-005939
085ff3ff-21b4-4536-9b54-6d2dda991b87,ESM-2025-01595,LMS-002703
3b7f3281-796f-48a3-ae2a-e046e9e664f1,ESM-2025-01596,LMS-004382
5aca034b-0a6f-4a71-888c-9b0d26b3b489,ESM-2025-01597,LMS-007540
eb5acfcc-e5a2-49fa-abe1-7d7d8871ece4,ESM-2025-01598,LMS-007998
fa58828c-c1dc-4d8e-b321-66610dc28142,ESM-2025-01599,LMS-003710
95574782-a181-4992-b76f-f9967abf1968,ESM-2025-01600,LMS-007795
ad954775-3d49-449d-8f59-a51383debae3,ESM-2025-01601,LMS-003532
3240762c-db36-48e3-9b41-1edab889075e,ESM-2025-01602,LMS-006618
e21f6e41-5b01-4b70-bdfe-05b944fad673,ESM-2025-01603,LMS-000305
5ae3ea84-c9c4-4570-b726-f75426ed5a80,ESM-2025-01604,LMS-008103
98083f85-b188-46f8-a927-fd47ff39d5d6,ESM-2025-01605,LMS-002219
6fbc9d85-2da9-4d07-a6f6-6dfa1086ca74,ESM-2025-01606,LMS-006106
ce791157-31c3-435d-bc19-eb130d46399c,ESM-2025-01607,LMS-008672
3a753d44-ba23-4591-8dcf-e27489a4c6fb,ESM-2025-01608,LMS-003592
6c93c27e-93a8-40ed-9e9d-dfe0ce407b3f,ESM-2025-01609,LMS-007266
21ceff2f-db67-4d98-a53f-76677134fa82,ESM-2025-01611,LMS-001011
3f268bc7-a774-4abb-8737-43d932cdc3ea,ESM-2025-01612,LMS-005630
fbe33c43-7726-4471-b4f9-8e94d9819022,ESM-2025-01613,LMS-001459
d9d25138-15aa-4b8f-91d1-d817e5f141c7,ESM-2025-01614,LMS-003876
0987b7c9-807f-489f-8daa-117ee4e2ebcc,ESM-2025-01615,LMS-004509
73a19378-8fed-44f6-93d6-d0a8a8bdd6f2,ESM-2025-01616,LMS-004208
1bc6ad30-a36f-4430-a186-217ab36e4295,ESM-2025-01617,LMS-006785
8ba58d10-f967-4a39-a3a8-8812e8e50a69,ESM-2025-01618,LMS-005400
ff5a66cc-4f30-450a-b7b6-42df486db299,ESM-2025-01619,LMS-002687
3a3cc9d5-711d-48eb-84d7-f23b4e9b961a,ESM-2025-01620,LMS-000505
ed7a0193-93ab-4a2d-b8c4-484b9cc9ec66,ESM-2025-01621,LMS-009404
26bd144c-19d6-419c-bf56-18557c6f22ac,ESM-2025-01622,LMS-003065
3c84c79b-26df-43cf-8e25-892a9c88066b,ESM-2025-01623,LMS-008232
6721f171-519c-46ae-8e2c-3d99294fda2c,ESM-2025-01624,LMS-006847
6a03dcc9-0e46-48e9-8be0-2ec7d98400f0,ESM-2025-01625,LMS-005126
25b7d83e-f492-44c5-aa30-72b0fa882f35,ESM-2025-01626,LMS-007206
7b616db2-963c-4d38-b483-416c219a465d,ESM-2025-01627,LMS-004363
07ca9d75-0129-4456-b7b8-53224c07ae1a,ESM-2025-01628,LMS-004613
53170f09-8916-4176-b246-09e835d9c7f5,ESM-2025-01629,LMS-003991
d3e9d1f9-559b-4b66-91e3-2ab18356049e,ESM-2025-01630,LMS-004268
1ae0813a-4f0b-4bdb-a013-46a3fcfc828e,ESM-2025-01631,LMS-001093
c28e17b0-ec6d-4526-a65c-2fae82209b10,ESM-2025-01633,LMS-006744
ca285a37-8cc3-4937-82df-2f2d5d6d1192,ESM-2025-01634,LMS-006126
ff357c86-039c-470f-bc60-5e8146041bb6,ESM-2025-01635,LMS-003178
0991f979-8031-4545-b749-323cee7819f6,ESM-2025-01636,LMS-004759
f69d5ea9-5559-4e71-a917-c96fd78a525d,ESM-2025-01637,LMS-000261
91ddc168-1bed-4a77-844b-4258f626f0d7,ESM-2025-01638,LMS-000523
9ce4a4f6-623a-48c9-9272-1b741bdd4a3c,ESM-2025-01639,LMS-004237
144615ab-8f3a-44e0-9035-30c9d6b9f9b4,ESM-2025-01640,LMS-007257
28d70f41-a19f-4242-b4a7-d540e7e46b2c,ESM-2025-01641,LMS-002377
c8d12708-f457-43c6-a188-2e2827a125d5,ESM-2025-01642,LMS-007720
cd1a881c-94a0-4934-947e-77a76adbf288,ESM-2025-01644,LMS-008965
350eedb3-26e4-47ac-941a-544f58286f51,ESM-2025-01645,LMS-001018
eb0ec1bd-e9f7-4abe-bf21-caa79c009f9e,ESM-2025-01647,LMS-008021
48b36ece-9313-49e5-a3b6-edbe0f4a53ff,ESM-2025-01648,LMS-009400
d3b6c2e5-ba76-4ad8-b8b6-814e1d3a259f,ESM-2025-01649,LMS-004991
8bd29c59-d197-47a8-8a81-d8e66874c5a3,ESM-2025-01650,LMS-005137
e2fe38b9-5d04-42cd-a3ef-fa7ab88da06a,ESM-2025-01651,LMS-006392
b0954781-cc71-46f5-aaa1-d364e5c9b5cf,ESM-2025-01652,LMS-002648
e20fba90-1cc8-402a-bff1-63d84a0db686,ESM-2025-01653,LMS-006834
b1a2e010-3fda-44cf-b516-af1cade2d2f2,ESM-2025-01654,LMS-004139
7942b7f5-75fe-4d8f-a0cc-b52cc0ee7dc3,ESM-2025-01655,LMS-009461
60e3bd47-e92a-45b8-8a47-339d94e1be27,ESM-2025-01656,LMS-008700
7fe88bf8-88f9-49cc-ac65-78181d4b14f8,ESM-2025-01657,LMS-006988
d67e5e57-ee14-49b6-b96e-4cc5aac14271,ESM-2025-01658,LMS-008502
33dbe084-6e5d-4daa-9222-ba9fe9d3bcfd,ESM-2025-01659,LMS-005115
68e3999c-285e-448b-9a1c-5f73ba60b796,ESM-2025-01660,LMS-005075
c7a31ce8-bd44-42e8-8475-2d2c0dc95197,ESM-2025-01662,LMS-007766
dee17515-ac81-4d27-97ee-1e2f61c540c8,ESM-2025-01663,LMS-001661
1e95ba97-fa66-4653-a568-551e1f32eb37,ESM-2025-01664,LMS-008846
7b267a08-a446-4944-bd2f-e48bc4e29e09,ESM-2025-01665,LMS-007510
6f67d6f2-a0de-4323-b6e7-1696a8cd88c9,ESM-2025-01666,LMS-008554
970be05c-281c-4d5f-bcad-036cbe1fb2c7,ESM-2025-01667,LMS-005074
bab7f032-553e-474d-9352-a755fc023a59,ESM-2025-01668,LMS-007210
c3ae7cbf-ecee-4ff9-92f8-4e816affe3e3,ESM-2025-01669,LMS-007452
2718c54a-86ab-4a02-a311-5006ca8b6cbf,ESM-2025-01670,LMS-006346
ce6b9868-192d-4b89-b19a-9ca266e457b3,ESM-2025-01671,LMS-004702
163ba041-6477-4a59-bdf6-3260979f4e44,ESM-2025-01673,LMS-008156
debe9f77-67e4-4ea9-9990-b83b0b25d937,ESM-2025-01674,LMS-005585
5394490a-b848-459f-90f5-0d1cd194c057,ESM-2025-01675,LMS-003779
196c05a0-e96a-43b9-8a99-8e704624f30a,ESM-2025-01676,LMS-007071
fcee49f7-739d-4323-ab4d-c11dff12cf20,ESM-2025-01677,LMS-003460
b9b896fb-5c7f-4874-850b-bbc6d5f41890,ESM-2025-01678,LMS-007463
f58bfafe-e12f-4d6d-aa6f-088052ab42fe,ESM-2025-01679,LMS-008607
6008b5ab-827c-405d-abf9-611bd5bd63a3,ESM-2025-01680,LMS-004698
332149bd-2727-4b7c-90f5-d9eec650a48e,ESM-2025-01681,LMS-004978
fce7128f-7138-4e0d-9f6d-ab9c379f1036,ESM-2025-01682,LMS-004722
d27bd997-e776-455a-912b-4632b16886ab,ESM-2025-01683,LMS-005846
0029dc0e-cd3f-46e8-8bf2-fb11e485b8ae,ESM-2025-01685,LMS-004715
0dbc6b6f-40a7-49ab-9c66-3a33ad784b84,ESM-2025-01686,LMS-002773
0a802cdb-f234-49ca-8e37-edcee1f8802d,ESM-2025-01687,LMS-006299
2b0602ca-ac90-4a3b-8818-4e3e2cddd9eb,ESM-2025-01688,LMS-001547
2e6ae6e5-e2e5-4927-a169-8a3045fbf22f,ESM-2025-01689,LMS-007974
511a7284-d1a3-4e2b-8e03-a39f3096b2b6,ESM-2025-01690,LMS-004467
ff9997f5-eef2-4708-90b3-8a7b38978361,ESM-2025-01691,LMS-000192
44617b15-45cf-4e2c-a977-21eaa0551511,ESM-2025-01692,LMS-000380
e843645c-2348-4720-8fdf-18f1e7090dda,ESM-2025-01693,LMS-008326
f946938f-ead7-43ba-8e8c-d50148d89eba,ESM-2025-01694,LMS-003920
3fa05369-936f-4a7c-a817-9ec6a1e2f74d,ESM-2025-01695,LMS-005474
64d98c87-b30f-4859-bed1-8ae656e77537,ESM-2025-01696,LMS-008504
bcc0e6d6-f7f7-4bae-bde3-acfcb0bfe793,ESM-2025-01697,LMS-008346
83b25de2-86b4-4576-9d64-707c0746c839,ESM-2025-01698,LMS-000132
58f0d377-89d3-434a-8d41-d1df6eeb43d3,ESM-2025-01699,LMS-002067
e7ea1f6a-3101-4d13-96d7-669333441398,ESM-2025-01700,LMS-007369
34edca7e-84de-4cda-9c3f-5666c74910fd,ESM-2025-01701,LMS-008859
c2cff1ef-fe64-4aa8-8cd8-938651086ec6,ESM-2025-01702,LMS-001727
d5c1ac93-66ef-40ed-a89e-42723c3b46ea,ESM-2025-01703,LMS-005626
d3aa6369-5112-4971-bf9f-7cd39029fd1a,ESM-2025-01704,LMS-008943
e29997f5-6ae7-4111-81e9-0c69b00a756d,ESM-2025-01705,LMS-002086
7643b129-f798-48eb-bbc2-cf0e18124366,ESM-2025-01706,LMS-000201
7e17c6b7-c4d7-459d-971d-e0f94c086ce2,ESM-2025-01707,LMS-003019
1c9d2b3c-3a4c-4178-8b30-9006902e85c8,ESM-2025-01708,LMS-000945
1dde8b2f-e3c8-44a1-897b-5aee9ec0bcbd,ESM-2025-01710,LMS-001786
609d71ad-1746-4166-8aa2-e1b9ae3cdc73,ESM-2025-01711,LMS-005546
046af6b3-477f-4a8d-a99c-11b7c4c21101,ESM-2025-01712,LMS-005966
1af982d4-26c2-4a1d-94ff-c5c72df55c44,ESM-2025-01713,LMS-003244
9e1784a7-7e55-432e-b4e5-caef26355d9e,ESM-2025-01714,LMS-003558
8e6ccdb7-f4a8-4e55-82cc-23cf4ecff2c2,ESM-2025-01715,LMS-003343
b372bee1-64a6-44ff-8a28-77825508f392,ESM-2025-01716,LMS-009492
e25c94bb-a868-44a1-843d-9482e91ae863,ESM-2025-01717,LMS-003115
78e9bdb9-c070-4ec5-bb30-2ad178cdccdd,ESM-2025-01718,LMS-008776
6d3afa50-be93-4e59-a536-b5467d6c9c43,ESM-2025-01719,LMS-003181
b156c2a0-7776-4f6b-8026-d8630a7ff4fa,ESM-2025-01721,LMS-002291
e09a3183-a6a2-4c06-89b8-e9d6417f3d7c,ESM-2025-01722,LMS-000652
38a82f5a-629a-494d-a41e-d938c1a096f7,ESM-2025-01723,LMS-005669
1fbc84e8-e37f-4247-aecc-b800d46cbc17,ESM-2025-01724,LMS-001308
c5c8d95c-010d-4013-a0e2-0503f2fbd566,ESM-2025-01725,LMS-003568
8a098981-5fa2-4c84-bed2-6855466f2efb,ESM-2025-01726,LMS-009459
8dc7e526-3411-482f-a29b-865c336c8a1d,ESM-2025-01727,LMS-006619
a141ff66-a8ac-4239-8127-56da9b84edd2,ESM-2025-01728,LMS-009167
c58dd943-1c00-4df9-876e-fc641dabd261,ESM-2025-01729,LMS-003015
eb5628e7-4f39-4108-87d0-1da616b77f60,ESM-2025-01730,LMS-004258
6303ca24-089b-485e-9bbc-1aa79d31da81,ESM-2025-01731,LMS-003663
206181a2-33ae-4d40-98a9-12fdfdad655f,ESM-2025-01732,LMS-001553
d518cd40-a35d-4b65-b90c-b06b42189123,ESM-2025-01733,LMS-008478
74ea212b-9fba-4036-87d8-b58c23527683,ESM-2025-01734,LMS-008765
a479750a-124f-40cb-904e-d375517d9971,ESM-2025-01735,LMS-001150
a61b9c94-7cb1-44c1-9c28-0c0fd18f7be2,ESM-2025-01736,LMS-003504
648dc738-b04f-4b12-acac-fb389ca7b367,ESM-2025-01737,LMS-000572
622daef0-b0bc-4081-9cea-6df8d0041f0c,ESM-2025-01738,LMS-002127
180152c0-d2fa-4937-8e45-608ce33f7fb2,ESM-2025-01739,LMS-005545
f40d6c38-4758-441d-8fb4-c0f0fcdf2d25,ESM-2025-01740,LMS-004949
4ada2303-dbd3-4b2e-b3ac-921d5e3af601,ESM-2025-01741,LMS-000781
e495727b-ae04-41bd-9ab5-b9bff3e81640,ESM-2025-01742,LMS-006408
cc1046ad-7469-4135-a113-a99e04f857ff,ESM-2025-01744,LMS-004165
41b41ad4-341c-41c3-9cbd-7d67e2928262,ESM-2025-01745,LMS-006030
1542d553-fd07-4a4d-8b00-0e290ded89c6,ESM-2025-01746,LMS-000216
1d1251f3-1694-4708-b652-db0cbf1dec61,ESM-2025-01747,LMS-004716
dcf8b48d-e33a-4a08-abe6-c43656d6fc33,ESM-2025-01748,LMS-003259
5ccfb8d5-3b41-4044-b65c-3527ddbc55ac,ESM-2025-01749,LMS-001252
c5b9847d-64f8-4993-a5c6-4638ed360c66,ESM-2025-01750,LMS-002312
bcf1dd47-043d-48e9-af42-40fda75108cc,ESM-2025-01751,LMS-008773
44a388f3-6b92-4699-984c-3b209758eac7,ESM-2025-01752,LMS-005207
d8fc4f32-78eb-43cd-bf87-26754a449bcc,ESM-2025-01753,LMS-002789
34324b5d-60a5-4be0-87f9-4fc42895110e,ESM-2025-01754,LMS-008610
e862d927-0868-4975-b476-2655c42195f8,ESM-2025-01755,LMS-005180
90613852-724e-4fb0-8362-f99725f831b4,ESM-2025-01756,LMS-000393
d7f07bd2-f5a3-4d64-843e-4f63fe283fd7,ESM-2025-01757,LMS-005739
fba4d62f-7d6f-4163-a4e3-f43a70d5e431,ESM-2025-01758,LMS-008606
02351537-9228-4ed3-9966-746b81aeb94c,ESM-2025-01759,LMS-006799
50f4cc0c-12f2-43da-bcfb-ffd45675f246,ESM-2025-01760,LMS-000398
4221cabb-ebd7-4ac6-885a-e52287cca666,ESM-2025-01761,LMS-006554
1a183f77-c779-480a-9160-3366dcee8c80,ESM-2025-01762,LMS-009362
0cb151a6-99ff-4d24-a1e9-a86961654c56,ESM-2025-01763,LMS-001044
e07ca291-14d3-449e-8dc9-43566ee8153e,ESM-2025-01765,LMS-006777
55be4537-14cd-450e-bb3a-9a4f284c7106,ESM-2025-01766,LMS-003981
a37b54f6-5f73-44a6-aad0-f8e68dce5419,ESM-2025-01767,LMS-006577
930e0d75-3784-494c-b97f-210de7b2c535,ESM-2025-01768,LMS-003655
edadca00-06f5-4f87-9aa3-38b1433c86bb,ESM-2025-01770,LMS-002038
1a1593da-920f-4df6-9277-0fe0f240b3cb,ESM-2025-01771,LMS-002519
90935493-bb0b-4873-8919-e9f67003d034,ESM-2025-01772,LMS-005862
4374409c-d8fe-43bb-95dd-34ad09f004d8,ESM-2025-01773,LMS-004762
a5daa0ea-af19-461c-9fb3-460ffc332752,ESM-2025-01774,LMS-001706
7e4ee1dd-63c4-4061-a724-a3ce60ba2d7a,ESM-2025-01775,LMS-003379
f29be5df-425f-450b-bca9-9191805ef1e0,ESM-2025-01776,LMS-000220
d46d07c8-ab78-449e-b336-f2c110b0f55e,ESM-2025-01777,LMS-000070
dd98c1c0-2987-49b4-b0ea-13fac59fa302,ESM-2025-01778,LMS-005660
0d8dcff9-bc87-4ada-ac7f-ef8eaeb6a737,ESM-2025-01779,LMS-001513
9dc10cd9-78d6-4ded-ae25-aad1e98a2df1,ESM-2025-01780,LMS-005435
a1f97159-82c3-4f9c-8557-e94d60d027a8,ESM-2025-01781,LMS-006805
bcae70ab-0b2d-4ecf-9927-ff4ae62dbdc9,ESM-2025-01782,LMS-001825
1c3b772b-77be-4ebf-83a7-e3216fded109,ESM-2025-01783,LMS-008175
b8ee4a8f-a682-42bf-99bb-59db0246f909,ESM-2025-01784,LMS-002534
e6dfa749-cf07-44dd-9465-b037c1328bf4,ESM-2025-01785,LMS-005494
9f718e9f-8037-48cc-a9a2-05aefae375f9,ESM-2025-01786,LMS-004226
c32ad6d6-bad9-4c65-a8a7-d9075f5e1bc1,ESM-2025-01788,LMS-005214
93497fdb-d780-420f-9f0e-7855fa84dd78,ESM-2025-01791,LMS-007264
b5c9be50-79a9-4e7e-958b-b3806ac40361,ESM-2025-01792,LMS-008129
37d7c0c0-5fb6-4b90-8b1d-2f18a128eb52,ESM-2025-01793,LMS-008919
92d475db-17a6-4ac1-bcf9-6a18c3eaf405,ESM-2025-01794,LMS-004712
8db5eab7-b89e-49d7-b32c-a3df82d185f1,ESM-2025-01795,LMS-003738
77c578f2-1796-49ba-b05c-1bc3526f21e8,ESM-2025-01796,LMS-004939
55f16300-077c-4325-999d-b7d9f2ff0129,ESM-2025-01797,LMS-009307
d8f48311-713f-4398-b4aa-1de49be71771,ESM-2025-01798,LMS-005830
5344a8e3-b0b1-4db7-b5db-5ff03dfb9cc2,ESM-2025-01799,LMS-007685
3573311a-9edf-4aee-8f5e-321a77626bc7,ESM-2025-01800,LMS-003731
290add17-33ca-4bd5-a603-9964d09cfb2a,ESM-2025-01801,LMS-001401
4fc8bb1b-9307-4121-a5e0-3d2e447ba32d,ESM-2025-01802,LMS-002229
72d1e678-8308-42c4-b02f-1ffaf8a618a9,ESM-2025-01803,LMS-001564
df88558d-f19f-4851-98d5-49dd6ab98c7a,ESM-2025-01804,LMS-005826
7b91cb42-bacd-4500-9709-fb908daab45f,ESM-2025-01805,LMS-003209
1abb634d-55e5-4693-b940-2dfdbcbbd717,ESM-2025-01806,LMS-002986
59b3843d-7627-4051-b9ae-0ebc8a5a7b37,ESM-2025-01807,LMS-008788
d2e5bd28-6ac2-453f-8693-adf538bee4b5,ESM-2025-01808,LMS-001866
6be6ab24-d2f0-426d-9173-55ff6c195cfa,ESM-2025-01809,LMS-004801
9e1bb8b7-0a93-4798-9db9-4ec2412e8e5a,ESM-2025-01810,LMS-006060
c5fad68d-fc48-4e9e-aa2a-72b4423d93ff,ESM-2025-01811,LMS-004362
49b9b5e5-8693-44a1-8adc-06b8b9ae5d41,ESM-2025-01812,LMS-005620
b3fd2ccb-31e5-4b2b-aebe-3eeeaf98cb79,ESM-2025-01813,LMS-002847
240ef8dd-5a75-448e-8ae5-832fa6a47336,ESM-2025-01814,LMS-001507
a286e3f8-b787-4ff9-8583-78ff8f1c7701,ESM-2025-01815,LMS-006222
930cd465-9e10-49de-a5d1-60b1dd4468cf,ESM-2025-01816,LMS-009285
26e0e100-b6b5-4018-a73c-9374b8ad66e9,ESM-2025-01817,LMS-003208
8f6fc467-5f76-45fa-89b4-7552edef4f15,ESM-2025-01818,LMS-008306
634e5c5e-9324-4680-98cb-c7aca68cac8f,ESM-2025-01819,LMS-002316
a5833f92-7f25-41ff-9c95-87492c48dc05,ESM-2025-01820,LMS-006145
913460f4-0fcd-43f2-9f13-7673ed9c1513,ESM-2025-01821,LMS-001982
49c0bc30-5207-423b-862f-a4ed5d37f3c2,ESM-2025-01822,LMS-006288
82ae795a-1ca7-4a94-b6b8-2ef7fcd0a7ba,ESM-2025-01823,LMS-003190
fc8793a4-2c10-415f-a0fd-b4ce39f8d7c6,ESM-2025-01825,LMS-002371
780b1ab1-16c8-48ba-bb8c-ef5b976350e3,ESM-2025-01826,LMS-006558
9c7045ea-7c5a-4a71-8b68-5e3fc366d153,ESM-2025-01827,LMS-008689
632cfda4-3433-41ce-ba55-007a8d45822e,ESM-2025-01828,LMS-003783
5d028a5b-35f7-4d50-ae9b-85535a93c9c8,ESM-2025-01829,LMS-006560
604ffdb6-6a8e-4403-8409-a538eef9151e,ESM-2025-01830,LMS-003634
f4d127db-b530-4ed5-84d5-c99d6c07812d,ESM-2025-01831,LMS-007455
499ef628-cb45-4ba9-beff-17802b15b2c4,ESM-2025-01832,LMS-005360
e270b747-76e9-40ef-9b84-5531728976fa,ESM-2025-01833,LMS-006674
f667d0a7-aa48-481f-90d5-ac56e3e3a8e6,ESM-2025-01834,LMS-008449
f811d63f-2048-4eda-b02c-8b5a6d4a6f15,ESM-2025-01835,LMS-003377
1725537a-d755-4036-8124-6f714065857c,ESM-2025-01836,LMS-001771
f0aa8acb-0d49-4113-9ac8-d191db37c0cb,ESM-2025-01838,LMS-000842
5280794a-6c23-4cba-8b39-0bfdd918704b,ESM-2025-01839,LMS-004797
979d6954-3c35-48e6-94e4-3ea47ea82348,ESM-2025-01840,LMS-003329
32e19aee-d432-41d9-8de2-9340948ec8d0,ESM-2025-01841,LMS-008169
2b393575-f81b-4238-bf60-5b877214e4c1,ESM-2025-01842,LMS-000881
0d595c84-f25e-454a-99a1-7009838206f3,ESM-2025-01843,LMS-000165
c99e461a-0196-4b10-afef-17d341afbbbf,ESM-2025-01845,LMS-000775
f5255e76-772c-4012-8614-0f9d8da25f6a,ESM-2025-01846,LMS-003706
d4b8a44f-4ae2-4636-aa8a-c5244ed91b04,ESM-2025-01847,LMS-007870
1cf6dbaa-2f4f-4204-8e9c-42545309bf35,ESM-2025-01848,LMS-001824
8ccc6f0c-1185-4203-bb5a-639d10e59785,ESM-2025-01849,LMS-007985
0f0e2baa-ccfe-46fd-b6ff-abfbb5170010,ESM-2025-01850,LMS-006899
0789b440-4c53-4756-a0d7-714d6656fc8c,ESM-2025-01852,LMS-004888
3be01b20-602e-4f50-8d92-6acefdc5342f,ESM-2025-01853,LMS-001331
aa220c8c-94ae-4f14-a84b-32471f8c5275,ESM-2025-01855,LMS-006162
96834594-639e-4c1e-a113-228c01c9634f,ESM-2025-01856,LMS-004335
d7b325fa-0208-43d5-a02a-8f8359a43e7d,ESM-2025-01857,LMS-008861
0897c25e-3b30-430d-bcbd-5e60f6498f1c,ESM-2025-01858,LMS-002544
bb4e84a6-885e-425a-ae0e-e504842fdc4e,ESM-2025-01859,LMS-009254
291bd844-69b6-4c4b-977f-7a87c24cb5f0,ESM-2025-01860,LMS-009208
3ded4ac9-fbc1-4f76-ab38-22b21e4d03c0,ESM-2025-01861,LMS-008947
cecca42f-2d99-41e1-b528-89435cfbb2dd,ESM-2025-01862,LMS-000003
28e149ea-d2d2-493b-93ab-54a5dc671204,ESM-2025-01863,LMS-001789
dacf57f5-a1c2-4827-b316-a83ffb2da17a,ESM-2025-01864,LMS-008446
9a5c6f55-d0e4-4c77-9604-dfb1e5c96cc5,ESM-2025-01865,LMS-002855
2172db22-2ed6-4140-bc10-b8d45b3119f2,ESM-2025-01866,LMS-006471
a9554b88-0fe1-4635-a7f5-9ee0bd80ff4c,ESM-2025-01867,LMS-004581
610f822a-c8a9-41ad-a223-4eb646ceb4ab,ESM-2025-01868,LMS-003907
1a9caa21-3e10-4d6d-aadd-3ebd6c64c45d,ESM-2025-01869,LMS-005742
1bb92e96-0f4a-42fa-b922-fab372b0ed0b,ESM-2025-01870,LMS-009482
0d79d568-39d4-494a-8473-53687caf4b71,ESM-2025-01871,LMS-006284
6dd05753-8747-4ffc-a642-6dec821323a8,ESM-2025-01872,LMS-004742
70a25178-b6cf-464d-a991-302280da74fa,ESM-2025-01874,LMS-004164
f61359b3-b4f6-49cd-b81c-a6cd4abdd0ae,ESM-2025-01875,LMS-002489
b3120218-5d52-4ba6-a2f8-a760d2b5a211,ESM-2025-01876,LMS-002104
46181c55-6851-4e40-b2b0-2b1c0304981a,ESM-2025-01877,LMS-007712
b21f94b6-9c43-422b-a1ae-dfb2c3e06aa4,ESM-2025-01878,LMS-007133
aa3dfd05-74ad-4f11-afa9-5316b1649570,ESM-2025-01880,LMS-003291
524bbe36-8397-4152-b932-eb6ec4d84c27,ESM-2025-01881,LMS-002593
a3558da2-d34a-490d-a97b-13712a64df9b,ESM-2025-01883,LMS-008519
dfd40a3f-4652-4fb2-96bd-bcbdcddffac3,ESM-2025-01884,LMS-002510
7741708a-9241-48ad-807f-925e94c07e10,ESM-2025-01885,LMS-001330
21114cff-de36-46ad-81f4-60b1e1e349ff,ESM-2025-01886,LMS-000928
8fcbb3de-9a41-41b3-9b9c-e8721598e67f,ESM-2025-01887,LMS-007149
91db73d5-c2cb-4267-b4b0-225438a6f6fd,ESM-2025-01888,LMS-008459
6d2c703f-1f2d-4b5a-85a4-9933c9d8296a,ESM-2025-01889,LMS-000578
389fe525-8537-43d2-823b-15fb0bbe56af,ESM-2025-01890,LMS-003098
c3186433-cdb3-4c6a-ab8b-4adebe363d1a,ESM-2025-01891,LMS-008310
c2c03492-52fa-49b3-adc6-a9e07df970e7,ESM-2025-01892,LMS-008581
3bebcc49-18ae-47b9-988d-efd8357a4a7b,ESM-2025-01893,LMS-005788
3f979fa7-1d31-4254-8d21-e3c9e72cc93d,ESM-2025-01895,LMS-001723
cc03669e-70e0-4e88-ae36-41df51ee68b1,ESM-2025-01896,LMS-000707
7c226037-bdda-4542-91d6-301eacd11396,ESM-2025-01897,LMS-009489
b5d5f7e2-72c8-47a4-8fd0-f5bda68aab81,ESM-2025-01898,LMS-008450
f7234371-5dad-4977-9076-f03ab945e40a,ESM-2025-01899,LMS-006230
40d8dc47-c9b7-47f2-9d41-d2167902e1a1,ESM-2025-01900,LMS-005896
e72675b2-6772-4cf0-932c-b9578e425b68,ESM-2025-01901,LMS-005605
34db9f68-83a2-4d2b-9a46-c13566c01661,ESM-2025-01902,LMS-005431
84f737ec-be67-4c81-9534-b445220980ff,ESM-2025-01903,LMS-009080
c3ea709a-ae47-46ad-a245-1eca28ffdb89,ESM-2025-01904,LMS-001152
c2807b4b-25dc-4485-a510-dd0ca7ff725c,ESM-2025-01905,LMS-009297
f37d19fd-9313-4bd4-854f-abdbc8a73cf5,ESM-2025-01906,LMS-001114
5e68b318-d7dc-499b-b102-e3e61208e252,ESM-2025-01907,LMS-003277
165bfe86-589d-497e-ba90-9363dcdb57ac,ESM-2025-01909,LMS-007839
71e6b9be-692a-4a44-8799-44642ea4b36f,ESM-2025-01910,LMS-000289
2d12c496-f921-446b-af85-ad76723da356,ESM-2025-01912,LMS-006410
28af099a-6f4c-45d7-ae41-8ad9af18923b,ESM-2025-01913,LMS-001647
5fb18ce5-b7bb-4a18-b587-8730246cc3bc,ESM-2025-01914,LMS-009086
366a903c-17d0-4d26-b11c-ddb52bd88512,ESM-2025-01916,LMS-004085
dece2807-36f5-4c0a-b15b-86ef66155267,ESM-2025-01917,LMS-007401
ae7f7429-85e3-48ef-aee7-b6f993c88b35,ESM-2025-01919,LMS-005726
2a71e3f8-f945-471b-a98b-a43b2d28922d,ESM-2025-01920,LMS-000449
70efbf0f-b121-4af4-a2c4-1c2edd9882b7,ESM-2025-01922,LMS-007002
8ef12566-98a4-475a-9272-e44914accd58,ESM-2025-01923,LMS-001332
5f16f8e4-0f25-4633-a2b0-b3f7074e965c,ESM-2025-01924,LMS-005708
c25daa3c-f512-4438-bf16-cf390149078e,ESM-2025-01925,LMS-008892
53344a86-4c18-487d-acad-cc2cda30991f,ESM-2025-01926,LMS-006337
f66583b0-747e-4a6b-a03a-7ffe9ed6cd65,ESM-2025-01927,LMS-007102
b2e0aa7c-e393-4230-a315-30cf9b5636f2,ESM-2025-01928,LMS-002861
29b8ab0e-5c37-4a16-93d8-192cc4e002d9,ESM-2025-01929,LMS-002147
85b94d28-ebf9-47a5-aa61-7aab56d0f87b,ESM-2025-01931,LMS-000708
89acbff1-4401-481b-8aa6-8e6771960333,ESM-2025-01932,LMS-008565
9e9a1f79-407c-4982-a979-f23ad3788b01,ESM-2025-01933,LMS-000429
31357740-cc40-4826-bafc-2e5e8129e9b3,ESM-2025-01934,LMS-008876
f4dad64b-bf69-49b4-9704-bfdbd18fe28a,ESM-2025-01935,LMS-007952
b5bc3aaf-c754-40d7-a8c3-2f6fa4fc7096,ESM-2025-01936,LMS-000431
edbbb10b-00ec-473c-b4b0-a7c67b3bd8bc,ESM-2025-01937,LMS-003514
679fd84d-28e8-4b84-bd79-20b85f0ee386,ESM-2025-01938,LMS-008850
b74d0726-474d-4419-9140-079e493a5a79,ESM-2025-01939,LMS-004248
3a22b953-0f34-4a94-99e7-a4b541b2e222,ESM-2025-01940,LMS-003780
cc6e2812-2676-417e-89a3-69eb51f7e27d,ESM-2025-01941,LMS-006688
dd52926f-1485-4555-9bf6-4ce7a09b6682,ESM-2025-01942,LMS-006959
41e9b234-3642-4894-bf46-e20932e3a712,ESM-2025-01943,LMS-009282
f3f0baa0-561e-4226-bcc3-a1d36ce396f3,ESM-2025-01944,LMS-000561
37f76714-d668-4cc1-8498-9f034d5f8abd,ESM-2025-01946,LMS-007431
f3e7ec48-35de-41d4-8a55-a41cf997a4d4,ESM-2025-01947,LMS-003523
159eca10-ea16-43dd-9d81-4fabfc78db00,ESM-2025-01948,LMS-005342
d7d5a22a-41a5-4f7d-888c-9c6778a5edf2,ESM-2025-01949,LMS-008661
a179fced-b962-4833-a33e-37512a25a67c,ESM-2025-01950,LMS-005052
42744dae-95fa-41eb-ad98-3aee28809dde,ESM-2025-01952,LMS-005575
aa8e3a82-409a-4416-a7b2-4fb3b2bb3eee,ESM-2025-01953,LMS-002952
eaef6da3-d4ba-4d3c-b4f9-5d9539a9f8b8,ESM-2025-01954,LMS-008623
521f53ad-e29a-4407-ab95-f83bd74b2d3f,ESM-2025-01955,LMS-007372
418b01b6-a77e-4e15-a27b-5ce51b923d0c,ESM-2025-01956,LMS-008604
2b2831e9-28a6-4e0f-ad1d-ed2ce95f3700,ESM-2025-01958,LMS-000984
eb5b4764-a59c-4a42-bbde-9e534f6e19c5,ESM-2025-01959,LMS-002203
fc2dc3ca-ecf9-4f88-a832-aa4e41f6fe2f,ESM-2025-01960,LMS-000528
5f6f2575-7d87-4334-8749-8cdb03b834d4,ESM-2025-01961,LMS-007450
31dadd14-beab-463e-be11-f5a6f390fdaa,ESM-2025-01962,LMS-009442
3b5fb9e5-d514-4035-a473-d52bb357b685,ESM-2025-01963,LMS-003191
71db6294-62bd-4e20-b280-80fdf77f0eaa,ESM-2025-01964,LMS-008324
c394c33f-c18b-43e5-bac1-498f4645b46f,ESM-2025-01965,LMS-006449
e1c4fa97-9606-4780-be44-e02447b21b34,ESM-2025-01966,LMS-000553
4388a323-3617-4193-8229-a3c715555bb7,ESM-2025-01967,LMS-006707
2632e60f-91c6-43f2-80db-3ec4d217f1b2,ESM-2025-01968,LMS-001592
55018d81-ebc0-45f5-891f-9558dc7e7f7e,ESM-2025-01969,LMS-005649
b67fba7a-87fc-4142-849c-ca4d944283c1,ESM-2025-01970,LMS-002157
841fd5e3-7501-4dc1-b8bc-b625b82f3a5b,ESM-2025-01972,LMS-006297
4da136ad-9ae0-40b9-81dd-bd23274ed29e,ESM-2025-01973,LMS-004138
0c2f22c4-0b31-45bd-b5fb-430c5dbe8a7a,ESM-2025-01974,LMS-001393
3b3ee50b-e134-4c6c-8426-347639ec8c95,ESM-2025-01975,LMS-003130
d1373f6c-ce8b-4e27-bcdb-6775388e8c5f,ESM-2025-01976,LMS-002263
d524fcfc-c15f-4e13-833f-f59789f8e29d,ESM-2025-01977,LMS-007530
d96f5744-114a-4495-8c32-ab09d7940791,ESM-2025-01978,LMS-008636
915f172e-17c2-47c5-b218-4d227e52bc25,ESM-2025-01979,LMS-000470
b0a31433-5c8c-4fb9-acad-0bc466f019f3,ESM-2025-01982,LMS-006908
70344767-8e9b-460a-b6cf-ac365c3e0159,ESM-2025-01983,LMS-004617
652c5a28-0fb9-4f0a-a7fc-917eb9062cc9,ESM-2025-01984,LMS-006409
df5fdee6-c846-4d4d-9ac8-230b3742f82f,ESM-2025-01985,LMS-002529
45bc4ee1-4cd8-40e2-9fc3-849a51782bdc,ESM-2025-01987,LMS-003289
841da30a-c544-4055-8551-e26b9fca72f9,ESM-2025-01988,LMS-007754
9258a4fa-8095-4db4-b8bd-6e0b6a69995f,ESM-2025-01989,LMS-001862
36667800-3ab3-4708-8b37-7548f25c8c60,ESM-2025-01990,LMS-000031
37886568-636a-468f-b5ad-cfe310088f2f,ESM-2025-01991,LMS-002536
1903bcc8-9e10-4736-834b-d9eaced57324,ESM-2025-01992,LMS-007485
daa49cbf-2b61-4722-870f-e2274cb625a8,ESM-2025-01993,LMS-004453
54189aad-49e9-436a-b49d-d8a8002b9e6b,ESM-2025-01994,LMS-009323
3152cd9a-06d0-43e4-9c45-a4d270059b69,ESM-2025-01995,LMS-004574
e99c5675-01cb-499e-aa15-4e435edad8bb,ESM-2025-01996,LMS-000798
cc4d8ff8-2dbe-4cd8-be92-b6452781307a,ESM-2025-01997,LMS-001300
93486efc-3a15-4c7f-90d1-bce9f291f4fa,ESM-2025-01999,LMS-002164
cae6d134-e8ff-497d-a715-55a064d6fcc2,ESM-2025-02000,LMS-003846
05c7d368-6c63-4b69-9fd5-29313038279f,ESM-2025-02001,LMS-002117
62f1ac0a-e393-4408-b156-8c122c54bd3a,ESM-2025-02002,LMS-007609
b19739e3-f041-45ee-aa55-81737c344b95,ESM-2025-02003,LMS-001776
89565eb5-489c-4d27-abd2-a3b70f240bed,ESM-2025-02004,LMS-002017
0e749875-7b23-4632-964d-96ad5e63b98f,ESM-2025-02005,LMS-004566
e048ba59-1200-4d53-8a6d-8e7a420e6f67,ESM-2025-02006,LMS-000341
afe247dc-439c-493f-8570-1cf76276533b,ESM-2025-02007,LMS-000904
d2fc1cdc-b3be-46b0-b015-bdc03543481c,ESM-2025-02008,LMS-004927
8265209a-10d6-4d95-b4c2-151b15c48387,ESM-2025-02009,LMS-008072
06b32843-fa24-44da-815c-4b6a3ee253b2,ESM-2025-02010,LMS-001104
73372db0-ca7a-4274-9a8e-3326c2e76812,ESM-2025-02012,LMS-001424
343c1d5d-a8e0-4f15-bfd9-9c559ef7b616,ESM-2025-02013,LMS-003482
a807fbab-4582-412c-aba8-3a001231ed86,ESM-2025-02014,LMS-004318
594c47c1-611a-4cac-a780-9c951f3bb4a3,ESM-2025-02015,LMS-008959
0e9ee2ac-59f2-489f-918a-21a291994d9c,ESM-2025-02016,LMS-003507
0790038b-2085-4b27-8a59-e25c04fa7b2f,ESM-2025-02018,LMS-001659
ed3e61a3-e4ed-4cc2-a3c8-e350f081d31c,ESM-2025-02019,LMS-006105
001e8cfe-c3f6-4c69-a31a-717669a1d163,ESM-2025-02020,LMS-000037
30738525-6bf3-488c-b354-22bdaeb443ed,ESM-2025-02021,LMS-007707
51f520f4-16ec-4b01-a55e-df6f0eeeea0b,ESM-2025-02022,LMS-005627
91f0a44d-86cf-4e2b-b5f2-f1dba791ab41,ESM-2025-02023,LMS-007472
69d7266c-854a-4223-b4f8-41dd7330a563,ESM-2025-02024,LMS-000927
5aeb6115-0636-40dd-a783-3ce2e619629a,ESM-2025-02025,LMS-006332
ce819362-9851-4fa2-87d8-40390c1e757d,ESM-2025-02026,LMS-000814
6be3b526-40a6-41ee-9bf2-58010878055f,ESM-2025-02027,LMS-007105
521d7279-6e6a-492f-8744-6aedb1783ed1,ESM-2025-02028,LMS-002551
7ddb4eb5-2f70-47eb-b94c-0e4e5d57f14c,ESM-2025-02029,LMS-008152
874a9153-9612-4762-8b09-2457c1ebb205,ESM-2025-02030,LMS-009286
dc898016-3818-4477-87d5-044060c148c6,ESM-2025-02031,LMS-001155
225cb247-83f3-483d-a368-c6db07351122,ESM-2025-02032,LMS-001843
5905be53-ab1b-476f-9928-4579a3184d38,ESM-2025-02033,LMS-004523
f140d6cc-0950-429e-8227-39868fdd5cd7,ESM-2025-02034,LMS-009485
67feea91-80d2-49de-b30b-463c1dba38a3,ESM-2025-02035,LMS-007213
df8578bc-d535-4c8e-acbd-8eaaa7052e15,ESM-2025-02036,LMS-000565
bc514d0f-aaa3-414c-8d76-0e83ad05316d,ESM-2025-02037,LMS-000896
e4fede31-4139-4992-9937-f8c4d8aaff12,ESM-2025-02038,LMS-009251
de71f352-c49b-4640-8886-5a537cffb637,ESM-2025-02039,LMS-008978
6edd1405-c672-47e6-92ce-59f7aa58d17f,ESM-2025-02040,LMS-002124
d7482346-a17f-4f90-ac24-c0f77ba5ea26,ESM-2025-02041,LMS-004018
629b113c-ac5e-4e97-ab94-1b4b82f4a7b9,ESM-2025-02042,LMS-008145
bf7f983f-6909-4f3d-84e6-fd044e83e7ac,ESM-2025-02043,LMS-007108
431d9149-1d6e-4772-87f8-85132c3380d6,ESM-2025-02044,LMS-003957
0166589c-19ed-4acb-96c4-c38af9f3b932,ESM-2025-02045,LMS-008627
376ac41c-d7b2-4897-a314-a1ac351c0564,ESM-2025-02046,LMS-006326
be166069-13ce-4fd7-be0e-9d5f4dbe8a3d,ESM-2025-02047,LMS-002191
698ac250-9585-4920-b05b-b6f5524b68ff,ESM-2025-02048,LMS-008409
aee9a7d1-ee0e-442d-9a6a-fa0599e91835,ESM-2025-02049,LMS-005734
91d1811e-ac3e-4f2e-be5f-ff69dbbed7c4,ESM-2025-02050,LMS-002025
5fed19ef-6b65-4ef8-a848-5664bfb48daa,ESM-2025-02051,LMS-001430
7a5c5d25-f047-4ce6-8ad7-5e8e11d4f62a,ESM-2025-02052,LMS-000064
daa6bd35-cb81-426f-95bf-81fb61836dff,ESM-2025-02053,LMS-008578
3bfac14d-ca38-4e5e-8489-46574b392e72,ESM-2025-02054,LMS-003642
bfdb4087-1182-48cd-98c9-d4efe0c293dd,ESM-2025-02055,LMS-008101
a88de823-8850-4307-a520-3dadc60d99ab,ESM-2025-02056,LMS-004875
a32de5d1-bbeb-46d2-ba24-17c2f15cb66f,ESM-2025-02057,LMS-008575
b634fb99-c18c-49ea-a758-940eaee8dc3a,ESM-2025-02058,LMS-001784
40b4584d-2ddd-4a5b-bffe-617d24a57cb5,ESM-2025-02059,LMS-003658
55d97622-3dfe-4920-86cf-ec84506cb65f,ESM-2025-02060,LMS-003463
4b864b80-bc68-4516-8f33-94e0344e6c56,ESM-2025-02061,LMS-000052
e5e39878-3185-43b2-888b-ef6f25a38f98,ESM-2025-02062,LMS-007799
6bf172e9-3fdf-4271-9e6b-8cc0d79986a8,ESM-2025-02063,LMS-008844
9dae227c-1df0-4fc5-a342-d51e99ead420,ESM-2025-02065,LMS-002569
a605ebbf-66bb-4de6-8a1b-2e555fee6d17,ESM-2025-02066,LMS-004521
e6f5034e-aa89-47ba-bf93-3a95883e12f8,ESM-2025-02068,LMS-000098
a3f6e9a6-89bb-4436-9ea8-dd653fad2de5,ESM-2025-02069,LMS-006372
ec898855-3f8b-4781-98c5-1b8f17e11a13,ESM-2025-02072,LMS-002690
00e04fb0-c0fd-4037-ad44-58a860126b08,ESM-2025-02073,LMS-008945
ac118ed9-c102-42d9-a40f-e41366ca58af,ESM-2025-02074,LMS-003327
c0005fd3-8988-4fe9-931c-deea855ba997,ESM-2025-02075,LMS-003871
019f0a57-4ce8-484d-bb68-1c12c6ff354b,ESM-2025-02076,LMS-008690
b65b362c-bc2d-43d1-b176-6ad6457997a2,ESM-2025-02077,LMS-002723
df5af2da-116c-40a4-8e6b-90cb1c7531c0,ESM-2025-02079,LMS-007907
b5e50f08-00fb-4cd0-97bb-7e6d27139636,ESM-2025-02081,LMS-002222
cc3385ee-7b46-4086-9f27-30c3fe5aa593,ESM-2025-02082,LMS-005411
e29c4bac-ab0b-4c88-98a8-efde7cae8530,ESM-2025-02083,LMS-005902
8aa466ab-435a-48c0-9c73-d5954e18f215,ESM-2025-02084,LMS-001986
13fa6c16-bb7d-437c-a414-331709a85b4d,ESM-2025-02085,LMS-001538
0ffd9864-4b71-4913-bd6d-f27f40e5378b,ESM-2025-02087,LMS-003768
1247d1ab-bf41-46df-9f29-b17f5c3f5d20,ESM-2025-02088,LMS-003699
2f20ccd7-a7e2-4b72-b32b-a58a1e107358,ESM-2025-02089,LMS-000421
6bfc52fa-a6f2-4262-ab20-e08250a1f889,ESM-2025-02090,LMS-003975
af571948-025e-4a53-b290-35a15ff59c0e,ESM-2025-02091,LMS-005970
0d435515-272a-4cac-ae99-ceac97dc22f8,ESM-2025-02092,LMS-006728
dfb4003e-ee8d-48e6-ba01-afa6869787ad,ESM-2025-02094,LMS-002691
d73821fb-adac-480e-ba67-b221411d24d7,ESM-2025-02095,LMS-002240
46fe7e6a-e0ae-46a5-9855-ac0683ed9641,ESM-2025-02096,LMS-000086
ed71d2f7-2d93-4882-b805-ed1d9caa792c,ESM-2025-02097,LMS-002686
9d740dba-f421-4c52-a1e7-5edd94a11056,ESM-2025-02098,LMS-008812
d2748344-6eb2-49ed-88bb-c28c8d684763,ESM-2025-02099,LMS-006252
ecf88364-56e1-40b2-9bfb-326163185fdc,ESM-2025-02100,LMS-008383
0facf854-605f-488a-9acc-cf2f81308269,ESM-2025-02101,LMS-003725
338c2c8e-fb42-4965-8845-c8c7d965d5e5,ESM-2025-02102,LMS-002416
69866565-4474-40e9-a2e1-88bf16c44e6a,ESM-2025-02103,LMS-004209
8e260104-f894-41be-b35b-0112b12be56b,ESM-2025-02104,LMS-006278
81570a00-f7ea-4bef-bcde-21d5f081cfb2,ESM-2025-02106,LMS-002228
b726e20e-07b2-43d8-a75a-42c9c3f2a67e,ESM-2025-02107,LMS-001990
87575642-f569-43a6-aaca-593741e26fe5,ESM-2025-02108,LMS-006177
3c92882f-1c45-4f08-b569-2bec7d9c72d5,ESM-2025-02109,LMS-007851
cd999750-48ea-41c9-a0c6-b386bb07a805,ESM-2025-02110,LMS-008523
8556a0e3-8f85-466d-8598-37f507371cf2,ESM-2025-02111,LMS-002857
6bfc143f-7924-4258-beb7-84341354c92b,ESM-2025-02112,LMS-006723
07c2145c-9560-4e46-a8c2-ddd9ef142c45,ESM-2025-02113,LMS-006765
4a67fc16-cb29-4a74-8305-f9dfe2d1ec18,ESM-2025-02114,LMS-007567
a127dc9f-469a-400b-be81-ec10f34022b3,ESM-2025-02115,LMS-001574
4352c031-b049-46eb-92e9-02d3b4d197bf,ESM-2025-02117,LMS-001666
452d07eb-d3b3-47df-a6cd-5a4ce4b78574,ESM-2025-02118,LMS-005060
b9499c85-9647-4de7-961b-61563312e8a3,ESM-2025-02119,LMS-007781
9ae6c092-2fae-4a2b-bf03-675c2becfe86,ESM-2025-02120,LMS-001531
52ae7dde-9c7b-4738-a492-3f086cc79e3e,ESM-2025-02121,LMS-004507
4ba67b21-b52d-4e64-88fe-26699f78e7fe,ESM-2025-02122,LMS-006964
c47a5dd1-2f58-4022-8052-24230e6d77a9,ESM-2025-02123,LMS-004409
ade4c1eb-1f47-48d1-9b42-4cf81bb51b05,ESM-2025-02124,LMS-008561
d04ce4e1-4505-43c4-98e7-860f2b61fc31,ESM-2025-02125,LMS-006504
58d274a7-88eb-4a68-9435-374f74f4aa4e,ESM-2025-02127,LMS-004738
d9a27649-b561-41e9-b440-489f58015bce,ESM-2025-02128,LMS-002340
172d1202-40fc-4a0a-88d2-b8335565c7d2,ESM-2025-02129,LMS-007190
fa837615-7547-45b5-91ab-e94da9636393,ESM-2025-02130,LMS-000439
b00cae45-c0c8-431d-899c-f0571d3e79b5,ESM-2025-02131,LMS-006621
b8c5f6cb-7928-4bc2-855b-4df0abe07ea1,ESM-2025-02132,LMS-008961
e6886b57-e4f8-4b8b-903e-ff80d26ad736,ESM-2025-02133,LMS-002319
2a8f111a-fdfd-4aab-bc2a-006fb9795860,ESM-2025-02134,LMS-007188
04887f30-90ac-4136-a630-9881067d7a04,ESM-2025-02135,LMS-005314
75b4c36b-7249-4e58-a26c-6bc82a05f72d,ESM-2025-02136,LMS-003933
a94c5f13-8a78-4c11-9776-2f42acbf4d9e,ESM-2025-02137,LMS-007559
ecefc833-187e-40b8-9021-a9087c377c34,ESM-2025-02138,LMS-006322
3d3d4082-5766-4329-a839-9e3cbd1aa398,ESM-2025-02139,LMS-002543
3588bb18-4524-4197-81b3-3cdddcac3802,ESM-2025-02140,LMS-002284
782583bb-0868-41cc-8b22-63dd9036b946,ESM-2025-02141,LMS-008262
04894907-578f-4cf6-86cc-cb49974ccee2,ESM-2025-02142,LMS-004748
2272a7a7-af37-404d-bac3-8091fc41f777,ESM-2025-02143,LMS-006462
13d803ab-fbfc-45b5-977f-4b00c693c278,ESM-2025-02144,LMS-002233
0111f943-7e72-44d5-ad77-001c7464df7b,ESM-2025-02145,LMS-001380
4daa5709-35fa-4ca2-8ac4-6905137f8652,ESM-2025-02146,LMS-001925
d2f6ce88-213e-40e7-844f-2093338b87c0,ESM-2025-02147,LMS-004910
b30e47b6-dd21-46e1-b653-f28b06694c98,ESM-2025-02148,LMS-005972
ea373a66-0403-42b5-8089-f8c125536416,ESM-2025-02149,LMS-006100
a953d8ac-8628-458d-8c5b-087df88262dd,ESM-2025-02150,LMS-004740
5fe8abd6-2c7a-496f-92f9-22fc877a1050,ESM-2025-02151,LMS-007082
352fcb69-89db-436d-9474-88b657252b67,ESM-2025-02153,LMS-005337
6375d3a2-e0a4-42bf-8cda-d6f5051d433b,ESM-2025-02154,LMS-007772
0341713a-2c38-43da-9a42-aa85877de7c3,ESM-2025-02156,LMS-008323
fd3bb407-319c-4bbf-9281-f188f3b13444,ESM-2025-02157,LMS-007273
1442ff70-5ce9-46e4-b701-669265512d48,ESM-2025-02158,LMS-000547
41304d5c-1354-4a95-9b8c-2bb0b907b26e,ESM-2025-02159,LMS-000089
5262b733-7b84-4403-b51f-ad2c3b5c0955,ESM-2025-02160,LMS-001714
61139fe7-4adc-4c28-b359-365eea937871,ESM-2025-02161,LMS-001908
0d4c1497-77c0-44ef-bb21-0a39e886a2f5,ESM-2025-02162,LMS-004705
fcaecca6-6b08-4039-a179-7dab2c89995d,ESM-2025-02163,LMS-002613
0df6ff05-dc4d-4bb1-9af1-544758248b7d,ESM-2025-02164,LMS-002320
ff139fae-aabd-4a7b-84ff-39d4a3ed25e1,ESM-2025-02165,LMS-005702
fd1389f8-4b75-458a-9bb2-aea0490c92e7,ESM-2025-02166,LMS-009264
91d839f8-3ad7-4e92-b532-334f7239ad86,ESM-2025-02167,LMS-005566
5f47dd07-6931-44ed-b7c8-4313f031c74b,ESM-2025-02168,LMS-008192
b724453b-e901-4d6a-8809-06d2963b9d56,ESM-2025-02169,LMS-002863
e07bb20f-2481-4a17-9c5d-fd6f2bfc35cc,ESM-2025-02170,LMS-004711
ecbedc9d-71bf-48a0-b880-52b47b465421,ESM-2025-02171,LMS-004198
f5ce4523-976d-4b7c-8cce-d366ca37ff77,ESM-2025-02172,LMS-005762
9f7320dc-71b2-46dd-b483-27a27cd7be5d,ESM-2025-02173,LMS-006143
2f27d175-2334-4011-b414-ae122243fd66,ESM-2025-02175,LMS-006911
62f07b63-206f-4fa3-8828-49dde06384f5,ESM-2025-02176,LMS-006518
249777d9-491c-4ded-b68f-73b79f5db66e,ESM-2025-02177,LMS-005174
68f48dd6-a722-42fd-a168-1a5882f13d6b,ESM-2025-02178,LMS-000940
225de53c-e0da-476a-a3df-8340d90200bf,ESM-2025-02179,LMS-008127
5ca8bffe-fb2c-4b1f-8672-93f939917339,ESM-2025-02180,LMS-004309
b3d84bec-f9f2-4c55-85be-13b69df5328c,ESM-2025-02181,LMS-002297
f535330b-f029-45fb-b7aa-9d13037e1468,ESM-2025-02182,LMS-002555
f5184954-164f-4d19-9eb3-802bd5ebb3be,ESM-2025-02183,LMS-005930
836f35aa-3dd3-488f-a808-2dcc8f219a6a,ESM-2025-02184,LMS-002199
81a6a9bb-f440-4e55-a9ac-f618ced94f24,ESM-2025-02185,LMS-009142
8b50a498-d461-448d-8606-fddd7cb738b9,ESM-2025-02186,LMS-008201
e44d8005-58ec-4cff-b101-116ee78f923c,ESM-2025-02187,LMS-002234
c30c8b21-63e3-4ed0-a966-86d0fcd90ded,ESM-2025-02188,LMS-009139
d43d835f-8cd2-403b-82a9-71a9d294621f,ESM-2025-02189,LMS-004657
7c46d784-b00d-49d7-bc55-4ac79d333d58,ESM-2025-02190,LMS-007396
c7bcd693-4ea4-4ea2-9541-848d7a14c534,ESM-2025-02191,LMS-006066
93ab24d2-37e9-49ab-a214-cdd465058c95,ESM-2025-02192,LMS-008411
d50d7710-c890-460f-ba2d-ef203cfa51a1,ESM-2025-02193,LMS-002642
fe83bc04-7123-4bc3-8133-c303366b426b,ESM-2025-02194,LMS-004380
47f08438-741d-4153-ab0a-15a66267b7e0,ESM-2025-02195,LMS-002249
d4b999ef-6487-4027-a1e7-a0667f571a50,ESM-2025-02196,LMS-004230
760bdbb5-c4ee-4788-8091-aeba606d5dbf,ESM-2025-02197,LMS-003228
5a923b11-ba5d-4184-bbaf-a31730462132,ESM-2025-02198,LMS-003269
f7fedaa8-6f71-4524-a643-74c2af139dde,ESM-2025-02202,LMS-004104
1876bc2a-93f9-4dd7-8624-50a82073e2d5,ESM-2025-02203,LMS-003992
e1568174-bc66-4894-bd99-f5b75ed127e9,ESM-2025-02204,LMS-001814
ad60a5bb-da63-4157-8a83-ee6150630a62,ESM-2025-02205,LMS-000878
dda85a9a-804c-4bd5-acc3-9c98866224a0,ESM-2025-02206,LMS-008271
3142d692-6fa8-47a0-9d48-929c5a137a67,ESM-2025-02207,LMS-003687
c80fa90c-d88a-4d22-96fe-3d91cffb1bd5,ESM-2025-02208,LMS-005082
8a4603f4-af43-4173-9543-8e4d914c90cf,ESM-2025-02210,LMS-004188
8defe6f8-9af0-4ebf-9ff9-e4df67df948a,ESM-2025-02211,LMS-001997
7fd93dee-1943-4fd0-bb3b-36b5c7bf4a60,ESM-2025-02213,LMS-007784
a4ea26a5-91b8-4ba9-80c8-7835999fa338,ESM-2025-02214,LMS-009287
db264369-f243-41be-a577-fe7263607c83,ESM-2025-02216,LMS-005594
8b03acb7-9d65-455b-bb3f-98f7618021bc,ESM-2025-02217,LMS-000304
9ce24eb9-8b40-4930-93b0-3ec3fb7de6ca,ESM-2025-02219,LMS-003742
2edf9471-f66c-4d3e-9d3d-8d2a4145ba2c,ESM-2025-02220,LMS-001989
98dcbe20-ae6a-43b8-8cb8-25463a9b3e9a,ESM-2025-02221,LMS-003753
b3cb6f8b-5850-4520-ac14-7bd649234f3b,ESM-2025-02222,LMS-003997
6255db6d-b4f6-48fa-89a9-bc52c06d07e5,ESM-2025-02223,LMS-003066
fce85af1-721a-4572-a7b6-7dacd1fed438,ESM-2025-02224,LMS-000807
2c78486a-f983-4cf6-949b-7b7541743a0d,ESM-2025-02225,LMS-006508
a6321f9e-94bd-48c6-a20d-2518a96a2108,ESM-2025-02226,LMS-008484
78e39dd5-ef47-40dd-bba1-1ee8807555b6,ESM-2025-02227,LMS-003864
d63fcd26-7792-488a-bd00-d78529d7c2eb,ESM-2025-02228,LMS-003716
818513b7-5c52-45f5-84d5-cc61a29181f0,ESM-2025-02229,LMS-005787
6b00150d-3f0d-482f-99cc-7c339819921e,ESM-2025-02230,LMS-003803
ddd09867-b46a-4a64-a390-680b157e8904,ESM-2025-02231,LMS-005537
80b9767a-cede-4e27-8e37-09709ffc0af2,ESM-2025-02232,LMS-005510
4ac975f9-24a6-4008-9016-0b05e0938f8f,ESM-2025-02233,LMS-001861
4412990a-9c71-4f33-92d8-1c7b3df2c6a9,ESM-2025-02234,LMS-008897
dd7da7b0-6718-4830-b023-3f3a359ec569,ESM-2025-02235,LMS-002582
bc64cc7a-7bc1-4709-91da-9c71bc1f00e0,ESM-2025-02236,LMS-007988
a640b7c7-e30e-4f99-b318-c90981769bd0,ESM-2025-02237,LMS-001195
aae113f3-b5ba-48ab-a56d-beb8a9cfeed1,ESM-2025-02238,LMS-008018
dd0b2a79-541b-4c1c-b575-e126c3371de4,ESM-2025-02239,LMS-002928
9ac35418-d486-492e-8227-89d675346946,ESM-2025-02240,LMS-001079
b6829157-757d-4038-89bf-b80759fed6c3,ESM-2025-02242,LMS-008505
61fcdc5c-f3e8-4ad3-be07-7050dc3cafc0,ESM-2025-02243,LMS-007017
64af1a4f-83a6-41e7-9796-02511bd715d6,ESM-2025-02244,LMS-000615
e888f0e2-892a-400d-9395-3ed7d7024f13,ESM-2025-02246,LMS-000397
5f6a1af7-1cf2-49df-a756-08355cbbbd3e,ESM-2025-02247,LMS-005340
b02df4b4-ea73-4e2c-9e34-588fb35232b7,ESM-2025-02248,LMS-001183
97114772-f60a-42a3-ae1e-6000e2647ec2,ESM-2025-02249,LMS-002393
1e04c136-e73d-4d9d-94f9-8f6d0b04bd06,ESM-2025-02250,LMS-005153
256738ee-50b0-4a10-8f1a-08ee473baad8,ESM-2025-02251,LMS-003923
9d932398-5ee8-4076-9ad4-132e5d4467a5,ESM-2025-02252,LMS-008807
f86c4698-1b77-47b4-b2ba-513494c891ee,ESM-2025-02254,LMS-006437
224405bb-5ed9-4297-b503-a25635c0cba9,ESM-2025-02255,LMS-008114
ff5a992f-dd02-4a6d-9947-2457f4be1ef8,ESM-2025-02256,LMS-006802
8613219b-e6cc-4cba-aa10-1033461bdf7f,ESM-2025-02257,LMS-001196
dc119a5a-1e04-481b-bc48-dadeef764105,ESM-2025-02258,LMS-007240
abdfd82c-6180-4c85-8802-b3cd49ca8abf,ESM-2025-02259,LMS-002018
f4f8e85f-cae1-40c0-a858-36313ec93eae,ESM-2025-02261,LMS-002174
6ac037b5-c35e-42db-9aab-94a527f9cd3c,ESM-2025-02263,LMS-007367
6c83b1b2-8a10-4ee2-8dc0-740cb9ec8197,ESM-2025-02264,LMS-001010
23662bae-0fd8-421d-a30c-ced784c58fda,ESM-2025-02265,LMS-005717
648bcda5-1cf5-4127-9f34-01cf4f0b20b7,ESM-2025-02266,LMS-003368
75726b84-7d71-47a8-8693-873844b69db0,ESM-2025-02267,LMS-003850
6b0ccc43-0404-4a58-9a65-31c442038e20,ESM-2025-02268,LMS-002139
d1e933e4-d063-49aa-8d28-a117ca97c29e,ESM-2025-02270,LMS-008544
e8314efa-5b26-4f9a-b22a-b35f8e8b98e6,ESM-2025-02271,LMS-002750
d649722c-d236-4d09-994a-f29389a8278a,ESM-2025-02272,LMS-004075
5b92ab6f-ec10-4dbe-82de-b64d9d3c2d36,ESM-2025-02273,LMS-001164
b10184fc-d10b-4867-af8b-647240257a40,ESM-2025-02274,LMS-007629
44c4b92a-0db3-46d0-a97d-c956ffe360e1,ESM-2025-02275,LMS-002336
8081258e-1e24-41b7-b2f5-8290a2e1fb6d,ESM-2025-02276,LMS-004780
218a9c04-ef58-47c2-964a-c701732eedcd,ESM-2025-02277,LMS-007775
a91e8ce0-1eae-4517-bbc1-4f2f97322ef5,ESM-2025-02278,LMS-009393
bf27e136-9163-49a5-a93b-5903703aeae9,ESM-2025-02279,LMS-000227
fbfd357e-0f08-44fe-bc59-30295f93009b,ESM-2025-02280,LMS-001144
5690c607-b9e8-475b-bd72-ba623377fdf1,ESM-2025-02281,LMS-000486
c779e54a-6678-4e07-b095-ce8523121be8,ESM-2025-02283,LMS-006527
74358453-5f44-44ee-8802-4883ac93270f,ESM-2025-02284,LMS-002816
bebc9a3b-7598-44e3-a647-5b2af92ed102,ESM-2025-02285,LMS-009364
b900e2e1-024f-4e4d-9e9f-25a59a000952,ESM-2025-02286,LMS-002487
ee4750bf-b9d1-4aea-be04-2ee35783f38c,ESM-2025-02287,LMS-008132
79c4df88-51d1-4d6e-b4e3-84db20fc9f27,ESM-2025-02288,LMS-009424
fa4cfea1-5382-4a40-876e-f1e75be2df79,ESM-2025-02290,LMS-007610
ed4881fb-edfc-45e9-843c-07d0cdaef91d,ESM-2025-02292,LMS-003696
51d386b3-2885-42e6-8d54-eb3ea5a792e2,ESM-2025-02293,LMS-004338
1cdd1d1a-3759-4a2b-9bb9-0d26be43fb19,ESM-2025-02294,LMS-004683
b368f54b-c1d6-406f-9625-25d85800b2a0,ESM-2025-02295,LMS-006366
fe5ef0e9-422c-4bc8-96fc-4d8604ee232a,ESM-2025-02296,LMS-000362
143ddbb3-37ad-46ac-86d9-82047a6f6056,ESM-2025-02297,LMS-005853
84cf80fd-b708-4622-bcaa-0068e2bf3dc8,ESM-2025-02299,LMS-006910
e43c9383-4599-45d2-9eba-0e4f8b42393d,ESM-2025-02301,LMS-004853
da7e1ebc-1b31-4ccc-b225-63c83ce50fc9,ESM-2025-02302,LMS-009182
de3ecda6-1208-4fad-bd14-3d8743d4164f,ESM-2025-02303,LMS-003265
b501f7c1-ed9c-413b-b148-392ac542f0f2,ESM-2025-02304,LMS-001356
e14ad878-0d82-4c09-8f1f-941c9dac4262,ESM-2025-02305,LMS-006401
80479ba8-dc7b-4195-8113-e499f7cf7abd,ESM-2025-02306,LMS-002963
b192569f-9120-4381-813b-28ac30e76076,ESM-2025-02307,LMS-001607
660d9d0f-72eb-4d5e-a9df-1b0e9e3d79d3,ESM-2025-02308,LMS-003497
e930fc0d-97c3-45f8-83f0-893d9121b566,ESM-2025-02309,LMS-007549
ef229f5f-83dd-4a01-99cd-7877926ffa22,ESM-2025-02310,LMS-004072
35d5252a-5ef6-47a1-bbea-92bc4810e253,ESM-2025-02311,LMS-004145
ed8a5f31-26cb-42ba-ab7f-34ab65a5cccf,ESM-2025-02312,LMS-004057
4f40e1f9-651a-4e2b-882e-0465d318a24f,ESM-2025-02313,LMS-004487
b4175d0e-5ec0-4065-acad-bfd8404bb657,ESM-2025-02314,LMS-000506
6714811f-2731-4be4-931b-b35790e6ff84,ESM-2025-02315,LMS-004419
23cb36ef-6247-4c8c-b015-97dab3750d44,ESM-2025-02317,LMS-007110
6839ef73-1ba7-4f13-8293-113190e8af3e,ESM-2025-02318,LMS-000139
4f1fc612-3d1a-4825-8395-22fcf00792a6,ESM-2025-02319,LMS-006892
7543e257-a486-434e-9296-3ef643c01b10,ESM-2025-02320,LMS-003758
27325f44-9ecb-4dc1-9c3e-8f08d57eac20,ESM-2025-02321,LMS-000570
ce3e7555-3c35-4d9d-a38e-40019271b459,ESM-2025-02322,LMS-000036
fcc1a6b5-a845-423e-8b9d-8fd12efec31a,ESM-2025-02324,LMS-007335
72b111fa-c77d-451c-9d24-b57529409dc0,ESM-2025-02325,LMS-006638
9b8bdbf4-fa8e-48dd-ab79-130f3d37b10e,ESM-2025-02326,LMS-004472
9749d655-82ba-46d9-8db8-9ab75d59c7c3,ESM-2025-02327,LMS-003441
8f2c37a0-d2b2-4a5d-b5e0-e33ca1dbc882,ESM-2025-02328,LMS-000998
4c3ec3cb-23b8-4420-afec-28a6dfef637a,ESM-2025-02329,LMS-007245
b8566ee2-7943-46ec-85e9-0fb4d2a7e90b,ESM-2025-02330,LMS-008872
8826439b-4fa5-4607-910a-9a39ff72ed54,ESM-2025-02331,LMS-007684
5d4c0e31-8e61-4429-9b93-f7b3adb32dbd,ESM-2025-02332,LMS-005822
4d397183-8b0f-4e8a-a406-e6db095e3ffc,ESM-2025-02333,LMS-002259
83d5bcac-9344-4c88-b7e2-161ebe4a6dff,ESM-2025-02334,LMS-001683
5236a833-aa86-4fb3-ba9b-666482e82d8f,ESM-2025-02335,LMS-006171
88f05cad-8ee5-4ef8-9c38-5c525e378c09,ESM-2025-02337,LMS-006117
97c6dd4c-d49d-4528-b8d8-13d8076847e4,ESM-2025-02338,LMS-004155
88acecfd-25c1-401c-aa2a-03cee1131596,ESM-2025-02340,LMS-001210
8af62aa3-7729-426a-bcd4-c428ffa0d2f8,ESM-2025-02341,LMS-000392
4a66bc38-dcdf-4917-8548-14e48ab23095,ESM-2025-02342,LMS-005597
caad0737-1a90-4ca0-9f31-a2e1195603b8,ESM-2025-02343,LMS-004669
77182b55-9db4-440a-afcc-0b988f84033e,ESM-2025-02344,LMS-004622
45f69d72-5d11-4fbb-ad1a-39d20d0d4673,ESM-2025-02345,LMS-006432
2143e216-916b-4cd9-a2eb-1a53342d47b5,ESM-2025-02346,LMS-000660
9a1ffbbb-ae91-408b-9ab6-506bca5dd342,ESM-2025-02347,LMS-006710
70589e17-bf82-4445-bc8a-f420941868be,ESM-2025-02348,LMS-006042
d0d013d0-4da5-4f45-8b58-f40e311087fa,ESM-2025-02349,LMS-005486
60ae4758-ac22-48e5-a875-9b6974f6d97d,ESM-2025-02350,LMS-008172
b56763fa-2327-4a8e-a72e-5637748251bb,ESM-2025-02351,LMS-008351
04572389-e186-4891-b437-a2a9f2772eeb,ESM-2025-02352,LMS-005361
db35f34a-83f2-4e22-b604-d8703f01ff98,ESM-2025-02353,LMS-005639
e75e4217-e73c-401d-b909-19ccf6f8f484,ESM-2025-02354,LMS-002974
2d717f01-72e2-4ac0-a71b-824fcf1dbff0,ESM-2025-02355,LMS-008369
3e514f2b-77a1-4d8a-9ece-91f9ae61a48e,ESM-2025-02356,LMS-009462
fb02ff04-5fce-4e34-85a3-86c040d7b9f6,ESM-2025-02357,LMS-008603
7ac4f390-fc0a-46b1-971c-469575780134,ESM-2025-02358,LMS-007308
4fae0fc4-37db-4206-876d-96a5db2eb5e5,ESM-2025-02359,LMS-006255
20db66ca-99f7-4bc2-a2ae-425ff0823887,ESM-2025-02360,LMS-005111
4650edbb-1caf-401e-af56-e6259d73dce4,ESM-2025-02361,LMS-008093
e4287e8f-7020-4b37-9fa6-2b83da11edd1,ESM-2025-02362,LMS-002841
023bc2af-c21e-452d-9062-2ca06351e1f1,ESM-2025-02363,LMS-006708
5d4fb8b9-2fd6-4f09-a9ce-055095b73e6b,ESM-2025-02364,LMS-006360
ac079fad-b9c0-40b0-8414-f277acbcf86b,ESM-2025-02365,LMS-006071
8c588af8-c337-4f71-bdb6-3325012427a3,ESM-2025-02366,LMS-000259
fdd62cff-45a7-42d9-9508-b1af59238efa,ESM-2025-02367,LMS-000496
3a70c98e-e2ed-4b3d-ad23-4c37d4f5154e,ESM-2025-02368,LMS-002590
0794d954-ccc1-467d-bdaa-2af81ce7082d,ESM-2025-02369,LMS-008600
d0820195-8589-4130-a061-8c2f83201211,ESM-2025-02370,LMS-006088
d149e2a4-e9ad-44f3-9eb7-ff0c0ea76e3d,ESM-2025-02371,LMS-002867
0daabd73-ed82-4939-afad-53c4c8eb3b8d,ESM-2025-02372,LMS-001895
37db1a4a-d814-4421-b1f1-65d08c9baf88,ESM-2025-02373,LMS-002173
08485149-1af3-4072-8189-ffe4cb2a5688,ESM-2025-02375,LMS-006148
c5aef8ad-f3af-4ace-b8ec-dddc1558d2d3,ESM-2025-02376,LMS-001472
fce9bd49-f338-4b66-a56b-44c658a5c427,ESM-2025-02377,LMS-005604
b55fc21c-e160-4830-97a2-eb989b15b4a4,ESM-2025-02378,LMS-004267
09f088c6-e0bd-4e1e-901c-5ad17f9f505c,ESM-2025-02379,LMS-008720
abafe8b6-1788-474c-a59a-aa3db311a938,ESM-2025-02380,LMS-000541
90a43f7f-67b9-440b-ac8f-d58f4335982c,ESM-2025-02381,LMS-005935
c9ca67ff-d860-4e4d-a710-237fcee55027,ESM-2025-02382,LMS-006989
fca59c60-3532-43cc-bc37-5404e639ab3a,ESM-2025-02383,LMS-009170
827ebfbf-fdf7-43ff-ba17-87b545abb747,ESM-2025-02384,LMS-006938
0d79b0a6-972f-4f63-8843-ada79d98da48,ESM-2025-02385,LMS-005079
84c3d02e-f094-4466-a1a4-0076c06ca8d6,ESM-2025-02386,LMS-000521
172f8bc7-1b5d-4286-8c27-1fb3d04d9138,ESM-2025-02387,LMS-003467
26ccce8d-7372-4706-af2a-585186c82564,ESM-2025-02388,LMS-002943
43360d4f-ca05-4f5f-b742-a9cf6861d774,ESM-2025-02389,LMS-005747
0cd637e1-f15b-4c2b-a46a-b27bbd1fedaf,ESM-2025-02391,LMS-004497
1612a023-8d04-4a06-a494-d051e0c69e90,ESM-2025-02392,LMS-003056
b5e36c19-c5c6-466e-8be3-d146939f6ecc,ESM-2025-02393,LMS-007973
eadbdebb-246b-47ed-b6e4-2b8e4006e008,ESM-2025-02394,LMS-001857
eaa924d9-0f87-44b1-97d5-39910544f153,ESM-2025-02395,LMS-007192
9c3bc8a8-a21d-49af-8197-3dd1050528c4,ESM-2025-02396,LMS-004754
f198f056-810d-4929-b6b7-2603c9ea39fe,ESM-2025-02397,LMS-006263
2e00241b-2bb4-4a3a-b71b-b3d9b20c179e,ESM-2025-02398,LMS-007646
2d0c1278-1782-45bc-aaae-ef5cddeec7bc,ESM-2025-02399,LMS-001881
65861e55-d0b7-40bf-a5c3-21c6c3ffb252,ESM-2025-02400,LMS-006955
db0d1b54-714e-464d-8ce7-5b87f0811494,ESM-2025-02401,LMS-008802
e870c90c-4db0-4ff3-b6e2-bc85464ae92d,ESM-2025-02402,LMS-006614
4c8df2db-a6b5-43b5-a2fb-a4d54940c960,ESM-2025-02403,LMS-006774
6033550a-3cd3-4cf0-9450-679ed49b8642,ESM-2025-02404,LMS-000702
ba8c28fc-9b10-437b-ac1a-e3f1856a2ba7,ESM-2025-02405,LMS-005104
65a3321d-3cae-4d76-85b7-39f27b3146d2,ESM-2025-02407,LMS-004838
0267f01a-6e73-44c3-8e31-df6a7812d0ef,ESM-2025-02408,LMS-004320
ab1c293d-43cc-4374-b0d3-5fe5bc9fc6fe,ESM-2025-02409,LMS-005371
51738b18-82e6-431b-9cfb-72fb06f73b46,ESM-2025-02410,LMS-006741
33d8e10b-b1fc-433f-844c-6a12ca1556e0,ESM-2025-02411,LMS-002085
3f935682-75ba-4dfd-ad4d-83fe6885bdcd,ESM-2025-02414,LMS-006228
851d06b5-ee8c-4dd3-9489-7109c37ae329,ESM-2025-02416,LMS-001736
a0c0cf65-5ea9-4494-b5b6-b74cb08caf36,ESM-2025-02417,LMS-009136
f038501c-7515-4ecd-a819-619c69d5fc92,ESM-2025-02418,LMS-008936
197be014-c001-46aa-9c9f-81f3278ec8c4,ESM-2025-02420,LMS-002581
de303b4e-d436-436a-a593-3ea499d205ed,ESM-2025-02421,LMS-001968
e389607f-140b-4acc-9e15-8bc9d33f02fa,ESM-2025-02422,LMS-000243
a349b318-ee46-4ef8-8d6b-478e60426a4e,ESM-2025-02423,LMS-002820
51871dd6-fa13-4d22-b7ea-6494c5606ae0,ESM-2025-02425,LMS-009163
b8fe76b0-21ac-4bba-b573-7c3f639c68c7,ESM-2025-02426,LMS-009111
dbf7dd05-386d-492e-a44d-70de49f95db8,ESM-2025-02427,LMS-002891
6f49650c-91a7-43d5-b041-36ba1534d5e1,ESM-2025-02428,LMS-004602
2ebf9904-8499-43c4-bce9-a34d2a7c69a2,ESM-2025-02429,LMS-000280
8ae5ee5e-39c5-4a26-b8c2-df70331c77a6,ESM-2025-02430,LMS-007743
956a83f3-a7af-4966-a80f-d5ba8128fc37,ESM-2025-02431,LMS-001259
459fbfff-24d2-479c-98ff-726bf15c7953,ESM-2025-02432,LMS-005731
0143d874-9c94-4382-8517-06a2c3a7eba4,ESM-2025-02434,LMS-007979
d5ba6741-0ed4-461f-a581-4ed03e13e21a,ESM-2025-02435,LMS-006133
db896d36-f58a-47b5-b8a2-914be663d26d,ESM-2025-02436,LMS-008151
73bfbda4-5011-4e1c-9044-3a632982d823,ESM-2025-02437,LMS-005760
437a4c53-f2a5-4455-88f8-6672df2a59d3,ESM-2025-02438,LMS-009082
0a60ecb7-8dd7-4442-9a71-76ae8ba74bb4,ESM-2025-02439,LMS-009293
7525267a-d180-4e72-9a68-67f8a9daf49a,ESM-2025-02440,LMS-006764
e834bf72-4cd7-4a59-a3f5-5c4156857e36,ESM-2025-02441,LMS-007943
a4efc4d6-c000-444f-99ce-ff0c61a1b995,ESM-2025-02442,LMS-001797
87735fa9-e9d6-41ed-bb7e-1786dce72e85,ESM-2025-02443,LMS-008665
70da4d2d-58aa-4058-93e0-cf16f5444955,ESM-2025-02444,LMS-002889
0417126a-92a8-474c-9912-b9188af4f7ae,ESM-2025-02445,LMS-006582
c393a6f8-759d-43a5-9cca-f4d25ace4664,ESM-2025-02446,LMS-005324
c9a1d097-bcca-4293-a70f-d979b68ae536,ESM-2025-02447,LMS-004317
15a30f0f-4885-433e-8807-393bafc54150,ESM-2025-02448,LMS-001047
7e65aaf2-5b4d-458e-a5e6-315ece9fec5c,ESM-2025-02449,LMS-002348
709a811d-3a38-4108-881d-0bb77c0ff114,ESM-2025-02450,LMS-007076
f3a5f996-d3f2-4115-b113-faf6deae394d,ESM-2025-02451,LMS-008780
e76cc08f-2b27-4cc1-b3cb-ffdcaf761eed,ESM-2025-02452,LMS-000686
17f7dfbb-ce15-4248-81e2-ac950c315398,ESM-2025-02453,LMS-009231
5dc87cc7-27d1-4afb-9436-8d94fd174dbe,ESM-2025-02455,LMS-000779
ae7ba468-90c4-4569-b739-966417069b3c,ESM-2025-02456,LMS-002046
e0073581-7a00-44e2-9db7-042b33f4d353,ESM-2025-02457,LMS-007114
7f0239d1-0ee3-4f9e-93b9-fea16fabf7d8,ESM-2025-02458,LMS-003147
2a01b221-e557-4f6e-9c3b-64e6e222d2df,ESM-2025-02459,LMS-008485
2ef92509-66e9-426e-a925-80a3810e4422,ESM-2025-02460,LMS-005120
6cad75f4-b8b4-48b3-a0b7-c2d5edc67c6b,ESM-2025-02461,LMS-008287
2e089c41-6c80-488b-b5c9-4563b491d27d,ESM-2025-02462,LMS-004196
39d81966-971a-474c-b2e4-605320b507c5,ESM-2025-02463,LMS-000417
b2f87237-3837-42ac-865a-7329bc50466d,ESM-2025-02464,LMS-002868
0ef57c40-6070-43ba-8784-5321062cbe67,ESM-2025-02466,LMS-003335
4fbca5fc-d76b-4bd5-8cfc-f18c09478fb3,ESM-2025-02467,LMS-005959
5ad6c3a9-3365-418c-85ff-4f820f281c2e,ESM-2025-02468,LMS-006745
82f064b5-a5f0-4943-ab59-4a7e6b492234,ESM-2025-02469,LMS-000014
2baec45f-8595-44fe-8ac1-9c366c19d50d,ESM-2025-02471,LMS-000735
7dd610c8-e836-47e0-a088-df64ce28961f,ESM-2025-02472,LMS-007892
745b3580-e569-494a-8cbc-5158c19fb44c,ESM-2025-02473,LMS-000844
5d28c1b6-8cc9-44d9-be2d-e82fb712f1dd,ESM-2025-02474,LMS-007878
72268b86-207b-432e-a4a4-5efd0db6349a,ESM-2025-02475,LMS-003976
526cda54-f464-4deb-a9c7-1309981c0269,ESM-2025-02476,LMS-002413
8521ebd3-aab6-4aa4-a279-0be99c07fea5,ESM-2025-02477,LMS-002048
5591706b-8924-4be0-bd0f-70c331dba456,ESM-2025-02478,LMS-006628
45cbd07e-1f0f-45f9-88f4-dd1878881270,ESM-2025-02479,LMS-007391
f16af3c8-d172-46e5-aa6c-b7e5773e07b8,ESM-2025-02480,LMS-008359
5cc739ae-18d9-47eb-ab1a-6d2f40a61398,ESM-2025-02481,LMS-002859
a4ad2e80-cc87-47e9-94bf-f94ab3baf227,ESM-2025-02482,LMS-000133
af50518c-c2ec-47ae-a235-bd2bdec75fda,ESM-2025-02483,LMS-004112
3b51b358-3419-4b97-a5bd-2a2332b8758b,ESM-2025-02484,LMS-001753
d72615e5-116d-46c8-97eb-eb36a5c3280b,ESM-2025-02485,LMS-007697
1fb6fd1e-0e97-47b2-90e2-6b346e33d527,ESM-2025-02486,LMS-008246
6c24210d-74a6-4f42-9ade-7fbb99503b9b,ESM-2025-02487,LMS-002584
791643cc-d0d2-45d5-80ad-0d3354250771,ESM-2025-02488,LMS-006665
3737a12f-1ffd-461b-9565-233d7884265a,ESM-2025-02491,LMS-007474
e933ac3e-aaa1-4cb1-8467-792e403043ba,ESM-2025-02492,LMS-006351
33114a10-733c-41f1-b4ee-97f1843f1f0e,ESM-2025-02493,LMS-000584
bb93575d-5df2-42eb-8cf4-54200dd24d03,ESM-2025-02496,LMS-003180
5bba4122-04c2-4c4f-853e-f0c9e778fe5b,ESM-2025-02497,LMS-007573
98b412c8-c9a7-4495-ab80-1ba12982ce31,ESM-2025-02498,LMS-000632
ce896034-0a6f-4a83-8121-a3d1a017efc2,ESM-2025-02499,LMS-004408
a11195e4-5c75-4da2-8e8f-ea541e4060a3,ESM-2025-02500,LMS-008870
ccfbf085-6577-43f2-8f14-af0e96a1c0ad,ESM-2025-02501,LMS-002698
ca641c27-af1b-48ce-b2a7-8e0a526c24ac,ESM-2025-02502,LMS-002807
a8872518-8918-4507-90bc-b53b74401ed6,ESM-2025-02503,LMS-007625
457143c2-d667-47dc-b52f-eb6c623276fd,ESM-2025-02504,LMS-001222
e06329ba-a28f-4188-978d-47d904e14100,ESM-2025-02506,LMS-005225
94818854-71cd-4bf3-b30e-92d61b942f0f,ESM-2025-02507,LMS-009045
b7ff38f0-0271-4d3c-ad42-0323af6d13b7,ESM-2025-02508,LMS-002662
05c35963-f0a2-4de4-b0cc-6affee021ffc,ESM-2025-02509,LMS-008147
1cf6bbfc-609d-47f0-bd2d-cfa9868cf826,ESM-2025-02510,LMS-002821
072c6c2e-5585-4e2f-8384-d599c53f889c,ESM-2025-02511,LMS-006354
11aa496d-a2e2-49f8-ac92-ab4b9ee8b4fd,ESM-2025-02513,LMS-001205
9af62d27-e4be-4a0a-9961-e4afe3e4a234,ESM-2025-02514,LMS-002790
593e164c-a3d0-4f76-836e-af0851870a4c,ESM-2025-02517,LMS-008955
93b6acc4-2ba0-490e-a4c3-fb7e9e463b2c,ESM-2025-02518,LMS-003024
ed8940d0-8691-42b6-a169-f73c1557f232,ESM-2025-02519,LMS-005068
9926512f-0dfb-414e-a757-9958b441ad3c,ESM-2025-02520,LMS-000264
66f8d0d2-50ca-4b76-9af0-a2af27ff0cc4,ESM-2025-02521,LMS-003217
98f0cd77-e4e5-4222-ab11-c48be2b3083a,ESM-2025-02522,LMS-005987
1a24b337-97af-4a69-af3a-b1b6391389a0,ESM-2025-02523,LMS-008084
c6c0cea2-a7e6-441a-a291-4c01c3f20348,ESM-2025-02524,LMS-003822
b537ca07-8f65-4298-8bd1-9eafaa3ad4b7,ESM-2025-02525,LMS-008142
32e03cdb-ce06-4874-b931-8163690c7814,ESM-2025-02526,LMS-008941
8cdae4e1-da0e-4f25-9238-295418b98915,ESM-2025-02527,LMS-009353
48eadbcb-20af-4b5e-af7f-64fb989fb0c7,ESM-2025-02528,LMS-007623
71d0cb23-90d3-45cc-8baf-89447791b4dc,ESM-2025-02529,LMS-007611
469c674e-3811-4d27-9578-8e45beb9194c,ESM-2025-02530,LMS-009079
359a3890-8461-43eb-a6f6-f9fc085e12b5,ESM-2025-02531,LMS-006840
1eebb013-720f-4522-b7a7-92206b1ef3ce,ESM-2025-02532,LMS-005847
f65f9645-17d5-49bb-9e6d-027dcf573ae0,ESM-2025-02533,LMS-006279
5e328ca7-c764-456d-977c-8d1a1493185d,ESM-2025-02534,LMS-007999
5ae9eedc-fe8c-4d92-b25b-3fca93cbe4d0,ESM-2025-02535,LMS-008969
6fbe841d-e270-422d-a7ed-e5e82c3982c6,ESM-2025-02536,LMS-002477
c938dbe8-0d75-45c8-b0db-30f2b58e379f,ESM-2025-02537,LMS-009377
a9c644b5-15f1-49aa-ac18-a8f345ab6d6a,ESM-2025-02539,LMS-007241
22ed55d5-d3b5-4a5d-aa4a-c27d1570debf,ESM-2025-02540,LMS-007578
b117c766-1b53-4f35-b5bd-490dbe1b9c7b,ESM-2025-02541,LMS-006686
ee5ddbba-5c2a-4bf5-ad7e-27f802b82c10,ESM-2025-02542,LMS-004089
f0c4ea86-92af-48ff-a3b6-0975f2f985e1,ESM-2025-02543,LMS-005284
a179b32d-ebd6-47c6-abaf-e3c8c7103e82,ESM-2025-02544,LMS-007932
a4bb5d3c-0f8e-40eb-b9f8-fcdc2ece40d7,ESM-2025-02545,LMS-008712
1b446508-e278-4d50-8ddc-1d63b051405f,ESM-2025-02546,LMS-002618
dcab429c-b85f-4c91-a98a-3a39e5c3f0a5,ESM-2025-02548,LMS-003883
f3d74dfa-5390-4b38-8fdc-3dcccbc473eb,ESM-2025-02550,LMS-009423
5aef5c1b-c1bf-4d57-a26b-b06929fec383,ESM-2025-02551,LMS-007072
78c8c386-f58b-4275-8f83-5f34d61bd7ac,ESM-2025-02552,LMS-003819
23778372-4eb9-48d2-869a-c9a1295792e9,ESM-2025-02554,LMS-005663
a4a3c46f-2a90-44d7-b939-a073aaec61e2,ESM-2025-02555,LMS-003564
229f9752-fc1d-4437-874b-08a53f8780d3,ESM-2025-02557,LMS-006611
d6e96e77-37b5-4aaf-8027-7db4a8c9e08c,ESM-2025-02558,LMS-000272
b9de0c20-ea09-48eb-9128-08f1a005fe26,ESM-2025-02559,LMS-007695
ef23d4e8-c388-4c8c-9cb4-020e584b3bc9,ESM-2025-02560,LMS-001699
07844379-c93f-418d-9ca0-133cdb8de8a6,ESM-2025-02561,LMS-003123
d1d24840-a54f-44ca-b1c6-bf97359cb6c9,ESM-2025-02562,LMS-005547
c20c0f13-e615-4d0c-84ab-c4af059ec922,ESM-2025-02563,LMS-001149
776145a1-a3ed-4ace-bf20-f237a0a893a8,ESM-2025-02564,LMS-007253
386ad196-6be0-4f66-8045-3299b704bacb,ESM-2025-02566,LMS-008619
a8401275-4697-4366-815e-ff4ce00d0128,ESM-2025-02567,LMS-005814
8e8cdde3-644c-489c-bade-27c622421c35,ESM-2025-02568,LMS-005635
3bd1f131-a882-4b6b-9fb2-089c2326657c,ESM-2025-02569,LMS-000566
305344e7-3872-4b2d-ba1a-4f967394afb7,ESM-2025-02570,LMS-001256
d029ad43-5784-4305-b815-0eaa8a66355e,ESM-2025-02571,LMS-004844
95073a33-f09e-452a-93b0-64681b7b75f4,ESM-2025-02572,LMS-007942
7c8a397c-52e9-437c-bcab-746d9840231a,ESM-2025-02573,LMS-007658
fecdd327-72aa-41f1-97ee-1ece79f2b7fd,ESM-2025-02574,LMS-008029
11af33f8-a6e7-4bb9-8b9e-6bf9c1d0ed76,ESM-2025-02575,LMS-000250
fb9faa32-5349-480a-b225-a2e05488d591,ESM-2025-02576,LMS-005012
936a408e-97b1-4631-9c9a-ddb6955b23d8,ESM-2025-02577,LMS-001033
f5ba3b55-0d64-47ad-a5c5-d35ae027170d,ESM-2025-02578,LMS-007277
104ebaf4-bda5-4086-b413-96fe25e89573,ESM-2025-02579,LMS-001757
9f9924a6-f130-4d13-8049-218df401772e,ESM-2025-02580,LMS-000336
2126ef5b-9d8e-4d4e-a644-8ee800e40dcb,ESM-2025-02581,LMS-003323
92f26349-f078-4ce2-8793-4da8e4c0e247,ESM-2025-02582,LMS-003941
c594852f-0316-415f-a88f-0da5a224e568,ESM-2025-02583,LMS-008981
d4f378ec-9e59-44d9-b17f-89d435d95a04,ESM-2025-02585,LMS-006961
d2d2fa92-08ca-4655-ba26-ed21849b7882,ESM-2025-02586,LMS-008492
934e38fc-c497-433d-b159-b148f99c555a,ESM-2025-02587,LMS-007404
09db38dd-e9e9-4cbe-9d5e-c8131a0378e0,ESM-2025-02588,LMS-005936
28d1ffc8-9a2a-4353-aefe-3ae085ac4a8e,ESM-2025-02589,LMS-006090
f5071e29-a147-44b8-8faa-5370848e66b4,ESM-2025-02590,LMS-005221
8e1896ac-5d72-4fb6-b288-312a67606b48,ESM-2025-02591,LMS-007568
6b743f8a-e41f-4057-946f-a659a09527c6,ESM-2025-02592,LMS-008086
9ee3ec19-5ce3-418c-8f19-737ff1664f81,ESM-2025-02593,LMS-004079
d3d641ba-2694-4690-b368-e94156552459,ESM-2025-02594,LMS-001640
6ccbb337-08c8-4142-9983-1737a4e8b40a,ESM-2025-02595,LMS-000986
fb5c33d2-95a7-48dd-991e-502a03c2a40a,ESM-2025-02596,LMS-003476
52b773ad-ee6d-4a37-806a-bbd2cb533ffb,ESM-2025-02597,LMS-005291
d8fc7332-092e-4b90-ae58-95866b274334,ESM-2025-02598,LMS-005916
84b8b7e9-0dab-45ce-90ec-0e9ae9c28124,ESM-2025-02599,LMS-006610
ede2ac68-eaa6-493e-9aa8-83a17ea4caf1,ESM-2025-02600,LMS-005496
bb6d8ba0-d12a-479f-bf75-410015132939,ESM-2025-02601,LMS-009272
7f456074-8dc8-4392-87ad-72f836f9b69f,ESM-2025-02602,LMS-003222
55674c3e-6a2b-4fbc-8d0d-67513ea85f55,ESM-2025-02603,LMS-007957
14e44132-9351-4dd3-abc4-e86891d7094a,ESM-2025-02604,LMS-001624
e7fd8b0c-aeae-4bfb-ac36-c2fb4257d60d,ESM-2025-02605,LMS-008659
649cab07-7a7d-4051-b0bc-d301190087b4,ESM-2025-02606,LMS-001572
d34661c4-0251-47f6-acd8-95cfbe3592ed,ESM-2025-02608,LMS-008352
017aaac2-928c-47e5-9813-197670c19b98,ESM-2025-02609,LMS-001112
5871df97-cfed-481a-a2da-303dc318e1f7,ESM-2025-02610,LMS-008089
440200e3-6107-48cc-a3d1-7abdaba5661e,ESM-2025-02611,LMS-006648
78081504-1bb9-4ce3-80cf-87ead478d822,ESM-2025-02612,LMS-009469
a708211a-a44a-4546-97d3-43aa61b82cce,ESM-2025-02613,LMS-004168
9ae6c619-2d2b-486d-b33a-084800a8749c,ESM-2025-02615,LMS-002998
d59e39a1-891c-4c73-909c-dafbb5a1fbb5,ESM-2025-02616,LMS-003046
3ea4f0d6-1bb8-4138-bdd5-63260b17e2b3,ESM-2025-02617,LMS-007539
1e8b32b0-551d-4381-bd64-d4c0ecf45989,ESM-2025-02618,LMS-005275
59d351ed-c1b6-42ef-88c7-064bea2efa8b,ESM-2025-02619,LMS-003197
45e6241e-d90b-4d3c-886d-45ac871a7d88,ESM-2025-02620,LMS-003390
704ae716-b3f7-40b0-a05a-71f04e9a15b7,ESM-2025-02621,LMS-008159
373c0e3b-40b5-4e36-846c-001c172ecba2,ESM-2025-02622,LMS-007746
aede162a-0941-4f09-b75c-5c2bfb51273b,ESM-2025-02623,LMS-000596
a5cc66a1-3d7b-4026-9234-4109acff76d9,ESM-2025-02624,LMS-006174
ce9eb2bf-0cdf-474b-bde4-b4832665fa5b,ESM-2025-02625,LMS-000257
cec8aa0d-567a-485e-882e-e18fa4b95332,ESM-2025-02626,LMS-007083
9e393eef-b66e-4c1a-8f3a-467a98f872e5,ESM-2025-02627,LMS-000048
5ffcb02d-ba36-4c67-94d4-3608a80469ee,ESM-2025-02628,LMS-003995
76d7480f-9445-44bf-b0af-8748f02e8478,ESM-2025-02629,LMS-007859
2d8c2c48-18bb-4441-a471-16d0145d6957,ESM-2025-02630,LMS-004042
90fe0f3a-f721-4826-b66d-7f6693c04371,ESM-2025-02631,LMS-001578
2ad7638a-5beb-4b0c-8b47-3c51094552be,ESM-2025-02632,LMS-000733
296f3a51-1149-4e66-aaf6-fc5034f154b0,ESM-2025-02633,LMS-003865
a8159476-1137-41de-bdc8-a662dde06b21,ESM-2025-02634,LMS-002785
38bd1107-3ccd-4ded-9450-67e8d96b6128,ESM-2025-02635,LMS-005418
63305f33-97b8-470f-9dd8-0a621160cdaa,ESM-2025-02636,LMS-002401
28d34666-c107-4491-9639-a30c33f1f71b,ESM-2025-02637,LMS-004817
47dd8eff-dee9-4c5b-8fff-bfe2e3420110,ESM-2025-02638,LMS-003031
b95b4765-f8ef-4691-b668-a5eaa0ac749c,ESM-2025-02639,LMS-000363
d66efef3-69a1-4866-abda-460e34a7d7a1,ESM-2025-02640,LMS-005951
fce4c540-5cfe-40d0-8470-463b70c6c0f6,ESM-2025-02641,LMS-004626
cffdb232-9808-4eb7-9be2-04ccece3609c,ESM-2025-02642,LMS-001262
d14f5747-58e7-473b-b50a-e5d4848bd343,ESM-2025-02643,LMS-003602
97ce4f1c-3d7a-48b2-b5c5-df0448c209d5,ESM-2025-02645,LMS-003591
c9af2818-e988-4253-bddc-ed9069e49aeb,ESM-2025-02646,LMS-001128
ade571fb-5be4-49e2-a83d-463118781acd,ESM-2025-02647,LMS-006565
6b0f0ba8-c240-4398-ab93-eb230a364d56,ESM-2025-02648,LMS-001068
0a220d54-5b22-4910-bd9b-aeeabe0445e9,ESM-2025-02649,LMS-001450
fa631b3e-ef5a-4ab8-b493-49a3eee1c399,ESM-2025-02650,LMS-002743
624c9f99-a67d-4a2a-a816-e49105e64743,ESM-2025-02652,LMS-009053
acc21be6-f786-40ae-9edd-15f3227467ae,ESM-2025-02654,LMS-003058
9a891996-8395-4420-a7c7-14d9060d50ba,ESM-2025-02655,LMS-003434
48fc0b89-bad2-47c3-9531-4d6f88ef721f,ESM-2025-02656,LMS-007824
680d9182-ad1c-4bd8-9212-c96944fa0042,ESM-2025-02657,LMS-000851
00ab5da2-3e10-4a9d-8985-429cdefa74c6,ESM-2025-02658,LMS-009315
b747d001-f0df-4740-a0d2-ceec5a46eb4c,ESM-2025-02659,LMS-007350
0c0a30fa-4f7c-4d21-b99e-2b49f7b87878,ESM-2025-02660,LMS-007517
2dbaafc3-5f6b-4832-b3e5-d878506956da,ESM-2025-02661,LMS-002282
f0719ab0-80fe-4e2e-944b-baf55d10a304,ESM-2025-02663,LMS-001381
8b994b5f-3a3c-4e2b-ba6e-576c832bf009,ESM-2025-02664,LMS-003874
0500287a-6ee8-4b23-b283-6928cba04a3c,ESM-2025-02665,LMS-005498
6e71410b-9bc4-476d-90d6-3088efb21957,ESM-2025-02666,LMS-007411
54873259-d46e-4da2-9abd-2ad53896afdb,ESM-2025-02667,LMS-005590
16d7928f-0e4f-4c0c-8373-1ee056bee892,ESM-2025-02668,LMS-007175
def36933-3078-4f65-bbf3-0374d0af14fa,ESM-2025-02669,LMS-008815
44c59ffb-e6b1-4e2f-8156-38e6f9dcd670,ESM-2025-02670,LMS-002458
8111fee4-2c39-43ae-915f-75eb740a9dd0,ESM-2025-02672,LMS-003114
f9b8324c-f507-4134-8eed-6e7dff64519f,ESM-2025-02673,LMS-008372
39fa6037-91d2-4afb-b76e-2772c3345ae0,ESM-2025-02674,LMS-002252
3973a2fc-9458-41af-a007-e8760fb07d69,ESM-2025-02675,LMS-007729
0ba83383-8ff3-4ecd-8b16-7b5d9f3abff6,ESM-2025-02676,LMS-007028
e860a45c-675e-492a-abc5-85b18c0d251f,ESM-2025-02677,LMS-007675
b96e3d35-60ff-4670-9fc7-3571497de854,ESM-2025-02678,LMS-008923
f3791faf-43cf-4907-ac18-7a5d405547f2,ESM-2025-02679,LMS-003280
a49dff06-f984-4fcc-b529-490afd96c095,ESM-2025-02680,LMS-003722
b3b6a828-6d36-4a58-a42a-83d402697a92,ESM-2025-02681,LMS-007798
d14db570-bb79-4bf3-a564-11107dc34e1c,ESM-2025-02682,LMS-001626
f8b2069b-0f2d-49a7-baed-424e95445c37,ESM-2025-02683,LMS-001878
2af4371c-bf4d-41fb-9b1f-211a4c1f2bd6,ESM-2025-02684,LMS-003729
cca90095-7d7f-4fe8-877e-6e9a933dd7ab,ESM-2025-02685,LMS-002770
ff6a901a-3047-4a05-8637-dc12163aa3e5,ESM-2025-02686,LMS-001254
ad66d890-22bf-4a14-891c-65fcff65d832,ESM-2025-02687,LMS-004514
26b41006-f2aa-4bbe-aeef-0ed8bf980613,ESM-2025-02688,LMS-007402
4f20988c-b183-4a8c-80b2-556880a7719f,ESM-2025-02689,LMS-007305
7a341104-922c-4f83-8ef4-7fab9eb1cc75,ESM-2025-02690,LMS-006109
756d6813-8ed3-4430-9e18-844e7d303cae,ESM-2025-02691,LMS-004034
a77881bc-1d59-42e3-94ee-f157234ef1d8,ESM-2025-02692,LMS-002177
750974b8-2b80-47b3-b473-240dc510a54f,ESM-2025-02693,LMS-007835
77ebd1ef-3027-4a71-823b-eab0a62c1d6c,ESM-2025-02694,LMS-009180
a4762ae9-3a92-4cb6-b3ed-8967ad46a08d,ESM-2025-02695,LMS-000906
db4fffbf-5790-4138-bc80-1e3319c098d3,ESM-2025-02697,LMS-004517
cf10fecf-c3df-4db5-972d-791da0c1cd2e,ESM-2025-02698,LMS-003561
5946a44e-c715-4217-85c0-b5ca1e3b1156,ESM-2025-02699,LMS-008107
f83f4b05-e938-4b2b-bd11-b8bed4b92386,ESM-2025-02700,LMS-005812
3cfd7ba0-c6a5-4dd7-b3c9-e93d35ce4502,ESM-2025-02701,LMS-003360
85082f58-6a13-422e-88a8-b1ead7d354ab,ESM-2025-02702,LMS-000442
82609f51-2abc-460b-8030-e3519ac52203,ESM-2025-02703,LMS-005255
398384ba-1b60-4f06-ac85-8f65e18c29c6,ESM-2025-02705,LMS-002597
4cbc6de2-b405-421f-bd77-c82f5a630c6b,ESM-2025-02706,LMS-008251
ff12070e-2898-48ed-9d61-61d89655c9e3,ESM-2025-02707,LMS-005097
20c14cdf-ea1b-40df-bac3-6223d0c351d7,ESM-2025-02708,LMS-000743
dec8a8d3-abfe-43b8-9cf0-dc893be3b301,ESM-2025-02709,LMS-002436
61d4c04e-5fb0-4bab-b949-c64b90993e2f,ESM-2025-02710,LMS-008070
ea191fe4-0139-4824-bf67-af02c32a4b76,ESM-2025-02711,LMS-007819
8ab41549-6a51-4cb8-88f9-201418073149,ESM-2025-02712,LMS-002931
4b57f3f1-5df0-4808-874e-357cf9c8c1a7,ESM-2025-02713,LMS-005535
5b55c5af-a29b-4988-8af5-d644e1a3626e,ESM-2025-02714,LMS-002981
781f655f-0b40-4f2a-921a-6e2d6fdba132,ESM-2025-02718,LMS-002008
53e5bf8b-46d3-440b-a8d3-f532564b5d6b,ESM-2025-02719,LMS-009125
b40ee8f8-1ca3-4c6f-8e7c-3d1ed25d4985,ESM-2025-02721,LMS-007394
994699b6-69eb-4e46-8111-950dcc0d4609,ESM-2025-02722,LMS-008375
9a53d7e4-9937-425c-ac4f-cbabe5c8280e,ESM-2025-02723,LMS-005428
dfd1ca61-40c2-4fbe-b146-050438d59a7a,ESM-2025-02724,LMS-002106
20033742-f83f-4c66-8d6e-f4e6bf75ea2c,ESM-2025-02725,LMS-007550
9adccfbb-b2f8-4326-a599-2010e462fcdd,ESM-2025-02727,LMS-001289
8f499cbd-471e-4d4c-ab55-378cf7573eea,ESM-2025-02728,LMS-000487
5d84ad7c-50b4-494a-846b-407d253b5526,ESM-2025-02730,LMS-005885
f32f5217-83bc-4a67-9347-d2ab4bdc9105,ESM-2025-02731,LMS-008888
287c1bc9-ceb9-4cfe-8b38-ead135e76610,ESM-2025-02732,LMS-009190
56ef5faa-9bab-4f90-b995-71ffb9066fcf,ESM-2025-02733,LMS-009475
09a071ca-56af-4244-ab70-d893b49c03cb,ESM-2025-02735,LMS-001980
7bb6d0fd-aab4-4de1-a4af-12519f85f5a6,ESM-2025-02736,LMS-008353
7cc32db7-a647-4f52-acb2-8a7d6717ac81,ESM-2025-02737,LMS-002971
3ef01bb4-2701-4383-94af-cf03fa91da45,ESM-2025-02738,LMS-004768
ac224709-4c11-4ba7-bdde-9213fa827ae3,ESM-2025-02739,LMS-007546
38e35e0d-4a94-4bf7-b93a-9c0cf9b4f2f5,ESM-2025-02740,LMS-001519
0c20a0a1-736a-485a-944c-7b779858aff9,ESM-2025-02741,LMS-008950
ba6e36d2-043d-444d-800d-61c5ca696991,ESM-2025-02742,LMS-006479
5678c072-1f27-4827-8adf-e8d27cd69d11,ESM-2025-02743,LMS-007493
e48b2662-a8d2-4025-85fa-e11b682a9dba,ESM-2025-02744,LMS-003925
5c0ce5c2-ae70-4907-99f4-3308b3d0116f,ESM-2025-02745,LMS-000657
b61b8940-257b-474e-be1d-3c7945ca4eca,ESM-2025-02746,LMS-005831
a5d0c688-1798-4c26-8d3d-5320eb70bc3c,ESM-2025-02748,LMS-003157
86c13917-cc93-4222-af0d-61b5870ab816,ESM-2025-02749,LMS-004679
59bb2c8a-5655-401e-be5a-d7a4d6d1a5b7,ESM-2025-02750,LMS-001984
21ca56fa-e138-4873-9b1e-232c28adb67e,ESM-2025-02751,LMS-002454
08331843-d5c1-4e66-a8b5-30220aa0bf95,ESM-2025-02752,LMS-005875
fde2cf17-0240-44fb-b339-30b74608577c,ESM-2025-02753,LMS-007407
51e352cd-9be7-455c-96f6-1392d1653767,ESM-2025-02754,LMS-002679
eb863562-3bde-4fc6-8098-49e138b648f9,ESM-2025-02755,LMS-001024
f0a15346-6f24-4b92-a625-7d48b93cfe40,ESM-2025-02756,LMS-002356
3ad4b5ac-558c-4332-96d4-ff1cf970ecc5,ESM-2025-02757,LMS-009202
c9a01ae6-97fb-4c32-8388-2be0adb68dea,ESM-2025-02758,LMS-000710
8d36b751-0fd2-4ced-9c64-edcab80b64f7,ESM-2025-02759,LMS-001922
d103f40a-2b54-448c-bf3c-f4831a2574d7,ESM-2025-02760,LMS-006310
857204ba-ecef-4dee-82ee-8ba4475bd498,ESM-2025-02761,LMS-004868
716357e2-86c1-4468-aeea-4c0821505f17,ESM-2025-02763,LMS-008820
d6da3ed8-6601-4d73-a6b1-07d9a7f00d00,ESM-2025-02764,LMS-004994
ce23ef39-ef22-40c8-994c-04fde1168ecf,ESM-2025-02765,LMS-002840
6c1cd9dd-d477-423c-938a-9d7e281516ee,ESM-2025-02766,LMS-008611
8459cdf5-a9c2-467a-8fff-f998783975ca,ESM-2025-02767,LMS-004964
6730f29b-4b7c-46e2-a10a-1a71d18032aa,ESM-2025-02768,LMS-006650
afe1653b-bc88-4431-a776-2df24270c453,ESM-2025-02769,LMS-007728
57db31c1-9785-47c2-b39b-b99990573fb9,ESM-2025-02770,LMS-001987
1fd64343-fecf-4e8e-a271-0e6bb0a52474,ESM-2025-02772,LMS-004041
34340fcb-ab3f-42fd-9d38-1c8b8560a549,ESM-2025-02774,LMS-002713
d264af5f-bb1f-49e7-8e01-6b1330f32ad3,ESM-2025-02775,LMS-006747
e8470f64-9d40-40ed-bb88-5abacaf25322,ESM-2025-02776,LMS-002500
30eb116b-ba26-4662-9aad-5876af768447,ESM-2025-02777,LMS-005550
f1693278-600c-4448-9839-88d714e59a87,ESM-2025-02778,LMS-007969
5e5bfe81-940d-4bb5-81b2-4e3574db0d0b,ESM-2025-02779,LMS-003103
da07f939-25e6-4f11-8c4d-9bd930927959,ESM-2025-02780,LMS-007204
366bfb75-ac46-488e-8ede-d9c413a50500,ESM-2025-02781,LMS-008885
ad24876d-0054-4fe7-8b9c-e37a76888a9a,ESM-2025-02782,LMS-001800
18074e25-a432-4bea-814f-46a04955e0cc,ESM-2025-02783,LMS-000082
1ae73699-2cba-4351-81e0-23f812588563,ESM-2025-02784,LMS-001509
ff51c519-a5ab-484f-8747-dc5dc30767a0,ESM-2025-02785,LMS-001897
d6ad3f51-9ce7-430b-8dea-ea3702282db7,ESM-2025-02787,LMS-004203
b2f6720e-66a9-4c3a-87aa-19d93a878368,ESM-2025-02788,LMS-006931
99f97f37-89bf-43f0-b01f-5c174acd0c0d,ESM-2025-02789,LMS-004078
7a81fb09-2a33-4b75-8728-12409444051d,ESM-2025-02790,LMS-001162
20fcdd12-035c-4136-9242-52cde15fba03,ESM-2025-02791,LMS-008199
535eef9c-d842-4293-8502-8048c4b3306d,ESM-2025-02792,LMS-009007
3cf0d9f6-d400-4ab6-bfc6-74b772b7aedb,ESM-2025-02793,LMS-002309
bb56bb9d-933b-4923-be84-77c0e4234ef6,ESM-2025-02794,LMS-006967
3dfc1385-93f6-4adf-8855-5530afb8653a,ESM-2025-02796,LMS-000647
81fc50fd-3890-4288-978d-f814139772c3,ESM-2025-02797,LMS-008255
ee384ac8-299f-4bc4-a71f-57689019c08e,ESM-2025-02798,LMS-001920
24e53459-c33c-4de3-bbb0-c94424927d16,ESM-2025-02800,LMS-001261
8bfd2d70-670f-450e-b6ff-4a32edfd7cf5,ESM-2025-02801,LMS-009373
30a05048-e227-49d9-8ae3-0113b8931773,ESM-2025-02802,LMS-002171
1176b56f-a6e1-4ed3-8dc2-844504d4d89c,ESM-2025-02803,LMS-001464
870fa2c6-c6c0-406b-a40f-77c8de2a6a80,ESM-2025-02804,LMS-000678
5a5376aa-8377-4766-a3f9-5d36bca6fd95,ESM-2025-02805,LMS-006851
0b02606b-7d96-4cb6-b80b-0a64d19c6431,ESM-2025-02806,LMS-001715
c7a4d6a8-ebce-4721-943e-8301fbc75593,ESM-2025-02807,LMS-006692
b2536e51-572b-436c-b205-6d02f904599a,ESM-2025-02808,LMS-004802
84998716-1ac8-4412-9ce7-1ac457579b6b,ESM-2025-02809,LMS-002575
c0a97b43-e7a6-43cb-80b0-4d917cf01002,ESM-2025-02810,LMS-007704
6f33563f-ef65-42dc-a9fc-361b37d33e1c,ESM-2025-02811,LMS-000258
853c169b-850d-4af0-b4ff-a6bb460ef6ab,ESM-2025-02812,LMS-004174
f3461784-1d93-4cc8-ad54-cb37e23bf2f9,ESM-2025-02813,LMS-008823
e1fffe1e-ea85-4611-95ec-972fe439ec6b,ESM-2025-02814,LMS-007566
79213069-c127-4ce8-9572-631d2cb6758d,ESM-2025-02815,LMS-001542
0564a3cd-b584-409c-99a5-814141bbb82d,ESM-2025-02816,LMS-002906
85a4f067-dc6f-44e0-a769-d06c060aa104,ESM-2025-02817,LMS-009493
c177e655-ebfa-4284-9969-73b5c123076a,ESM-2025-02818,LMS-004197
39c17380-1d41-40f6-937a-ff5575e5c9cd,ESM-2025-02819,LMS-002079
c37d6b00-b90b-4251-841b-ccbbcf4cd175,ESM-2025-02822,LMS-000805
224a3884-eeac-49fa-8645-d6825575ec20,ESM-2025-02823,LMS-008688
3f57429d-7c46-4292-b0f6-ad12925cb09e,ESM-2025-02824,LMS-003380
b97fa3f1-ecdf-4fc7-bd54-24b9f6447e66,ESM-2025-02826,LMS-001392
5e3e3069-a577-4f9c-9e50-ca0a1ddf10d7,ESM-2025-02827,LMS-007045
23b762e7-a24c-4a65-95f0-aa1f14edaaa4,ESM-2025-02828,LMS-004220
cb3d72cc-4e75-425d-9ac3-748b8a264565,ESM-2025-02829,LMS-004288
1ad4b4a7-980a-4f69-bb47-300375d9b9d0,ESM-2025-02830,LMS-007314
70e9a867-ae9a-4aca-96e9-6545832de648,ESM-2025-02831,LMS-003288
7be83e56-2778-4242-8db8-f7ad771c8c43,ESM-2025-02832,LMS-004539
ee66e4e0-5c0f-435a-bf1c-8f1775e0f985,ESM-2025-02833,LMS-004922
2bb96fed-bd36-44b4-a8f6-2b2237be742e,ESM-2025-02834,LMS-007220
71207b00-cba1-4b46-99bb-b4d0a85109ca,ESM-2025-02835,LMS-001523
cf0d7dc1-fc34-46b6-abe7-917d706e6bba,ESM-2025-02836,LMS-006010
015d7308-7d4a-4f5a-8bb9-ff5b90c239f4,ESM-2025-02837,LMS-005220
0306aeb0-cabb-4c7b-98b8-2745dc458011,ESM-2025-02838,LMS-005076
d9865b26-f703-4e6d-aa35-5dbd893d4917,ESM-2025-02839,LMS-001517
013a9619-db67-455f-8a84-6e6541044761,ESM-2025-02840,LMS-004194
21478d31-45e4-48f1-898d-07dab92e2222,ESM-2025-02841,LMS-000875
e32f36c3-21c9-4f40-9c09-f247c60245e2,ESM-2025-02842,LMS-003810
fc7fcff2-9ad3-4114-b0b0-9464516069b6,ESM-2025-02843,LMS-004967
c29f95e2-5138-4e3f-a384-b879fd498d7e,ESM-2025-02844,LMS-004546
95e77b6f-ad1b-45a1-a692-e482d2f764cd,ESM-2025-02845,LMS-006505
3f8fbb04-f074-48b4-8e84-4390bf2d3379,ESM-2025-02846,LMS-008933
8012c8fd-9b46-4572-b07f-0cd77c68a669,ESM-2025-02847,LMS-003073
2045800f-b9b2-49b6-8081-d388bae88444,ESM-2025-02848,LMS-007059
5390a24b-6c12-4f71-a7bb-129cc30582c9,ESM-2025-02849,LMS-008435
1ce83f87-8495-4c29-889c-03e40d7159b8,ESM-2025-02850,LMS-005516
97637da9-fb29-43fa-9327-0e0859239866,ESM-2025-02851,LMS-000092
2e7b7147-faa3-475a-8f72-e328cf2b1e5a,ESM-2025-02852,LMS-004113
ad522980-df36-4b94-9176-170d7635fd55,ESM-2025-02854,LMS-005837
97c48689-f373-413a-9196-8f32083dd48f,ESM-2025-02855,LMS-004776
a166c465-c9b9-4d80-a945-e773439e3535,ESM-2025-02856,LMS-000153
a723568a-4e42-41f4-83a5-fa74fc573460,ESM-2025-02857,LMS-007178
ea567554-6330-4378-a28b-27e09da2c10f,ESM-2025-02858,LMS-005160
aeb414a4-75f0-4e63-a6ca-471557bc36f0,ESM-2025-02859,LMS-009325
fc6e296d-69e3-499c-ac06-30f94e0275d9,ESM-2025-02860,LMS-003141
1382df29-2f46-44d3-8863-a913f86f4bfa,ESM-2025-02861,LMS-001557
e2034efb-28fb-4285-abd3-816697c9997c,ESM-2025-02862,LMS-006973
b03d84e0-eb8a-46de-846d-312abae2604d,ESM-2025-02863,LMS-002135
302a3159-80b7-4d70-8692-6eb541d5a08d,ESM-2025-02864,LMS-000997
24a062a0-3d02-4859-a93d-a934f77daa76,ESM-2025-02865,LMS-006668
0adcb4d2-dbcf-4705-82ca-479b80901f88,ESM-2025-02866,LMS-007298
1f455eb2-8186-44c7-8ab5-e4ef9eb27d67,ESM-2025-02867,LMS-000955
0964ef2c-80de-4554-9b4d-50d914c6b0d3,ESM-2025-02868,LMS-000426
bcb88cb5-a9ff-45d7-9873-a310f31501ff,ESM-2025-02869,LMS-004442
f0e9ccd5-e36f-43d5-97a8-ee9342290948,ESM-2025-02870,LMS-007287
02a4b205-63a4-41ff-9b38-1d8d6ea1b7b4,ESM-2025-02871,LMS-002247
4a8bdc58-9d60-4dc0-85bd-f4826ccdf54e,ESM-2025-02872,LMS-003319
0790d5d9-2a82-490e-bfdb-d3fff096c576,ESM-2025-02873,LMS-006232
a0e1c0a2-fb20-41ec-b985-1f9282fbca5d,ESM-2025-02874,LMS-002934
fd4571ab-89aa-45e4-b10d-1bd5cea851a0,ESM-2025-02875,LMS-006386
bfc7f4ab-dc44-4560-8e29-ad63c250b68b,ESM-2025-02876,LMS-001977
cfc52b8f-050b-41df-8280-4d15676e4a09,ESM-2025-02877,LMS-002083
9dfdc45e-dc99-4ba5-b1a2-d47ccd987ff9,ESM-2025-02878,LMS-008447
e2fbdd1c-41f3-44f5-b187-b3a25ad7a773,ESM-2025-02880,LMS-003901
fb0ee031-3cbf-4e4f-a49a-9928c11181fd,ESM-2025-02881,LMS-001974
b6351e8b-7092-4a8f-aaaa-62adfa7045d4,ESM-2025-02882,LMS-006419
3dda06b0-57fa-4482-b2fc-912e92e2f97e,ESM-2025-02883,LMS-007603
a4ab945b-eae8-409d-a6a3-9581a6c7ee6c,ESM-2025-02884,LMS-005146
116ad5bb-baf3-44d2-8b68-9a697244815d,ESM-2025-02885,LMS-001712
6b462005-7846-4267-8d75-6de518a7f7a6,ESM-2025-02886,LMS-006149
1e019770-7d46-4890-b6cc-ef759bc60717,ESM-2025-02887,LMS-006483
67c0da44-a64e-4210-8151-242336c1e669,ESM-2025-02888,LMS-007901
2c953507-0e3e-4a6f-9fb3-3004fc339df5,ESM-2025-02889,LMS-003511
4a077103-1742-4f5c-aa88-993ecacdc791,ESM-2025-02890,LMS-005565
ebd33cf6-0311-4a5e-b2ac-ed9e12f02a2d,ESM-2025-02891,LMS-000061
6e69e6c1-c6b7-471e-b972-785bfe2a2634,ESM-2025-02893,LMS-002207
f4bc1357-608e-46e2-9dec-132e823deaf8,ESM-2025-02894,LMS-006070
f2c13891-c695-448b-96d3-bcf366468af2,ESM-2025-02895,LMS-002501
c930bb81-8599-416f-91d1-e0e213c8e742,ESM-2025-02896,LMS-008967
5c05557e-b963-4bcb-bbf9-5b10c01c9aa9,ESM-2025-02897,LMS-000537
cc1bfd52-3100-414c-88dc-4c88d08f8474,ESM-2025-02898,LMS-005803
9a540acc-3a2c-4a93-9d1b-b2725e936377,ESM-2025-02899,LMS-003531
b3ac152f-1020-4e0a-97ae-542067a579c2,ESM-2025-02900,LMS-003654
4bc90fc2-ea5b-4560-bfc1-8b39b7115442,ESM-2025-02901,LMS-009347
4a6acfd3-98aa-41ee-b647-bece2a288c12,ESM-2025-02902,LMS-005587
2f1b0cb4-b68e-42ca-8f24-f9c93d3f9ca6,ESM-2025-02903,LMS-003341
cd560187-38e0-458e-ba18-1ddcd922eb17,ESM-2025-02904,LMS-009295
f80249fd-9883-42ef-8631-e681c6a51a66,ESM-2025-02905,LMS-000151
48aded09-cbec-4f7f-aceb-17b7eddea1b8,ESM-2025-02906,LMS-003619
292d2ef4-5389-4549-9469-b177137b46d5,ESM-2025-02907,LMS-002632
ccc6955d-5d0d-4f8f-add4-cc5106dc5231,ESM-2025-02908,LMS-003762
a0a380f2-8548-4923-bfcc-817e32910b6b,ESM-2025-02909,LMS-005799
812826d8-c462-460d-8bb2-6afb5eb0dc92,ESM-2025-02910,LMS-008032
36d2373b-c13a-4753-888e-dc602605e7e5,ESM-2025-02911,LMS-007066
526a6124-96a1-4f0a-93ce-4a9df3b2b183,ESM-2025-02912,LMS-000025
35cdb45c-bd9f-45fe-b968-786523af865b,ESM-2025-02914,LMS-005370
57ba563c-6260-4bda-80b4-828767a63468,ESM-2025-02916,LMS-005322
7e28a90c-6152-4285-9aae-94f11a8ac02c,ESM-2025-02917,LMS-008438
5d0d0cf3-13aa-4ba5-a134-265c957d2acb,ESM-2025-02918,LMS-007700
18e0a1b6-3113-4e10-9b20-dbd731ce89ac,ESM-2025-02919,LMS-008420
c78cd6ef-09e3-4891-85d0-c5ef8516f34c,ESM-2025-02920,LMS-008566
e88af377-67ac-4790-b269-e6af9846a203,ESM-2025-02921,LMS-007672
47ae602d-d0d8-4395-8aef-58045ac1d191,ESM-2025-02922,LMS-002161
15dd720d-34b2-4913-a8a8-69e44b48a6fc,ESM-2025-02923,LMS-008088
69aa9441-40af-4501-a6c2-cedcfe5f046f,ESM-2025-02924,LMS-008464
1010699a-308a-4a97-b37d-85b61fd5c94c,ESM-2025-02925,LMS-005424
828608da-d8bb-4318-80f7-f842629e310f,ESM-2025-02926,LMS-001248
c7bcb398-61b7-4c0e-8d63-a02cd3d03342,ESM-2025-02927,LMS-005017
16aca432-92d0-478e-98e6-d52a1cfb1d0f,ESM-2025-02928,LMS-003785
2b85d368-b68c-40d6-8aea-7582b2e5c3d8,ESM-2025-02930,LMS-000288
6357f5b7-ee5a-41cf-b427-d6a726efb301,ESM-2025-02931,LMS-006492
fb018953-9a8a-4f2d-8ddd-fcec39607d1e,ESM-2025-02932,LMS-007304
dd87ab8e-d788-4395-aaec-2d9240366a85,ESM-2025-02933,LMS-003212
d73f9af3-de84-4042-a74c-606cb025d33f,ESM-2025-02934,LMS-006651
d65e4695-d3df-4f76-84f4-f6ceaaa1d20c,ESM-2025-02935,LMS-003964
3a663bbb-b864-4322-b5ca-c8ce77f31d53,ESM-2025-02936,LMS-004337
f44844e5-f4a1-4568-a5d2-1f39f8348042,ESM-2025-02937,LMS-002211
8eb5607f-dbcf-4ea0-b9ed-325bdb5a3150,ESM-2025-02938,LMS-002522
caa1c1fc-9c85-414a-be94-1033a5d1df27,ESM-2025-02939,LMS-003496
5033982c-9d34-429e-998d-f86b050f0e80,ESM-2025-02940,LMS-007674
f236a41a-376a-4f4a-83d9-aa4bde7172c5,ESM-2025-02941,LMS-005134
9ab3e0e9-630e-44fb-9cbe-37f4c0b2ccd2,ESM-2025-02942,LMS-006387
a419787c-7105-493c-bbec-c758a5039488,ESM-2025-02943,LMS-001854
d3b465e8-6781-483c-89e3-706f7f60c6da,ESM-2025-02945,LMS-004760
ba59100f-58f0-4396-b97e-cb35d64b1bfa,ESM-2025-02946,LMS-007285
9b2bcbf2-970c-4c41-a1e6-a70a184de652,ESM-2025-02949,LMS-000782
eef6d924-07d8-4bb8-a1ce-0540151ace63,ESM-2025-02950,LMS-004557
b5655a7b-1982-46bd-9564-12fae71f01eb,ESM-2025-02952,LMS-000563
d2ce4875-6a20-4f53-96db-3442573e5be9,ESM-2025-02954,LMS-001456
e4469a3b-b156-4a48-827e-a088416fc8e2,ESM-2025-02955,LMS-003808
b435d8f7-b45f-43fe-9175-7ef9965ef2d1,ESM-2025-02956,LMS-009322
21edacbd-616f-4107-a40b-4a21529dc2ce,ESM-2025-02957,LMS-006670
86e19bb9-31d9-4a7e-a3c4-ade41e80845c,ESM-2025-02958,LMS-000093
0bf34c28-000d-45c8-9720-cffb8df8f885,ESM-2025-02959,LMS-007005
aa14ad20-56de-4888-a099-82196fea77c6,ESM-2025-02960,LMS-009094
79059a4a-c429-401d-9dfe-ca914d326ec3,ESM-2025-02961,LMS-003916
1ac66919-6ead-4f4d-b0ad-a051d2d6a614,ESM-2025-02963,LMS-000826
113e96fa-5b24-4bfc-a979-0dc2f36ea6ff,ESM-2025-02964,LMS-008829
75ffab03-f4b0-4a74-840b-2ddd648d1bd3,ESM-2025-02966,LMS-008481
4eb2f14f-0b41-4cd9-a94b-0e636e227385,ESM-2025-02967,LMS-002287
b40ae537-af23-4092-9dc1-d563e45d6d02,ESM-2025-02968,LMS-001405
c3b0ecb2-6b8a-4228-b013-21fb60a70543,ESM-2025-02969,LMS-001250
fa417ec5-31ec-4a54-9fdb-8b9dd10855ba,ESM-2025-02970,LMS-007198
b8da2f0b-7cda-4aaf-b31b-ed5ec11f886e,ESM-2025-02971,LMS-001165
8fe2390b-707c-49fd-901b-bc9ed1851c4b,ESM-2025-02972,LMS-002215
3621e5c7-e1cc-4bfb-acfb-633505316c9a,ESM-2025-02973,LMS-008549
dd73c06d-cdee-4609-82c6-674ae2e12643,ESM-2025-02974,LMS-008674
fc2f862d-406f-40ad-ab55-2c9e26e0c201,ESM-2025-02976,LMS-006685
cc176856-2bb3-484c-a3e0-02278e37220c,ESM-2025-02977,LMS-007185
8a7484d5-0386-414d-b42e-542eb3abd3f4,ESM-2025-02978,LMS-004864
d55b72ae-e73a-4c5d-bc49-cfedb654b134,ESM-2025-02979,LMS-005235
3eab55f4-4d49-4fd4-bf07-5ca8de686791,ESM-2025-02980,LMS-009334
0d7440bf-58d7-4a0f-85ae-3332e2404c92,ESM-2025-02981,LMS-003526
132cedf7-1022-4945-8fb1-f9f17d63d431,ESM-2025-02982,LMS-001633
5c3f8eb8-3771-486e-8336-357d9d74217c,ESM-2025-02983,LMS-005292
f99ab918-0a1e-4265-905f-bec05d9e67e0,ESM-2025-02984,LMS-005599
3aec99f5-e4e0-4641-8400-3ae78123a2df,ESM-2025-02985,LMS-002710
4227c77e-846b-4649-a347-907175593de0,ESM-2025-02986,LMS-002810
3ec7beba-16dc-4282-86b9-d9ab83651570,ESM-2025-02987,LMS-006114
8d7e072f-b0c9-4d10-80ee-8bc6187e2aec,ESM-2025-02988,LMS-001741
4e913b34-100f-47d8-a1d1-af9419d11532,ESM-2025-02989,LMS-004589
fe334964-2920-4e65-bf02-4e1cf1ee52a1,ESM-2025-02990,LMS-006992
e4556291-4a4d-4357-873b-9132c4548885,ESM-2025-02991,LMS-003204
ddc66378-1145-4739-bada-387f508d4153,ESM-2025-02992,LMS-008311
d9f5c5bf-73e1-496e-b25a-5fc906326776,ESM-2025-02993,LMS-008123
21782358-af64-46dc-ad94-33e763445953,ESM-2025-02994,LMS-001347
728a0448-8a91-4fe1-8ca8-a2c6c8217818,ESM-2025-02995,LMS-002467
8d187fc8-8df3-4991-8747-49fa3510c356,ESM-2025-02996,LMS-005212
3afbaa23-c179-46af-aca9-608256652a4a,ESM-2025-02997,LMS-009375
56c7b774-adff-4921-a5e4-dc91d420bfdd,ESM-2025-02998,LMS-008027
76f71af5-9e66-44e8-8194-c0d65e5d64f7,ESM-2025-02999,LMS-002603
877c885f-cf26-4355-8fbf-3deb2415a499,ESM-2025-03000,LMS-005666
0524cb3f-717e-4926-baef-5fc4762f5830,ESM-2025-03001,LMS-008238
94dfb0ee-2ba7-4fdf-a99a-798ed2d1dfb7,ESM-2025-03002,LMS-008171
ac28a6af-3ca9-40c4-a113-081797c33412,ESM-2025-03003,LMS-007109
9debcf8c-f85d-4f98-95d0-f98b540f0c83,ESM-2025-03004,LMS-003585
f4834f66-5a79-4e70-8310-2d271d9cc685,ESM-2025-03005,LMS-001898
773676c6-420d-4905-8ad2-403f9035a9e6,ESM-2025-03006,LMS-002388
5e27c625-8bc9-46dd-a1c8-bb46d03b5d12,ESM-2025-03007,LMS-008814
e16630d5-2afc-479b-8cc4-531855147524,ESM-2025-03008,LMS-007012
ffc889f9-bf55-4ccd-a059-6a48449da0f4,ESM-2025-03009,LMS-005759
921de8a8-6826-4fbe-8653-80af5787029b,ESM-2025-03010,LMS-008281
c1652016-da3e-40ea-996e-9a49cc29715c,ESM-2025-03011,LMS-000900
f3e414b9-94a9-4e5b-a910-261fd19114b5,ESM-2025-03012,LMS-005183
18f0ddb6-d82d-46c8-832b-58c544fd987b,ESM-2025-03013,LMS-001889
6221e49a-363e-41b1-aeed-dafc4e956ae5,ESM-2025-03014,LMS-005106
90be5d47-45ef-4fb3-9010-b06c8d521f97,ESM-2025-03015,LMS-005956
ba1d0aa5-2f5d-4ecf-88e3-d251d0e1db8e,ESM-2025-03017,LMS-004011
b1ff5158-6f7d-4f80-9234-c61cee486dbf,ESM-2025-03018,LMS-008792
d1b26b55-ab57-4e33-95bf-4dddd500ecc3,ESM-2025-03019,LMS-009071
919adbdf-3558-4ba8-b436-a655d545f9cf,ESM-2025-03020,LMS-007506
e35f8279-d693-48b3-9a72-06043132de0d,ESM-2025-03021,LMS-002598
2823f612-93d3-4f7e-9857-d0ccfb76801f,ESM-2025-03022,LMS-006247
b17ffdf1-28cd-492a-91fb-e1714dd2d95f,ESM-2025-03023,LMS-004806
2299f079-ffe0-4652-83c6-22fd0d2b8bde,ESM-2025-03024,LMS-005028
dd1939b8-a5c8-424a-8ca7-84423c93759e,ESM-2025-03025,LMS-009146
a258b1dd-0892-476a-8f68-bcdf2c4ac3d8,ESM-2025-03026,LMS-001369
465ed0da-f4e7-45d2-b14b-89f67415b8ec,ESM-2025-03027,LMS-008719
6f6c30f7-9eea-4256-a4ce-06b60c5ebd78,ESM-2025-03028,LMS-008426
96182db4-fdd2-4e42-b368-25ab7e583671,ESM-2025-03029,LMS-009470
15b1bbb2-07b5-4704-9860-192726d40c15,ESM-2025-03030,LMS-000799
e64a4636-c399-4a6c-8421-634512f85392,ESM-2025-03031,LMS-006490
9e15fec7-c2c9-40b6-9128-42b10ea63088,ESM-2025-03032,LMS-004823
5d6b3865-59d0-4439-b53e-5685212c0669,ESM-2025-03033,LMS-001527
6e6b400f-4525-40d6-bfbe-86d342b9b650,ESM-2025-03035,LMS-000403
e14e8f52-0aba-43b4-a9ea-0e6637c81a9e,ESM-2025-03036,LMS-005172
3b4d43e4-5f71-4415-a9d9-d9aabaa4fdde,ESM-2025-03037,LMS-001709
650e4982-e6f6-43a2-953d-faa5e19c135c,ESM-2025-03038,LMS-005827
d3350251-d381-43a4-a390-0d9175d6dfba,ESM-2025-03039,LMS-003338
4fd16e0b-74f2-4f4b-876b-70506c7d55e3,ESM-2025-03040,LMS-002495
1396a97a-c5de-4145-a5f0-b8e5602ec33f,ESM-2025-03041,LMS-004831
7fed3d74-d72d-47b6-9397-20dc6a1b9973,ESM-2025-03042,LMS-008474
188acf0f-8e97-43d2-9008-5a75a6467c32,ESM-2025-03044,LMS-001279
839ce3e0-805f-470a-af0b-64ee0b69aea3,ESM-2025-03045,LMS-002753
f395512e-7de4-4deb-bf97-593b020388ad,ESM-2025-03046,LMS-003095
2ed3e3fb-dd28-4a62-b179-61778c10aa70,ESM-2025-03047,LMS-003811
4e8771d7-e4ab-468d-94d4-eff64717784b,ESM-2025-03048,LMS-008699
c3c687b1-3fec-4d7b-b7e4-37da693dd35c,ESM-2025-03049,LMS-008931
a8824657-78af-48c9-bfa0-81fd0c57ea3c,ESM-2025-03050,LMS-006423
f35fcafc-bbe8-4ca4-8db6-a068a4796291,ESM-2025-03051,LMS-003072
4dd13f5c-b13c-4cc0-9c24-fdab3ab40fbf,ESM-2025-03052,LMS-002732
5cdd67c2-4931-43ac-b26c-9736b43780be,ESM-2025-03053,LMS-008347
24748914-e349-4e51-b3f9-6945ed9ffc02,ESM-2025-03054,LMS-004952
8fe0b32d-d6a1-41da-809c-d0bf6281ba3f,ESM-2025-03055,LMS-007845
8db4ddf0-8e4a-4521-bf43-ec01239b149b,ESM-2025-03056,LMS-003170
d97c6b7b-ab48-43f5-9ea8-18c77d09d59d,ESM-2025-03057,LMS-001860
76950375-5a42-4cf3-9e2c-9fcab80ac58c,ESM-2025-03058,LMS-002111
00f0e1d2-58c2-43d2-afe9-10d6944bb256,ESM-2025-03059,LMS-000114
75720878-ada7-4f27-8c5e-05403065fd7d,ESM-2025-03060,LMS-004307
d79f8ed2-9567-4397-969e-56001af0e996,ESM-2025-03061,LMS-003639
adaa333c-0717-4be9-a4fc-633d80170b1f,ESM-2025-03062,LMS-007486
b9ff98bc-db20-4ce1-8fac-99f024eba956,ESM-2025-03063,LMS-001621
d1dd6df2-bb2b-4ad1-abfe-9f04dd092171,ESM-2025-03064,LMS-001326
38d7a97c-0c75-4fb4-8dbc-40166b62c2e0,ESM-2025-03065,LMS-001822
f018d085-4abb-4e71-b087-4c6eb9ddc2fd,ESM-2025-03066,LMS-001117
582af5fd-44b6-4b5c-a91f-68e21b9e7331,ESM-2025-03067,LMS-006977
551968e1-40f7-4a44-acfc-96fab615e208,ESM-2025-03068,LMS-000792
6e8b0dfc-377c-4b48-a95a-79ee86ca4d18,ESM-2025-03069,LMS-002189
33e81440-7165-430e-9a56-efc1bdf02c14,ESM-2025-03070,LMS-000527
8d1117df-2c6d-4956-ac33-5511ec7c8b92,ESM-2025-03071,LMS-000626
