type_objet,code_externe,id_mysql,code_module,statut_correspondance
MODULE,MOD-DEV-01,a565043f-791c-42b6-9fa4-0e42622e9526,MOD-DEV-01,APPARIE
MODULE,MOD-DEV-02,aa268914-74d1-4323-8190-99e4a02083bd,MOD-DEV-02,APPARIE
MODULE,MOD-DEV-03,f802a02a-0d99-47c4-b6c8-46df8fb6de59,MOD-DEV-03,APPARIE
MODULE,MOD-DEV-04,a64ee58b-b595-46b7-8d0f-d9ac07a3c4d5,MOD-DEV-04,APPARIE
MODULE,MOD-DEV-05,1e529eed-84b4-4dc0-8325-725289cea288,MOD-DEV-05,APPARIE
MODULE,MOD-DEV-06,d619c680-0544-4d5e-8e81-b7f96ad16d0a,MOD-DEV-06,APPARIE
MODULE,MOD-DEV-07,1a1d5de3-1261-41b1-90d6-e441f114a8d5,MOD-DEV-07,APPARIE
MODULE,MOD-DEV-08,275c77f2-cea6-437d-8e65-f22dab67fa8c,MOD-DEV-08,APPARIE
MODULE,MOD-DEV-09,392919d2-d1cc-4b8f-9baf-eb51605d064f,MOD-DEV-09,APPARIE
MODULE,MOD-DEV-10,a205575e-9ad5-40aa-91cf-3c3d41a33eed,MOD-DEV-10,APPARIE
MODULE,MOD-DEV-11,65a8b0f1-6b81-44db-9b0b-e16401d45653,MOD-DEV-11,APPARIE
MODULE,MOD-DEV-12,9bfbfa82-4e1b-4ab9-8656-6b85b3b98ac1,MOD-DEV-12,APPARIE
MODULE,MOD-DEV-13,0b2f0210-1601-4b0d-b36e-adad5947cadc,MOD-DEV-13,APPARIE
MODULE,MOD-DEV-14,323c3054-42e1-4abb-aa2a-f0088f223041,MOD-DEV-14,APPARIE
MODULE,MOD-DEV-15,2c400934-adf5-4eae-91a4-cbd3236c03f5,MOD-DEV-15,APPARIE
MODULE,MOD-DEV-16,d980e8d1-f166-479c-b0c9-5661a87c7541,MOD-DEV-16,APPARIE
MODULE,MOD-DEV-17,170e7856-abf1-4533-8a1f-fccb76e4adb0,MOD-DEV-17,APPARIE
MODULE,MOD-DEV-18,f7e2e540-319b-4a50-ae20-4870fd7a9fc0,MOD-DEV-18,APPARIE
MODULE,MOD-DEV-19,39262b80-9fc9-4767-827e-524738fa41d2,MOD-DEV-19,APPARIE
MODULE,MOD-DEV-20,7942952e-2880-440e-9930-5d5cff04c1be,MOD-DEV-20,APPARIE
MODULE,MOD-DEV-21,1aad628f-8525-4976-94ee-22e921544586,MOD-DEV-21,APPARIE
MODULE,MOD-DEV-22,d809b31d-d67b-4f7a-ab29-eb258a8c29cb,MOD-DEV-22,APPARIE
MODULE,MOD-DEV-23,38e113f7-9081-4928-9134-af7a7658df49,MOD-DEV-23,APPARIE
MODULE,MOD-DEV-24,241bfee3-3a73-4e4b-b8db-1f0f13adfdc8,MOD-DEV-24,APPARIE
MODULE,MOD-DEV-25,1543f671-2f31-47fb-ae13-73af7333196f,MOD-DEV-25,APPARIE
MODULE,MOD-DEV-26,df36ecca-3610-413a-b8e4-54c474652526,MOD-DEV-26,APPARIE
MODULE,MOD-DEV-27,e37d3401-2f62-4a64-bdc9-2b0e4439af98,MOD-DEV-27,APPARIE
MODULE,MOD-DEV-28,7b82d274-1652-4dfe-b67a-64565a8b7321,MOD-DEV-28,APPARIE
MODULE,MOD-DEV-29,80641378-8c4e-4b36-b68e-66311ab14da6,MOD-DEV-29,APPARIE
MODULE,MOD-DEV-30,4098e632-aeef-4d0b-ae5c-288f50892e9b,MOD-DEV-30,APPARIE
MODULE,MOD-DEV-31,1dda4992-7243-411e-994b-9b47c943869d,MOD-DEV-31,APPARIE
MODULE,MOD-DEV-32,a530d5a2-377a-4f0c-81ac-a9f3943afe7f,MOD-DEV-32,APPARIE
MODULE,MOD-DEV-33,da7690a3-f6c2-4b4a-8608-df5901f33659,MOD-DEV-33,APPARIE
MODULE,MOD-DEV-34,46acc31c-dd99-4dd2-a3a3-ae5f650d7a03,MOD-DEV-34,APPARIE
MODULE,MOD-DEV-35,5be48284-14a5-4e6a-8ff3-588bbd53e3b8,MOD-DEV-35,APPARIE
MODULE,MOD-DEV-36,8a0bdb1b-c236-4f1a-9421-3a2130f1009f,MOD-DEV-36,APPARIE
MODULE,MOD-DEV-37,c90e818c-8f2f-4b21-a358-601feb3e7def,MOD-DEV-37,APPARIE
MODULE,MOD-DEV-38,852a55a2-77ed-4128-9f34-1e4182842520,MOD-DEV-38,APPARIE
MODULE,MOD-DEV-39,7b76e98e-847a-4496-bc5c-67adeb764529,MOD-DEV-39,APPARIE
MODULE,MOD-DATA-01,f2e0ad43-db9f-4852-b54e-2f6a78fbd69a,MOD-DATA-01,APPARIE
MODULE,MOD-DATA-02,96589c1e-931c-45b3-8fab-5788a8bd2239,MOD-DATA-02,APPARIE
MODULE,MOD-DATA-03,dd60726d-e514-4812-b1aa-e5827373863c,MOD-DATA-03,APPARIE
MODULE,MOD-DATA-04,21632cd8-2ba5-47fe-902e-d705fa3701c6,MOD-DATA-04,APPARIE
MODULE,MOD-DATA-05,70d4b4ca-b495-4c71-b133-a2cae724b278,MOD-DATA-05,APPARIE
MODULE,MOD-DATA-06,bc7679a6-124e-4d05-b70d-00d01017b645,MOD-DATA-06,APPARIE
MODULE,MOD-DATA-07,2e4cd7eb-11bf-4dff-bfcc-6839625c90da,MOD-DATA-07,APPARIE
MODULE,MOD-DATA-08,b0d44dae-4d51-49ef-8692-ba6f6590b6c1,MOD-DATA-08,APPARIE
MODULE,MOD-DATA-09,c9e99af3-7355-4dd8-b017-a3ff7485b015,MOD-DATA-09,APPARIE
MODULE,MOD-DATA-10,f87d167c-ab86-449d-8dc6-b1e676796af7,MOD-DATA-10,APPARIE
MODULE,MOD-DATA-11,1f111ac7-0333-40bb-a7f9-71754f21e5e9,MOD-DATA-11,APPARIE
MODULE,MOD-DATA-12,bf7e0cd2-53f1-48a4-8402-4446461a2a55,MOD-DATA-12,APPARIE
MODULE,MOD-DATA-13,d24612c6-0e5c-4d64-ba3e-b36a28b9d957,MOD-DATA-13,APPARIE
MODULE,MOD-DATA-14,07f1b45b-4bb1-4e48-842f-5be03a7cac1c,MOD-DATA-14,APPARIE
MODULE,MOD-DATA-15,923c86ed-d5e6-4bce-bb74-d3cd47b5b5d3,MOD-DATA-15,APPARIE
MODULE,MOD-DATA-16,b9b88614-8768-476e-8b10-c6def154934e,MOD-DATA-16,APPARIE
MODULE,MOD-DATA-17,3a01bb88-b738-407d-be87-9a76d33aa71c,MOD-DATA-17,APPARIE
MODULE,MOD-DATA-18,a4fe9a7e-a1f2-4f22-84f5-ccb3ffd4c28a,MOD-DATA-18,APPARIE
MODULE,MOD-DATA-19,413a4dac-6466-4f2d-8286-6ad654c17a28,MOD-DATA-19,APPARIE
MODULE,MOD-DATA-20,297838f5-0da2-4541-a81e-6874c431fbc0,MOD-DATA-20,APPARIE
MODULE,MOD-DATA-21,041d52f9-0ec7-4c32-97fe-b08d8adc5e75,MOD-DATA-21,APPARIE
MODULE,MOD-DATA-22,7ef63168-8adc-40ac-a491-31d2e487dd91,MOD-DATA-22,APPARIE
MODULE,MOD-DATA-23,1f962626-22c8-49c0-a5fc-b9055e580489,MOD-DATA-23,APPARIE
MODULE,MOD-DATA-24,23ca766d-51e0-4628-95b6-5d3b073be45a,MOD-DATA-24,APPARIE
MODULE,MOD-DATA-25,ed5c579e-1c5b-4fb8-a103-314e1f7198ab,MOD-DATA-25,APPARIE
MODULE,MOD-DATA-26,71742681-0cda-4736-bd25-675d51ee3e69,MOD-DATA-26,APPARIE
MODULE,MOD-DATA-27,c3032dc1-cfdf-4195-8020-267d18d1b9c7,MOD-DATA-27,APPARIE
MODULE,MOD-DATA-28,843be4d7-425b-44a3-8a98-5647cd756777,MOD-DATA-28,APPARIE
MODULE,MOD-DATA-29,a5127eae-fadc-4f89-ac17-33c4cd132f98,MOD-DATA-29,APPARIE
MODULE,MOD-DATA-30,9bc36054-539d-4dce-a7aa-b53edf879697,MOD-DATA-30,APPARIE
MODULE,MOD-DATA-31,e62d9ac0-9b85-4c60-b9ca-32c43c30ac47,MOD-DATA-31,APPARIE
MODULE,MOD-DATA-32,afda217a-1e46-4ac3-856a-185467cad28b,MOD-DATA-32,APPARIE
MODULE,MOD-DATA-33,71b19061-d70b-45cf-94c1-719648a56c4b,MOD-DATA-33,APPARIE
MODULE,MOD-DATA-34,2fb94e96-669d-47b6-9784-99d3e6742ffc,MOD-DATA-34,APPARIE
MODULE,MOD-DATA-35,1b0f310b-8b9a-40f8-aab6-2ea96122a6c2,MOD-DATA-35,APPARIE
MODULE,MOD-DATA-36,61488eb5-1340-482a-a558-338a2cf322cc,MOD-DATA-36,APPARIE
MODULE,MOD-DATA-37,36fcc0bf-2663-4d0e-bcb4-a41ca16bd13e,MOD-DATA-37,APPARIE
MODULE,MOD-DATA-38,82943131-04ea-4fb4-aa02-17e79fcd4068,MOD-DATA-38,APPARIE
MODULE,MOD-DATA-39,ef6e0636-8687-4802-9baf-92ff92ded653,MOD-DATA-39,APPARIE
MODULE,MOD-IA-01,c3f3a046-f9ad-4980-a59e-83ba94b0be97,MOD-IA-01,APPARIE
MODULE,MOD-IA-02,eb1bce0e-b027-473b-b1ae-e897a82c7cd0,MOD-IA-02,APPARIE
MODULE,MOD-IA-03,039dc52e-7412-4c49-8c63-90ac8caaa859,MOD-IA-03,APPARIE
MODULE,MOD-IA-04,c7a74da8-5472-490c-afec-fd9bdc36f248,MOD-IA-04,APPARIE
MODULE,MOD-IA-05,3ffd7ab9-c714-44e9-9de1-3096b9c94b26,MOD-IA-05,APPARIE
MODULE,MOD-IA-06,affbfec6-788c-424c-a094-19c30e98d032,MOD-IA-06,APPARIE
MODULE,MOD-IA-07,86c4dfe0-75da-4296-9c48-627084e9550c,MOD-IA-07,APPARIE
MODULE,MOD-IA-08,62105356-32a4-43d9-bc79-0186c315c116,MOD-IA-08,APPARIE
MODULE,MOD-IA-09,e0a9e863-3ebf-4415-9df5-da074710c75e,MOD-IA-09,APPARIE
MODULE,MOD-IA-10,96a49d89-e079-4351-a393-9c091bcea3b5,MOD-IA-10,APPARIE
MODULE,MOD-IA-11,2b616a84-53e6-4926-9432-35d77e708499,MOD-IA-11,APPARIE
MODULE,MOD-IA-12,70dfba2a-7374-433e-8094-138111a9ffae,MOD-IA-12,APPARIE
MODULE,MOD-IA-13,66326c39-fdbe-4b2f-a4ec-95f654d0bdc6,MOD-IA-13,APPARIE
MODULE,MOD-IA-14,b5ce2ae2-5e4d-418d-8d2c-015e9954899d,MOD-IA-14,APPARIE
MODULE,MOD-IA-15,eaa94976-c547-4619-b2e1-efd1da668ee5,MOD-IA-15,APPARIE
MODULE,MOD-IA-16,11007ba2-8de0-4e03-864c-273abe0168e1,MOD-IA-16,APPARIE
MODULE,MOD-IA-17,91595e66-89e4-4cd0-9643-291c46b2c8e8,MOD-IA-17,APPARIE
MODULE,MOD-IA-18,a93bfd9b-3c9e-4536-9321-99bc9337be0a,MOD-IA-18,APPARIE
MODULE,MOD-IA-19,e81ca30b-b40c-4d00-9a45-6fce10c7281f,MOD-IA-19,APPARIE
MODULE,MOD-IA-20,4c44cb4c-10cd-4f50-873f-92221e865929,MOD-IA-20,APPARIE
MODULE,MOD-IA-21,1de67978-81d2-4126-9529-5c88d292b342,MOD-IA-21,APPARIE
MODULE,MOD-IA-22,3e57bf6a-dc02-4c5c-9d93-67f2445ea48c,MOD-IA-22,APPARIE
MODULE,MOD-IA-23,6759b4a5-fdcf-4ba6-b838-95dd71fb5824,MOD-IA-23,APPARIE
MODULE,MOD-IA-24,d694365f-d074-43dd-acc2-0390aa87c9e3,MOD-IA-24,APPARIE
MODULE,MOD-IA-25,d44ab75f-d91f-45aa-a724-64395442dec0,MOD-IA-25,APPARIE
MODULE,MOD-IA-26,1510e298-8278-4250-823e-5c276e0682c2,MOD-IA-26,APPARIE
MODULE,MOD-IA-27,74093db4-4978-4206-a2e5-56c51792563b,MOD-IA-27,APPARIE
MODULE,MOD-IA-28,b9ccc426-c727-44df-a948-c059d4f50d70,MOD-IA-28,APPARIE
MODULE,MOD-IA-29,338a77a3-c9de-4469-8e0b-d60a4c58b39b,MOD-IA-29,APPARIE
MODULE,MOD-IA-30,aa3c8bf7-c89f-4b7c-bef0-ff3e1f73a2fe,MOD-IA-30,APPARIE
MODULE,MOD-IA-31,8c84d013-2a8a-4561-bf79-e7c7c3554f9c,MOD-IA-31,APPARIE
MODULE,MOD-IA-32,da97f7ad-123c-462c-955e-5fc926ff77b5,MOD-IA-32,APPARIE
MODULE,MOD-IA-33,11c659ca-08c8-4cae-9582-8f6641cfc85b,MOD-IA-33,APPARIE
MODULE,MOD-IA-34,fcfd98b8-def3-4519-bb74-be99306e6e92,MOD-IA-34,APPARIE
MODULE,MOD-IA-35,4287536a-f7eb-4487-a804-1b444df3f4d8,MOD-IA-35,APPARIE
MODULE,MOD-IA-36,ee01d73e-df18-45c3-9b17-de6dc22788f9,MOD-IA-36,APPARIE
MODULE,MOD-IA-37,6b954d4f-72c0-4189-8517-da747b603477,MOD-IA-37,APPARIE
MODULE,MOD-IA-38,1c98d85d-83e0-448a-bbe1-0bc700b42a76,MOD-IA-38,APPARIE
MODULE,MOD-IA-39,7c230510-1e4d-487d-abb5-44d2c52580fe,MOD-IA-39,APPARIE
MODULE,MOD-RES-01,1bd637da-9d07-44a4-aa61-92bee7ac3052,MOD-RES-01,APPARIE
MODULE,MOD-RES-02,cd8a6943-5b47-4db4-a13f-ce3977029c29,MOD-RES-02,APPARIE
MODULE,MOD-RES-03,8aa9deb6-fb8f-466e-9431-698d8606a6ea,MOD-RES-03,APPARIE
MODULE,MOD-RES-04,ba0bc403-88b2-4956-a99b-ca3ae04b6f69,MOD-RES-04,APPARIE
MODULE,MOD-RES-05,14e91cb0-f0f5-4a7e-8966-19c08fa50ee7,MOD-RES-05,APPARIE
MODULE,MOD-RES-06,6fa64dbd-9155-43dd-9ce5-2f3c2b385257,MOD-RES-06,APPARIE
MODULE,MOD-RES-07,2637e63d-62ed-40dc-a0d5-05f52758e1ba,MOD-RES-07,APPARIE
MODULE,MOD-RES-08,3e94d2b4-842e-4d24-bc8f-1275e29cd8bb,MOD-RES-08,APPARIE
MODULE,MOD-RES-09,94f4297c-824f-44ee-b798-e426e616a1dc,MOD-RES-09,APPARIE
MODULE,MOD-RES-10,06ff19df-29b0-4e11-9403-a3d3170140ac,MOD-RES-10,APPARIE
MODULE,MOD-RES-11,ea5d229b-20f3-4e20-a428-06a0cd1b0483,MOD-RES-11,APPARIE
MODULE,MOD-RES-12,6918635d-6df1-4650-8fc8-db5ba82d5b5b,MOD-RES-12,APPARIE
MODULE,MOD-RES-13,55e8abaa-80c7-46f7-b0a0-b239f68d33ca,MOD-RES-13,APPARIE
MODULE,MOD-RES-14,9164b1f8-a9ff-4eff-b5c0-5476bc391185,MOD-RES-14,APPARIE
MODULE,MOD-RES-15,bdeafe38-5c28-44c9-b544-e96a7163ed75,MOD-RES-15,APPARIE
MODULE,MOD-RES-16,b2ad5cbf-0a8b-4f8a-8d83-972b2d91394e,MOD-RES-16,APPARIE
MODULE,MOD-RES-17,b8d09328-2cee-4a8a-a1f8-7fa0a0176096,MOD-RES-17,APPARIE
MODULE,MOD-RES-18,26dedb88-f35f-45fe-880b-c938b45d94f0,MOD-RES-18,APPARIE
MODULE,MOD-RES-19,ac5cb587-63a3-4570-a08b-6e75d6ffbae0,MOD-RES-19,APPARIE
MODULE,MOD-RES-20,6baf2b71-bbba-4340-b6bd-0d93bc69b7dc,MOD-RES-20,APPARIE
MODULE,MOD-RES-21,c6e7eae5-7acb-434c-b144-17b0a27a0fa8,MOD-RES-21,APPARIE
MODULE,MOD-RES-22,2a79a82a-c241-443d-a375-ddcfa9d2f263,MOD-RES-22,APPARIE
MODULE,MOD-RES-23,a8be3385-9e32-48c1-812a-d68a8fb56e78,MOD-RES-23,APPARIE
MODULE,MOD-RES-24,cc85ce49-76ea-41a2-a2f7-4ed97fdd7d94,MOD-RES-24,APPARIE
MODULE,MOD-RES-25,e41301c5-6a66-4d9a-94fa-5a5256f22212,MOD-RES-25,APPARIE
MODULE,MOD-RES-26,696c58fb-46de-49ea-b608-1a4add57c07d,MOD-RES-26,APPARIE
MODULE,MOD-RES-27,3f05cfa4-1369-45c3-a63b-a3653e7907e3,MOD-RES-27,APPARIE
MODULE,MOD-RES-28,de9d3f8a-36ee-4777-96e5-c574dc86f24a,MOD-RES-28,APPARIE
MODULE,MOD-RES-29,ddf1d878-eef3-43a5-b1c0-32867194960a,MOD-RES-29,APPARIE
MODULE,MOD-RES-30,18ce1fda-7d53-4604-a6e2-91ef6656b36f,MOD-RES-30,APPARIE
MODULE,MOD-RES-31,feec217e-9938-44b4-8a06-fccab7202ef7,MOD-RES-31,APPARIE
MODULE,MOD-RES-32,05692f0b-63f9-415d-919e-db24e3495d88,MOD-RES-32,APPARIE
MODULE,MOD-RES-33,a363a937-7743-4856-a64d-1c59f0b151d9,MOD-RES-33,APPARIE
MODULE,MOD-RES-34,e90eef88-058b-46ce-9a40-c73e6cab91eb,MOD-RES-34,APPARIE
MODULE,MOD-RES-35,b4d32751-1818-46c4-a5d3-aaef4b95d35a,MOD-RES-35,APPARIE
MODULE,MOD-RES-36,890d0523-e065-4cd1-8be7-9899ca10a1e1,MOD-RES-36,APPARIE
MODULE,MOD-CYB-01,62ee7f5d-d1e9-4f37-92b6-eaff6f6fc9da,MOD-CYB-01,APPARIE
MODULE,MOD-CYB-02,e7c22662-526c-4f02-899a-7ac5b6ea2498,MOD-CYB-02,APPARIE
MODULE,MOD-CYB-03,9de1da97-023f-410e-82d9-c4841df9297b,MOD-CYB-03,APPARIE
MODULE,MOD-CYB-04,ad69cb95-b9af-439f-b418-0a9bdbbb4201,MOD-CYB-04,APPARIE
MODULE,MOD-CYB-05,6886e311-719f-4a0e-ac3d-378fb0f2edc5,MOD-CYB-05,APPARIE
MODULE,MOD-CYB-06,1306af19-8ac5-4e04-a793-21a19a9e3d6a,MOD-CYB-06,APPARIE
MODULE,MOD-CYB-07,76bac279-df86-4a24-b494-3b173685336c,MOD-CYB-07,APPARIE
MODULE,MOD-CYB-08,38510aab-42a4-4cf5-b6d7-41dbbe4d562d,MOD-CYB-08,APPARIE
MODULE,MOD-CYB-09,5865ff28-3578-4801-bffb-a7cbdc0354e4,MOD-CYB-09,APPARIE
MODULE,MOD-CYB-10,b0c1f135-0d64-4a10-9eaf-92d39fe0c438,MOD-CYB-10,APPARIE
MODULE,MOD-CYB-11,9aa008a2-02fd-4f35-aaf7-e9c5cad4e2f3,MOD-CYB-11,APPARIE
MODULE,MOD-CYB-12,8dcb6b6b-f144-4913-89d2-4be80b7b8a69,MOD-CYB-12,APPARIE
MODULE,MOD-CYB-13,0e4dd7d0-8faf-4dd6-b5bd-ea4f624a7419,MOD-CYB-13,APPARIE
MODULE,MOD-CYB-14,c362b583-3ae8-4228-a832-0a24b472c970,MOD-CYB-14,APPARIE
MODULE,MOD-CYB-15,e8bf9f2e-b57b-4cf6-80a6-6c7e0d82d627,MOD-CYB-15,APPARIE
MODULE,MOD-CYB-16,a5c7a8b8-9418-4828-bf44-34297059bec5,MOD-CYB-16,APPARIE
MODULE,MOD-CYB-17,f03a4165-67b7-4fbf-a99f-ec6e4e5a022b,MOD-CYB-17,APPARIE
MODULE,MOD-CYB-18,ca8cdea0-f135-4c2d-acef-bce8b71f3421,MOD-CYB-18,APPARIE
MODULE,MOD-CYB-19,df795be6-6f12-45ae-8eeb-dc31d2d59e9d,MOD-CYB-19,APPARIE
MODULE,MOD-CYB-20,42813e0b-5453-443e-89ad-94af138df168,MOD-CYB-20,APPARIE
MODULE,MOD-CYB-21,cec7591e-8726-47d3-9d4d-15b121ba391b,MOD-CYB-21,APPARIE
MODULE,MOD-CYB-22,73dab9e4-2602-4062-86d6-7ff1e6914204,MOD-CYB-22,APPARIE
MODULE,MOD-CYB-23,6bd27321-cf22-4851-8c8b-a286196515c3,MOD-CYB-23,APPARIE
MODULE,MOD-CYB-24,e27376a1-a224-48ad-9f5b-4fa9280e2b05,MOD-CYB-24,APPARIE
MODULE,MOD-CYB-25,b89a39e6-18b4-4014-a5a8-b66a2c3633ca,MOD-CYB-25,APPARIE
MODULE,MOD-CYB-26,1a9773e0-6112-4ce2-b886-9470acc806d8,MOD-CYB-26,APPARIE
MODULE,MOD-CYB-27,e2ea208c-52e6-46e4-9063-9fa301fe7b3a,MOD-CYB-27,APPARIE
MODULE,MOD-CYB-28,5b9c7588-3f6f-4edc-a46d-a784e0be05f7,MOD-CYB-28,APPARIE
MODULE,MOD-CYB-29,f131c31e-1f73-4bfd-9b75-160d86474847,MOD-CYB-29,APPARIE
MODULE,MOD-CYB-30,5d5701f6-7e48-45f4-ab44-1e0dafd96bde,MOD-CYB-30,APPARIE
MODULE,MOD-CYB-31,3239c30d-1208-49ed-8618-dda521dfa373,MOD-CYB-31,APPARIE
MODULE,MOD-CYB-32,00760142-eacf-40d0-ad35-f112dfb322b8,MOD-CYB-32,APPARIE
MODULE,MOD-CYB-33,46e4bdf8-e5c9-4143-854c-faea3fabeefb,MOD-CYB-33,APPARIE
MODULE,MOD-CYB-34,885a3845-ea7b-4298-967e-b2b4f3d1db34,MOD-CYB-34,APPARIE
MODULE,MOD-CYB-35,b5415f7b-9138-44d7-a6f4-8cbb08ce3748,MOD-CYB-35,APPARIE
MODULE,MOD-CYB-36,0440e137-41cb-415f-ac15-11c475dccd81,MOD-CYB-36,APPARIE
MODULE,MOD-CYB-37,e3390c07-abc8-408a-82b1-a9809e0256c1,MOD-CYB-37,APPARIE
MODULE,MOD-CYB-38,3384bacc-9528-423c-aee2-ce69d0652edb,MOD-CYB-38,APPARIE
MODULE,MOD-CYB-39,a5042997-ca8a-4a89-a482-729e5244f04c,MOD-CYB-39,APPARIE
MODULE,MOD-MGT-01,6da0d5a7-1d08-43cb-bbbb-cac19e661fd0,MOD-MGT-01,APPARIE
MODULE,MOD-MGT-02,17b886a9-2a81-4ed6-9643-bd2cd1d25b03,MOD-MGT-02,APPARIE
MODULE,MOD-MGT-03,a40c41ae-c995-419f-8cfb-7222fdba4b3b,MOD-MGT-03,APPARIE
MODULE,MOD-MGT-04,8349cfa9-e3c7-4f52-8ac7-4b4565442d55,MOD-MGT-04,APPARIE
MODULE,MOD-MGT-05,2da57a1e-8aca-435c-82d4-0b658998cc42,MOD-MGT-05,APPARIE
MODULE,MOD-MGT-06,3ccd812c-cfec-44b0-8362-f9c6741a12aa,MOD-MGT-06,APPARIE
MODULE,MOD-MGT-07,340d1162-5f15-472b-b4d2-ccdecca99c4c,MOD-MGT-07,APPARIE
MODULE,MOD-MGT-08,edc239b6-06fc-43c1-8390-3b270a7edcff,MOD-MGT-08,APPARIE
MODULE,MOD-MGT-09,93d7979b-3ed2-433c-88cc-ea89a24ced68,MOD-MGT-09,APPARIE
MODULE,MOD-MGT-10,2852eb81-347c-46fa-baf9-020b19b8eece,MOD-MGT-10,APPARIE
MODULE,MOD-MGT-11,b9d2b93a-1131-427d-a776-10c7ecf3fc8f,MOD-MGT-11,APPARIE
MODULE,MOD-MGT-12,62a37e52-dc4f-480c-910f-13c4a277b99e,MOD-MGT-12,APPARIE
MODULE,MOD-MGT-13,870964a0-0be6-4ed9-a966-f7598eade9bd,MOD-MGT-13,APPARIE
MODULE,MOD-MGT-14,3b939d2a-5f56-4b18-8405-285a74bc5dbf,MOD-MGT-14,APPARIE
MODULE,MOD-MGT-15,0727a2ca-649b-49e8-a2fa-07be9c3bce9e,MOD-MGT-15,APPARIE
MODULE,MOD-MGT-16,76e72613-5bc7-4424-a125-b8e78e6cfb33,MOD-MGT-16,APPARIE
MODULE,MOD-MGT-17,7f69ffcb-7f18-4338-aa70-40817c878dc4,MOD-MGT-17,APPARIE
MODULE,MOD-MGT-18,831616b4-1a0d-4491-add6-e387129a91df,MOD-MGT-18,APPARIE
MODULE,MOD-MGT-19,0cbe1ebe-d6ef-475e-a922-49e6eb5205dd,MOD-MGT-19,APPARIE
MODULE,MOD-MGT-20,52d6446f-36f4-463f-9881-14c36b69a993,MOD-MGT-20,APPARIE
MODULE,MOD-MGT-21,819f5e65-e7a7-4811-b3c7-aba872466df5,MOD-MGT-21,APPARIE
MODULE,MOD-MGT-22,fe4dac2d-653d-4ef2-8ac0-6925f20b6e70,MOD-MGT-22,APPARIE
MODULE,MOD-MGT-23,d1ac2f5d-aef4-4709-9ad4-3e439657d949,MOD-MGT-23,APPARIE
MODULE,MOD-MGT-24,099807d9-2c66-4c09-975c-17ef53c62489,MOD-MGT-24,APPARIE
MODULE,MOD-MGT-25,1a76d66c-f023-4604-8b83-31fb168b0055,MOD-MGT-25,APPARIE
MODULE,MOD-MGT-26,f62920dd-9643-4b13-ba90-a97b46d119b4,MOD-MGT-26,APPARIE
MODULE,MOD-MGT-27,360334b6-e874-4fd1-9dad-734f62d75a39,MOD-MGT-27,APPARIE
MODULE,MOD-MGT-28,1f598f04-a884-4a2f-b519-568ff04cb6fb,MOD-MGT-28,APPARIE
MODULE,MOD-MGT-29,91115147-e011-4e2e-b198-76f360a179dc,MOD-MGT-29,APPARIE
MODULE,MOD-MGT-30,e74008f0-af02-47e6-b678-f42bab1a8041,MOD-MGT-30,APPARIE
MODULE,MOD-MGT-31,e347850d-cdc2-4086-9b24-72db49c46739,MOD-MGT-31,APPARIE
MODULE,MOD-MGT-32,8693aeaa-b06e-4163-ad8b-aca35e2a21ae,MOD-MGT-32,APPARIE
MODULE,MOD-MGT-33,a43dcabb-856e-4021-a29e-2d75badbf742,MOD-MGT-33,APPARIE
MODULE,MOD-MGT-34,790327a5-1d91-4fa4-a4d2-abaf2dd77e50,MOD-MGT-34,APPARIE
MODULE,MOD-MGT-35,03d6edc6-fea7-4902-b947-4b930106acf0,MOD-MGT-35,APPARIE
MODULE,MOD-MGT-36,e0ba6884-c9bc-4e21-bd64-0d5af2795482,MOD-MGT-36,APPARIE
MODULE,MOD-FIN-01,97df7eef-ed80-413f-99b4-cbb806a0acf2,MOD-FIN-01,APPARIE
MODULE,MOD-FIN-02,1b4c4003-5fcd-4384-8824-ebf34bb6acb0,MOD-FIN-02,APPARIE
MODULE,MOD-FIN-03,ff23a124-1d38-4d0e-9393-981bc8ffdcb4,MOD-FIN-03,APPARIE
MODULE,MOD-FIN-04,21e63c48-9e07-456d-8213-fe8454e08db8,MOD-FIN-04,APPARIE
MODULE,MOD-FIN-05,786ca0b6-849f-4220-9ad6-5dba0a2f40cb,MOD-FIN-05,APPARIE
MODULE,MOD-FIN-06,3046c1a8-c46e-4724-bde5-bdebe6ae2f3b,MOD-FIN-06,APPARIE
MODULE,MOD-FIN-07,a0e8ceae-b081-4017-9875-3d7a5f17fce9,MOD-FIN-07,APPARIE
MODULE,MOD-FIN-08,6807e3c5-f8b4-473a-8e08-4bc62f1710b7,MOD-FIN-08,APPARIE
MODULE,MOD-FIN-09,13cda3c8-2af0-4b2d-8804-44c5f51f24a1,MOD-FIN-09,APPARIE
MODULE,MOD-FIN-10,59388f4f-7c39-4c95-9aa0-aa13b93bcefa,MOD-FIN-10,APPARIE
MODULE,MOD-FIN-11,af7c9f75-a5e6-4b57-bdde-7e4686cc0a25,MOD-FIN-11,APPARIE
MODULE,MOD-FIN-12,57cfa70a-24a2-43e7-9a0e-7ac090a2dd15,MOD-FIN-12,APPARIE
MODULE,MOD-FIN-13,e6896989-9f14-46db-959e-c5c685679d37,MOD-FIN-13,APPARIE
MODULE,MOD-FIN-14,7b7cd8b2-de7e-478e-b5f6-bd8c3d9341c0,MOD-FIN-14,APPARIE
MODULE,MOD-FIN-15,c98f3955-5b6a-42e7-bdd1-2c0384639cc3,MOD-FIN-15,APPARIE
MODULE,MOD-FIN-16,92592bf0-3b2c-47f2-8a21-35d3a7762cf4,MOD-FIN-16,APPARIE
MODULE,MOD-FIN-17,269460fc-dd65-4565-8b92-ac5f04a4ae29,MOD-FIN-17,APPARIE
MODULE,MOD-FIN-18,f9ce3229-66ed-4541-b40b-ec719656840c,MOD-FIN-18,APPARIE
MODULE,MOD-FIN-19,6b17bffa-bfe1-4b38-bc2c-5e38abf690b9,MOD-FIN-19,APPARIE
MODULE,MOD-FIN-20,164b1464-e4a2-4cbd-b8a7-b86926b854cd,MOD-FIN-20,APPARIE
MODULE,MOD-FIN-21,12bc2530-1dab-469f-bd3e-81269e5b0379,MOD-FIN-21,APPARIE
MODULE,MOD-FIN-22,e1fff139-28ac-4148-b462-69ee864bd914,MOD-FIN-22,APPARIE
MODULE,MOD-FIN-23,e94c2d51-c721-40c3-a127-282e4c1e0bdd,MOD-FIN-23,APPARIE
MODULE,MOD-FIN-24,14915c04-26a9-4d33-bd8b-15419f0c8368,MOD-FIN-24,APPARIE
MODULE,MOD-FIN-25,19b5a95e-1893-4575-83c3-ec0cab7afe2c,MOD-FIN-25,APPARIE
MODULE,MOD-FIN-26,be9ff09e-8e6a-4a5a-beae-a83603162d00,MOD-FIN-26,APPARIE
MODULE,MOD-FIN-27,9ecc3fa7-854b-4e3a-b741-63b736ed46c6,MOD-FIN-27,APPARIE
MODULE,MOD-FIN-28,0f891f10-7d90-462e-8333-f95975ba1a9d,MOD-FIN-28,APPARIE
MODULE,MOD-FIN-29,4714d924-9fa5-4bc1-acd0-397fa5e18094,MOD-FIN-29,APPARIE
MODULE,MOD-FIN-30,4f0da7dd-7066-450b-9b0d-d0ec94c61b4a,MOD-FIN-30,APPARIE
MODULE,MOD-FIN-31,033e6670-1a50-4d29-a33c-566ee5be2a7f,MOD-FIN-31,APPARIE
MODULE,MOD-FIN-32,3cbe5084-0d87-431f-bd28-b8ef3bdbd2df,MOD-FIN-32,APPARIE
MODULE,MOD-FIN-33,6575d590-d97a-4b77-b586-f731a140273c,MOD-FIN-33,APPARIE
MODULE,MOD-FIN-34,5e09be1b-9807-420a-aba6-a062da025a77,MOD-FIN-34,APPARIE
MODULE,MOD-FIN-35,d68044a1-eedc-4871-a681-5a66a4e57692,MOD-FIN-35,APPARIE
MODULE,MOD-FIN-36,bf687675-ba2f-420a-a731-df74e429c02b,MOD-FIN-36,APPARIE
MODULE,MOD-MKT-01,f9ee9794-be63-4d38-833f-a316e6fa3498,MOD-MKT-01,APPARIE
MODULE,MOD-MKT-02,755362fa-9156-4043-a4b6-db0eb9396b6e,MOD-MKT-02,APPARIE
MODULE,MOD-MKT-03,6c43dfc8-c9d2-4802-a039-8cd245c68231,MOD-MKT-03,APPARIE
MODULE,MOD-MKT-04,a9d7dcd9-4369-4201-8a6c-b78752e99811,MOD-MKT-04,APPARIE
MODULE,MOD-MKT-05,21b73bfa-7d97-43e9-9090-9e0e7f4057dd,MOD-MKT-05,APPARIE
MODULE,MOD-MKT-06,f6777076-5620-4c14-bc5c-7ab6c4f79f25,MOD-MKT-06,APPARIE
MODULE,MOD-MKT-07,dfc618ff-13eb-41b6-b894-1b5ae26ee6b9,MOD-MKT-07,APPARIE
MODULE,MOD-MKT-08,170936e7-0a32-489c-ace3-782445729cc9,MOD-MKT-08,APPARIE
MODULE,MOD-MKT-09,43c3b946-701f-410e-a5d3-1f3ea7398d67,MOD-MKT-09,APPARIE
MODULE,MOD-MKT-10,04827c73-3790-4a35-b437-bb5761ebb7ff,MOD-MKT-10,APPARIE
MODULE,MOD-MKT-11,d41ed08c-6a34-4ac6-ab17-c447cc278a58,MOD-MKT-11,APPARIE
MODULE,MOD-MKT-12,58a80385-ce6d-4435-bc89-f90476c50820,MOD-MKT-12,APPARIE
MODULE,MOD-MKT-13,a8460707-4f5c-4ffd-a5fe-d04b36ec80bf,MOD-MKT-13,APPARIE
MODULE,MOD-MKT-14,8975b48b-ce0a-4d20-b395-8ceecebb3cd4,MOD-MKT-14,APPARIE
MODULE,MOD-MKT-15,d71d9c26-5e28-435c-bb82-30e6a47b1a6d,MOD-MKT-15,APPARIE
MODULE,MOD-MKT-16,9c9a2045-4b2c-4d41-b758-f679a5c01e0a,MOD-MKT-16,APPARIE
MODULE,MOD-MKT-17,3ac1121b-5f9f-4b2f-9adf-33b1c3393f6c,MOD-MKT-17,APPARIE
MODULE,MOD-MKT-18,c4ce9dcd-b7db-45d1-b4ba-fbb09be107bd,MOD-MKT-18,APPARIE
MODULE,MOD-MKT-19,7bf9d5e7-9beb-4fc3-a476-ff978a01284e,MOD-MKT-19,APPARIE
MODULE,MOD-MKT-20,536f66b2-50e3-421f-b5af-40f4d04971fe,MOD-MKT-20,APPARIE
MODULE,MOD-MKT-21,8c4666f2-ff27-47bf-a273-e1d525af7cd0,MOD-MKT-21,APPARIE
MODULE,MOD-MKT-22,e897e26d-3bb5-4c96-8a60-0d322d79d96b,MOD-MKT-22,APPARIE
MODULE,MOD-MKT-23,109e8d0c-76e7-428d-a627-8a82dfb0ac2f,MOD-MKT-23,APPARIE
MODULE,MOD-MKT-24,4eeaecf0-9456-4f89-83fa-e0ce31a261d2,MOD-MKT-24,APPARIE
MODULE,MOD-MKT-25,c9a81dbc-967d-4a2e-942b-15ea138a0d95,MOD-MKT-25,APPARIE
MODULE,MOD-MKT-26,8c116ff0-3c0b-410d-bbe5-4a9cfd394403,MOD-MKT-26,APPARIE
MODULE,MOD-MKT-27,0ce10421-91ca-4de6-8b0e-ffba76ed5d3c,MOD-MKT-27,APPARIE
MODULE,MOD-MKT-28,15871ea6-bcd4-4cc9-80f2-459a4d6e2802,MOD-MKT-28,APPARIE
MODULE,MOD-MKT-29,3500b99f-6d32-4be7-a411-807e7183599d,MOD-MKT-29,APPARIE
MODULE,MOD-MKT-30,ba24cc91-3339-4184-911d-0038d5885da9,MOD-MKT-30,APPARIE
MODULE,MOD-MKT-31,475a3229-7aa2-4bfa-b712-0bbf062c8418,MOD-MKT-31,APPARIE
MODULE,MOD-MKT-32,d9ef2481-477f-46f5-86ff-7f8d0bb18bc2,MOD-MKT-32,APPARIE
MODULE,MOD-MKT-33,2c778ffe-2387-4683-81e3-b6fc476e2120,MOD-MKT-33,APPARIE
MODULE,MOD-MKT-34,21950ea5-3cec-432a-8a03-77206b873b49,MOD-MKT-34,APPARIE
MODULE,MOD-MKT-35,676d240a-f57f-4a81-b250-f69360d096e3,MOD-MKT-35,APPARIE
MODULE,MOD-MKT-36,12c6ce09-db06-4871-a14c-85f8f9d33b47,MOD-MKT-36,APPARIE
COURSE,COURSE-1,6a2fa595-ed59-4089-99a9-c9f5274d99ec,MOD-DEV-01,APPARIE
COURSE,COURSE-2,e65d9a37-aed0-450f-83a0-9785c532844c,MOD-DEV-02,APPARIE
COURSE,COURSE-3,51838775-a460-4d2d-80df-89ea185d3a2c,MOD-DEV-02,APPARIE
COURSE,COURSE-4,b518e660-1e45-461b-a200-b4e5b3b34482,MOD-DEV-03,APPARIE
COURSE,COURSE-5,454f7ead-e339-4dfb-ac48-a1de16dfeaa7,MOD-DEV-03,APPARIE
COURSE,COURSE-6,5dddcbc9-c7a0-4fcf-b47f-f7e12663c995,MOD-DEV-04,APPARIE
COURSE,COURSE-7,2a7894e9-c667-4cf4-9c34-2f8c3d1aa370,MOD-DEV-04,APPARIE
COURSE,COURSE-8,adbbd0c2-252c-4c62-bd76-5a2894875a23,MOD-DEV-04,APPARIE
COURSE,COURSE-9,d4b94ebe-3ab5-4581-aa28-3ebaddd9ef7d,MOD-DEV-05,APPARIE
COURSE,COURSE-10,cdd2f474-3d27-48c9-a0d9-af83c19d7686,MOD-DEV-05,APPARIE
COURSE,COURSE-11,bfa1f8fb-0c47-4a22-b217-5981dc0905fc,MOD-DEV-06,APPARIE
COURSE,COURSE-12,0e3d2b69-483c-40a2-8311-e5036880ec3b,MOD-DEV-07,APPARIE
COURSE,COURSE-13,7438040d-0afa-4567-aadd-01b4e78fbb89,MOD-DEV-07,APPARIE
COURSE,COURSE-14,7c938704-bba1-46e7-8e8c-c7c46a0352cc,MOD-DEV-07,APPARIE
COURSE,COURSE-15,6892bd03-9e1e-4a72-be91-631f1d0c7a7b,MOD-DEV-07,APPARIE
COURSE,COURSE-16,c02cee6f-03b7-4bfb-8713-723b83a2c6e2,MOD-DEV-07,APPARIE
COURSE,COURSE-17,1794b80c-59b6-4dcf-bf02-2aac1601fd32,MOD-DEV-08,APPARIE
COURSE,COURSE-18,524bd387-60a6-44a2-a667-5e76bb87bd57,MOD-DEV-08,APPARIE
COURSE,COURSE-19,ebb7d328-73b9-4b9c-9d1b-d2e026554f66,MOD-DEV-09,APPARIE
COURSE,COURSE-20,531f1b09-c9f8-42da-9d82-6f3ad0a00ed0,MOD-DEV-09,APPARIE
COURSE,COURSE-21,b74856f7-e128-4d0a-af19-de004a713af2,MOD-DEV-09,APPARIE
COURSE,COURSE-23,f07515ee-23ce-48f5-a510-0fd2482af444,MOD-DEV-10,APPARIE
COURSE,COURSE-24,9368750b-c5fc-4d6d-bff4-b276f1eff42b,MOD-DEV-11,APPARIE
COURSE,COURSE-25,562aedc9-cc80-4bac-ac05-1f4d96491b24,MOD-DEV-12,APPARIE
COURSE,COURSE-26,7ecffd97-c499-4d84-b4f0-6d2053caed24,MOD-DEV-12,APPARIE
COURSE,COURSE-27,57ff3d7d-f3cd-40c3-bd35-23123acf178b,MOD-DEV-13,APPARIE
COURSE,COURSE-28,2bf303f7-6d9d-4432-b7ca-dc9f86ddc9bd,MOD-DEV-13,APPARIE
COURSE,COURSE-29,cf27c1d8-0ab9-490a-abe3-069bdf01f485,MOD-DEV-14,APPARIE
COURSE,COURSE-30,c95ba921-ebce-4a95-b6cf-20538df8140f,MOD-DEV-14,APPARIE
COURSE,COURSE-31,1da32243-2fa3-4a1b-a427-ba1bb9f1e571,MOD-DEV-14,APPARIE
COURSE,COURSE-32,20adfbe4-8dd0-41ee-82ba-1c366e5c7c1d,MOD-DEV-14,APPARIE
COURSE,COURSE-33,b898c8d0-500d-45b3-877d-f83f2c059e6a,MOD-DEV-15,APPARIE
COURSE,COURSE-34,dcbce3c6-659d-4881-9358-93366181c792,MOD-DEV-15,APPARIE
COURSE,COURSE-35,3662b36f-90a8-4995-b4e9-5d7faa6f7342,MOD-DEV-15,APPARIE
COURSE,COURSE-36,2c39944e-e774-43bf-b9c1-f69278ad38fa,MOD-DEV-16,APPARIE
COURSE,COURSE-37,c8007859-a852-4000-aa5e-74f1cfea5f5f,MOD-DEV-16,APPARIE
COURSE,COURSE-38,f94dedb6-391e-4ecf-b9a2-c3be05bfd4e2,MOD-DEV-16,APPARIE
COURSE,COURSE-39,32e9b431-cd87-4364-9d95-b3ff4801972b,MOD-DEV-16,APPARIE
COURSE,COURSE-40,0be2b643-56c5-4c46-aa38-40ec858774b8,MOD-DEV-17,APPARIE
COURSE,COURSE-41,02551c3e-0df0-4606-a9a9-aae6727d6ac6,MOD-DEV-17,APPARIE
COURSE,COURSE-42,3ced4f79-35e4-43b3-a5b5-30e6c42e4fe5,MOD-DEV-17,APPARIE
COURSE,COURSE-43,fee67833-5d8d-4ebe-8404-9363cb4e5d64,MOD-DEV-18,APPARIE
COURSE,COURSE-44,6d9d2cae-8229-4e8a-8b95-5ade8ef91c3c,MOD-DEV-18,APPARIE
COURSE,COURSE-45,e2a2117d-f5b5-4bba-9221-e435049ff0bf,MOD-DEV-18,APPARIE
COURSE,COURSE-46,aff4a5d7-5a1b-458c-8f7a-9f3f8e49f43f,MOD-DEV-19,APPARIE
COURSE,COURSE-47,e3cfa6a4-8083-45a9-ae92-c7d656ac4888,MOD-DEV-19,APPARIE
COURSE,COURSE-48,8fc29e28-121d-46da-ad83-66b623f14666,MOD-DEV-20,APPARIE
COURSE,COURSE-49,4948ba1f-e575-4257-8007-b7b0c8b45d79,MOD-DEV-20,APPARIE
COURSE,COURSE-50,0e98d977-7753-45d4-a5f2-535347df1837,MOD-DEV-21,APPARIE
COURSE,COURSE-51,c64d6d7a-1941-4b85-bce7-c802e698acb6,MOD-DEV-22,APPARIE
COURSE,COURSE-52,13972e5c-f184-47e0-a7e3-7bb9a621c1d0,MOD-DEV-22,APPARIE
COURSE,COURSE-53,e639641d-4eda-4ea1-99c0-757ac07b1753,MOD-DEV-23,APPARIE
COURSE,COURSE-54,acf43bc6-5669-488a-8166-d5a94171cf9b,MOD-DEV-23,APPARIE
COURSE,COURSE-55,24c1df81-57f4-4909-ae9b-e8e0b507db0c,MOD-DEV-24,APPARIE
COURSE,COURSE-56,6b4e5d74-6432-42e1-97cd-f90fb050fbcd,MOD-DEV-24,APPARIE
COURSE,COURSE-57,8d1f95c5-42ad-42d5-9362-fe01c39b966f,MOD-DEV-24,APPARIE
COURSE,COURSE-58,f8488b79-e16a-434d-b230-02a6d7edbccc,MOD-DEV-25,APPARIE
COURSE,COURSE-59,de5c5432-3b3d-461b-b70e-bf5a9fc715ae,MOD-DEV-25,APPARIE
COURSE,COURSE-60,faa427cf-ecb9-4f40-ae13-b28386c2895d,MOD-DEV-26,APPARIE
COURSE,COURSE-61,64c1ffd6-2256-4449-9d15-82305442c69a,MOD-DEV-26,APPARIE
COURSE,COURSE-62,06360e07-92b1-4330-a879-a319d53ed21e,MOD-DEV-26,APPARIE
COURSE,COURSE-63,f505bf2b-fade-4b24-8ce0-6415ea5f2c9d,MOD-DEV-26,APPARIE
COURSE,COURSE-65,afcd41f0-8264-4f1e-a997-d05927523977,MOD-DEV-27,APPARIE
COURSE,COURSE-67,b43562d4-ef66-4b87-8221-bdb0cca6d530,MOD-DEV-28,APPARIE
COURSE,COURSE-68,99018ba9-11ff-4cbd-bf42-916af185941f,MOD-DEV-29,APPARIE
COURSE,COURSE-69,2b76e011-841f-4be1-82d5-b8231110fe5c,MOD-DEV-29,APPARIE
COURSE,COURSE-70,8e3ab55e-ebae-46e1-8b82-a742e8647e4b,MOD-DEV-30,APPARIE
COURSE,COURSE-71,721b1d87-634f-4cb5-8b12-8263891e3ed5,MOD-DEV-30,APPARIE
COURSE,COURSE-72,8ebbd2e1-4482-4838-a2f2-510f562a3e2b,MOD-DEV-30,APPARIE
COURSE,COURSE-73,a4d85f62-7876-4434-8ef5-119aaa7cf780,MOD-DEV-30,APPARIE
COURSE,COURSE-74,c3622b46-8862-45cd-bc85-f50aaa0a5c10,MOD-DEV-31,APPARIE
COURSE,COURSE-75,a42c0cc8-1c49-4792-9dfa-bb936a5d567d,MOD-DEV-31,APPARIE
COURSE,COURSE-76,eef54ebc-3411-4d2d-93c0-9939a6a32315,MOD-DEV-32,APPARIE
COURSE,COURSE-77,5a28bf3b-133f-49ed-b3bd-d315533de889,MOD-DEV-32,APPARIE
COURSE,COURSE-78,53f62c50-6256-4f67-9cb8-6d38c0eabe5d,MOD-DEV-33,APPARIE
COURSE,COURSE-79,96769c23-7e2c-446d-a111-3642c7f0fade,MOD-DEV-34,APPARIE
COURSE,COURSE-80,35b92412-c048-4794-a075-e3080951640f,MOD-DEV-35,APPARIE
COURSE,COURSE-81,7fb8870e-04eb-4bc1-95e0-494da662c11b,MOD-DEV-35,APPARIE
COURSE,COURSE-82,fa628d4f-3661-4f1f-8ce5-1ffebd453d5f,MOD-DEV-36,APPARIE
COURSE,COURSE-83,834c18ed-31d9-4b0e-9cb6-d7f31ffe3687,MOD-DEV-37,APPARIE
COURSE,COURSE-84,50ba0cb9-f9f0-4cf6-a88c-204a5c42c501,MOD-DEV-37,APPARIE
COURSE,COURSE-85,c214aabd-84fa-4716-9002-84a1ffa87daa,MOD-DEV-37,APPARIE
COURSE,COURSE-86,419af6d0-393b-4e5b-b6ac-0e6e36142f8a,MOD-DEV-38,APPARIE
COURSE,COURSE-87,2d419f78-5716-4fea-8792-62c7a03b9cb4,MOD-DEV-38,APPARIE
COURSE,COURSE-88,f6d88513-b1b6-4a05-8527-4b9570197ef4,MOD-DEV-39,APPARIE
COURSE,COURSE-89,f7bf30f1-b8f3-4e2d-a758-7901fc9286ac,MOD-DEV-39,APPARIE
COURSE,COURSE-90,c85f9dfc-4af6-4ed7-a5e5-652fa9af61ef,MOD-DEV-39,APPARIE
COURSE,COURSE-91,93e80b4a-8acc-4925-9155-177014861a78,MOD-DATA-01,APPARIE
COURSE,COURSE-92,a295c64c-6e9f-4ed0-a1f5-2690aa9781d1,MOD-DATA-01,APPARIE
COURSE,COURSE-93,db9e8605-e39b-4898-b2d4-732332b6da30,MOD-DATA-02,APPARIE
COURSE,COURSE-94,a8d9f59b-04a1-458c-95d6-514627ee2967,MOD-DATA-02,APPARIE
COURSE,COURSE-95,ff409709-fdf4-4ff9-9b1c-60c317d7a87f,MOD-DATA-02,APPARIE
COURSE,COURSE-96,ab33b8ba-256e-49b9-bb5c-554e899dca02,MOD-DATA-02,APPARIE
COURSE,COURSE-97,5ac15f8c-57ea-40ae-90dd-4ca28f37a207,MOD-DATA-03,APPARIE
COURSE,COURSE-98,0395b178-6d07-49ba-acca-031649ee6c74,MOD-DATA-03,APPARIE
COURSE,COURSE-99,32a5be39-c57c-47d3-b543-b52c96769b04,MOD-DATA-04,APPARIE
COURSE,COURSE-100,169cb308-6f0a-4664-8d88-51e4d1fae0b6,MOD-DATA-04,APPARIE
COURSE,COURSE-101,7fe29f74-b1b8-4f45-9e35-d577d1b01e90,MOD-DATA-05,APPARIE
COURSE,COURSE-102,bcd96dcb-d95d-4e71-8dbc-80300fe51c28,MOD-DATA-05,APPARIE
COURSE,COURSE-104,5c99aaef-2eee-4090-9bc6-d121a1a2493f,MOD-DATA-06,APPARIE
COURSE,COURSE-105,0862115a-3119-415d-93b1-a389f751a534,MOD-DATA-07,APPARIE
COURSE,COURSE-106,bd44fe84-d06d-4626-8dc0-e2ff510d0292,MOD-DATA-08,APPARIE
COURSE,COURSE-107,e7c9439e-6c31-43de-9849-87a38da98759,MOD-DATA-08,APPARIE
COURSE,COURSE-108,5d12f020-1256-4640-a7a8-8284836453a2,MOD-DATA-09,APPARIE
COURSE,COURSE-109,0e60e27c-f18a-44b4-82d9-4b9db74c3333,MOD-DATA-09,APPARIE
COURSE,COURSE-110,ef707c08-d33b-4260-b847-496eae76fbe5,MOD-DATA-10,APPARIE
COURSE,COURSE-111,0395098e-c8cb-4ad5-8f50-1139ea324f4d,MOD-DATA-10,APPARIE
COURSE,COURSE-112,2f51d443-00f4-416f-9a02-09c606c7a57b,MOD-DATA-10,APPARIE
COURSE,COURSE-113,584f4745-fa92-4d2e-beed-4fd149409f98,MOD-DATA-11,APPARIE
COURSE,COURSE-114,4e7a372a-6a6f-4674-899a-e9a739609b47,MOD-DATA-11,APPARIE
COURSE,COURSE-115,23a14ec9-dd8e-4758-91ec-5bf25126445b,MOD-DATA-12,APPARIE
COURSE,COURSE-116,8bbcd58a-3e96-4138-8a98-b24bfcfdf1f4,MOD-DATA-12,APPARIE
COURSE,COURSE-117,23076664-1a4d-4bdf-9df9-2d164767f181,MOD-DATA-12,APPARIE
COURSE,COURSE-118,2bb83710-80f3-4fb3-9e48-5f849cb8d38c,MOD-DATA-13,APPARIE
COURSE,COURSE-119,9d8eaa3a-0c3d-4a8d-90e8-a4c3046a8bbf,MOD-DATA-13,APPARIE
COURSE,COURSE-120,815ea817-6b05-43a7-b5fe-33ef4b75ee9e,MOD-DATA-14,APPARIE
COURSE,COURSE-121,23d59bec-952b-40b6-a82e-7a8c6aed20b5,MOD-DATA-14,APPARIE
COURSE,COURSE-122,6f67813e-3073-4802-b864-ae302e3f2b8a,MOD-DATA-14,APPARIE
COURSE,COURSE-123,7a98aa92-8617-48d0-8593-e21b0a308011,MOD-DATA-14,APPARIE
COURSE,COURSE-124,3de2e86d-a11b-457d-a8cb-44f572191b90,MOD-DATA-15,APPARIE
COURSE,COURSE-125,1858886e-e603-4049-a922-9f6969003154,MOD-DATA-15,APPARIE
COURSE,COURSE-126,c48db90f-ac10-4afa-988a-3a32b5fab419,MOD-DATA-15,APPARIE
COURSE,COURSE-127,57a38d21-8c57-4e5a-a64d-b22e4b2bc737,MOD-DATA-16,APPARIE
COURSE,COURSE-128,58d8689f-6bb6-4212-9da3-90b33b534fd7,MOD-DATA-16,APPARIE
COURSE,COURSE-129,a5afc5ed-c940-4cc7-ba75-660c5e25d7e7,MOD-DATA-17,APPARIE
COURSE,COURSE-130,a2a471ad-b737-446c-90da-0b05d23599f8,MOD-DATA-17,APPARIE
COURSE,COURSE-131,7475c7cb-bb2d-430a-89c4-11c5928be5f7,MOD-DATA-17,APPARIE
COURSE,COURSE-132,7e0a906e-294d-456d-84e0-0172fd55d8e1,MOD-DATA-18,APPARIE
COURSE,COURSE-134,039041a3-5832-431f-b4ab-dabf5028c44c,MOD-DATA-18,APPARIE
COURSE,COURSE-135,6dc1061e-4999-4e71-b97a-320cd406810b,MOD-DATA-19,APPARIE
COURSE,COURSE-137,aac94534-1c3b-451c-84c0-0ce7c1408761,MOD-DATA-19,APPARIE
COURSE,COURSE-138,563f4101-2fed-46a8-b5cd-487944eaf523,MOD-DATA-20,APPARIE
COURSE,COURSE-139,beee4995-613e-43a9-b67c-6a66957bcc40,MOD-DATA-20,APPARIE
COURSE,COURSE-141,96621f43-45d4-45c9-9c4c-c9d4a8f818e1,MOD-DATA-21,APPARIE
COURSE,COURSE-142,9d6b2bde-1e90-4e7b-b487-f11664754d52,MOD-DATA-21,APPARIE
COURSE,COURSE-143,f214ca23-f207-48a1-9c62-0d97b4b9fae6,MOD-DATA-22,APPARIE
COURSE,COURSE-144,8562acd8-cca8-4416-8fbe-445928d25972,MOD-DATA-22,APPARIE
COURSE,COURSE-145,b06a018e-7046-4299-bbd8-86df88607250,MOD-DATA-22,APPARIE
COURSE,COURSE-146,bce0429b-2704-4ffb-a0dc-4cb3275debb0,MOD-DATA-23,APPARIE
COURSE,COURSE-147,a3070641-d1bf-45a5-beb6-dbd5a0930094,MOD-DATA-23,APPARIE
COURSE,COURSE-148,63dac038-7448-4922-9ae3-940b1301f0e7,MOD-DATA-24,APPARIE
COURSE,COURSE-149,2786a43d-b5cb-49cc-a24f-41720c2ffcfe,MOD-DATA-24,APPARIE
COURSE,COURSE-150,d767b1ab-4f6f-4eb8-ab79-04d7f1f88909,MOD-DATA-25,APPARIE
COURSE,COURSE-151,72581b43-c7d5-4067-acc2-80f3d655101d,MOD-DATA-25,APPARIE
COURSE,COURSE-152,591a4d4f-6490-42bd-8748-5e301aa379a9,MOD-DATA-26,APPARIE
COURSE,COURSE-153,ca93464c-49b7-444a-9811-7f5b023859c6,MOD-DATA-27,APPARIE
COURSE,COURSE-154,727999d2-6a71-43df-9409-16f5858e06b1,MOD-DATA-27,APPARIE
COURSE,COURSE-155,84e414bf-0ed0-42c9-8d59-fa55241ad0d5,MOD-DATA-27,APPARIE
COURSE,COURSE-156,a52843b2-1281-4d41-9d39-54858f9c83a3,MOD-DATA-28,APPARIE
COURSE,COURSE-157,c26c1d0a-691e-4042-9f8d-95c1b39933a5,MOD-DATA-28,APPARIE
COURSE,COURSE-158,cd99f6e6-c901-4e7a-a7bf-6a62e72bab77,MOD-DATA-28,APPARIE
COURSE,COURSE-160,1bd3949b-ff6c-4790-95fe-bae4da99dc5d,MOD-DATA-28,APPARIE
COURSE,COURSE-161,23adb5b7-c0cc-44c1-b017-d715bdcc2b8f,MOD-DATA-29,APPARIE
COURSE,COURSE-162,80a465e7-d9cd-457b-8ef2-be0aa1601f11,MOD-DATA-29,APPARIE
COURSE,COURSE-163,81964ffe-ab9e-4a6d-acd2-973eeeab8175,MOD-DATA-30,APPARIE
COURSE,COURSE-164,967aedea-ef00-4846-912c-6bec65cfe54a,MOD-DATA-30,APPARIE
COURSE,COURSE-166,8f1f16c0-a1b7-415d-8075-9bbf8ce1c037,MOD-DATA-31,APPARIE
COURSE,COURSE-167,fa361080-1cb9-4ddf-8a2c-d4acb3836d00,MOD-DATA-32,APPARIE
COURSE,COURSE-168,37dbc274-b703-44b8-afa6-69c9944618a5,MOD-DATA-32,APPARIE
COURSE,COURSE-169,c6c260a8-a289-4d30-9d75-01691880d3d9,MOD-DATA-32,APPARIE
COURSE,COURSE-170,b61f1aa6-c8be-46d4-9ff8-417a686a4e25,MOD-DATA-33,APPARIE
COURSE,COURSE-171,6d72f9ec-387a-427e-809b-2bb777830ebf,MOD-DATA-33,APPARIE
COURSE,COURSE-173,1120f1ad-855b-4e5e-847d-7cbd71035c6b,MOD-DATA-34,APPARIE
COURSE,COURSE-174,23d27dd0-a84f-4519-ac14-2f88d95bd3ba,MOD-DATA-34,APPARIE
COURSE,COURSE-175,1eac1c11-16c6-4176-b497-8d81be02d5fc,MOD-DATA-35,APPARIE
COURSE,COURSE-176,c99a4c65-eca0-4e15-9891-e98f2805252c,MOD-DATA-35,APPARIE
COURSE,COURSE-177,dd7a287d-83d7-491e-a5d4-6bd3ac02325e,MOD-DATA-35,APPARIE
COURSE,COURSE-178,e252ef17-115c-40cc-a955-622f3cf58ded,MOD-DATA-36,APPARIE
COURSE,COURSE-179,4eb54751-e671-48f7-94b9-00635c9f1fc2,MOD-DATA-36,APPARIE
COURSE,COURSE-180,13a51637-fa4f-447d-87b3-c059729e3cf6,MOD-DATA-36,APPARIE
COURSE,COURSE-181,735a4b56-6740-43e4-8a86-d21070b3b79a,MOD-DATA-37,APPARIE
COURSE,COURSE-182,258ce148-6e6d-4403-9cce-ec7ec182e680,MOD-DATA-37,APPARIE
COURSE,COURSE-183,eb747b41-b8ea-454a-86a0-40a5be6164eb,MOD-DATA-38,APPARIE
COURSE,COURSE-184,69bce26b-11fe-49e7-bd9a-e180285d88a4,MOD-DATA-38,APPARIE
COURSE,COURSE-187,20d73c6d-0cba-4b69-ba70-df3894b4e137,MOD-DATA-39,APPARIE
COURSE,COURSE-188,4f51c5a7-1c87-4318-b99a-458e8067ac63,MOD-IA-01,APPARIE
COURSE,COURSE-189,6a2ace53-0acd-47a7-b1d1-61395523e5e7,MOD-IA-01,APPARIE
COURSE,COURSE-190,1d21df78-1c42-41de-a116-bb6edcc9bfba,MOD-IA-01,APPARIE
COURSE,COURSE-192,9ca6396b-adc5-40f1-8b73-bb2db236b53e,MOD-IA-02,APPARIE
COURSE,COURSE-193,3d5e9f7a-a1d6-4097-bdf9-815576c437b6,MOD-IA-02,APPARIE
COURSE,COURSE-194,9a80931b-4615-4bba-945a-eb43f838db83,MOD-IA-03,APPARIE
COURSE,COURSE-195,a6728956-8bd8-4252-a274-b246e824448f,MOD-IA-03,APPARIE
COURSE,COURSE-196,15fddb8b-a5fd-4312-9db1-7dc0d2ac79ea,MOD-IA-03,APPARIE
COURSE,COURSE-197,82c5114f-35ac-42d6-b2ac-b16c8963cb98,MOD-IA-03,APPARIE
COURSE,COURSE-198,8f7ce9d7-6d7c-4bbd-8bd6-1e181f4877c7,MOD-IA-04,APPARIE
COURSE,COURSE-199,b1b37e51-b265-401c-9260-36f1aaa2c89f,MOD-IA-04,APPARIE
COURSE,COURSE-200,cd7a992d-7e09-4157-9d5f-73fd55e47dc1,MOD-IA-05,APPARIE
COURSE,COURSE-201,e98dfc0b-8662-4600-940a-2364f7de7738,MOD-IA-05,APPARIE
COURSE,COURSE-202,58914179-1b1e-4e74-8929-c9828b73a56a,MOD-IA-05,APPARIE
COURSE,COURSE-203,8c508cf1-37ba-49da-8e24-0a2f13217947,MOD-IA-05,APPARIE
COURSE,COURSE-204,afd003d6-7a48-477c-8039-9d6fe165573a,MOD-IA-06,APPARIE
COURSE,COURSE-205,6258e28c-9900-4257-a3f6-c5e878546932,MOD-IA-06,APPARIE
COURSE,COURSE-206,f41eb236-5e27-499d-b372-dec761baae5b,MOD-IA-06,APPARIE
COURSE,COURSE-207,d184eeaf-ae70-4190-b89b-e0cf66fcca47,MOD-IA-07,APPARIE
COURSE,COURSE-208,fce5241e-2876-4589-a152-551b6c8ff976,MOD-IA-08,APPARIE
COURSE,COURSE-209,eb257e3a-c5c2-494f-9e0d-368eeb1ec644,MOD-IA-08,APPARIE
COURSE,COURSE-210,6f88f9a4-1676-478b-bf0e-ef26445eeb98,MOD-IA-09,APPARIE
COURSE,COURSE-211,c7dc4212-80c3-49a8-9330-4011b5c66b8a,MOD-IA-09,APPARIE
COURSE,COURSE-212,00e9ab90-bbc5-4585-bcb5-50a5ffef5a3f,MOD-IA-09,APPARIE
COURSE,COURSE-213,57514721-df91-4369-8e11-1c6b71d7e60b,MOD-IA-09,APPARIE
COURSE,COURSE-214,99427f72-ff4b-4554-a744-3e65ef2e51ad,MOD-IA-10,APPARIE
COURSE,COURSE-215,04e00a80-daed-4848-8232-a9fe723b3106,MOD-IA-10,APPARIE
COURSE,COURSE-216,59f2e399-f06a-472d-8f8d-7c0e4e0c260d,MOD-IA-10,APPARIE
COURSE,COURSE-217,0cce6a47-7889-4633-9beb-b66f217d342d,MOD-IA-11,APPARIE
COURSE,COURSE-218,a78d24d8-d4fb-44e6-b798-8eec5ea48ccc,MOD-IA-11,APPARIE
COURSE,COURSE-219,4ba7c00e-a194-4c76-b10f-c796ad0eac31,MOD-IA-11,APPARIE
COURSE,COURSE-222,7b1aec99-a150-45be-8837-2a881b74e331,MOD-IA-12,APPARIE
COURSE,COURSE-223,ea091d88-8ded-4944-8d21-d75cd513eed3,MOD-IA-12,APPARIE
COURSE,COURSE-224,39f0aaae-560e-4eec-9c78-f214c947f6ff,MOD-IA-13,APPARIE
COURSE,COURSE-225,7d331c60-c713-4309-94ff-0c85e43caf45,MOD-IA-13,APPARIE
COURSE,COURSE-226,3abab0ad-db1e-44d6-8919-43425af43f76,MOD-IA-13,APPARIE
COURSE,COURSE-227,3c76ee00-9b8c-48ac-b98a-5e502ffdbf29,MOD-IA-14,APPARIE
COURSE,COURSE-228,dfc3fb62-cc93-4023-9321-68d1c3bc20b9,MOD-IA-14,APPARIE
COURSE,COURSE-229,2fbb985c-7ba1-447d-bf43-8608281e5173,MOD-IA-14,APPARIE
COURSE,COURSE-230,59d60f9f-00d6-40c1-8dab-15b348223484,MOD-IA-15,APPARIE
COURSE,COURSE-231,bfcce309-f4fc-4411-ae92-83a8c9963526,MOD-IA-16,APPARIE
COURSE,COURSE-232,96c1a6c9-4846-49e5-90a6-836599a36fcc,MOD-IA-16,APPARIE
COURSE,COURSE-233,91f1e306-6594-4f0b-8239-95af8c88e3cc,MOD-IA-16,APPARIE
COURSE,COURSE-234,23159206-762c-49b1-9e86-ad108656e24e,MOD-IA-17,APPARIE
COURSE,COURSE-236,0e27ed57-69e2-4e7e-83e1-1dac8857f353,MOD-IA-17,APPARIE
COURSE,COURSE-237,ad2cbea0-f7ae-4ae6-ad35-2ab22024d786,MOD-IA-17,APPARIE
COURSE,COURSE-238,12182208-bdc9-4e96-ac89-9fb107c28229,MOD-IA-18,APPARIE
COURSE,COURSE-239,43be54c0-a184-4df5-b3e5-9b2c24a45201,MOD-IA-19,APPARIE
COURSE,COURSE-240,3cc277ed-cc94-474c-9d83-de6104f5c950,MOD-IA-19,APPARIE
COURSE,COURSE-242,465cb289-b468-4073-b30b-328191f0ba83,MOD-IA-20,APPARIE
COURSE,COURSE-243,f4a05bf5-eec9-48ba-be94-dcb798b1358f,MOD-IA-20,APPARIE
COURSE,COURSE-244,af830137-7cfb-48e8-b8b5-ecba1af826f3,MOD-IA-20,APPARIE
COURSE,COURSE-245,7925770a-72d7-4f99-873c-fb053a7b73af,MOD-IA-20,APPARIE
COURSE,COURSE-246,0c4f0f43-a6e8-4280-8574-0c082f0f1815,MOD-IA-21,APPARIE
COURSE,COURSE-247,3f9cde41-79c7-48f6-98b8-e7c47c02a8dd,MOD-IA-21,APPARIE
COURSE,COURSE-248,7918e310-0e52-4a24-a9b8-4556d5719efd,MOD-IA-21,APPARIE
COURSE,COURSE-249,3e53dd39-9240-4031-ba96-cd9e0e2ac802,MOD-IA-22,APPARIE
COURSE,COURSE-250,15a66cc1-5903-49ee-a2a0-0563fac2b631,MOD-IA-22,APPARIE
COURSE,COURSE-252,f52588e1-ab1b-491b-b469-bbe11797e372,MOD-IA-24,APPARIE
COURSE,COURSE-253,da401a23-26c9-4ed2-ad49-616edbb80afb,MOD-IA-24,APPARIE
COURSE,COURSE-254,ac395957-fcd4-4fe0-986b-d7387316a57f,MOD-IA-24,APPARIE
COURSE,COURSE-255,b234db11-2ea8-460e-9dc4-3e5c53109c7d,MOD-IA-24,APPARIE
COURSE,COURSE-256,5d842e57-18cb-4290-bb8d-f46bb3c53aba,MOD-IA-25,APPARIE
COURSE,COURSE-258,b21ef98c-2c23-440a-b415-d248502968ac,MOD-IA-27,APPARIE
COURSE,COURSE-259,94082434-d203-4be5-90e0-f8e8d2ec0e86,MOD-IA-27,APPARIE
COURSE,COURSE-260,4bca335a-25bd-4f4c-bf42-88ce68767920,MOD-IA-27,APPARIE
COURSE,COURSE-261,587d6c9d-b0be-4f7e-82b7-c3801ba4da09,MOD-IA-27,APPARIE
COURSE,COURSE-262,a788e695-f5e2-410a-842b-7aabb3e741ee,MOD-IA-28,APPARIE
COURSE,COURSE-263,e62b0f34-0807-4ddf-8d6f-044a3811dfc1,MOD-IA-28,APPARIE
COURSE,COURSE-264,fb6e35c0-ca63-4da6-ad18-9f7643cc6ffb,MOD-IA-28,APPARIE
COURSE,COURSE-265,e0b657ec-4132-40be-954b-a509d088a189,MOD-IA-28,APPARIE
COURSE,COURSE-266,0b06ac18-07b5-423a-83e4-0016fc7cfc8b,MOD-IA-29,APPARIE
COURSE,COURSE-267,d17f9f9e-bb14-4b6a-965f-ad0ed946bc9e,MOD-IA-29,APPARIE
COURSE,COURSE-270,600f13c3-4719-44be-bf18-b23ebb705798,MOD-IA-31,APPARIE
COURSE,COURSE-271,06786c1c-cca3-4c36-bc80-dbeaf5849b5c,MOD-IA-31,APPARIE
COURSE,COURSE-272,f25d004c-06ed-4568-a7aa-c9dfabeb426a,MOD-IA-31,APPARIE
COURSE,COURSE-273,f63ff663-6b0e-4f09-91c0-96af9ab21f92,MOD-IA-32,APPARIE
COURSE,COURSE-274,7a88fb10-54b4-4b16-8a82-001d7935a271,MOD-IA-33,APPARIE
COURSE,COURSE-275,e8147bf7-a568-417a-967a-29d0d34f1a16,MOD-IA-33,APPARIE
COURSE,COURSE-277,f2fd94d9-6390-4ec6-b6a2-fbe4f0e807e9,MOD-IA-33,APPARIE
COURSE,COURSE-278,ec1fda16-2196-4f17-be45-d019d1dec32f,MOD-IA-34,APPARIE
COURSE,COURSE-279,de9e1d21-16f8-433c-86c9-3a0e8f8ab1f8,MOD-IA-34,APPARIE
COURSE,COURSE-280,6aabc6b7-9780-4a97-9b4c-15150b0a99e6,MOD-IA-34,APPARIE
COURSE,COURSE-281,a47d2afb-e639-4760-bea7-4492a8e2e078,MOD-IA-35,APPARIE
COURSE,COURSE-282,c1f7a388-b0a4-41b8-b116-e47dc1408f9a,MOD-IA-35,APPARIE
COURSE,COURSE-283,0cd2ad89-b476-4747-9ce9-c8d05e14323d,MOD-IA-35,APPARIE
COURSE,COURSE-284,d3ccbd7b-855d-4df4-ba7d-6e3685e3421b,MOD-IA-36,APPARIE
COURSE,COURSE-285,a27a0091-0b2f-4873-b015-6ed4b5e7f1d2,MOD-IA-37,APPARIE
COURSE,COURSE-286,0c9d201b-c71c-4a56-abae-a59cf3052af6,MOD-IA-37,APPARIE
COURSE,COURSE-287,bb1a85ac-08a4-49f3-b8b3-d61ac1c055e6,MOD-IA-38,APPARIE
COURSE,COURSE-288,1ba02a6d-d3a7-4d6c-b7aa-b96fccbfde34,MOD-IA-38,APPARIE
COURSE,COURSE-289,1c72dab8-ffd1-4225-bba0-eba787cdca7b,MOD-IA-38,APPARIE
COURSE,COURSE-290,02e4d801-637e-424b-8921-90e326a58af9,MOD-IA-39,APPARIE
COURSE,COURSE-291,7b607f6f-e3a6-4823-911a-691e0406863c,MOD-IA-39,APPARIE
COURSE,COURSE-292,1010377c-98ac-47ad-a3ff-e1ac396a8679,MOD-IA-39,APPARIE
COURSE,COURSE-293,a9035df8-f996-46d8-8fb2-dae5e7ab1558,MOD-RES-01,APPARIE
COURSE,COURSE-295,e6906054-63ee-43b9-b777-d5b01c614d2d,MOD-RES-02,APPARIE
COURSE,COURSE-296,8936e556-75b5-4f82-a731-4e0e5ee4986e,MOD-RES-03,APPARIE
COURSE,COURSE-298,1bfc596e-35e5-463e-939b-d8cc475399b0,MOD-RES-03,APPARIE
COURSE,COURSE-299,77d87702-7986-4642-a194-1d30ac7fd2db,MOD-RES-03,APPARIE
COURSE,COURSE-300,40927b98-0a86-4048-ab90-cf9cf87fc979,MOD-RES-04,APPARIE
COURSE,COURSE-301,2975ada1-6b47-4143-85fe-b5ee639a57b3,MOD-RES-04,APPARIE
COURSE,COURSE-302,1b1f3047-8986-4331-9da9-f21a895607fa,MOD-RES-05,APPARIE
COURSE,COURSE-303,54d10b24-4e14-475f-a427-984caaec5a6a,MOD-RES-05,APPARIE
COURSE,COURSE-304,66719b65-49ee-45e6-a02b-4ab9a23d56a3,MOD-RES-05,APPARIE
COURSE,COURSE-305,cfc8e79b-38f5-4f15-beea-d3bab6283baf,MOD-RES-05,APPARIE
COURSE,COURSE-306,5d4fdd93-b803-4a5e-be48-30402fa82bd3,MOD-RES-05,APPARIE
COURSE,COURSE-307,99bd7fd6-4694-47cf-b137-acd991af8754,MOD-RES-06,APPARIE
COURSE,COURSE-308,6a2d347e-9a5f-46ac-9dc1-ef3e8e54616a,MOD-RES-06,APPARIE
COURSE,COURSE-309,86a750a7-30ae-4f68-965d-657f5ee0c072,MOD-RES-06,APPARIE
COURSE,COURSE-310,e2cb6a6c-4a03-4834-bd64-1dbf02f2cf33,MOD-RES-07,APPARIE
COURSE,COURSE-311,0692ff12-747b-4708-8ed0-e01b52f52b8f,MOD-RES-07,APPARIE
COURSE,COURSE-312,54a704b3-c055-485d-8d52-38d0b1dd2b16,MOD-RES-08,APPARIE
COURSE,COURSE-313,f622bc06-2489-40a1-b34f-62777c91647b,MOD-RES-08,APPARIE
COURSE,COURSE-314,b096cd48-a910-4346-a8fd-7c27e7c561c2,MOD-RES-09,APPARIE
COURSE,COURSE-315,e002172b-858a-4ac1-8dbf-bd8c51a4ad7f,MOD-RES-09,APPARIE
COURSE,COURSE-316,d56b98c6-ac5d-429f-93db-5cc5c016fea6,MOD-RES-09,APPARIE
COURSE,COURSE-317,816e989b-7a97-4009-85bf-7cc8160fcbe3,MOD-RES-10,APPARIE
COURSE,COURSE-318,af1c8745-1b1f-46d1-9734-621c622b3408,MOD-RES-11,APPARIE
COURSE,COURSE-319,e511dbfc-63e8-42bb-bff7-4ac906728c1e,MOD-RES-11,APPARIE
COURSE,COURSE-320,eb5e55f5-f41d-4878-8c49-22432c8b7021,MOD-RES-11,APPARIE
COURSE,COURSE-321,35a72918-3d4b-496c-a4c1-9288736f5d46,MOD-RES-12,APPARIE
COURSE,COURSE-322,6e9f6645-2bd5-4dce-96e0-a1c2ad2f9bc4,MOD-RES-12,APPARIE
COURSE,COURSE-323,396d0d6f-a8d4-4a7b-a2b0-b5d37eeaa22e,MOD-RES-12,APPARIE
COURSE,COURSE-324,85393b0f-8ed7-4cd7-a9dd-a8f7291c3fd0,MOD-RES-13,APPARIE
COURSE,COURSE-325,dcf9294a-6ece-466e-89e2-c1a1dcb3fa4f,MOD-RES-13,APPARIE
COURSE,COURSE-326,e63f2b9a-40ae-41a9-b3f4-2b6435095433,MOD-RES-13,APPARIE
COURSE,COURSE-327,22edda23-2456-4b6a-9be2-7bd0fdd2ce9c,MOD-RES-14,APPARIE
COURSE,COURSE-328,b3b544ad-77b9-455e-9be6-0c35996b66a3,MOD-RES-14,APPARIE
COURSE,COURSE-329,ca7b81a3-f2a8-4f60-888d-907a6c7858f7,MOD-RES-14,APPARIE
COURSE,COURSE-330,277a349f-2f68-4945-a3a7-b8065ccdc804,MOD-RES-15,APPARIE
COURSE,COURSE-331,be26aa4e-1f20-4ce3-af9a-ae62d5409bdd,MOD-RES-15,APPARIE
COURSE,COURSE-332,d82d24cd-dd09-4c7a-a6c8-f7e5eaa73fa5,MOD-RES-15,APPARIE
COURSE,COURSE-333,fdb3df2d-a94c-4e9f-a189-b1f5ddfd672b,MOD-RES-15,APPARIE
COURSE,COURSE-334,3a9108ca-88d7-442d-95cb-a6f19f1df143,MOD-RES-16,APPARIE
COURSE,COURSE-335,dd3f6a1e-0220-4421-9fa7-b72bad294a8a,MOD-RES-16,APPARIE
COURSE,COURSE-336,8fc1ac13-e6fc-46c6-9435-968b68eb5c78,MOD-RES-16,APPARIE
COURSE,COURSE-337,0a709928-b740-479f-a299-a66ea07ddf94,MOD-RES-17,APPARIE
COURSE,COURSE-338,b2028cb2-6f5f-4712-8abe-e2902baa82fd,MOD-RES-18,APPARIE
COURSE,COURSE-339,1d6e736f-5436-475a-9683-ec51293138be,MOD-RES-18,APPARIE
COURSE,COURSE-340,9ea361ce-83cb-4b05-9c2f-19412b1e72c1,MOD-RES-19,APPARIE
COURSE,COURSE-341,8592bab1-81ff-4b09-813e-e926139e4cfa,MOD-RES-19,APPARIE
COURSE,COURSE-342,cf6f2434-bff3-41a8-9564-020621868595,MOD-RES-20,APPARIE
COURSE,COURSE-343,939b3b19-b99d-4f1f-bcde-b6df009f2eba,MOD-RES-20,APPARIE
COURSE,COURSE-344,1da83933-7d7b-4a49-90ab-2cdae03f4a70,MOD-RES-21,APPARIE
COURSE,COURSE-345,42da4bd5-04f0-43f5-a24d-e68aa3365e5f,MOD-RES-21,APPARIE
COURSE,COURSE-346,3e3a655d-1646-4fc2-a1ba-43a5a3328ab6,MOD-RES-22,APPARIE
COURSE,COURSE-347,c36b4f30-b101-45b1-a511-1ef8b2917309,MOD-RES-22,APPARIE
COURSE,COURSE-349,6f8415db-5c1d-4efd-8d41-d4ee677e8631,MOD-RES-23,APPARIE
COURSE,COURSE-351,3f022fb2-1946-48d0-a802-4073a148b9be,MOD-RES-24,APPARIE
COURSE,COURSE-352,96f3b955-1385-4ed2-a890-944867ad5a25,MOD-RES-24,APPARIE
COURSE,COURSE-353,67dbd8a8-bec2-472f-b94f-c75bd9b3a651,MOD-RES-25,APPARIE
COURSE,COURSE-354,e03b9a47-77fb-4c18-853e-f2250f3d5e6a,MOD-RES-26,APPARIE
COURSE,COURSE-355,c7bf3a13-b570-435c-b2ab-b66baa3b23bc,MOD-RES-26,APPARIE
COURSE,COURSE-356,5744b27c-0458-482e-b9f1-85aff119482f,MOD-RES-27,APPARIE
COURSE,COURSE-357,3563ae52-c04e-49b8-8bf4-8345ebd94f37,MOD-RES-27,APPARIE
COURSE,COURSE-358,e520b87a-ef16-43dc-8db7-ee95a003bc46,MOD-RES-28,APPARIE
COURSE,COURSE-359,ed7dcc69-d4b2-4e55-a9ef-cb609639b3ed,MOD-RES-28,APPARIE
COURSE,COURSE-360,15499f31-3c1d-488d-aca6-72d99fb5bbee,MOD-RES-28,APPARIE
COURSE,COURSE-361,5895ec57-b21a-48a9-aef5-2c65f4500936,MOD-RES-29,APPARIE
COURSE,COURSE-362,ebcf9bf1-ae00-44a0-9580-298a45dd6214,MOD-RES-29,APPARIE
COURSE,COURSE-363,f677a65e-071d-480b-b5f0-2869c2821695,MOD-RES-29,APPARIE
COURSE,COURSE-364,28b1e0a3-b530-4160-acb7-7de15fc6f226,MOD-RES-29,APPARIE
COURSE,COURSE-365,678595b3-bb43-4d91-b5d3-15a63bcc77a5,MOD-RES-30,APPARIE
COURSE,COURSE-366,a5b74993-4858-435a-9e27-359507b0030c,MOD-RES-30,APPARIE
COURSE,COURSE-367,59547179-246c-4dd9-8e86-dff74c630098,MOD-RES-30,APPARIE
COURSE,COURSE-368,ea09196a-2584-48d2-ad62-b7d8a5d0c655,MOD-RES-31,APPARIE
COURSE,COURSE-369,80db07a4-5c04-4b15-adb1-e0a4d919c141,MOD-RES-31,APPARIE
COURSE,COURSE-370,18ed026a-197e-45a5-afae-942f79c3a259,MOD-RES-32,APPARIE
COURSE,COURSE-371,af444d07-ed2e-4d6e-a11d-a261ee342044,MOD-RES-33,APPARIE
COURSE,COURSE-373,6ed3e6c4-5527-436b-b5ff-cc73e5bafc35,MOD-RES-33,APPARIE
COURSE,COURSE-374,e7a24e32-5e3f-48ba-9e3e-900b43c39c76,MOD-RES-34,APPARIE
COURSE,COURSE-375,6842475d-6f23-4add-95bb-ecf16cc9b2a0,MOD-RES-34,APPARIE
COURSE,COURSE-376,2ed73984-8027-4652-95f1-1523cc76cac7,MOD-RES-34,APPARIE
COURSE,COURSE-377,96f8c286-4b16-48c1-933e-55a57bbf908b,MOD-RES-35,APPARIE
COURSE,COURSE-378,dbcd104b-6961-4013-9e73-518692908f8a,MOD-RES-35,APPARIE
COURSE,COURSE-379,fff5d7e5-334e-476d-8b19-ae629a60038a,MOD-RES-36,APPARIE
COURSE,COURSE-380,c74f96ee-d799-438c-a68d-727690efe21b,MOD-RES-36,APPARIE
COURSE,COURSE-381,c6d4a7fb-1ec8-40db-b904-18d8205ae2f8,MOD-CYB-01,APPARIE
COURSE,COURSE-382,1aaa68b7-2436-4cee-af4e-a770bad2fd85,MOD-CYB-01,APPARIE
COURSE,COURSE-384,2c824b4c-c78e-40e2-8d71-65d79392ae2f,MOD-CYB-02,APPARIE
COURSE,COURSE-385,6f8f4bff-4442-470b-91f4-3c6aa4052153,MOD-CYB-03,APPARIE
COURSE,COURSE-386,e04e1118-ccc7-4f8a-bc0f-a6ae572ff58f,MOD-CYB-03,APPARIE
COURSE,COURSE-387,c5e7ff05-eeff-4a4b-955d-84e7456561b1,MOD-CYB-03,APPARIE
COURSE,COURSE-388,cb0a9d17-36c7-4723-bdd5-28511918ddd2,MOD-CYB-03,APPARIE
COURSE,COURSE-389,bab1ed08-a060-4ebb-9b7f-9e64a1d811d3,MOD-CYB-03,APPARIE
COURSE,COURSE-391,9f39295e-98d4-439b-88ac-878d0af73f3f,MOD-CYB-04,APPARIE
COURSE,COURSE-392,2ced068f-fb04-431a-a2fe-44407facff94,MOD-CYB-04,APPARIE
COURSE,COURSE-393,f0156b05-b384-4a1a-a2de-64fb75661fbe,MOD-CYB-04,APPARIE
COURSE,COURSE-394,f0036bd2-d53c-4e0c-8d48-a9064cf9d2a3,MOD-CYB-05,APPARIE
COURSE,COURSE-395,316fee9d-a033-446b-8126-06b4bb45fd11,MOD-CYB-05,APPARIE
COURSE,COURSE-396,8dcda545-0a71-4623-8802-7f5fcb1f1f24,MOD-CYB-05,APPARIE
COURSE,COURSE-397,46f47813-d302-488a-90cd-0f698f718a6c,MOD-CYB-05,APPARIE
COURSE,COURSE-398,b194d5ae-fe67-4263-9b7e-e6c8f6e530dd,MOD-CYB-06,APPARIE
COURSE,COURSE-399,08795bd9-b922-45ea-a7db-aa2c367be044,MOD-CYB-06,APPARIE
COURSE,COURSE-400,e6292aaf-b031-4fe4-b46a-e87f34a3882e,MOD-CYB-07,APPARIE
COURSE,COURSE-401,787a1a69-d07e-496f-b847-40a143173260,MOD-CYB-07,APPARIE
COURSE,COURSE-402,0775d2f6-da25-456c-b72d-a4b5c461f47a,MOD-CYB-07,APPARIE
COURSE,COURSE-403,73a5a9e3-dbff-4205-b6e8-56af6a7784b1,MOD-CYB-08,APPARIE
COURSE,COURSE-405,62944099-6219-47f6-a71c-67def979d602,MOD-CYB-08,APPARIE
COURSE,COURSE-406,0f4db893-fefe-4698-8755-5baeadfead45,MOD-CYB-08,APPARIE
COURSE,COURSE-407,bedfad20-5109-4280-8039-693547c8bf23,MOD-CYB-08,APPARIE
COURSE,COURSE-408,ef8537ca-a7c1-4926-97db-62abed5a8845,MOD-CYB-09,APPARIE
COURSE,COURSE-409,015edd27-3ed6-4bff-a7ca-1fad5bf98357,MOD-CYB-09,APPARIE
COURSE,COURSE-410,717da6c5-c249-4167-967a-0523745a663f,MOD-CYB-09,APPARIE
COURSE,COURSE-411,417ed085-52cd-4958-a91b-286db6600b92,MOD-CYB-10,APPARIE
COURSE,COURSE-412,9aa96a4a-98eb-4ecb-8be3-864d88775730,MOD-CYB-10,APPARIE
COURSE,COURSE-413,957f0de4-20a6-4e01-aa00-d85c521d07ad,MOD-CYB-11,APPARIE
COURSE,COURSE-414,0dfa4460-c4e9-4f52-9ff5-4f7c90f2c2ae,MOD-CYB-12,APPARIE
COURSE,COURSE-415,c696387a-cf22-4f85-84b1-2d014985ece4,MOD-CYB-12,APPARIE
COURSE,COURSE-416,7fbe2f29-34e9-4145-94a4-56fca8704693,MOD-CYB-12,APPARIE
COURSE,COURSE-417,62a2c610-da69-4b27-a95d-3f7c1d79f4d0,MOD-CYB-12,APPARIE
COURSE,COURSE-418,b8c4454b-d64e-4402-92cc-bb5ae708b89c,MOD-CYB-13,APPARIE
COURSE,COURSE-419,4e486e5b-5a3a-4533-bc2a-7fdfeb08e131,MOD-CYB-13,APPARIE
COURSE,COURSE-420,dc841d4e-73c4-4a01-9fa0-937af9a044f7,MOD-CYB-14,APPARIE
COURSE,COURSE-421,d23bd788-1549-4145-ac93-13a210d02d52,MOD-CYB-14,APPARIE
COURSE,COURSE-422,2855667f-a179-4f97-a048-e98f007ac38f,MOD-CYB-15,APPARIE
COURSE,COURSE-423,a6d56e0a-739e-4488-bd1d-e7c1d56b0fe4,MOD-CYB-15,APPARIE
COURSE,COURSE-424,cdeba381-6cb5-4c8b-8463-e5469b8c9cd8,MOD-CYB-16,APPARIE
COURSE,COURSE-425,8dc108d3-86b7-4739-9632-232a8a3761cc,MOD-CYB-16,APPARIE
COURSE,COURSE-426,b2c3a2d7-b578-4e89-b88d-1c89442738d1,MOD-CYB-17,APPARIE
COURSE,COURSE-427,71e816fc-7603-49fb-a661-d784a5f020ad,MOD-CYB-17,APPARIE
COURSE,COURSE-428,46d84645-af8c-41cf-ab87-3d300ea7b191,MOD-CYB-17,APPARIE
COURSE,COURSE-429,9a831a95-6bf7-4c23-a7be-2fa5f1db81ba,MOD-CYB-18,APPARIE
COURSE,COURSE-430,070653a6-cb5f-468b-bde4-9a0e3838292c,MOD-CYB-18,APPARIE
COURSE,COURSE-431,64aea3e2-2340-41c6-8f32-47a766963ceb,MOD-CYB-18,APPARIE
COURSE,COURSE-432,798bf0b1-bad6-430c-8b17-4a84991b7003,MOD-CYB-19,APPARIE
COURSE,COURSE-433,6c3395f3-1e56-41d0-855d-43cfebd210d0,MOD-CYB-19,APPARIE
COURSE,COURSE-434,dd2c2fa3-2708-45ee-b24a-eee1e4524b11,MOD-CYB-20,APPARIE
COURSE,COURSE-435,3b47bd34-538e-4b35-ba11-a71634aa872f,MOD-CYB-20,APPARIE
COURSE,COURSE-436,3c74b71b-40ee-47dd-ab86-0fa8adb90aaf,MOD-CYB-21,APPARIE
COURSE,COURSE-437,bb5997c3-4743-40cd-8f26-cca904c1983e,MOD-CYB-21,APPARIE
COURSE,COURSE-438,283c688e-1195-4034-910e-bb19c9eb8aef,MOD-CYB-21,APPARIE
COURSE,COURSE-439,9b55da54-f5aa-4b9d-95e2-6e5351ce1dd3,MOD-CYB-21,APPARIE
COURSE,COURSE-440,ab2f7993-c23f-4a25-9bd9-c6732243c0d7,MOD-CYB-21,APPARIE
COURSE,COURSE-441,d938f104-30af-408e-9f5f-3db88761be87,MOD-CYB-22,APPARIE
COURSE,COURSE-442,e7dcdde6-352d-44c6-a30e-0e766213992b,MOD-CYB-22,APPARIE
COURSE,COURSE-443,86e03dcc-b0b5-4a4f-86f2-ab3a699ad8f3,MOD-CYB-22,APPARIE
COURSE,COURSE-444,620b3d08-54a1-4d95-9f93-a39afe25661f,MOD-CYB-23,APPARIE
COURSE,COURSE-445,71c95924-7bdd-4771-b78c-7e7a12dd1940,MOD-CYB-23,APPARIE
COURSE,COURSE-446,487d173c-2d21-4996-9cea-bc3177263c11,MOD-CYB-23,APPARIE
COURSE,COURSE-447,956c1868-9878-412e-bcab-3fdf63ce1dd3,MOD-CYB-24,APPARIE
COURSE,COURSE-449,c5df34da-8da4-4ec9-842b-6216edbb4022,MOD-CYB-24,APPARIE
COURSE,COURSE-450,dce597a8-7fa7-47f6-a6dc-1e3841caf453,MOD-CYB-25,APPARIE
COURSE,COURSE-451,f6896eb8-3581-45ea-98ed-4b06588e36a1,MOD-CYB-25,APPARIE
COURSE,COURSE-452,2b7fc9a6-96fd-435d-b730-03f323a99591,MOD-CYB-25,APPARIE
COURSE,COURSE-453,bb478918-0ee3-47fc-9512-03f04d23d2e1,MOD-CYB-26,APPARIE
COURSE,COURSE-454,86ab8c3a-fc2a-4797-88cf-2f6a8a431919,MOD-CYB-26,APPARIE
COURSE,COURSE-455,a39ad7d9-721e-43d5-bfcf-1c142c678d21,MOD-CYB-26,APPARIE
COURSE,COURSE-456,65040df6-c661-4a2a-92be-17aa17cee33c,MOD-CYB-27,APPARIE
COURSE,COURSE-457,a4551904-e19e-475a-ac59-22de7859b81c,MOD-CYB-27,APPARIE
COURSE,COURSE-458,d62016aa-12c3-4ed7-913c-d2981b67f933,MOD-CYB-28,APPARIE
COURSE,COURSE-459,252ae5e1-56f9-4069-8a59-21949de1bc59,MOD-CYB-29,APPARIE
COURSE,COURSE-460,78103d3a-dbab-4538-8b4f-c1cb4496bbf5,MOD-CYB-29,APPARIE
COURSE,COURSE-461,457b91ec-bebd-4ad5-ac2a-1e0b6f3b0418,MOD-CYB-29,APPARIE
COURSE,COURSE-462,8839d2a6-9961-4584-97ad-6cd83f7ee4dc,MOD-CYB-30,APPARIE
COURSE,COURSE-463,68fbb0fa-aeee-4fa7-9171-1aa9f352364a,MOD-CYB-30,APPARIE
COURSE,COURSE-464,c0fb8e6a-9340-4eb2-b999-a7abd2c92685,MOD-CYB-30,APPARIE
COURSE,COURSE-465,941fa5a2-112a-4603-8a48-6152945c46b4,MOD-CYB-30,APPARIE
COURSE,COURSE-466,816679a4-ab53-4e1d-9c60-c810a1970d7c,MOD-CYB-31,APPARIE
COURSE,COURSE-467,5bc5511f-f0f6-4830-99be-02d85779d261,MOD-CYB-31,APPARIE
COURSE,COURSE-468,524cf489-6d3c-43d3-933e-d2e41137af58,MOD-CYB-31,APPARIE
COURSE,COURSE-469,fe9aebbe-4ba4-4283-b317-4373c6514b36,MOD-CYB-31,APPARIE
COURSE,COURSE-470,f93c8d3a-9bb6-481a-83d3-9d56453ab958,MOD-CYB-32,APPARIE
COURSE,COURSE-471,f7b546cc-8a63-4c84-807b-2aa323482e7b,MOD-CYB-32,APPARIE
COURSE,COURSE-472,57d2809a-f95d-4c57-97b6-cf4a17e8c599,MOD-CYB-32,APPARIE
COURSE,COURSE-473,128d6627-5dc8-40c6-959a-54dfb928663b,MOD-CYB-32,APPARIE
COURSE,COURSE-474,01e8012e-b1f1-4209-bbed-e1fd5b342325,MOD-CYB-33,APPARIE
COURSE,COURSE-475,3cbcb965-0a9d-4893-86d1-9f38dcc0f4ca,MOD-CYB-34,APPARIE
COURSE,COURSE-476,b4fc4bc9-f051-434a-9494-23b5827cfa3b,MOD-CYB-35,APPARIE
COURSE,COURSE-477,6d5fbe02-4638-4644-923e-643fb06e6a96,MOD-CYB-35,APPARIE
COURSE,COURSE-478,8a22166c-c2f0-48f2-8b86-70a16cea4b40,MOD-CYB-36,APPARIE
COURSE,COURSE-479,cf3e76ad-741a-4c8b-941c-eb0306a45b73,MOD-CYB-36,APPARIE
COURSE,COURSE-480,b8f03253-301c-4a62-9aa6-2f75263374cb,MOD-CYB-37,APPARIE
COURSE,COURSE-481,0c2ebf3b-61fa-4f78-be2a-cd16d6deff57,MOD-CYB-37,APPARIE
COURSE,COURSE-482,2299e5db-5b38-4f29-88cb-5ae1bbbacedb,MOD-CYB-37,APPARIE
COURSE,COURSE-483,d00c2572-db59-40ff-8d0b-d30786188530,MOD-CYB-37,APPARIE
COURSE,COURSE-484,8196abbe-20d5-43d4-bf5c-47eba9c84ae0,MOD-CYB-38,APPARIE
COURSE,COURSE-485,dd977c07-24ab-4204-ab0b-9786952da3a1,MOD-CYB-38,APPARIE
COURSE,COURSE-486,d31db865-90d3-4f3d-8ded-204176f420d6,MOD-CYB-39,APPARIE
COURSE,COURSE-487,0a4286b2-9938-495a-ac90-939eb5450f73,MOD-MGT-01,APPARIE
COURSE,COURSE-488,670cbda8-f102-4289-b01c-1110660a8fef,MOD-MGT-01,APPARIE
COURSE,COURSE-489,a3e4d2af-c666-414a-8dee-9f525ae6a3ad,MOD-MGT-01,APPARIE
COURSE,COURSE-490,7ac10ade-2786-4a4a-b181-53335e278566,MOD-MGT-02,APPARIE
COURSE,COURSE-491,ffaa5c24-b012-46f3-b67b-4fdf24ca31bf,MOD-MGT-02,APPARIE
COURSE,COURSE-492,6def6031-c087-49d9-afd8-98ea5f4887e3,MOD-MGT-03,APPARIE
COURSE,COURSE-493,37ab78e2-53d4-41cd-a368-b41e5362f257,MOD-MGT-03,APPARIE
COURSE,COURSE-494,12b0ef9d-51ce-49b1-bcf3-0f4ac11b9f23,MOD-MGT-03,APPARIE
COURSE,COURSE-495,4228549b-4c22-4421-9b50-f923c44aaedd,MOD-MGT-03,APPARIE
COURSE,COURSE-497,d4b6fed2-2d70-4db7-afb5-2e668febf5cf,MOD-MGT-04,APPARIE
COURSE,COURSE-498,0dae6718-b739-438e-bc5a-060a7b9b13f1,MOD-MGT-04,APPARIE
COURSE,COURSE-499,e01c719c-70e0-432d-be1f-0d6a10a80811,MOD-MGT-05,APPARIE
COURSE,COURSE-500,f3809ea9-406d-4b91-aecf-3011582c91f5,MOD-MGT-06,APPARIE
COURSE,COURSE-501,1fa32cb3-d450-4e95-b0b8-9125ac0cb282,MOD-MGT-06,APPARIE
COURSE,COURSE-502,b85088f7-1ded-477b-874e-147a43ac10ef,MOD-MGT-07,APPARIE
COURSE,COURSE-503,f079c027-43db-47ad-9faa-f0a3dc39437b,MOD-MGT-07,APPARIE
COURSE,COURSE-504,2318a3c9-81c4-4268-b242-8ec3e8ec8553,MOD-MGT-08,APPARIE
COURSE,COURSE-505,f060edc6-95e8-41c5-84b1-af58bf8b412e,MOD-MGT-09,APPARIE
COURSE,COURSE-506,ad1142f2-e44f-4703-99d4-20e74e194692,MOD-MGT-09,APPARIE
COURSE,COURSE-507,8b22130d-7a56-4781-99f7-2d382a2ff04c,MOD-MGT-10,APPARIE
COURSE,COURSE-508,8a35ba00-38f1-4875-abd9-a770e5a6d05d,MOD-MGT-10,APPARIE
COURSE,COURSE-509,670ec6c5-5d34-4d6b-a613-333096bb616e,MOD-MGT-10,APPARIE
COURSE,COURSE-510,4bb4c353-9bd5-4b71-8a4e-c3356518d6da,MOD-MGT-11,APPARIE
COURSE,COURSE-511,cb6f132b-5b1f-4707-8664-56facf11a199,MOD-MGT-11,APPARIE
COURSE,COURSE-512,35fd2280-dbfe-4ec7-abaf-3eb25896151a,MOD-MGT-11,APPARIE
COURSE,COURSE-513,646d500a-cdb0-4be6-887b-26e066dac523,MOD-MGT-12,APPARIE
COURSE,COURSE-514,bd97cddf-be85-4c3a-ac32-077bcd7c903f,MOD-MGT-12,APPARIE
COURSE,COURSE-515,2e532633-65e8-46e9-8b7b-6ad19a411e35,MOD-MGT-12,APPARIE
COURSE,COURSE-516,ee3753cc-21fe-452e-9f5f-bf6f44fb3b1d,MOD-MGT-13,APPARIE
COURSE,COURSE-517,737fbf95-65d3-48e5-9be5-bc8976f27ce8,MOD-MGT-13,APPARIE
COURSE,COURSE-518,3144078d-7ce9-406c-8873-b96067abb269,MOD-MGT-13,APPARIE
COURSE,COURSE-519,29be6302-5855-4e71-8c85-34f723347902,MOD-MGT-14,APPARIE
COURSE,COURSE-520,5b2a33ff-ac4c-4935-93c2-8a80309d14af,MOD-MGT-14,APPARIE
COURSE,COURSE-521,aa9c74c5-2c0a-49ea-b27e-0eec05828822,MOD-MGT-14,APPARIE
COURSE,COURSE-522,ed8f5c12-889a-4d9b-bb82-595daba2fd36,MOD-MGT-15,APPARIE
COURSE,COURSE-523,45a88bb5-9bac-4a35-a778-8e8fc57c54af,MOD-MGT-15,APPARIE
COURSE,COURSE-524,68cdd305-83ad-43c5-ab19-95f14b2b44a1,MOD-MGT-15,APPARIE
COURSE,COURSE-525,3bb9447a-fee0-47e7-87e7-4fb0774224c3,MOD-MGT-16,APPARIE
COURSE,COURSE-526,0158a33d-1262-4946-a437-d86f74d15f56,MOD-MGT-16,APPARIE
COURSE,COURSE-527,30ed00f5-0941-426f-abf5-5bc733ac503b,MOD-MGT-16,APPARIE
COURSE,COURSE-529,5335341d-7b4c-4dd3-81a6-0cb97cb8306f,MOD-MGT-17,APPARIE
COURSE,COURSE-530,eaf59422-6708-4db3-a97a-84d82f1d00a3,MOD-MGT-17,APPARIE
COURSE,COURSE-531,d9eebb99-ab38-436f-94b8-56364d095620,MOD-MGT-17,APPARIE
COURSE,COURSE-532,6c5d1449-08f9-4746-b5c5-395b13913ee5,MOD-MGT-18,APPARIE
COURSE,COURSE-533,2b9aa74e-0fe1-45d2-bfcf-01d4d7bc428e,MOD-MGT-18,APPARIE
COURSE,COURSE-534,916d7abd-449d-4ea0-ba2f-48c7cd79cdc2,MOD-MGT-18,APPARIE
COURSE,COURSE-535,f4221d18-3ae7-4cd5-bd1d-f42e57b1dfcd,MOD-MGT-18,APPARIE
COURSE,COURSE-536,ef3114f6-b879-4af9-83d6-a6922a567cf0,MOD-MGT-19,APPARIE
COURSE,COURSE-537,4a546ea3-ae5c-4703-b02c-98587719b8ba,MOD-MGT-19,APPARIE
COURSE,COURSE-538,a519711d-f5d2-4d86-9be1-449c99b89e06,MOD-MGT-20,APPARIE
COURSE,COURSE-539,ff21ff12-e377-4829-9644-b3d20694f9a9,MOD-MGT-20,APPARIE
COURSE,COURSE-540,de8288e6-f2d6-45e3-ba6b-0f47b856c14a,MOD-MGT-20,APPARIE
COURSE,COURSE-541,b02897a7-511c-4e06-86b0-358ccbbfded1,MOD-MGT-21,APPARIE
COURSE,COURSE-542,41c3412d-a94e-4087-abfd-0a1f985d06d4,MOD-MGT-21,APPARIE
COURSE,COURSE-543,631de35a-3783-4216-9476-39ed83928a90,MOD-MGT-21,APPARIE
COURSE,COURSE-544,078511a4-1f73-4920-aa1c-4eb0c889dd4e,MOD-MGT-22,APPARIE
COURSE,COURSE-545,a0a07af8-7a0d-405d-abee-e55fe407578c,MOD-MGT-22,APPARIE
COURSE,COURSE-546,482b852e-cb60-4229-9202-c240a63ee566,MOD-MGT-23,APPARIE
COURSE,COURSE-547,46da62f6-f61b-4ee1-a38c-520af592673a,MOD-MGT-23,APPARIE
COURSE,COURSE-548,fd56154f-96fb-4b68-aba6-4b4eb4072140,MOD-MGT-24,APPARIE
COURSE,COURSE-549,a929c35d-59da-4926-811b-f59549e7f116,MOD-MGT-24,APPARIE
COURSE,COURSE-550,d8ecf735-5bb7-4c0d-b2ef-0d97229f6b82,MOD-MGT-25,APPARIE
COURSE,COURSE-551,e79e659e-c008-4dae-b3d0-da82435f6b65,MOD-MGT-25,APPARIE
COURSE,COURSE-552,c537f600-f215-4626-a3fb-2fedf02c3032,MOD-MGT-26,APPARIE
COURSE,COURSE-553,e4efc95c-8cce-4825-90c6-9235e73dc672,MOD-MGT-26,APPARIE
COURSE,COURSE-554,39ce1704-e33d-4a09-8ccc-132efd26072c,MOD-MGT-26,APPARIE
COURSE,COURSE-555,eb8ecf6c-4363-4d8a-bf68-60aa8043bd7d,MOD-MGT-27,APPARIE
COURSE,COURSE-556,eeac38f1-88fa-4c58-b9b8-1cf3735bc8b6,MOD-MGT-28,APPARIE
COURSE,COURSE-557,2e264b3c-5367-4d8f-ba32-802dad286541,MOD-MGT-28,APPARIE
COURSE,COURSE-558,52b866ad-b4f7-483b-9555-e1ec05e9dfc0,MOD-MGT-28,APPARIE
COURSE,COURSE-559,ad2329c3-cc72-4087-8c2f-5cf7b8755beb,MOD-MGT-29,APPARIE
COURSE,COURSE-560,2c366c15-9f4b-4397-8c5f-b8656173773c,MOD-MGT-29,APPARIE
COURSE,COURSE-561,90cebd51-33cb-42c6-901c-a41a5d60e1ff,MOD-MGT-30,APPARIE
COURSE,COURSE-562,ce056538-da6f-4408-9575-903e1d203fa4,MOD-MGT-30,APPARIE
COURSE,COURSE-563,45abba17-741c-4828-b26a-6d954781f0ac,MOD-MGT-30,APPARIE
COURSE,COURSE-564,dcae9a88-344f-41c1-8c4b-1cc22864f9e5,MOD-MGT-31,APPARIE
COURSE,COURSE-565,7187dec9-fcaa-4111-a0c5-2b5327786f6b,MOD-MGT-31,APPARIE
COURSE,COURSE-566,9e7f9402-ad78-4787-8c5c-b2f9ccb04542,MOD-MGT-31,APPARIE
COURSE,COURSE-567,293ac6f9-8d0e-4e03-a1a4-b97ed1eb640a,MOD-MGT-32,APPARIE
COURSE,COURSE-568,31934319-43ee-4a4f-89fe-48833ed01a01,MOD-MGT-32,APPARIE
COURSE,COURSE-569,b93f0a93-ade2-47b1-a48a-150e40f63705,MOD-MGT-32,APPARIE
COURSE,COURSE-570,e3166f18-4ef6-4dda-b376-6642f658aa24,MOD-MGT-33,APPARIE
COURSE,COURSE-571,ef75276a-8a18-4fb7-b542-53e224c20aa0,MOD-MGT-33,APPARIE
COURSE,COURSE-572,7eb9ef58-a621-4af7-85a3-48a6fc1c2673,MOD-MGT-34,APPARIE
COURSE,COURSE-573,da735b82-9c4d-4f82-9fa6-38a2e3d046a0,MOD-MGT-34,APPARIE
COURSE,COURSE-574,29dd522b-9108-4463-a6c0-0df1ae1f0ad7,MOD-MGT-34,APPARIE
COURSE,COURSE-575,e0a415e1-695f-466c-8f54-fc747127e6ee,MOD-MGT-35,APPARIE
COURSE,COURSE-576,b84d69fb-333a-406c-b138-e1359c1acb3b,MOD-MGT-35,APPARIE
COURSE,COURSE-577,088aca48-2c17-4d99-887f-4d2409685c7a,MOD-MGT-35,APPARIE
COURSE,COURSE-578,a69a8d6e-6a38-4e23-a277-af4aeefdad21,MOD-MGT-36,APPARIE
COURSE,COURSE-579,cf49add7-c177-46a2-bd3b-e1c114fa85f6,MOD-MGT-36,APPARIE
COURSE,COURSE-580,68a60d13-af33-48d1-83b3-6213b8c04d55,MOD-MGT-36,APPARIE
COURSE,COURSE-581,4677a4d3-2754-45c8-9130-9fd19fd9ca18,MOD-FIN-01,APPARIE
COURSE,COURSE-582,2b48e2e3-aa31-49c0-a6b2-f7bf86706e70,MOD-FIN-01,APPARIE
COURSE,COURSE-584,95f75202-8bec-41c3-bfff-3cbf21755935,MOD-FIN-02,APPARIE
COURSE,COURSE-585,7505ce55-6313-444a-bc2d-cd24421e696d,MOD-FIN-02,APPARIE
COURSE,COURSE-586,5fe44962-10e1-42d4-9176-c497ed840ab7,MOD-FIN-02,APPARIE
COURSE,COURSE-587,e6b41f24-c889-4b4e-960a-851fab7ff37d,MOD-FIN-03,APPARIE
COURSE,COURSE-588,5dfc1dbc-d056-4db9-8da4-03cb64b0dfbe,MOD-FIN-03,APPARIE
COURSE,COURSE-589,1ab2130f-3269-453f-8495-cd8b124e8a39,MOD-FIN-03,APPARIE
COURSE,COURSE-590,1f253629-72d7-40a6-bff4-561428f360d3,MOD-FIN-03,APPARIE
COURSE,COURSE-591,a89dfd4e-ccc3-4fc2-b415-bcb585005298,MOD-FIN-04,APPARIE
COURSE,COURSE-592,b6d0df8d-1a68-4353-b899-b8e11d419aac,MOD-FIN-04,APPARIE
COURSE,COURSE-593,028668e6-7170-42cd-8094-1ce2b5749a41,MOD-FIN-04,APPARIE
COURSE,COURSE-594,7ec89570-f403-447c-a8ef-c66c8fe44465,MOD-FIN-05,APPARIE
COURSE,COURSE-595,513f8d42-3524-49ec-b035-453650ccb333,MOD-FIN-05,APPARIE
COURSE,COURSE-596,d4084d22-afbb-41b1-8e8c-a48924f37703,MOD-FIN-06,APPARIE
COURSE,COURSE-598,dd799606-69aa-4087-b94a-8dc94a7a2d95,MOD-FIN-06,APPARIE
COURSE,COURSE-599,e331cbe4-583d-4a01-bd03-3fdcc9fd0634,MOD-FIN-06,APPARIE
COURSE,COURSE-600,2e025a9c-5904-4ffd-95f8-7726af228c40,MOD-FIN-07,APPARIE
COURSE,COURSE-601,26299f58-942b-42de-99af-fe03a4d75512,MOD-FIN-07,APPARIE
COURSE,COURSE-602,25c5cb14-15ea-4fcd-8322-67d6e9db9f23,MOD-FIN-07,APPARIE
COURSE,COURSE-603,8724dfc0-7002-4a69-9ed6-1690aa82d802,MOD-FIN-08,APPARIE
COURSE,COURSE-604,5b595d4c-c390-401c-a70e-988ec8b27988,MOD-FIN-08,APPARIE
COURSE,COURSE-605,c3eae4f9-06cf-4089-b0e6-e883aa573090,MOD-FIN-08,APPARIE
COURSE,COURSE-606,a9489058-0a17-4549-b125-6a7473153728,MOD-FIN-08,APPARIE
COURSE,COURSE-607,b13fcbf7-d10a-41a4-84ee-f5fb3d3988e9,MOD-FIN-08,APPARIE
COURSE,COURSE-608,447480fd-e838-42e4-bda8-90799c560362,MOD-FIN-09,APPARIE
COURSE,COURSE-609,1f6b7a53-308c-4476-baef-a7a3c1f884d1,MOD-FIN-09,APPARIE
COURSE,COURSE-610,f0d2a655-be96-4512-a641-c1c0f6a8c03d,MOD-FIN-09,APPARIE
COURSE,COURSE-611,f84cd0ef-9210-4c4a-af23-6f435767472d,MOD-FIN-09,APPARIE
COURSE,COURSE-612,c0050442-dc2f-40d2-b53a-483dbc91346a,MOD-FIN-10,APPARIE
COURSE,COURSE-613,19f81dd6-8ce5-4e55-8784-1e10b341a838,MOD-FIN-10,APPARIE
COURSE,COURSE-614,89c06411-4b8b-4792-8be0-15ad11c5d9fe,MOD-FIN-11,APPARIE
COURSE,COURSE-615,8fa5722a-5e40-4795-9e54-8459890f4e4d,MOD-FIN-11,APPARIE
COURSE,COURSE-616,321e62d2-5dbb-45ac-95d1-c5c7dda6318e,MOD-FIN-12,APPARIE
COURSE,COURSE-617,7e6ca762-447b-4d36-99c9-367d854d23f8,MOD-FIN-12,APPARIE
COURSE,COURSE-618,ed9a22d2-6aa4-47e7-a4af-e0d63d9f4db5,MOD-FIN-12,APPARIE
COURSE,COURSE-619,dad7e7d5-6a3c-469b-9658-113910d71f3a,MOD-FIN-13,APPARIE
COURSE,COURSE-620,167ab0f8-bd6b-4e61-9a00-5a43bacb26da,MOD-FIN-14,APPARIE
COURSE,COURSE-621,7ac31d12-345a-45eb-86ab-09baa83e2ce8,MOD-FIN-14,APPARIE
COURSE,COURSE-622,05b56b21-4fdf-4fb5-a2e6-837f494e1b91,MOD-FIN-14,APPARIE
COURSE,COURSE-623,97fb1093-ad36-4ac0-9594-db4c55d2c8fb,MOD-FIN-15,APPARIE
COURSE,COURSE-624,5ecdc1a0-2767-4cd2-a973-fac57a56f76d,MOD-FIN-15,APPARIE
COURSE,COURSE-625,8b54f211-7d1d-4302-bec9-46edc0486e06,MOD-FIN-16,APPARIE
COURSE,COURSE-626,81257d56-e9aa-456e-a743-0577b5817cbc,MOD-FIN-16,APPARIE
COURSE,COURSE-627,3ed7a1b7-9c52-4cfe-8e2b-82a87febcdee,MOD-FIN-16,APPARIE
COURSE,COURSE-628,cbae2a56-c33d-4049-a486-1f5661c41066,MOD-FIN-16,APPARIE
COURSE,COURSE-629,135b2872-a620-43e5-bace-d7427ee6542d,MOD-FIN-16,APPARIE
COURSE,COURSE-630,5aad9416-4d79-42a5-8ecb-e863c7861401,MOD-FIN-17,APPARIE
COURSE,COURSE-632,ffd40a96-c5e5-4741-b12a-18b0f96efa2e,MOD-FIN-18,APPARIE
COURSE,COURSE-633,794b2b14-5b28-42e5-822a-06f68f92cf70,MOD-FIN-18,APPARIE
COURSE,COURSE-634,4b8e083b-b5b4-473d-aaa9-f6eff6c70d59,MOD-FIN-19,APPARIE
COURSE,COURSE-635,e7edc83f-8b31-4c47-be1e-1f42e458187c,MOD-FIN-20,APPARIE
COURSE,COURSE-636,ec0efe01-4cd4-4369-b311-fbce0fbbd3c6,MOD-FIN-21,APPARIE
COURSE,COURSE-637,0e925f6d-fa9b-485c-8df0-42cb824bd3b8,MOD-FIN-21,APPARIE
COURSE,COURSE-638,96013da7-7c6b-4722-9780-e1beea774f65,MOD-FIN-21,APPARIE
COURSE,COURSE-639,5f2361f2-95b7-4e23-becf-8119fc825b35,MOD-FIN-22,APPARIE
COURSE,COURSE-640,5bf281cf-98a1-40c3-88b3-4f13946b1fad,MOD-FIN-22,APPARIE
COURSE,COURSE-641,4ea48fd0-80a1-4221-b3f0-48ff07a287f0,MOD-FIN-22,APPARIE
COURSE,COURSE-642,53253719-6312-4ce4-b4a4-abd5be8276df,MOD-FIN-22,APPARIE
COURSE,COURSE-643,1e079a8b-2117-4e64-9a15-e5a22e5410e3,MOD-FIN-23,APPARIE
COURSE,COURSE-644,1cabc9ba-dbba-441b-9fe5-0b5e6644033c,MOD-FIN-23,APPARIE
COURSE,COURSE-645,ec6c9f07-f61f-44f8-b863-ecafccde89d6,MOD-FIN-24,APPARIE
COURSE,COURSE-646,c1027e3a-7e18-48db-bec1-9ddd409fc213,MOD-FIN-24,APPARIE
COURSE,COURSE-647,871748ee-172b-402a-965e-43a746387226,MOD-FIN-24,APPARIE
COURSE,COURSE-648,5d9c0db6-43d2-4c48-8675-d87b35d77b04,MOD-FIN-25,APPARIE
COURSE,COURSE-649,df6ba4e2-1446-4174-8501-17d00e33b41d,MOD-FIN-25,APPARIE
COURSE,COURSE-650,4c3af6b4-8f7d-4907-a4d4-803c22c0af90,MOD-FIN-25,APPARIE
COURSE,COURSE-651,14da036b-2a61-48f5-9dfb-f602b45c5389,MOD-FIN-25,APPARIE
COURSE,COURSE-652,7ac9d139-02a6-489a-be4c-3bc3fa257739,MOD-FIN-26,APPARIE
COURSE,COURSE-653,187267a4-b3fa-4ce0-bd93-0b3f30a0f34b,MOD-FIN-26,APPARIE
COURSE,COURSE-654,e36d2422-65bc-4b2f-82ff-fc7ecf87c50b,MOD-FIN-27,APPARIE
COURSE,COURSE-655,cd744ae7-1764-458c-a997-84c392855bb3,MOD-FIN-27,APPARIE
COURSE,COURSE-656,80e97470-5dc2-4aae-9fcb-49e014938a63,MOD-FIN-27,APPARIE
COURSE,COURSE-657,6b2c57c4-2aaa-46a2-96d3-557506a2f28c,MOD-FIN-27,APPARIE
COURSE,COURSE-658,2fa45afb-a077-40cd-a661-51184b2fcdc4,MOD-FIN-28,APPARIE
COURSE,COURSE-659,eac1ab86-2f00-42ea-a3bf-88751e3aa084,MOD-FIN-28,APPARIE
COURSE,COURSE-660,97b0bbbe-6148-4223-b68c-7a26c5f4b2b5,MOD-FIN-28,APPARIE
COURSE,COURSE-661,ab1fb820-980b-4ff7-afe2-11186fd95259,MOD-FIN-28,APPARIE
COURSE,COURSE-662,28ba40a6-580c-4970-9518-181e032c1993,MOD-FIN-28,APPARIE
COURSE,COURSE-663,f14dd6f2-c055-4fd9-8f7e-ebfd7a8f558b,MOD-FIN-29,APPARIE
COURSE,COURSE-664,6814d94c-8e61-47d7-a8a7-3412352c7527,MOD-FIN-29,APPARIE
COURSE,COURSE-665,6a879ec7-1334-4458-abec-6b46e2ae887a,MOD-FIN-30,APPARIE
COURSE,COURSE-666,595681d4-9eb5-4c48-9b40-495d7a6d2d0c,MOD-FIN-30,APPARIE
COURSE,COURSE-667,82c67caa-36eb-497d-99d2-742a579a06ad,MOD-FIN-30,APPARIE
COURSE,COURSE-668,1be2ed0f-7bc6-4367-bc8b-83620577cb3a,MOD-FIN-31,APPARIE
COURSE,COURSE-669,7ab4b613-3ecf-4e84-958d-5279966e8377,MOD-FIN-31,APPARIE
COURSE,COURSE-670,db72d26a-104b-4847-994d-250a66921afc,MOD-FIN-32,APPARIE
COURSE,COURSE-671,d10a6a30-16e6-45fb-bb74-ade0b236c3ac,MOD-FIN-32,APPARIE
COURSE,COURSE-672,68febfb4-470d-4bb7-9110-64003901fcc6,MOD-FIN-33,APPARIE
COURSE,COURSE-673,4a41101f-db64-46b3-aa66-ba91892fad8c,MOD-FIN-33,APPARIE
COURSE,COURSE-674,331cceb4-c938-4bc4-8718-d48ca913c469,MOD-FIN-33,APPARIE
COURSE,COURSE-675,2c17adf2-77e3-4d17-815a-49651e959fd8,MOD-FIN-34,APPARIE
COURSE,COURSE-676,21fb82fa-d74d-47bf-a4d9-049645db6e94,MOD-FIN-34,APPARIE
COURSE,COURSE-677,cfba0f59-9f26-4545-b1ff-61eb95f7f9be,MOD-FIN-34,APPARIE
COURSE,COURSE-678,8c248846-c0c7-4c80-9047-12a426101261,MOD-FIN-34,APPARIE
COURSE,COURSE-679,38fce5c5-787f-4f98-af4c-4e24a6d2a64f,MOD-FIN-34,APPARIE
COURSE,COURSE-680,3f9bd580-aa9a-494d-b56b-eeda216372a4,MOD-FIN-35,APPARIE
COURSE,COURSE-681,5032a623-d109-4889-ac0b-5d5710437947,MOD-FIN-35,APPARIE
COURSE,COURSE-682,5bd3b177-0d03-4c46-93c2-1de71a3832d2,MOD-FIN-36,APPARIE
COURSE,COURSE-683,7581cd02-9af5-4fba-aace-9852adb3db80,MOD-FIN-36,APPARIE
COURSE,COURSE-684,91950833-d4b2-4de5-9a62-5d0d4ea9b3bb,MOD-FIN-36,APPARIE
COURSE,COURSE-685,c1a582e4-c41e-4c60-95c3-a3a5e8e10ea3,MOD-MKT-01,APPARIE
COURSE,COURSE-687,3254c9e3-6b85-4508-b842-2afd47a46e37,MOD-MKT-01,APPARIE
COURSE,COURSE-688,f24448fb-9ac2-4597-b130-fe30ef7e0832,MOD-MKT-02,APPARIE
COURSE,COURSE-689,3c95cd82-6042-4334-9267-e8c75e88bb5c,MOD-MKT-02,APPARIE
COURSE,COURSE-690,a9c63465-03dc-4742-bc7c-5a5889d240b0,MOD-MKT-02,APPARIE
COURSE,COURSE-691,d65a7bcf-198e-4958-9d2b-c4619aef512d,MOD-MKT-03,APPARIE
COURSE,COURSE-692,edf338ce-6101-4471-a080-9d7fcdfbdc85,MOD-MKT-03,APPARIE
COURSE,COURSE-693,5fb8af6c-9abb-427e-8538-4c365dae3d4e,MOD-MKT-03,APPARIE
COURSE,COURSE-694,955510cf-667a-4b4b-bfb3-1794977ab2c2,MOD-MKT-03,APPARIE
COURSE,COURSE-695,188e4113-c250-485b-91f2-c318dca82bfc,MOD-MKT-04,APPARIE
COURSE,COURSE-696,4a24c528-db55-4faf-bc27-9bb6b8f4525e,MOD-MKT-04,APPARIE
COURSE,COURSE-697,fecf1f3f-8a25-4613-bad5-ba29f587db75,MOD-MKT-04,APPARIE
COURSE,COURSE-698,9259bbb0-b3e1-4417-91e2-bfca8405e14f,MOD-MKT-04,APPARIE
COURSE,COURSE-700,2676e94d-ae20-400e-a66f-a658856ec361,MOD-MKT-05,APPARIE
COURSE,COURSE-701,32b7a11d-367d-466e-b9d8-7c2e5ad25583,MOD-MKT-05,APPARIE
COURSE,COURSE-702,e6d4b19f-3eca-46fc-b465-a4ccfb0e1f68,MOD-MKT-05,APPARIE
COURSE,COURSE-703,2d76594f-4907-42d0-bf3b-db03f0c6f7f9,MOD-MKT-06,APPARIE
COURSE,COURSE-704,0fc116cc-6495-4039-9eaa-7a45a64c0db0,MOD-MKT-06,APPARIE
COURSE,COURSE-705,34045abf-cee0-40ef-b30f-67b5974cbf1e,MOD-MKT-07,APPARIE
COURSE,COURSE-706,d00fb51e-77c1-47b5-8234-dda790ed910d,MOD-MKT-07,APPARIE
COURSE,COURSE-707,b04b733f-132f-4073-a69f-32063dbf17e6,MOD-MKT-07,APPARIE
COURSE,COURSE-708,22fe8dc5-cde3-468f-ae6d-674eba262d33,MOD-MKT-08,APPARIE
COURSE,COURSE-709,5eec016e-f33b-414c-8924-57414a715f9e,MOD-MKT-08,APPARIE
COURSE,COURSE-710,0644370e-e1e5-4514-ba5a-af7a5b0ce892,MOD-MKT-09,APPARIE
COURSE,COURSE-711,eaec76ef-932c-4055-aa41-32f0762e527f,MOD-MKT-09,APPARIE
COURSE,COURSE-712,e42c53be-b035-4aa2-a08a-e64a68a3b830,MOD-MKT-09,APPARIE
COURSE,COURSE-713,56505981-1653-4408-bd9a-bb9fdf2b6cb6,MOD-MKT-10,APPARIE
COURSE,COURSE-714,bfc204bd-4be3-4ea7-90fb-8ef8061b77f6,MOD-MKT-10,APPARIE
COURSE,COURSE-715,0a9dfcf4-420b-44ae-8ad6-6849ceacb808,MOD-MKT-11,APPARIE
COURSE,COURSE-716,8c8c7e50-3a26-4a7b-871f-a22b9185b7b4,MOD-MKT-11,APPARIE
COURSE,COURSE-717,bbac12a0-f0a9-429f-9640-23add3e7daf0,MOD-MKT-11,APPARIE
COURSE,COURSE-718,0332a7dd-45a7-475e-b692-948eee3cf17b,MOD-MKT-11,APPARIE
COURSE,COURSE-719,dd042611-e5b3-4bbd-a118-ece0c3416208,MOD-MKT-11,APPARIE
COURSE,COURSE-720,d495e70d-8050-4947-be11-c753d7d377aa,MOD-MKT-12,APPARIE
COURSE,COURSE-721,3994564e-efbc-4be4-adf9-5a26e5b4e056,MOD-MKT-12,APPARIE
COURSE,COURSE-722,fd345fcb-3f47-4e6b-95d3-42e982632f75,MOD-MKT-12,APPARIE
COURSE,COURSE-723,a7a1f00b-d070-420e-913e-7d6b703dbb7c,MOD-MKT-12,APPARIE
COURSE,COURSE-724,ce4457c8-a65a-4bcc-8a9d-b972d645e72f,MOD-MKT-13,APPARIE
COURSE,COURSE-725,1112fcbc-15fa-453b-b9d2-7b61785a8ef8,MOD-MKT-13,APPARIE
COURSE,COURSE-726,572ed92a-6790-46ae-98aa-9c6de2f4f3f1,MOD-MKT-13,APPARIE
COURSE,COURSE-727,fb4d369f-0107-4fec-b522-7ebe11d9f6b6,MOD-MKT-13,APPARIE
COURSE,COURSE-728,4d28a8e3-83f6-4fc1-9ba8-98313b101405,MOD-MKT-14,APPARIE
COURSE,COURSE-729,ae601c92-99d9-4830-99ab-da71fd894c8c,MOD-MKT-14,APPARIE
COURSE,COURSE-730,a8c87675-2b07-4db0-a761-b4a2811b9904,MOD-MKT-15,APPARIE
COURSE,COURSE-731,0930b786-934c-4983-a069-e173bbe6de72,MOD-MKT-15,APPARIE
COURSE,COURSE-732,aa974fa4-d95e-4564-8955-492d2e9b4d38,MOD-MKT-15,APPARIE
COURSE,COURSE-733,3902e268-741a-4790-81f6-6731dd949888,MOD-MKT-15,APPARIE
COURSE,COURSE-734,13a30116-39e5-4cd7-9855-39b12693c515,MOD-MKT-16,APPARIE
COURSE,COURSE-735,b8a26ba4-569b-4161-9cb6-e0dc64fe1bc8,MOD-MKT-16,APPARIE
COURSE,COURSE-736,13e8430e-049b-4a36-b9d1-eca8ac50e868,MOD-MKT-16,APPARIE
COURSE,COURSE-737,55cdbe26-3b03-42f0-b4cc-d31c4af0c624,MOD-MKT-16,APPARIE
COURSE,COURSE-738,a2b47587-34a8-4cbe-bf11-087ac985850d,MOD-MKT-17,APPARIE
COURSE,COURSE-739,b67e9d85-f37b-4e7d-adcc-adb380c14c6a,MOD-MKT-17,APPARIE
COURSE,COURSE-740,eb07d6ae-da38-4cee-934e-be104632eb21,MOD-MKT-17,APPARIE
COURSE,COURSE-741,dac02a4c-47bc-49e3-b7e7-8292ec8f9af7,MOD-MKT-17,APPARIE
COURSE,COURSE-742,9e463298-f74f-4429-b50e-43d5cabfbf82,MOD-MKT-18,APPARIE
COURSE,COURSE-743,0bf02ae4-ea48-45b1-8359-ba5bb38a262a,MOD-MKT-18,APPARIE
COURSE,COURSE-744,79faca81-9efa-4b18-adb8-99856838a665,MOD-MKT-18,APPARIE
COURSE,COURSE-745,ff55c808-b2a8-49f1-81de-c0bd7b948b11,MOD-MKT-19,APPARIE
COURSE,COURSE-746,5c9504e3-8a6e-45ab-858e-c93220f7e667,MOD-MKT-19,APPARIE
COURSE,COURSE-747,3ed90210-72d8-4e8e-8aa4-dcb62b251f56,MOD-MKT-19,APPARIE
COURSE,COURSE-749,87bad251-051f-42be-88b7-329f12e9a167,MOD-MKT-20,APPARIE
COURSE,COURSE-751,4f45f408-cff1-409a-a1d9-6c5360df5fa9,MOD-MKT-21,APPARIE
COURSE,COURSE-752,81441ff1-31d8-4cc5-89f7-c510b022495c,MOD-MKT-21,APPARIE
COURSE,COURSE-753,6dc0751c-c320-433b-a5a2-2e851331565c,MOD-MKT-21,APPARIE
COURSE,COURSE-754,80f24849-ddc0-4721-8234-0f4a25f97c2a,MOD-MKT-22,APPARIE
COURSE,COURSE-755,7f82e561-013c-4a5b-b1fb-b2430a5db578,MOD-MKT-22,APPARIE
COURSE,COURSE-756,e1641b9c-58db-4b54-8d5c-caff3298d0be,MOD-MKT-22,APPARIE
COURSE,COURSE-757,bea029a6-2031-49a7-acd5-341fc30156a5,MOD-MKT-23,APPARIE
COURSE,COURSE-758,759a3cdc-1328-465d-b477-889413c77bef,MOD-MKT-23,APPARIE
COURSE,COURSE-759,c9170428-bc70-4276-9858-c3cc48213dbb,MOD-MKT-23,APPARIE
COURSE,COURSE-760,a2327eee-a839-43cc-925e-73db221d8788,MOD-MKT-24,APPARIE
COURSE,COURSE-761,bc573dcd-00d0-439c-9187-cfe93c2f2c68,MOD-MKT-24,APPARIE
COURSE,COURSE-762,3fbc3078-122b-4ea1-95d8-20321013e025,MOD-MKT-24,APPARIE
COURSE,COURSE-763,e75f55dc-d7e1-432a-b6c7-b18330ec21aa,MOD-MKT-25,APPARIE
COURSE,COURSE-764,8ac0b3f5-8888-465a-81d9-39cbf7e4f41f,MOD-MKT-25,APPARIE
COURSE,COURSE-765,ea850a7d-e362-4501-b4db-45816de6c5e9,MOD-MKT-25,APPARIE
COURSE,COURSE-766,a2d330de-7d9d-4a8f-b8a6-997bdc93d512,MOD-MKT-25,APPARIE
COURSE,COURSE-767,d40d08c2-7e08-40e7-b9db-2dab96a1e96d,MOD-MKT-25,APPARIE
COURSE,COURSE-768,9ecb489e-a277-4944-8567-9aee5fba41f7,MOD-MKT-26,APPARIE
COURSE,COURSE-769,c6c3f810-ce3f-4a54-9354-4f50d6ad3ab6,MOD-MKT-26,APPARIE
COURSE,COURSE-770,05bb0036-8605-4629-b96e-f984785ae020,MOD-MKT-27,APPARIE
COURSE,COURSE-771,26ce04be-fdb6-4691-9ab7-dcbcf8f50720,MOD-MKT-27,APPARIE
COURSE,COURSE-772,58c8f554-30fd-468b-83ef-4fed13e43ad9,MOD-MKT-27,APPARIE
COURSE,COURSE-773,58387a88-e99f-4881-b75e-2670cfc14263,MOD-MKT-28,APPARIE
COURSE,COURSE-774,1811facf-d88a-413c-9629-170aaa5f5286,MOD-MKT-28,APPARIE
COURSE,COURSE-775,64aeb291-1a30-4942-b63a-0091856ce81e,MOD-MKT-28,APPARIE
COURSE,COURSE-776,3c809eff-3c70-497b-adea-d12696902cad,MOD-MKT-28,APPARIE
COURSE,COURSE-777,6ec319b7-eb0e-434a-bd7d-937b8a69d008,MOD-MKT-28,APPARIE
COURSE,COURSE-778,16ca8d52-b0c4-4d11-89fa-465793367b82,MOD-MKT-29,APPARIE
COURSE,COURSE-779,50455fe3-658e-41e6-bad2-de5d78cd6b50,MOD-MKT-29,APPARIE
COURSE,COURSE-780,09763868-921e-4502-bc7d-abd21bb65570,MOD-MKT-29,APPARIE
COURSE,COURSE-781,65a31e0a-49b3-4c40-8e0a-52b20db93b1a,MOD-MKT-29,APPARIE
COURSE,COURSE-782,5b0520b8-1ec5-4e9d-9b73-0ec346706e8f,MOD-MKT-30,APPARIE
COURSE,COURSE-783,ca56d5db-7337-4a5b-8c56-dc6cee94bdb9,MOD-MKT-30,APPARIE
COURSE,COURSE-784,1dd56a67-c4ab-4f25-b5a2-8eb426e4ad08,MOD-MKT-31,APPARIE
COURSE,COURSE-785,522c8884-2490-4d81-b37e-cb5d0c22d483,MOD-MKT-31,APPARIE
COURSE,COURSE-786,0ee6bd80-d03b-4abe-9272-0af5aaaef579,MOD-MKT-32,APPARIE
COURSE,COURSE-787,0a9120bf-2836-48f4-b0b7-abc38cce7c45,MOD-MKT-32,APPARIE
COURSE,COURSE-788,e90c75b0-6879-4651-bce1-e29b7e0e7a9b,MOD-MKT-33,APPARIE
COURSE,COURSE-789,4abdfa21-fc43-471b-81c9-53fff8fed31c,MOD-MKT-33,APPARIE
COURSE,COURSE-790,84416db3-ec64-43b6-8e2f-41a1043863ff,MOD-MKT-33,APPARIE
COURSE,COURSE-791,f9087d0d-37ed-4bed-a3e3-978bc1165942,MOD-MKT-33,APPARIE
COURSE,COURSE-792,da9f7182-14a8-41b4-895c-bebed333dae8,MOD-MKT-34,APPARIE
COURSE,COURSE-793,05a3943b-d1c0-46dd-9bbd-384475f297dc,MOD-MKT-34,APPARIE
COURSE,COURSE-794,c33c7bcc-989c-4a36-854c-d9273132f6de,MOD-MKT-34,APPARIE
COURSE,COURSE-795,06c83dcb-8841-4ed2-ac05-4d2d8bc75b11,MOD-MKT-35,APPARIE
COURSE,COURSE-796,e9349cf3-17db-461e-a3ea-0c6b1b10b4dd,MOD-MKT-35,APPARIE
COURSE,COURSE-797,08bcd267-e5ee-4e1f-999d-407d52b2acf9,MOD-MKT-35,APPARIE
COURSE,COURSE-798,03d8ba46-3a2d-4512-9c3b-0244b83a343b,MOD-MKT-36,APPARIE
QUIZ,QUIZ-1,5f99f953-d6f1-4c01-93f8-2f2d04295f89,MOD-DEV-01,APPARIE
QUIZ,QUIZ-2,e81b1f9d-7683-4e34-9331-ba9b75cb1cfe,MOD-DEV-02,APPARIE
QUIZ,QUIZ-3,6a3be305-b8de-42ac-a589-15bdebba23dc,MOD-DEV-02,APPARIE
QUIZ,QUIZ-4,14a6cc6d-6279-4182-8034-729245180971,MOD-DEV-03,APPARIE
QUIZ,QUIZ-5,3be17907-c42a-4a86-8436-9567ce1f3ab1,MOD-DEV-03,APPARIE
QUIZ,QUIZ-6,9a3a81d2-7696-41f3-9aed-0c14a7734f27,MOD-DEV-04,APPARIE
QUIZ,QUIZ-7,e7c53d54-597e-4cf7-a891-055c648951d4,MOD-DEV-04,APPARIE
QUIZ,QUIZ-8,862b5c94-2072-440b-9e05-405b259398b1,MOD-DEV-04,APPARIE
QUIZ,QUIZ-9,30273f8f-ae72-49a1-b086-f2c2126132c5,MOD-DEV-05,APPARIE
QUIZ,QUIZ-11,4b1daef1-756c-44e1-beb4-f6399b505ca7,MOD-DEV-05,APPARIE
QUIZ,QUIZ-12,7e12d7c6-a450-4d57-8749-f711f7822b16,MOD-DEV-06,APPARIE
QUIZ,QUIZ-13,ebc14d62-04d5-41aa-b9c2-98b11072a6c0,MOD-DEV-07,APPARIE
QUIZ,QUIZ-14,5d9942ec-c010-4f74-bf37-68a3efff86fc,MOD-DEV-07,APPARIE
QUIZ,QUIZ-15,125e0784-f49c-4cc1-87da-90bc16ff69e0,MOD-DEV-07,APPARIE
QUIZ,QUIZ-16,7152c6c3-b97d-40e7-bcc7-4a410094005a,MOD-DEV-07,APPARIE
QUIZ,QUIZ-17,397794ef-57aa-493f-8fb9-0107f600aecc,MOD-DEV-07,APPARIE
QUIZ,QUIZ-18,56f1e514-cf76-420a-8ff3-12e6595382de,MOD-DEV-07,APPARIE
QUIZ,QUIZ-19,aaf527e1-a5c5-48ba-a636-3e3993966f59,MOD-DEV-07,APPARIE
QUIZ,QUIZ-20,461ee774-3059-4a53-b126-4968256009f9,MOD-DEV-08,APPARIE
QUIZ,QUIZ-21,5201fabb-d409-4156-b80f-e146e00cd50c,MOD-DEV-08,APPARIE
QUIZ,QUIZ-22,1711d7d2-340b-48a4-879b-4185051498cf,MOD-DEV-09,APPARIE
QUIZ,QUIZ-23,fa07818d-b13e-4aa8-9d3c-6af83ca6b66f,MOD-DEV-09,APPARIE
QUIZ,QUIZ-24,57102229-6e87-4d7d-abbc-0170f8ac7acc,MOD-DEV-09,APPARIE
QUIZ,QUIZ-25,5ce5a4bd-0327-4f31-9c6b-ee2c5b12fb19,MOD-DEV-09,APPARIE
QUIZ,QUIZ-26,7a5a02f3-a760-403d-920a-faa9f7c4aac4,MOD-DEV-10,APPARIE
QUIZ,QUIZ-27,d655f85d-65c3-4be5-a0e5-79ab0994b609,MOD-DEV-10,APPARIE
QUIZ,QUIZ-28,62f2ac41-f523-4f6c-8756-f1bd8884fda8,MOD-DEV-12,APPARIE
QUIZ,QUIZ-29,c93060aa-406a-48cb-9aff-8c28a5f716c4,MOD-DEV-13,APPARIE
QUIZ,QUIZ-30,f91f5dca-c7d2-4522-94ed-029e884c2ce5,MOD-DEV-14,APPARIE
QUIZ,QUIZ-31,bf0eeb32-0c5e-4418-9526-ab8f013be580,MOD-DEV-14,APPARIE
QUIZ,QUIZ-32,63c943b6-2d7e-4020-9900-2353436516cd,MOD-DEV-14,APPARIE
QUIZ,QUIZ-33,058ab4ae-dda7-4586-b967-c82942965df6,MOD-DEV-14,APPARIE
QUIZ,QUIZ-34,82583249-310f-4d13-8c34-d64d144ddd78,MOD-DEV-14,APPARIE
QUIZ,QUIZ-36,a99d1ea9-de55-47ca-a64c-7228526593f6,MOD-DEV-15,APPARIE
QUIZ,QUIZ-37,ea8efef7-941f-4b38-a483-e72f570b73c5,MOD-DEV-15,APPARIE
QUIZ,QUIZ-38,de036139-2e78-4d40-9424-5464e2600d54,MOD-DEV-15,APPARIE
QUIZ,QUIZ-39,fe5cf5c0-f26b-4b0f-8baa-9bfd3488845c,MOD-DEV-15,APPARIE
QUIZ,QUIZ-40,de5fae06-2419-48d1-9d16-f661aea4155d,MOD-DEV-15,APPARIE
QUIZ,QUIZ-41,2888f838-96fd-419e-9b50-5443e6a52a49,MOD-DEV-16,APPARIE
QUIZ,QUIZ-42,3d428302-d52c-416c-8970-4439c51fc189,MOD-DEV-16,APPARIE
QUIZ,QUIZ-43,09a5c028-b758-4264-8e36-0dbaa50aeed1,MOD-DEV-16,APPARIE
QUIZ,QUIZ-44,6b693dbd-3304-41fa-a93a-49569c525479,MOD-DEV-16,APPARIE
QUIZ,QUIZ-45,cf47c47b-3ec3-4b4c-b507-c3dcdb670a75,MOD-DEV-16,APPARIE
QUIZ,QUIZ-46,47f22e66-fb3c-4b0c-b22e-4008484a55c6,MOD-DEV-16,APPARIE
QUIZ,QUIZ-47,f420aaf9-3dd9-4c08-a1f0-5f0f4ad96e57,MOD-DEV-17,APPARIE
QUIZ,QUIZ-48,0331dbe5-b34c-4dd0-a1fb-62181ba7d525,MOD-DEV-17,APPARIE
QUIZ,QUIZ-50,3ca177db-2392-42b5-8170-1b554fad17ed,MOD-DEV-18,APPARIE
QUIZ,QUIZ-51,2bf64917-7771-48a4-a5df-773dd24b4329,MOD-DEV-18,APPARIE
QUIZ,QUIZ-52,240dda46-c9ce-4276-8017-f869e762c38d,MOD-DEV-18,APPARIE
QUIZ,QUIZ-53,f6963f28-5cfc-4044-8b6b-db3e9129df9d,MOD-DEV-18,APPARIE
QUIZ,QUIZ-54,02d0e008-8b52-4360-a42b-e20f0a0b9ab7,MOD-DEV-19,APPARIE
QUIZ,QUIZ-55,f2ca4aa6-f87b-44c4-a2e3-032d961f7f38,MOD-DEV-19,APPARIE
QUIZ,QUIZ-56,cbcf423a-621e-42e3-92db-d2b259b613df,MOD-DEV-20,APPARIE
QUIZ,QUIZ-57,b7888f98-fbce-4512-a8ec-4e297d49264a,MOD-DEV-20,APPARIE
QUIZ,QUIZ-58,1cd2ad49-b0c2-4737-9740-82712e118ca2,MOD-DEV-20,APPARIE
QUIZ,QUIZ-59,472b8e97-72c3-4f36-bf3c-ebc5b3849b96,MOD-DEV-20,APPARIE
QUIZ,QUIZ-60,513b1a97-9c0b-4498-acbc-e4b726aeee6f,MOD-DEV-21,APPARIE
QUIZ,QUIZ-61,71ba4c46-855c-4148-8e7e-76c7bacdfe4c,MOD-DEV-22,APPARIE
QUIZ,QUIZ-62,762e9357-9c0e-4197-a40f-47c6bf808105,MOD-DEV-22,APPARIE
QUIZ,QUIZ-63,eedf0501-d7a4-4c22-92b3-db58c505fd22,MOD-DEV-22,APPARIE
QUIZ,QUIZ-64,f486669b-6bbf-4e05-af80-cc7e995a9ada,MOD-DEV-22,APPARIE
QUIZ,QUIZ-65,099d0be5-1a6b-456d-a96f-06aaaa449814,MOD-DEV-23,APPARIE
QUIZ,QUIZ-66,b033fe85-a799-4ced-b6eb-6fcdd8966b8a,MOD-DEV-23,APPARIE
QUIZ,QUIZ-67,5e9b3bd2-4280-4c83-a08c-05541241c84a,MOD-DEV-24,APPARIE
QUIZ,QUIZ-68,4ead8438-68ef-4ea4-9977-34b8468cdb17,MOD-DEV-24,APPARIE
QUIZ,QUIZ-69,8549d89a-7027-4be2-be50-b640d347db24,MOD-DEV-24,APPARIE
QUIZ,QUIZ-70,f11464b9-8a44-46a4-9b3a-4110e38fec3d,MOD-DEV-25,APPARIE
QUIZ,QUIZ-71,291fee98-9f45-4792-89e9-5971a136228c,MOD-DEV-25,APPARIE
QUIZ,QUIZ-72,01da73ca-a76c-4cb0-a6e4-150c38f13a21,MOD-DEV-25,APPARIE
QUIZ,QUIZ-73,00a63bdd-329f-4c7d-b4ce-9881e463871c,MOD-DEV-26,APPARIE
QUIZ,QUIZ-74,c600efcf-9b4a-4790-a4d7-b5ba9a5c90e0,MOD-DEV-26,APPARIE
QUIZ,QUIZ-75,cea1a2d9-a545-4c51-8f66-9123075662de,MOD-DEV-26,APPARIE
QUIZ,QUIZ-76,cab39da9-3dc6-479d-b3b4-e744fc3448ce,MOD-DEV-26,APPARIE
QUIZ,QUIZ-77,2b165dd8-3d13-4435-9949-f175685705f3,MOD-DEV-26,APPARIE
QUIZ,QUIZ-79,39f5fb52-9786-49b2-8373-67f77d8f6ed1,MOD-DEV-27,APPARIE
QUIZ,QUIZ-80,062ee20e-4fc4-4d0b-a4f6-a3045eeb8cbf,MOD-DEV-27,APPARIE
QUIZ,QUIZ-81,d5aa9fa6-fa8b-45f8-a31d-de4f4a5c97e6,MOD-DEV-27,APPARIE
QUIZ,QUIZ-82,d05f5d56-d287-4c60-9118-c463664556c4,MOD-DEV-28,APPARIE
QUIZ,QUIZ-83,6b7026a5-a8df-417d-84b7-4f282f72e4c6,MOD-DEV-28,APPARIE
QUIZ,QUIZ-84,4e4847b5-ef2e-4569-88a5-78e373cfacfb,MOD-DEV-29,APPARIE
QUIZ,QUIZ-85,87c85ba6-5a5f-4969-8aaa-7bb055bd9c85,MOD-DEV-29,APPARIE
QUIZ,QUIZ-86,4dceb255-dd35-4730-8717-6660d8e273bd,MOD-DEV-30,APPARIE
QUIZ,QUIZ-87,f71a7d3e-b5ff-4dce-9550-1f0b5d269a6d,MOD-DEV-30,APPARIE
QUIZ,QUIZ-88,fdc24df0-14b6-4988-8fb8-6172c381e3e1,MOD-DEV-30,APPARIE
QUIZ,QUIZ-89,3b99e132-16f5-4a74-8c42-ea11d99060ee,MOD-DEV-30,APPARIE
QUIZ,QUIZ-90,59413fe3-1e11-4c6f-8bb0-31bbda895d77,MOD-DEV-31,APPARIE
QUIZ,QUIZ-91,c7a55d80-ebbc-4a05-a73a-d27077120b25,MOD-DEV-31,APPARIE
QUIZ,QUIZ-92,2b9b6343-fec2-4813-ba14-26e4c44d0a19,MOD-DEV-31,APPARIE
QUIZ,QUIZ-94,88405f8e-0ae6-49a5-8d0c-18a8b8d28d08,MOD-DEV-32,APPARIE
QUIZ,QUIZ-95,aa315ad1-d942-4159-8d77-c916faea06af,MOD-DEV-32,APPARIE
QUIZ,QUIZ-96,4da0ec0c-e7d3-4c12-8b2f-1f2f1e9e6cbe,MOD-DEV-32,APPARIE
QUIZ,QUIZ-97,197a3f04-da62-4969-b418-304848a3ea42,MOD-DEV-34,APPARIE
QUIZ,QUIZ-98,e70b688d-7870-44d3-a1f6-9f1397486041,MOD-DEV-34,APPARIE
QUIZ,QUIZ-99,dba79dbd-9297-4bbd-96f7-3c46ce4c50e5,MOD-DEV-35,APPARIE
QUIZ,QUIZ-100,f59ae2da-2da4-4f88-83d8-9e04b9a59ef5,MOD-DEV-35,APPARIE
QUIZ,QUIZ-101,358bf99a-dd2c-4a00-ba90-f7c917d11f54,MOD-DEV-36,APPARIE
QUIZ,QUIZ-102,1a5d5502-a9b9-4640-93cb-21d4504f54ac,MOD-DEV-37,APPARIE
QUIZ,QUIZ-103,0ada42a2-566d-4284-ae39-615649ec49ef,MOD-DEV-37,APPARIE
QUIZ,QUIZ-104,9018fca9-f325-4051-9d71-8a245eea56a4,MOD-DEV-37,APPARIE
QUIZ,QUIZ-105,cd296502-a76e-4a0c-9754-06588cb14e5e,MOD-DEV-38,APPARIE
QUIZ,QUIZ-106,fd1b5562-7b18-4208-bb63-87735d2ab729,MOD-DEV-38,APPARIE
QUIZ,QUIZ-107,fb826ea4-11b4-49f4-924f-dca731e308a4,MOD-DEV-38,APPARIE
QUIZ,QUIZ-108,9165968b-f9b1-40cb-b99a-2a83a7ccb725,MOD-DEV-38,APPARIE
QUIZ,QUIZ-109,108dc91a-adc7-4a24-bbce-96b47767874e,MOD-DEV-39,APPARIE
QUIZ,QUIZ-110,1dfaa3d4-a8ee-45f3-97d6-c83fa151ccfa,MOD-DEV-39,APPARIE
QUIZ,QUIZ-111,a10f4ffa-04a7-43e4-9f79-83809a872637,MOD-DEV-39,APPARIE
QUIZ,QUIZ-112,688c4d5f-f7a0-4a53-93cf-510bd745a1bd,MOD-DEV-39,APPARIE
QUIZ,QUIZ-113,0a7b4f29-9969-4f34-a7b1-9f9afd491642,MOD-DATA-01,APPARIE
QUIZ,QUIZ-114,0042ae07-9364-4840-90d5-3314066f5195,MOD-DATA-01,APPARIE
QUIZ,QUIZ-115,25b51d4c-91fc-4fc0-a2ad-0fe4b072bd7a,MOD-DATA-01,APPARIE
QUIZ,QUIZ-116,21f76ad6-820a-49af-9638-1f5395867dd5,MOD-DATA-02,APPARIE
QUIZ,QUIZ-117,c605b68b-c72e-4a91-a3a5-4962b5370ff8,MOD-DATA-02,APPARIE
QUIZ,QUIZ-119,9335ce16-bf0d-4d62-807c-ce699bf6a316,MOD-DATA-02,APPARIE
QUIZ,QUIZ-120,a561a12d-b19e-4cb5-a2db-418105c4bd2a,MOD-DATA-02,APPARIE
QUIZ,QUIZ-121,9a690512-d127-4fa4-82d7-d9d5ddaa569a,MOD-DATA-03,APPARIE
QUIZ,QUIZ-122,950b3c0f-ca6d-4324-b104-e7cfab3b395b,MOD-DATA-03,APPARIE
QUIZ,QUIZ-123,f7fbc9f3-7d41-4680-bec3-b2f66943b826,MOD-DATA-04,APPARIE
QUIZ,QUIZ-124,41ca184f-0161-4367-9865-e046e3ed27e5,MOD-DATA-04,APPARIE
QUIZ,QUIZ-125,930386ef-8f2c-40c0-bcd0-20fb7ff7adc1,MOD-DATA-04,APPARIE
QUIZ,QUIZ-126,3f3c37c6-1d88-4646-afd4-2bae591815d1,MOD-DATA-05,APPARIE
QUIZ,QUIZ-127,b721a8ab-f1b0-4ef2-9582-69a04c5d3836,MOD-DATA-05,APPARIE
QUIZ,QUIZ-128,030e5aa2-a1ea-4130-bde4-64ff1f6bea52,MOD-DATA-05,APPARIE
QUIZ,QUIZ-129,1baf9000-29c0-493a-b916-70729834bd3a,MOD-DATA-05,APPARIE
QUIZ,QUIZ-130,cba8763f-c68e-4d3a-8491-d1c67bebda78,MOD-DATA-06,APPARIE
QUIZ,QUIZ-131,2afa8ed0-f0e2-46cf-a8b9-802c06957b9f,MOD-DATA-06,APPARIE
QUIZ,QUIZ-132,52aee40d-e3d0-42bb-b6cd-87629107d90b,MOD-DATA-07,APPARIE
QUIZ,QUIZ-133,46380e81-845b-471c-9cea-7d0b9e22c619,MOD-DATA-07,APPARIE
QUIZ,QUIZ-134,8948873a-958b-4ace-8a56-14dc9b1eff0a,MOD-DATA-08,APPARIE
QUIZ,QUIZ-135,a79b136b-9f68-4695-bf5d-6838fda951a0,MOD-DATA-08,APPARIE
QUIZ,QUIZ-137,6b82d0de-b1c7-4f4c-92c6-f24da6ab8020,MOD-DATA-09,APPARIE
QUIZ,QUIZ-138,27a11df2-9171-4646-becb-b126fb1ff973,MOD-DATA-09,APPARIE
QUIZ,QUIZ-139,c8dcf8b9-5f4e-4404-902e-0360403c0790,MOD-DATA-09,APPARIE
QUIZ,QUIZ-140,35727f36-efdd-4cd7-8dac-b647ea8d74df,MOD-DATA-10,APPARIE
QUIZ,QUIZ-141,f7ee447c-d173-48b7-bbe2-80fafa7977e0,MOD-DATA-10,APPARIE
QUIZ,QUIZ-142,679e9029-bb7b-4cec-88fa-ae3c6a76caad,MOD-DATA-10,APPARIE
QUIZ,QUIZ-143,3891ce62-71ff-4fdb-9754-7976fc21e894,MOD-DATA-10,APPARIE
QUIZ,QUIZ-144,4b140678-0f95-4a4e-9d54-892a636be8fb,MOD-DATA-10,APPARIE
QUIZ,QUIZ-145,96394bc1-28c8-4f04-90be-7ddce501a14d,MOD-DATA-11,APPARIE
QUIZ,QUIZ-146,62e6d829-5e5f-4362-88c5-bd8175b6d177,MOD-DATA-11,APPARIE
QUIZ,QUIZ-147,630b307a-c2bd-4b50-af2e-04af74e86d6c,MOD-DATA-11,APPARIE
QUIZ,QUIZ-148,2a84c8fd-cbfb-4800-82da-9cd8b018b24a,MOD-DATA-11,APPARIE
QUIZ,QUIZ-149,1d13baa7-725e-430f-9f33-2245272da877,MOD-DATA-12,APPARIE
QUIZ,QUIZ-150,1e799594-fe88-465b-b2f9-f87925b553de,MOD-DATA-12,APPARIE
QUIZ,QUIZ-151,d9f54c01-30ab-4409-871f-68763ff8c566,MOD-DATA-12,APPARIE
QUIZ,QUIZ-152,e3ca228c-9dce-449e-aa6d-69b71837f36d,MOD-DATA-13,APPARIE
QUIZ,QUIZ-153,90ecce32-7fb1-4926-b944-d60288d11466,MOD-DATA-13,APPARIE
QUIZ,QUIZ-154,3196a5af-8932-40ae-8156-8017a78fa19b,MOD-DATA-14,APPARIE
QUIZ,QUIZ-155,e67f1d13-7d3f-4798-9caf-033cbe6476b8,MOD-DATA-14,APPARIE
QUIZ,QUIZ-156,59c20c1d-2417-4a60-b03b-d655a50b33d0,MOD-DATA-14,APPARIE
QUIZ,QUIZ-157,e669c5e7-e146-43f8-98c0-944d2044dbbf,MOD-DATA-14,APPARIE
QUIZ,QUIZ-159,5e3642c2-2948-47d0-81dc-d11e1c44f1ef,MOD-DATA-14,APPARIE
QUIZ,QUIZ-160,c4715e55-c5ad-4595-8acc-c0bed3db4ed8,MOD-DATA-15,APPARIE
QUIZ,QUIZ-161,75b7c27d-275d-4bd8-b921-5e576b463aff,MOD-DATA-15,APPARIE
QUIZ,QUIZ-162,9efd948d-692e-41d1-a53b-1933e0b1cde3,MOD-DATA-15,APPARIE
QUIZ,QUIZ-163,a7f3cb74-dc12-45ee-a586-6231bbee0f36,MOD-DATA-16,APPARIE
QUIZ,QUIZ-164,09b514fa-8ad5-474d-89ee-9a007407f9ae,MOD-DATA-16,APPARIE
QUIZ,QUIZ-165,53a9421c-5447-4e69-860d-79328e100a95,MOD-DATA-16,APPARIE
QUIZ,QUIZ-166,ea33e7fd-17d1-42c5-b50a-d8ac16d13757,MOD-DATA-17,APPARIE
QUIZ,QUIZ-167,ca4df06c-bc6a-4919-a32a-0a3bef68e0af,MOD-DATA-17,APPARIE
QUIZ,QUIZ-168,9901ce47-79e7-48f8-b91d-1a67af6ed244,MOD-DATA-18,APPARIE
QUIZ,QUIZ-169,2c5faf1b-6098-4e98-95d7-93b1835d7acf,MOD-DATA-18,APPARIE
QUIZ,QUIZ-170,3f68cd8b-6f4a-41b9-a5e5-72187f9d4d54,MOD-DATA-18,APPARIE
QUIZ,QUIZ-172,21583c99-fbf2-40da-b16f-bd8d2e03f52e,MOD-DATA-18,APPARIE
QUIZ,QUIZ-173,12e24994-d4b1-4dc4-8b6a-770ffe490b47,MOD-DATA-19,APPARIE
QUIZ,QUIZ-174,30ca78ac-34e6-498e-9236-de41cdd8a7f9,MOD-DATA-19,APPARIE
QUIZ,QUIZ-175,28cd7bfb-f5fb-41dc-9ac8-850e063c12c8,MOD-DATA-19,APPARIE
QUIZ,QUIZ-176,bfde3901-dd7f-40dc-b05b-8f9ac59377d7,MOD-DATA-19,APPARIE
QUIZ,QUIZ-177,6d9135ed-a291-42d1-b67a-ad7eb8a7fbc7,MOD-DATA-19,APPARIE
QUIZ,QUIZ-178,2dd8a538-1fc8-45fc-883e-6a247b3f9c50,MOD-DATA-19,APPARIE
QUIZ,QUIZ-179,b448b00b-cd6c-4320-a009-aa88a49d21a6,MOD-DATA-20,APPARIE
QUIZ,QUIZ-180,b9ea5b63-be89-4e67-a2ec-355805f076ee,MOD-DATA-20,APPARIE
QUIZ,QUIZ-181,7d607db0-e527-4294-901f-fff81f5a97e7,MOD-DATA-20,APPARIE
QUIZ,QUIZ-182,adffc15e-a840-4c65-90e1-57352a671f99,MOD-DATA-20,APPARIE
QUIZ,QUIZ-183,9f304196-fb78-4a46-8b40-92d852e82fbe,MOD-DATA-21,APPARIE
QUIZ,QUIZ-184,36d2602e-6010-4e66-a5b2-50b52f1a6392,MOD-DATA-21,APPARIE
QUIZ,QUIZ-185,c3cf8576-bb51-4753-b420-b5575690cd2e,MOD-DATA-21,APPARIE
QUIZ,QUIZ-186,51667036-3717-4a49-b29f-e2516ef3982c,MOD-DATA-21,APPARIE
QUIZ,QUIZ-187,25567eca-c3f0-44c9-a144-d5bc6883ca08,MOD-DATA-22,APPARIE
QUIZ,QUIZ-188,c5715756-8014-41a7-9eec-30712e13e3f2,MOD-DATA-22,APPARIE
QUIZ,QUIZ-189,537d620c-2ebf-4959-9dd1-9c65c460d18a,MOD-DATA-22,APPARIE
QUIZ,QUIZ-190,92d81a32-6d81-4e9c-9726-45b92da26622,MOD-DATA-22,APPARIE
QUIZ,QUIZ-191,e133ab15-cb7d-4221-b9f0-bb3c4df3680d,MOD-DATA-23,APPARIE
QUIZ,QUIZ-192,f8eda0a2-435e-41b9-b905-0edae6f9478d,MOD-DATA-23,APPARIE
QUIZ,QUIZ-193,439281ae-18a8-473a-842f-701728ea7e82,MOD-DATA-23,APPARIE
QUIZ,QUIZ-194,84c22379-afa7-4ef9-a5a6-5446dde3529f,MOD-DATA-24,APPARIE
QUIZ,QUIZ-195,26c9c4c7-0d04-4050-a74a-545f8cec0af3,MOD-DATA-24,APPARIE
QUIZ,QUIZ-196,846f3e23-f7bc-459a-8d97-747fbbb66ebc,MOD-DATA-24,APPARIE
QUIZ,QUIZ-197,bcafef74-5757-4718-885c-1f26bb6f1d58,MOD-DATA-25,APPARIE
QUIZ,QUIZ-198,699a305a-7969-4e15-a857-75fa1b84e28a,MOD-DATA-25,APPARIE
QUIZ,QUIZ-199,5bc889bf-7b8c-4950-b7a4-83a642dcfecb,MOD-DATA-26,APPARIE
QUIZ,QUIZ-200,22a5beda-e44f-4a37-9e60-b30daed4f8f8,MOD-DATA-26,APPARIE
QUIZ,QUIZ-201,5eefa401-d451-4858-bda7-cf527c54b76b,MOD-DATA-27,APPARIE
QUIZ,QUIZ-202,f2b1c9aa-74ea-4de0-ae0e-dc7039db8acc,MOD-DATA-27,APPARIE
QUIZ,QUIZ-204,493d2036-ea06-43c0-aadd-637230a060ee,MOD-DATA-27,APPARIE
QUIZ,QUIZ-205,4600a6ba-7be8-4b6a-97f2-103969b7ce2d,MOD-DATA-27,APPARIE
QUIZ,QUIZ-206,11d5361f-3a41-4e05-997c-63da5de1c2be,MOD-DATA-28,APPARIE
QUIZ,QUIZ-207,66ae1dd9-f9e7-457e-80e9-99b59be32b03,MOD-DATA-28,APPARIE
QUIZ,QUIZ-208,56f8dd5c-d631-4dc8-b0fb-79e9da0ffba4,MOD-DATA-28,APPARIE
QUIZ,QUIZ-209,45422b4b-5f7e-4bac-b110-57d8da7e5104,MOD-DATA-28,APPARIE
QUIZ,QUIZ-210,c91e677f-22c6-46a3-a302-53446cd8cb27,MOD-DATA-29,APPARIE
QUIZ,QUIZ-211,6be05627-8ad3-4dd3-8eaf-53f2afc5652a,MOD-DATA-30,APPARIE
QUIZ,QUIZ-212,75686c4a-1754-4e13-bdc1-dac66c1a66ec,MOD-DATA-31,APPARIE
QUIZ,QUIZ-213,9caa950c-330f-4a2c-be3f-53a2b9422150,MOD-DATA-31,APPARIE
QUIZ,QUIZ-214,bd0a41e8-34e2-40f4-95f2-4cea54f0ddc3,MOD-DATA-32,APPARIE
QUIZ,QUIZ-216,458b1c9e-91ab-4ecf-9168-7b9d8d1a25c6,MOD-DATA-32,APPARIE
QUIZ,QUIZ-217,36d8174b-ae3f-4f68-ba7a-469276113d07,MOD-DATA-32,APPARIE
QUIZ,QUIZ-218,3ee4355d-e665-468c-bc7a-53c06ae6f090,MOD-DATA-33,APPARIE
QUIZ,QUIZ-219,2e97f3f4-a841-48ff-87d4-e1afe8170f96,MOD-DATA-33,APPARIE
QUIZ,QUIZ-220,970b2006-24d1-42c4-aff1-38f9fe66dce4,MOD-DATA-33,APPARIE
QUIZ,QUIZ-221,3d3a538c-6468-4d50-9c57-6ff1bfc43181,MOD-DATA-34,APPARIE
QUIZ,QUIZ-222,e448a68e-5a6a-4b14-a1e4-b9d86692a6ad,MOD-DATA-34,APPARIE
QUIZ,QUIZ-223,bf1cd91d-2fc9-443e-aa25-47d402eaa486,MOD-DATA-35,APPARIE
QUIZ,QUIZ-224,91f262e5-a906-45ba-853f-2971dd212f89,MOD-DATA-35,APPARIE
QUIZ,QUIZ-225,2b2000f5-dd26-483c-bc05-2f624d39b94c,MOD-DATA-36,APPARIE
QUIZ,QUIZ-226,ba89906b-851e-485e-ac81-4a95ca5b82ec,MOD-DATA-36,APPARIE
QUIZ,QUIZ-227,f6f0927c-525d-42fa-a4ab-bae27deda80b,MOD-DATA-36,APPARIE
QUIZ,QUIZ-228,9af84eb2-05a9-4c46-a313-adaf3c60ca86,MOD-DATA-36,APPARIE
QUIZ,QUIZ-229,68a4474d-2fb9-4d7c-944f-347a951343ee,MOD-DATA-36,APPARIE
QUIZ,QUIZ-230,01f8803c-9ebb-45a0-87de-afc2ce5e24fb,MOD-DATA-38,APPARIE
QUIZ,QUIZ-231,945b3fc3-36a0-46aa-9b9f-5ae3b62a252d,MOD-DATA-38,APPARIE
QUIZ,QUIZ-232,f4d077bc-3d25-4851-ad11-53d8e5bdf78b,MOD-DATA-38,APPARIE
QUIZ,QUIZ-233,f914f5cf-fc04-4de5-867d-f5517d52d33a,MOD-DATA-39,APPARIE
QUIZ,QUIZ-234,b79a73b6-481a-467a-a977-06ba2eb5d61b,MOD-IA-01,APPARIE
QUIZ,QUIZ-235,ce215ca4-3780-4651-99ae-03d6ef84e077,MOD-IA-01,APPARIE
QUIZ,QUIZ-236,4c15d7b1-a40d-4052-80ad-21da1b205f13,MOD-IA-01,APPARIE
QUIZ,QUIZ-237,723047d3-17c9-4cfa-bacb-492e5595963a,MOD-IA-01,APPARIE
QUIZ,QUIZ-239,e6aafd7a-2a71-40ba-abcc-596644bcb0c8,MOD-IA-03,APPARIE
QUIZ,QUIZ-240,e4bcca36-a420-42ef-bf0a-b05e8785cd72,MOD-IA-03,APPARIE
QUIZ,QUIZ-241,507bab4c-2d14-4ee9-b038-7b705edc7a0d,MOD-IA-03,APPARIE
QUIZ,QUIZ-242,1f2166bb-e792-46ae-b4d0-ee9e4b209e7d,MOD-IA-03,APPARIE
QUIZ,QUIZ-243,8688c157-7826-4474-92ad-e5c78a302d54,MOD-IA-03,APPARIE
QUIZ,QUIZ-244,b98dc523-fcd8-42ff-808d-107666e3235b,MOD-IA-03,APPARIE
QUIZ,QUIZ-245,bb399d06-a8e8-4e3a-bc58-7595710cc7f3,MOD-IA-04,APPARIE
QUIZ,QUIZ-246,c128f9b6-5fb6-4212-9241-ae2e2d09f98f,MOD-IA-04,APPARIE
QUIZ,QUIZ-247,71efa2b3-8160-466f-8ba2-6271ef86144f,MOD-IA-04,APPARIE
QUIZ,QUIZ-248,e2dd670c-1c63-497f-8b81-7b0044338f36,MOD-IA-05,APPARIE
QUIZ,QUIZ-249,b9430c72-59e5-4f3a-94b0-1381982290ce,MOD-IA-05,APPARIE
QUIZ,QUIZ-250,2136b45e-fec4-4a52-8b2d-efef29e7259b,MOD-IA-05,APPARIE
QUIZ,QUIZ-251,e602e9ed-cac9-4271-b1ad-51e3dc053899,MOD-IA-05,APPARIE
QUIZ,QUIZ-252,cc7d1925-a4fc-4bf4-a392-134b00bf6420,MOD-IA-05,APPARIE
QUIZ,QUIZ-253,e51e608c-b5c6-4c16-af65-7c3e15827de9,MOD-IA-05,APPARIE
QUIZ,QUIZ-254,2f285ddd-4ce1-4155-95dc-21a4634043a2,MOD-IA-06,APPARIE
QUIZ,QUIZ-255,29f471e8-b02e-4f50-bf25-4cff1a8a0e49,MOD-IA-06,APPARIE
QUIZ,QUIZ-256,a72a5b90-8942-4bdb-8237-0eae070f227b,MOD-IA-06,APPARIE
QUIZ,QUIZ-257,d5b79224-fa2a-41bc-90e0-a3c8ae02d39b,MOD-IA-07,APPARIE
QUIZ,QUIZ-258,2d9d0b1c-f48b-49b9-91d3-319ab3a9c4a4,MOD-IA-08,APPARIE
QUIZ,QUIZ-259,a9a1ef85-8346-4f66-9095-530b478448dc,MOD-IA-08,APPARIE
QUIZ,QUIZ-260,c4a7a89c-af1e-4612-a39f-94b7ba2b5e2e,MOD-IA-09,APPARIE
QUIZ,QUIZ-261,9276a3c0-e6a4-4e83-878b-2b18b405457b,MOD-IA-09,APPARIE
QUIZ,QUIZ-262,b892afac-1c73-4107-948d-fa46630593e8,MOD-IA-09,APPARIE
QUIZ,QUIZ-263,0554ff58-9a0b-4dcb-a1be-07ae08c75a99,MOD-IA-09,APPARIE
QUIZ,QUIZ-264,86b69899-7a1e-4ec9-a9cf-8726e8fdd3c2,MOD-IA-09,APPARIE
QUIZ,QUIZ-265,e0873841-5c7c-4e21-a9af-04052d74b6cc,MOD-IA-10,APPARIE
QUIZ,QUIZ-266,f91487b2-016a-44dd-a43d-55a7e82adfc9,MOD-IA-10,APPARIE
QUIZ,QUIZ-267,01870112-ee95-4277-aed6-322de0de9c57,MOD-IA-11,APPARIE
QUIZ,QUIZ-269,f9df07ec-8b82-40d6-8a9d-38ab67cc8aee,MOD-IA-11,APPARIE
QUIZ,QUIZ-270,d3cd9705-d5b3-4d22-8dcc-d67b475e4722,MOD-IA-11,APPARIE
QUIZ,QUIZ-271,ea42ecd0-5431-49dc-83f6-d519ea20bfa2,MOD-IA-12,APPARIE
QUIZ,QUIZ-272,7ea1184d-39db-494a-8394-d2afb0b09ec5,MOD-IA-12,APPARIE
QUIZ,QUIZ-273,a42fad49-b7fe-477f-a584-10a361f20c63,MOD-IA-13,APPARIE
QUIZ,QUIZ-274,8496e388-bf47-4d93-a61b-d78a1bb70d97,MOD-IA-13,APPARIE
QUIZ,QUIZ-275,c51c3552-ec5f-4e61-94c0-2a5cafeebbdb,MOD-IA-13,APPARIE
QUIZ,QUIZ-276,1e43ee2f-c95e-4729-aa65-68c6c0b69fab,MOD-IA-13,APPARIE
QUIZ,QUIZ-277,b4dbe9a1-2f86-4a7a-bd37-2a12ceb6069d,MOD-IA-13,APPARIE
QUIZ,QUIZ-278,1274fc17-a87e-4f80-8789-3d1b1a636044,MOD-IA-14,APPARIE
QUIZ,QUIZ-279,7c1c9a5e-f9d2-4e50-99b9-aa7bd7584fe6,MOD-IA-14,APPARIE
QUIZ,QUIZ-280,d70ea1c2-a005-4bbf-abb7-82cac076a37f,MOD-IA-14,APPARIE
QUIZ,QUIZ-281,395292cb-a499-444f-ae86-4aee8b02885b,MOD-IA-14,APPARIE
QUIZ,QUIZ-283,4a4bcd50-e9c8-4757-ad36-5fa7dffa759d,MOD-IA-14,APPARIE
QUIZ,QUIZ-284,e590f4a6-357d-4b22-b998-6f6762556603,MOD-IA-15,APPARIE
QUIZ,QUIZ-285,f20739a5-59a1-476b-aed1-c9693948f9fa,MOD-IA-15,APPARIE
QUIZ,QUIZ-286,9b99e8d2-eba4-4ed1-931c-f18ad450f3b8,MOD-IA-16,APPARIE
QUIZ,QUIZ-287,951b556c-ee82-4c1b-8aa1-1b0cffbb5f55,MOD-IA-16,APPARIE
QUIZ,QUIZ-288,a3afaa35-f82f-440b-ba44-9feaa2c7d7a0,MOD-IA-16,APPARIE
QUIZ,QUIZ-289,741c1865-ba26-4b36-838d-187034d9fda9,MOD-IA-17,APPARIE
QUIZ,QUIZ-290,d23bc897-aff5-412c-9aa7-a1eefa411489,MOD-IA-17,APPARIE
QUIZ,QUIZ-291,2d9b7ff5-24b6-4799-ac75-c12f694801c0,MOD-IA-17,APPARIE
QUIZ,QUIZ-292,0ef439e8-d8ed-436e-a9f4-ea524aea91c3,MOD-IA-17,APPARIE
QUIZ,QUIZ-293,ca314752-2db4-48e4-8709-390a84d5f267,MOD-IA-17,APPARIE
QUIZ,QUIZ-295,f414be8b-7c7f-4121-b25e-e39aeb18d5d8,MOD-IA-18,APPARIE
QUIZ,QUIZ-296,2284a60e-3cf1-462f-a846-de7d41d620df,MOD-IA-19,APPARIE
QUIZ,QUIZ-297,acae0a11-d89a-4222-8777-594c73b594ab,MOD-IA-19,APPARIE
QUIZ,QUIZ-298,eb00757e-a5b2-4668-be76-54fd6429a32e,MOD-IA-20,APPARIE
QUIZ,QUIZ-299,ad3567e2-a61d-4712-994b-71dbc5348c32,MOD-IA-20,APPARIE
QUIZ,QUIZ-302,a1d864b8-d38a-4fa1-9ecc-63abc12723e9,MOD-IA-20,APPARIE
QUIZ,QUIZ-303,085bcfbd-6605-422f-801e-a084f355499c,MOD-IA-20,APPARIE
QUIZ,QUIZ-304,28cca13f-7bbd-4cc2-bdb9-a68a65e3a581,MOD-IA-21,APPARIE
QUIZ,QUIZ-305,85597578-a335-4fc6-a580-07bf0a184f41,MOD-IA-21,APPARIE
QUIZ,QUIZ-306,92966b4b-22a2-4700-a0ca-c1fc3a61a1e3,MOD-IA-21,APPARIE
QUIZ,QUIZ-307,8cbf5a3c-364a-4c89-aecd-312667db7723,MOD-IA-21,APPARIE
QUIZ,QUIZ-308,d88e8cca-d48e-4c21-8fe5-5ea354ee2af2,MOD-IA-21,APPARIE
QUIZ,QUIZ-309,660f41d8-6f1f-4591-8a88-5872dfbf5163,MOD-IA-22,APPARIE
QUIZ,QUIZ-310,ab54c1d0-553b-4cbd-bf0a-5ab2b62d947c,MOD-IA-22,APPARIE
QUIZ,QUIZ-311,61b3ed30-c107-41da-8185-eb3ec0514a4e,MOD-IA-22,APPARIE
QUIZ,QUIZ-312,c56a56c5-41cd-4e6c-a052-53d8f1e074ad,MOD-IA-22,APPARIE
QUIZ,QUIZ-313,03b79cc7-a72b-4d62-9fd7-644d25d4c887,MOD-IA-24,APPARIE
QUIZ,QUIZ-314,694485cb-02b1-4406-8f93-2cd5f763ab99,MOD-IA-24,APPARIE
QUIZ,QUIZ-315,e10be40d-2248-4c98-b666-bb9007cb848b,MOD-IA-24,APPARIE
QUIZ,QUIZ-316,cd9757de-c25c-4592-9df2-03ac1a28abb5,MOD-IA-24,APPARIE
QUIZ,QUIZ-317,574cff06-3161-497d-8b98-33aea310ad9e,MOD-IA-24,APPARIE
QUIZ,QUIZ-319,714dc681-11e2-467b-972a-5046971406ac,MOD-IA-25,APPARIE
QUIZ,QUIZ-320,918455f7-4674-4b3f-9d9a-fba710455912,MOD-IA-25,APPARIE
QUIZ,QUIZ-321,d79c255b-2970-49ee-b5be-e09d855509f1,MOD-IA-26,APPARIE
QUIZ,QUIZ-322,c3c5cc45-b37f-4fa5-a805-486485a4a8ad,MOD-IA-26,APPARIE
QUIZ,QUIZ-324,70dcb02f-d15b-4891-b34b-e3fcc8829b32,MOD-IA-27,APPARIE
QUIZ,QUIZ-325,3d33c4cf-6192-4d6f-9dda-04c7350f21e1,MOD-IA-27,APPARIE
QUIZ,QUIZ-326,8dbfcfa1-88b0-4b19-9d29-7a4f715ea610,MOD-IA-27,APPARIE
QUIZ,QUIZ-327,544ea5fa-351f-43d0-913f-0904b78b0d12,MOD-IA-27,APPARIE
QUIZ,QUIZ-328,db98b8bc-87ac-48db-9625-2361647d76b5,MOD-IA-27,APPARIE
QUIZ,QUIZ-329,4d1081ba-32fe-46a3-a7be-c278d62173ca,MOD-IA-27,APPARIE
QUIZ,QUIZ-330,5baf00a2-af21-419d-8ceb-71b7d98822e2,MOD-IA-27,APPARIE
QUIZ,QUIZ-331,0db88b30-8471-4965-ba27-2a026ed8537f,MOD-IA-28,APPARIE
QUIZ,QUIZ-332,08586448-4b31-4f59-b016-dcb8fdfe8c49,MOD-IA-28,APPARIE
QUIZ,QUIZ-333,48d424dc-f12a-4541-acaa-91e2b9043bb5,MOD-IA-28,APPARIE
QUIZ,QUIZ-335,b90d9ab2-bbbc-431c-8274-82d104be4a0a,MOD-IA-29,APPARIE
QUIZ,QUIZ-336,c9e467ba-3a15-40c9-931b-d5ba59571542,MOD-IA-29,APPARIE
QUIZ,QUIZ-337,d2ea31e4-100e-4eb8-a8fe-c8c3d2632db3,MOD-IA-30,APPARIE
QUIZ,QUIZ-338,bca9fe2d-f534-4082-831d-c796fda33a54,MOD-IA-31,APPARIE
QUIZ,QUIZ-339,43e331b2-235f-4874-829f-a1fc4a53b760,MOD-IA-31,APPARIE
QUIZ,QUIZ-340,f315ab5d-cb97-487c-b0b4-fd29f31c4a8b,MOD-IA-32,APPARIE
QUIZ,QUIZ-342,30e7573b-2608-4392-9284-ea8227313f6e,MOD-IA-33,APPARIE
QUIZ,QUIZ-343,055ec290-8c97-4854-a0be-1b1baa7db26d,MOD-IA-33,APPARIE
QUIZ,QUIZ-344,80ba49fb-3537-4202-b427-c2f8657d01a0,MOD-IA-33,APPARIE
QUIZ,QUIZ-345,e0c4f147-5a80-4b90-9520-c07e50d9f785,MOD-IA-34,APPARIE
QUIZ,QUIZ-346,dd88765b-b219-488e-8463-27a5e68f5be9,MOD-IA-34,APPARIE
QUIZ,QUIZ-347,ef2a9277-c896-4b6b-9f6c-8fb6298fd3aa,MOD-IA-34,APPARIE
QUIZ,QUIZ-348,5d798ef7-595c-4257-95e0-c5d17f60a530,MOD-IA-35,APPARIE
QUIZ,QUIZ-349,e8d3e1b7-f5d3-4bb4-9d9a-9927c61ce670,MOD-IA-35,APPARIE
QUIZ,QUIZ-350,8373cc95-8224-4547-a90b-9c4e6e5a935a,MOD-IA-35,APPARIE
QUIZ,QUIZ-351,b09ca961-c097-4a76-8ef5-1b8b29265e35,MOD-IA-37,APPARIE
QUIZ,QUIZ-352,05ab0505-0068-4504-b903-9af1ee438641,MOD-IA-37,APPARIE
QUIZ,QUIZ-353,2e941de3-2ed1-4b22-9d39-6e90ca58ba14,MOD-IA-37,APPARIE
QUIZ,QUIZ-354,fbdd1671-ede7-4fac-a548-499b9b3946d1,MOD-IA-38,APPARIE
QUIZ,QUIZ-355,99a12fef-731f-4252-913f-6b68f7a69d17,MOD-IA-38,APPARIE
QUIZ,QUIZ-356,6c85c51e-96d5-486f-83a2-3791748b9bf8,MOD-IA-38,APPARIE
QUIZ,QUIZ-357,bad98028-f6ac-44a3-a823-fe6ed6de6295,MOD-IA-39,APPARIE
QUIZ,QUIZ-358,1518dc75-3477-4d45-9887-ec7207b69466,MOD-IA-39,APPARIE
QUIZ,QUIZ-359,ffa49ded-5498-47a1-9d94-7792b273bc57,MOD-IA-39,APPARIE
QUIZ,QUIZ-360,81d5b00a-f9dd-4e7f-95dd-5ff30b162634,MOD-IA-39,APPARIE
QUIZ,QUIZ-361,71347883-fa63-4346-a3c8-2f152ed7d8df,MOD-RES-01,APPARIE
QUIZ,QUIZ-362,e2793c9a-a4ef-4018-942f-1d0ff57e9e2c,MOD-RES-02,APPARIE
QUIZ,QUIZ-363,18c1655c-71ad-4408-97df-8cec7cac4fd9,MOD-RES-03,APPARIE
QUIZ,QUIZ-364,e104bc0d-408d-4b4c-9bc8-4f2d3ca6fde7,MOD-RES-03,APPARIE
QUIZ,QUIZ-365,fcd089a2-8fc1-49a3-b8ef-97f6cc1ea8ff,MOD-RES-03,APPARIE
QUIZ,QUIZ-366,81c559ff-e357-4e01-a2de-8c9f44aed935,MOD-RES-03,APPARIE
QUIZ,QUIZ-367,86ee3dec-c78d-4048-a80a-2dd45a969617,MOD-RES-03,APPARIE
QUIZ,QUIZ-368,cbe32a44-81e1-48ac-a9ba-e2b92e4e0d80,MOD-RES-04,APPARIE
QUIZ,QUIZ-369,cb13b610-3f5b-4762-9d06-54f67edf2169,MOD-RES-04,APPARIE
QUIZ,QUIZ-370,79f00bf7-b816-42b0-a163-c047f19c2238,MOD-RES-04,APPARIE
QUIZ,QUIZ-371,88f47b82-8ba0-41f7-abcf-18c2212c0fda,MOD-RES-05,APPARIE
QUIZ,QUIZ-372,c548bac9-3eca-4352-a9d0-4f0e24500473,MOD-RES-05,APPARIE
QUIZ,QUIZ-373,84742251-a042-4901-82f0-38ca49f17425,MOD-RES-05,APPARIE
QUIZ,QUIZ-374,b1e1c4d0-66d9-437b-97a5-84e1eb4c1671,MOD-RES-05,APPARIE
QUIZ,QUIZ-375,b5a5805e-4ee1-44bb-8891-3f8dafbbed41,MOD-RES-05,APPARIE
QUIZ,QUIZ-376,0d4850d5-698f-435c-b7c8-85026fbc75e8,MOD-RES-05,APPARIE
QUIZ,QUIZ-377,20e89c72-8e7d-4d46-9e7e-957a984bb0c3,MOD-RES-06,APPARIE
QUIZ,QUIZ-379,e23f899a-b911-45c8-9201-20a684173d39,MOD-RES-06,APPARIE
QUIZ,QUIZ-380,9e327bdd-0669-4436-ad61-b2cf64a05be4,MOD-RES-07,APPARIE
QUIZ,QUIZ-381,d2613940-4a77-48f8-b017-3a58b0b4e944,MOD-RES-07,APPARIE
QUIZ,QUIZ-382,44ab8a97-dff9-4313-a06a-9c825a7b7163,MOD-RES-08,APPARIE
QUIZ,QUIZ-383,388de69d-5bbe-4e91-b0d0-dacd766ca57a,MOD-RES-08,APPARIE
QUIZ,QUIZ-384,2122ab09-e3cd-46a2-a1d0-750926f8da50,MOD-RES-09,APPARIE
QUIZ,QUIZ-385,d18bbe2e-3a3a-480d-ba60-efb0280ab6e3,MOD-RES-09,APPARIE
QUIZ,QUIZ-386,40014452-e744-4d75-88fb-495e4bd9c156,MOD-RES-09,APPARIE
QUIZ,QUIZ-387,2b7f5db9-196c-41bf-83ed-7e1ce6d5eead,MOD-RES-10,APPARIE
QUIZ,QUIZ-388,828d490d-2669-421c-8094-b8133acc6d89,MOD-RES-11,APPARIE
QUIZ,QUIZ-389,9839ab7c-a0ab-4f71-9404-2020d239a07e,MOD-RES-11,APPARIE
QUIZ,QUIZ-390,4eba6ad9-9e5c-408f-be4e-1fdb482a947e,MOD-RES-12,APPARIE
QUIZ,QUIZ-391,855041d1-491e-460f-964f-5ddca77e9841,MOD-RES-12,APPARIE
QUIZ,QUIZ-392,dfdee601-f7f8-4c2c-ac0a-dd4bb03edca2,MOD-RES-12,APPARIE
QUIZ,QUIZ-393,0273b264-bc49-4df8-9d99-0d98e6451486,MOD-RES-12,APPARIE
QUIZ,QUIZ-394,ae14d808-b90f-4fe4-abcc-1359dca98d5c,MOD-RES-13,APPARIE
QUIZ,QUIZ-395,a406c9ea-1f7a-4826-b2c5-ef360e9231fa,MOD-RES-14,APPARIE
QUIZ,QUIZ-396,95eb69fc-fb23-4bfe-8d21-f48704c51d59,MOD-RES-14,APPARIE
QUIZ,QUIZ-397,62f46ad9-d82d-40d9-af49-9609c7c7291d,MOD-RES-14,APPARIE
QUIZ,QUIZ-398,54d0165a-f99f-4093-8bbd-6fb2bdd2d5d4,MOD-RES-14,APPARIE
QUIZ,QUIZ-399,eb10e143-ce49-43ee-8366-394a3b9c650a,MOD-RES-15,APPARIE
QUIZ,QUIZ-400,6754b192-64b4-49bc-9a20-3428fdb8ab7d,MOD-RES-15,APPARIE
QUIZ,QUIZ-401,4323698a-fbac-45ff-b4f3-c24c65c03643,MOD-RES-15,APPARIE
QUIZ,QUIZ-402,aada86ca-d71b-4c23-a4cc-7e5106dcffd3,MOD-RES-15,APPARIE
QUIZ,QUIZ-403,21176fcb-b142-4dc7-8355-1afbd5632dd7,MOD-RES-15,APPARIE
QUIZ,QUIZ-404,a4116481-f633-4723-ad66-f2b07bf16a5b,MOD-RES-16,APPARIE
QUIZ,QUIZ-405,1b2a9816-7e80-4440-a0d1-7302c8fa9850,MOD-RES-16,APPARIE
QUIZ,QUIZ-406,c8ef2e5f-c856-4623-b1b2-0e181d2c0a32,MOD-RES-16,APPARIE
QUIZ,QUIZ-407,4605ac1c-baee-4f1b-a641-5967ffd98327,MOD-RES-16,APPARIE
QUIZ,QUIZ-408,59b817cb-2d46-4b89-bffd-d77b7e8431da,MOD-RES-16,APPARIE
QUIZ,QUIZ-409,a95854a0-726a-45ff-8aa9-82caced8e354,MOD-RES-16,APPARIE
QUIZ,QUIZ-410,b1bd3bfb-7a16-43fa-a905-7f6db1b28abd,MOD-RES-17,APPARIE
QUIZ,QUIZ-412,13fb7691-8c64-4bbd-8432-94766b17bd10,MOD-RES-18,APPARIE
QUIZ,QUIZ-413,9c34d9dc-2bf1-415d-9852-6eb2a47bc8da,MOD-RES-19,APPARIE
QUIZ,QUIZ-414,73f0cc47-cf05-4d8c-b722-e7578a0f4e9a,MOD-RES-19,APPARIE
QUIZ,QUIZ-415,c3aa34ac-a1c9-44c2-8388-a20e2ba2a859,MOD-RES-19,APPARIE
QUIZ,QUIZ-416,d8684f0b-8264-4189-af97-1901cbb46da8,MOD-RES-19,APPARIE
QUIZ,QUIZ-417,029c45ff-1594-4760-84f2-f6dd7b54e8f8,MOD-RES-20,APPARIE
QUIZ,QUIZ-418,220a9820-9e5d-46e7-a041-42fc21a45d73,MOD-RES-20,APPARIE
QUIZ,QUIZ-419,89785033-eddb-4797-80e0-fb2d5a770422,MOD-RES-21,APPARIE
QUIZ,QUIZ-420,3b2f6802-befa-40ae-80b0-5eb7027a0943,MOD-RES-21,APPARIE
QUIZ,QUIZ-421,a5ee4db7-4524-4e91-a828-6ce7e55bef65,MOD-RES-21,APPARIE
QUIZ,QUIZ-422,c1393709-ff60-41dd-82bf-479286c671b6,MOD-RES-22,APPARIE
QUIZ,QUIZ-424,d4c177ec-8806-40d9-83fb-004c702c4b4c,MOD-RES-22,APPARIE
QUIZ,QUIZ-425,4f0078d2-41bc-424e-9c4e-4edf51e73806,MOD-RES-23,APPARIE
QUIZ,QUIZ-426,52d257c6-d70c-4301-a736-5cdf8ced87db,MOD-RES-24,APPARIE
QUIZ,QUIZ-427,500061fc-aff1-4852-8126-ed7f69ad916f,MOD-RES-24,APPARIE
QUIZ,QUIZ-428,b1a5c6a4-ef83-4cc3-aa4b-16ff7d14907f,MOD-RES-24,APPARIE
QUIZ,QUIZ-429,580979ea-1b1b-44d7-b763-4c8a7fe8c0f6,MOD-RES-24,APPARIE
QUIZ,QUIZ-430,4de25880-0832-42ef-8cde-3482f4e571fb,MOD-RES-24,APPARIE
QUIZ,QUIZ-431,bbb28665-235a-47c3-a6e4-2ec936d724a7,MOD-RES-25,APPARIE
QUIZ,QUIZ-432,394fe422-163f-40a0-ac9b-d53de4864e49,MOD-RES-25,APPARIE
QUIZ,QUIZ-433,3137456e-385b-46bc-b8ee-b46e01ac03d2,MOD-RES-26,APPARIE
QUIZ,QUIZ-434,fe1c68b2-d2f7-44dd-8697-035e300948f5,MOD-RES-27,APPARIE
QUIZ,QUIZ-435,521d6c24-bf5d-40b1-a5f0-cb1b2142c64d,MOD-RES-27,APPARIE
QUIZ,QUIZ-436,68afaa8d-2a29-47aa-bc57-f1bbe46d4657,MOD-RES-27,APPARIE
QUIZ,QUIZ-437,55fdf648-0b58-4937-aebe-15ad53df22d6,MOD-RES-27,APPARIE
QUIZ,QUIZ-438,7a0cce86-39b3-42bc-96cb-82b5d201e9f5,MOD-RES-28,APPARIE
QUIZ,QUIZ-439,320816ab-1708-42a8-b1b1-ee0519c5df08,MOD-RES-28,APPARIE
QUIZ,QUIZ-440,be22e123-a6d8-4744-b999-ebfd6436becb,MOD-RES-28,APPARIE
QUIZ,QUIZ-441,84c0c311-f4c7-43d8-8009-ada1178d75f8,MOD-RES-28,APPARIE
QUIZ,QUIZ-442,c7b3dbde-a031-464c-95a7-3ffd966389b9,MOD-RES-29,APPARIE
QUIZ,QUIZ-443,6a4e226d-cf7d-41bb-9a7a-37c26d3c10e6,MOD-RES-29,APPARIE
QUIZ,QUIZ-444,dbc85afb-8c1d-4e48-ba1c-a2a5a5480830,MOD-RES-29,APPARIE
QUIZ,QUIZ-445,d1b7acba-8f6c-4b8e-afeb-0b8e5d69d6a5,MOD-RES-29,APPARIE
QUIZ,QUIZ-446,e2c0642e-685f-493a-bed8-22c4766adb60,MOD-RES-30,APPARIE
QUIZ,QUIZ-447,9d0f70f4-049f-4ec8-8839-caab8f413d36,MOD-RES-30,APPARIE
QUIZ,QUIZ-448,d8f27ba1-3465-4103-aefd-2089871ae719,MOD-RES-30,APPARIE
QUIZ,QUIZ-449,721fa235-8541-418d-973a-0c991f2ccd45,MOD-RES-30,APPARIE
QUIZ,QUIZ-450,3e523800-0b99-405d-a549-7d7bb250fff1,MOD-RES-32,APPARIE
QUIZ,QUIZ-451,da6448ee-26aa-4f64-9577-0f91a178c84e,MOD-RES-32,APPARIE
QUIZ,QUIZ-452,774b6c17-fd53-4cc1-a062-98609ea2e22d,MOD-RES-33,APPARIE
QUIZ,QUIZ-453,b96c8258-35c5-4949-821f-fdad67cca959,MOD-RES-33,APPARIE
QUIZ,QUIZ-454,db3b366a-a082-49d3-9cf6-70371d4c244b,MOD-RES-33,APPARIE
QUIZ,QUIZ-455,92a4e918-9bbd-46a9-9c0b-02198d627303,MOD-RES-33,APPARIE
QUIZ,QUIZ-456,7450c956-9da8-475c-94c7-03b58f280fe3,MOD-RES-34,APPARIE
QUIZ,QUIZ-457,16bdb194-db2e-4946-83ef-f72b085b709f,MOD-RES-34,APPARIE
QUIZ,QUIZ-458,658c4faa-f881-465e-9a53-cc28dffa22e2,MOD-RES-34,APPARIE
QUIZ,QUIZ-459,be20e5d4-ac2e-4fb4-aed9-eb0861ae0fd7,MOD-RES-35,APPARIE
QUIZ,QUIZ-460,9d2f0e7d-b765-4ebf-bb8f-3bfb23bd1d9b,MOD-RES-35,APPARIE
QUIZ,QUIZ-461,35a7ad3c-2de2-468f-8f19-e8ce31662863,MOD-RES-35,APPARIE
QUIZ,QUIZ-462,71516324-a364-4c1f-a28f-f422db0071fe,MOD-RES-35,APPARIE
QUIZ,QUIZ-463,ed89a314-dc73-4c63-b046-fd40804be03f,MOD-RES-36,APPARIE
QUIZ,QUIZ-464,ed07f544-3aa1-41d2-a7fe-e990f42a58cf,MOD-CYB-01,APPARIE
QUIZ,QUIZ-465,bfb80133-9512-4110-b884-786d4d89194e,MOD-CYB-01,APPARIE
QUIZ,QUIZ-466,f91a4308-e149-4063-95bc-6afdd35fd161,MOD-CYB-01,APPARIE
QUIZ,QUIZ-467,5226ef31-ac57-4b55-883a-6662f27870d7,MOD-CYB-02,APPARIE
QUIZ,QUIZ-468,bd25dfba-9b0a-4269-ba85-1d0442bddc39,MOD-CYB-03,APPARIE
QUIZ,QUIZ-469,48a11481-cabc-4c4f-913c-8bb21dab655b,MOD-CYB-03,APPARIE
QUIZ,QUIZ-470,4983b3d9-7d05-4cbe-96c6-a903df9d477b,MOD-CYB-03,APPARIE
QUIZ,QUIZ-471,16fcea05-b143-4d94-ace2-5f97d07054ed,MOD-CYB-04,APPARIE
QUIZ,QUIZ-472,bea52d9f-0bab-471c-bd4b-b12f37bfd137,MOD-CYB-04,APPARIE
QUIZ,QUIZ-473,ce4587b5-b0bd-4ed2-b833-fd5b5e9e4433,MOD-CYB-04,APPARIE
QUIZ,QUIZ-474,8c758676-1068-4389-9666-d08d22de6b7a,MOD-CYB-04,APPARIE
QUIZ,QUIZ-475,f8a94568-78de-4eba-ad85-0fc3de68ec1e,MOD-CYB-04,APPARIE
QUIZ,QUIZ-476,ed6b9f14-69f0-4ca2-b95d-fcf19da85bde,MOD-CYB-04,APPARIE
QUIZ,QUIZ-477,77212144-358d-4ec6-b86d-da6807e451f5,MOD-CYB-05,APPARIE
QUIZ,QUIZ-478,e0d2ad35-f8af-446b-bfc7-5d6e8d31604b,MOD-CYB-05,APPARIE
QUIZ,QUIZ-479,a4b5ae7c-0e06-4733-a2f8-b1b7d446cc4b,MOD-CYB-06,APPARIE
QUIZ,QUIZ-480,d4323e50-c71f-4535-9678-d4e9f0da7e3e,MOD-CYB-06,APPARIE
QUIZ,QUIZ-481,9c2fb2b6-5dc7-406e-900c-4c293d6520f6,MOD-CYB-07,APPARIE
QUIZ,QUIZ-482,ba783212-1c17-4df5-ac99-338f73c2530c,MOD-CYB-07,APPARIE
QUIZ,QUIZ-483,20ef2f18-c76b-4c19-9c5c-d73c3ea08da4,MOD-CYB-07,APPARIE
QUIZ,QUIZ-484,044c8b91-ba9f-43e5-8556-5466a5ef317d,MOD-CYB-07,APPARIE
QUIZ,QUIZ-485,cdf270cf-e5b0-4ee9-9368-2cf0d41676de,MOD-CYB-07,APPARIE
QUIZ,QUIZ-486,b9c665e8-e99e-49bd-8d11-91d91bb5553e,MOD-CYB-08,APPARIE
QUIZ,QUIZ-487,699fae02-9d10-40f2-b973-7a8e09b177f0,MOD-CYB-08,APPARIE
QUIZ,QUIZ-488,0de91dbc-fc6c-4c0c-87f3-e4b648d8ac06,MOD-CYB-08,APPARIE
QUIZ,QUIZ-489,80ed4efc-9153-4764-b8c4-0b69f8858d89,MOD-CYB-08,APPARIE
QUIZ,QUIZ-490,df91cbba-7518-4d1c-9260-bdd8eb3f284b,MOD-CYB-08,APPARIE
QUIZ,QUIZ-491,012f68ae-bfef-497e-9848-0a86a14670ce,MOD-CYB-08,APPARIE
QUIZ,QUIZ-492,bb7b7d62-9ef2-4e28-a640-6e574cac7245,MOD-CYB-08,APPARIE
QUIZ,QUIZ-493,54f4dc49-3ebc-417d-a71a-6189d95377d3,MOD-CYB-09,APPARIE
QUIZ,QUIZ-494,5cad0d1f-5293-49e7-aef8-83e555576153,MOD-CYB-09,APPARIE
QUIZ,QUIZ-496,70549476-4fb1-46e0-8ce3-11c50c947409,MOD-CYB-09,APPARIE
QUIZ,QUIZ-497,a31ac4cb-a88a-4dda-adf7-455aceec113f,MOD-CYB-09,APPARIE
QUIZ,QUIZ-498,76a743e2-1026-40d7-8379-1532beed61fa,MOD-CYB-10,APPARIE
QUIZ,QUIZ-499,5ec77f9e-ca6b-4196-bfc5-0279520b2f65,MOD-CYB-10,APPARIE
QUIZ,QUIZ-500,be8b0bd3-e405-4c8d-a283-c3782f7eed2f,MOD-CYB-10,APPARIE
QUIZ,QUIZ-501,54202a64-9b01-4304-b165-4374b62ea016,MOD-CYB-10,APPARIE
QUIZ,QUIZ-502,b777e2b6-190b-4e9e-8492-ebb5987a4671,MOD-CYB-11,APPARIE
QUIZ,QUIZ-503,fe870221-5d48-4a9c-9463-726f790cd20f,MOD-CYB-11,APPARIE
QUIZ,QUIZ-504,3e2c0283-9b53-4495-9b9f-d6770b84cf8b,MOD-CYB-12,APPARIE
QUIZ,QUIZ-505,337ccbd6-9f69-47ef-be9e-62bc3529f518,MOD-CYB-12,APPARIE
QUIZ,QUIZ-506,5d8ea176-3b1f-4eda-a132-e7a992c30ee0,MOD-CYB-12,APPARIE
QUIZ,QUIZ-507,44544044-efbc-428f-bad1-c0a1844067e9,MOD-CYB-12,APPARIE
QUIZ,QUIZ-508,8eb34f8f-32f5-47b1-a9b3-c9f26249ebc2,MOD-CYB-13,APPARIE
QUIZ,QUIZ-509,baba893d-acef-428c-bf1f-574fdb7e0d4f,MOD-CYB-13,APPARIE
QUIZ,QUIZ-510,e8e29cd1-820c-460d-b033-d57772fc998a,MOD-CYB-13,APPARIE
QUIZ,QUIZ-511,b63e0121-94be-4a1e-b1bf-ce5d9a5dc1af,MOD-CYB-13,APPARIE
QUIZ,QUIZ-512,a900cb91-0799-4e15-9c92-938de5a5bebd,MOD-CYB-14,APPARIE
QUIZ,QUIZ-513,9d7c6305-a851-4536-8f62-02f47bed6ff1,MOD-CYB-14,APPARIE
QUIZ,QUIZ-514,7823ce3c-5201-49af-a596-203e2bc8e14e,MOD-CYB-14,APPARIE
QUIZ,QUIZ-515,37f77252-072d-4a45-8b85-df6a11632472,MOD-CYB-15,APPARIE
QUIZ,QUIZ-516,fba44497-d0af-41d2-8d87-b759153b9788,MOD-CYB-15,APPARIE
QUIZ,QUIZ-517,54fd29e8-5fa7-4a83-990a-7adfdeb0aca8,MOD-CYB-15,APPARIE
QUIZ,QUIZ-519,28017e9b-4276-4c42-a777-5de6b115d5ca,MOD-CYB-16,APPARIE
QUIZ,QUIZ-520,62db9586-2a97-4369-98b0-9072fb0d8b1a,MOD-CYB-17,APPARIE
QUIZ,QUIZ-521,f2f7428a-0565-41da-b0d1-b9009bd128a6,MOD-CYB-17,APPARIE
QUIZ,QUIZ-522,798af29e-d9b7-4d68-9c72-ed59ba3b821a,MOD-CYB-17,APPARIE
QUIZ,QUIZ-523,2d19e337-3ba4-4e75-aa1e-ad0762e5a58b,MOD-CYB-18,APPARIE
QUIZ,QUIZ-524,2c9f28a5-9680-4592-8cc7-18a6a331f4f5,MOD-CYB-18,APPARIE
QUIZ,QUIZ-525,4fa18c2e-e61f-4165-8a63-53b9c20726fc,MOD-CYB-18,APPARIE
QUIZ,QUIZ-526,26494532-0ca4-4a68-806b-2aee0d6d0b68,MOD-CYB-19,APPARIE
QUIZ,QUIZ-527,595acc74-7a1f-49be-a836-3f824928206e,MOD-CYB-19,APPARIE
QUIZ,QUIZ-528,1c292958-d8f0-4764-b04d-b32f03b9d5d4,MOD-CYB-19,APPARIE
QUIZ,QUIZ-529,156a2974-4c7f-43e5-aefb-7042c332fbeb,MOD-CYB-20,APPARIE
QUIZ,QUIZ-530,f4a85790-8df3-47db-8a2b-6c63409beea0,MOD-CYB-20,APPARIE
QUIZ,QUIZ-531,90236847-9015-4b43-b268-9ff431b98a08,MOD-CYB-21,APPARIE
QUIZ,QUIZ-532,075c5975-01a7-4761-a0f4-dd79fd60672a,MOD-CYB-21,APPARIE
QUIZ,QUIZ-533,b0084b99-d2eb-4c5c-9288-ccee1bac89ed,MOD-CYB-21,APPARIE
QUIZ,QUIZ-535,f9ee4bc6-12cc-4311-94bc-22dc87458e7a,MOD-CYB-21,APPARIE
QUIZ,QUIZ-536,f6f52044-4676-47f4-8f63-ad5c02985c6d,MOD-CYB-21,APPARIE
QUIZ,QUIZ-537,00fbf8f3-5ae4-4799-8e9d-d2d55f858cbd,MOD-CYB-21,APPARIE
QUIZ,QUIZ-538,1011dfa7-fc0e-4fbf-85dd-0589c1e5abb9,MOD-CYB-21,APPARIE
QUIZ,QUIZ-539,830b087d-064f-4865-b3e2-d39f72bb28ad,MOD-CYB-22,APPARIE
QUIZ,QUIZ-540,47bedc2a-7fc7-4b22-80b4-250e387b1ec7,MOD-CYB-22,APPARIE
QUIZ,QUIZ-541,3ffadef0-3808-4b0d-9323-e92e52871e8a,MOD-CYB-22,APPARIE
QUIZ,QUIZ-542,8ebd6d2a-c9f5-4de6-b2cd-142774125e91,MOD-CYB-23,APPARIE
QUIZ,QUIZ-543,a1bb0d0e-b4cb-47d5-bfc8-41e180916706,MOD-CYB-23,APPARIE
QUIZ,QUIZ-544,003c42a7-fee4-4bfa-b755-ff412a6fdc1b,MOD-CYB-23,APPARIE
QUIZ,QUIZ-545,1446fbbe-f91d-4a8a-ab2f-c51fd6b10497,MOD-CYB-24,APPARIE
QUIZ,QUIZ-546,dee2d11a-15ac-4df9-9fda-fc3159027cb5,MOD-CYB-24,APPARIE
QUIZ,QUIZ-547,820214bc-305f-4316-b46f-a4b87e1dc0c3,MOD-CYB-24,APPARIE
QUIZ,QUIZ-548,a2da10f6-8932-43e8-90de-4cc5aecd19c6,MOD-CYB-24,APPARIE
QUIZ,QUIZ-549,97351652-a0ea-4373-a601-9d4b062bff60,MOD-CYB-25,APPARIE
QUIZ,QUIZ-550,f47fd267-5a99-433d-8275-765c33fa0910,MOD-CYB-25,APPARIE
QUIZ,QUIZ-551,503f1569-3350-4f53-8350-c63987fe62eb,MOD-CYB-25,APPARIE
QUIZ,QUIZ-552,6d8df6c7-bde1-449a-9c07-f6e0409405e4,MOD-CYB-25,APPARIE
QUIZ,QUIZ-553,51b1b4e1-ea1b-411f-bfeb-14ceaf0fe5e3,MOD-CYB-25,APPARIE
QUIZ,QUIZ-554,943fa4fe-a6d1-4ead-ba36-5caca4b88959,MOD-CYB-26,APPARIE
QUIZ,QUIZ-555,63166d8a-bad9-46e9-a292-f776664e57a0,MOD-CYB-26,APPARIE
QUIZ,QUIZ-557,22071f92-b56e-41f8-a5e5-ac57fc8e9aa9,MOD-CYB-26,APPARIE
QUIZ,QUIZ-558,3d1f7a08-9845-4ae3-bf0a-50a80fd546e8,MOD-CYB-26,APPARIE
QUIZ,QUIZ-559,51daf64f-d42d-4175-93bb-f5283521168a,MOD-CYB-27,APPARIE
QUIZ,QUIZ-560,7e1ed917-53e2-464a-8816-7ae9f2bc5fc4,MOD-CYB-27,APPARIE
QUIZ,QUIZ-561,1996b129-9675-4331-a702-e27da5ded079,MOD-CYB-27,APPARIE
QUIZ,QUIZ-562,0150e240-85de-4c25-8dd7-43252798fae5,MOD-CYB-28,APPARIE
QUIZ,QUIZ-563,1ab14d82-ba77-4172-9547-8faa12d77acb,MOD-CYB-29,APPARIE
QUIZ,QUIZ-564,fb4af5f9-16f1-44aa-8810-043f5d23aacc,MOD-CYB-29,APPARIE
QUIZ,QUIZ-565,e9e68448-a83b-4377-831b-293802fbc1b6,MOD-CYB-29,APPARIE
QUIZ,QUIZ-566,9c260d0f-0713-4e37-bc01-49ae50d39486,MOD-CYB-29,APPARIE
QUIZ,QUIZ-567,1956c1b1-aed7-4712-af68-2a9fb8c76450,MOD-CYB-30,APPARIE
QUIZ,QUIZ-568,7052316a-ad0e-4471-8ad9-92d42969b7f9,MOD-CYB-30,APPARIE
QUIZ,QUIZ-569,572a51e0-1522-4aa6-a437-6645b7470638,MOD-CYB-30,APPARIE
QUIZ,QUIZ-570,8189da94-7c8b-4261-ba5a-c5d8b9585dca,MOD-CYB-30,APPARIE
QUIZ,QUIZ-571,1c5a4782-9df4-4359-9a85-5cd87b65c751,MOD-CYB-30,APPARIE
QUIZ,QUIZ-572,b68998ad-7e30-46ca-95eb-7f37bc850f61,MOD-CYB-31,APPARIE
QUIZ,QUIZ-573,75649378-9e16-400d-b15c-24130d739fce,MOD-CYB-31,APPARIE
QUIZ,QUIZ-574,f4b0569e-23f9-42b9-9797-cd9af063bb9c,MOD-CYB-31,APPARIE
QUIZ,QUIZ-575,25c77da2-ab15-420f-a8fc-b9ea3124d27e,MOD-CYB-31,APPARIE
QUIZ,QUIZ-576,3b441db9-6162-4ff1-b08a-7ef4e816c3fb,MOD-CYB-31,APPARIE
QUIZ,QUIZ-577,cdf36c8e-abc5-41ad-a1f8-28f6dc7fe639,MOD-CYB-32,APPARIE
QUIZ,QUIZ-578,b04261d7-3e76-4a5b-a374-c4069fc567a0,MOD-CYB-32,APPARIE
QUIZ,QUIZ-579,7c13659c-8706-4a62-a8e0-0ef6106ed581,MOD-CYB-32,APPARIE
QUIZ,QUIZ-580,9b995c08-a978-4d06-a49d-c9e000f65783,MOD-CYB-32,APPARIE
QUIZ,QUIZ-581,53b7a93e-d8bd-49e0-89e7-fc39e46aa763,MOD-CYB-32,APPARIE
QUIZ,QUIZ-582,28bacf58-a2ce-469e-8a7a-f5ccf7c099e2,MOD-CYB-32,APPARIE
QUIZ,QUIZ-583,f702c2ef-cec9-43ef-9399-894b805435ea,MOD-CYB-32,APPARIE
QUIZ,QUIZ-584,45777cd5-6a4c-4703-b85d-c70c56a8a397,MOD-CYB-33,APPARIE
QUIZ,QUIZ-585,19be4d57-80c2-4936-9e70-3ef47d91555b,MOD-CYB-34,APPARIE
QUIZ,QUIZ-586,76537a81-45d5-4496-a54d-53585af14e62,MOD-CYB-35,APPARIE
QUIZ,QUIZ-588,23d191ca-bbe7-4023-86ee-ce3dcdf0d204,MOD-CYB-36,APPARIE
QUIZ,QUIZ-589,6f704d2a-fb2b-4e81-a000-4c73f4abf5b5,MOD-CYB-36,APPARIE
QUIZ,QUIZ-590,3d66114e-5b4d-4a30-a630-162eb34ebb34,MOD-CYB-36,APPARIE
QUIZ,QUIZ-591,9c7b3b0a-f1da-4394-aea9-7ac5d013262d,MOD-CYB-36,APPARIE
QUIZ,QUIZ-593,507eaf25-9671-4c02-a831-acb8542b46f4,MOD-CYB-37,APPARIE
QUIZ,QUIZ-594,b2ecfea1-52f3-4eee-b3de-7678d9a1e60d,MOD-CYB-37,APPARIE
QUIZ,QUIZ-595,8b812633-dfda-4bd2-80e7-8fd1b008c9dc,MOD-CYB-37,APPARIE
QUIZ,QUIZ-597,2f8adba7-f973-474e-8fea-fe55e807584f,MOD-CYB-37,APPARIE
QUIZ,QUIZ-598,9e6d800b-f571-451f-a9ee-09d385283db2,MOD-CYB-37,APPARIE
QUIZ,QUIZ-599,bf0576f4-9125-422f-8dec-2d38d3e72b2b,MOD-CYB-37,APPARIE
QUIZ,QUIZ-600,0b1d2d1a-f722-4296-93f9-47274b7bacb1,MOD-CYB-38,APPARIE
QUIZ,QUIZ-601,02d51975-ad93-49a4-8c3a-e54d7cb7f1fa,MOD-CYB-38,APPARIE
QUIZ,QUIZ-602,d43761c4-b778-4df7-9f2c-1624d030c1f5,MOD-CYB-38,APPARIE
QUIZ,QUIZ-603,4a97256f-42ec-400a-853f-3eb7b7548fce,MOD-MGT-01,APPARIE
QUIZ,QUIZ-604,9c77a5aa-8cc8-4ef0-a83f-cfb42c0f871e,MOD-MGT-02,APPARIE
QUIZ,QUIZ-605,5fe42d84-7333-45fc-a8a4-3d00403d6989,MOD-MGT-03,APPARIE
QUIZ,QUIZ-606,dab7e420-2c21-4164-a1e4-b61cbd2285d2,MOD-MGT-03,APPARIE
QUIZ,QUIZ-607,eecd61cd-b4e8-4a79-a44c-f876ee7e954f,MOD-MGT-03,APPARIE
QUIZ,QUIZ-608,4503ab35-1048-46f2-99dd-fb0070078a49,MOD-MGT-03,APPARIE
QUIZ,QUIZ-609,e388799a-a50b-4abf-988e-a22119005426,MOD-MGT-04,APPARIE
QUIZ,QUIZ-610,e7b77f1e-ce38-44bd-83de-aac7f23400ad,MOD-MGT-04,APPARIE
QUIZ,QUIZ-611,03c6e09e-0bf0-402f-bea4-2492010788e2,MOD-MGT-05,APPARIE
QUIZ,QUIZ-612,471a49af-76a7-46c5-8f32-6bd4c7f7fa3c,MOD-MGT-06,APPARIE
QUIZ,QUIZ-613,d2b09fb2-9a8d-4df4-9e80-f5f5d43bfbc5,MOD-MGT-06,APPARIE
QUIZ,QUIZ-614,4a0048c2-484c-49ef-ae15-31deed95b712,MOD-MGT-06,APPARIE
QUIZ,QUIZ-615,6a66d984-2fe2-4f39-acfa-551a2f8ae700,MOD-MGT-07,APPARIE
QUIZ,QUIZ-616,f39db176-c493-42e8-924a-a3e5246f1145,MOD-MGT-07,APPARIE
QUIZ,QUIZ-617,e41f72e0-1064-43dc-bf00-52b1048b505d,MOD-MGT-07,APPARIE
QUIZ,QUIZ-618,0b0aa96c-c9b9-494b-a449-989ced0a8586,MOD-MGT-07,APPARIE
QUIZ,QUIZ-619,3cb8a3f5-8889-4b98-847c-0bf06462d79b,MOD-MGT-08,APPARIE
QUIZ,QUIZ-620,cc78c57e-fd9e-4286-8b11-cef1763635f8,MOD-MGT-09,APPARIE
QUIZ,QUIZ-621,83ff93c7-02b1-41a0-b516-ee1178996324,MOD-MGT-10,APPARIE
QUIZ,QUIZ-623,20a09f75-9194-47c5-a8ef-108bbbf25a9d,MOD-MGT-10,APPARIE
QUIZ,QUIZ-624,10a0fdc1-4b82-47d2-ae3f-d6c3067de482,MOD-MGT-10,APPARIE
QUIZ,QUIZ-625,9fe4a8b6-7736-461e-9f68-6286f33b4cfc,MOD-MGT-10,APPARIE
QUIZ,QUIZ-626,7f764451-0eca-4a4a-89cd-728ca11109ed,MOD-MGT-10,APPARIE
QUIZ,QUIZ-627,56388e54-9523-4879-862d-97018d0c73eb,MOD-MGT-11,APPARIE
QUIZ,QUIZ-628,52345965-17ac-4c9a-ac14-1b48fff76b80,MOD-MGT-11,APPARIE
QUIZ,QUIZ-629,54d586a3-6935-49cf-99e8-3ef5ac828f01,MOD-MGT-11,APPARIE
QUIZ,QUIZ-630,963e1f27-fd44-4207-abda-a982bdd7675f,MOD-MGT-11,APPARIE
QUIZ,QUIZ-631,3b1feaf6-e974-40cd-a2e7-8acaa2919e1b,MOD-MGT-11,APPARIE
QUIZ,QUIZ-632,d1d09385-63a4-4c1f-bc11-c01fbfa1289d,MOD-MGT-11,APPARIE
QUIZ,QUIZ-633,2f512fae-df5d-402c-9a6e-c3d05dc337e9,MOD-MGT-12,APPARIE
QUIZ,QUIZ-634,cca71473-92a4-46a6-aa09-264dbbcb8396,MOD-MGT-12,APPARIE
QUIZ,QUIZ-635,1a8b896a-0081-4907-93df-070b56c97672,MOD-MGT-12,APPARIE
QUIZ,QUIZ-636,7ded1682-bac7-4291-a79c-08c80f8ce5fc,MOD-MGT-12,APPARIE
QUIZ,QUIZ-637,10caffb2-68e3-45b0-92e2-4e52b7038a58,MOD-MGT-12,APPARIE
QUIZ,QUIZ-638,28038aa8-d527-49b3-891e-10d7b68b946a,MOD-MGT-12,APPARIE
QUIZ,QUIZ-639,222d180b-f0e6-4725-a50c-201517ce7bbb,MOD-MGT-13,APPARIE
QUIZ,QUIZ-640,16d85246-df64-46ca-89bd-be595a1d2b67,MOD-MGT-13,APPARIE
QUIZ,QUIZ-641,c9eb4279-8fb7-48cb-baa1-726f1a2bea17,MOD-MGT-14,APPARIE
QUIZ,QUIZ-642,c899f5ec-8dc7-4bf9-8ab4-5a85abddd773,MOD-MGT-14,APPARIE
QUIZ,QUIZ-643,3e51afad-a49b-4688-8790-26c40a06f8af,MOD-MGT-14,APPARIE
QUIZ,QUIZ-644,5383bb82-16cf-4969-b39e-58beeaaf433c,MOD-MGT-14,APPARIE
QUIZ,QUIZ-645,28d6708f-e9bc-4f8f-a1af-71fa43f2e3ac,MOD-MGT-15,APPARIE
QUIZ,QUIZ-646,8709981f-6c7c-40d5-9bcf-67945364b79e,MOD-MGT-15,APPARIE
QUIZ,QUIZ-648,a08c2d6a-f7d6-45db-88b2-bdc8c22559a5,MOD-MGT-16,APPARIE
QUIZ,QUIZ-649,8c17dd48-ab3e-4ccd-aaf7-8b71385d9894,MOD-MGT-16,APPARIE
QUIZ,QUIZ-651,98581885-8ede-4448-9aa9-796fdb1cd882,MOD-MGT-16,APPARIE
QUIZ,QUIZ-652,82104849-f968-48de-a0b3-6ab4d11a09c4,MOD-MGT-17,APPARIE
QUIZ,QUIZ-653,60b31988-097c-4eb3-9b21-b1e7431d5fec,MOD-MGT-17,APPARIE
QUIZ,QUIZ-654,e32d98d6-d677-4f6d-8904-d579241916da,MOD-MGT-18,APPARIE
QUIZ,QUIZ-655,07d896b9-5347-4a06-8059-ddf78ddeed99,MOD-MGT-18,APPARIE
QUIZ,QUIZ-656,0a54f3c6-3547-4fe2-a421-69a419dff245,MOD-MGT-18,APPARIE
QUIZ,QUIZ-657,54f96836-d802-4325-92c3-0021771b0c49,MOD-MGT-18,APPARIE
QUIZ,QUIZ-658,8994ba1c-a30f-4ed7-b4b3-b69261ce4970,MOD-MGT-18,APPARIE
QUIZ,QUIZ-659,1cae8636-3a61-4319-b18c-fc90242ab54a,MOD-MGT-19,APPARIE
QUIZ,QUIZ-660,24a6e18e-a361-4c6a-a94c-23d9b782ba7f,MOD-MGT-19,APPARIE
QUIZ,QUIZ-661,9f2e3256-e871-4535-af72-2678720f095b,MOD-MGT-21,APPARIE
QUIZ,QUIZ-662,6efb6146-1254-4764-bef9-88728d140c61,MOD-MGT-21,APPARIE
QUIZ,QUIZ-663,6192a9e9-4b39-43fd-af08-70bf17811187,MOD-MGT-21,APPARIE
QUIZ,QUIZ-664,74448b47-a979-4b3e-9fdd-042c05a48105,MOD-MGT-22,APPARIE
QUIZ,QUIZ-665,4f2fb744-e222-4da0-bcdc-fd4558b06445,MOD-MGT-22,APPARIE
QUIZ,QUIZ-666,e6c26847-ede7-4d72-bcfc-e7db9c1a697c,MOD-MGT-22,APPARIE
QUIZ,QUIZ-667,97a7dfe7-b255-49f2-a613-74d855cb9f27,MOD-MGT-23,APPARIE
QUIZ,QUIZ-668,b1ac9a4a-a1eb-4bf8-850e-0ee6d58b93e8,MOD-MGT-24,APPARIE
QUIZ,QUIZ-669,2b7db245-a70b-4b74-9291-4f23a6268d6b,MOD-MGT-25,APPARIE
QUIZ,QUIZ-670,f463111c-8012-4aa4-a73f-3c072f8e2926,MOD-MGT-25,APPARIE
QUIZ,QUIZ-671,f74017b8-0772-4a80-91f3-76ce4ddce186,MOD-MGT-25,APPARIE
QUIZ,QUIZ-672,823a68ac-d4a0-4325-b8cb-1834f40e89be,MOD-MGT-25,APPARIE
QUIZ,QUIZ-673,fc06bf09-0bb4-4640-a8a4-f4432dcfd9ee,MOD-MGT-26,APPARIE
QUIZ,QUIZ-674,18a33663-0433-4f73-b014-962c963f9617,MOD-MGT-26,APPARIE
QUIZ,QUIZ-675,54bfd811-243b-49c0-bbd8-df7674055d5b,MOD-MGT-26,APPARIE
QUIZ,QUIZ-676,69023fb0-7614-4038-8b82-910baa9561be,MOD-MGT-26,APPARIE
QUIZ,QUIZ-677,608fe226-1e3c-4dcf-a68d-1b7e862a0390,MOD-MGT-27,APPARIE
QUIZ,QUIZ-678,1dd320db-54d5-40de-b7ce-dc621bec2f33,MOD-MGT-28,APPARIE
QUIZ,QUIZ-679,0027800b-4a62-497a-8637-12f35e6726ce,MOD-MGT-28,APPARIE
QUIZ,QUIZ-680,d46dbf3d-e0ee-46c4-bea1-16fba52dc914,MOD-MGT-28,APPARIE
QUIZ,QUIZ-681,40e8df60-2f1a-4d2a-812f-5ab59dda004f,MOD-MGT-28,APPARIE
QUIZ,QUIZ-682,37327d12-f486-4028-a60c-101c436bc94e,MOD-MGT-29,APPARIE
QUIZ,QUIZ-683,30ab9346-d4c2-4ad5-a57c-38e41b95ef43,MOD-MGT-29,APPARIE
QUIZ,QUIZ-684,b0345907-3898-42aa-bb7c-16c3431e4d65,MOD-MGT-30,APPARIE
QUIZ,QUIZ-685,17c81a92-1c3b-49f0-8fff-a7b8f0dbb7e7,MOD-MGT-30,APPARIE
QUIZ,QUIZ-686,407599c2-3e84-4861-86c0-65b6d21e3c9d,MOD-MGT-30,APPARIE
QUIZ,QUIZ-687,9f8032b4-c843-49a9-80ca-d2af64dacdf9,MOD-MGT-31,APPARIE
QUIZ,QUIZ-688,aecb8abf-53ab-42a4-8fbf-7b533833e026,MOD-MGT-31,APPARIE
QUIZ,QUIZ-689,e6634c49-105c-48f8-9cc7-1a7706eb7e6d,MOD-MGT-31,APPARIE
QUIZ,QUIZ-690,b213fadd-3294-47a4-acf8-c8b0029b2a20,MOD-MGT-31,APPARIE
QUIZ,QUIZ-691,a9ea0e78-78d2-48db-beac-a724ce9bc4a9,MOD-MGT-31,APPARIE
QUIZ,QUIZ-692,9ff58e7c-2f2e-429f-9741-fdb0f178cb58,MOD-MGT-32,APPARIE
QUIZ,QUIZ-693,73bbd261-4a42-44a0-9df3-c26a185e65ad,MOD-MGT-32,APPARIE
QUIZ,QUIZ-694,c426e726-7d09-40f8-bf31-ce5904ab2802,MOD-MGT-32,APPARIE
QUIZ,QUIZ-695,d49a038f-b0ee-4498-8502-e5693a2cf214,MOD-MGT-33,APPARIE
QUIZ,QUIZ-696,fcb96902-9a28-4af3-a92e-5cf68b4610b5,MOD-MGT-33,APPARIE
QUIZ,QUIZ-697,4136e14c-5188-493e-b6df-e21614252616,MOD-MGT-33,APPARIE
QUIZ,QUIZ-698,065d7914-e732-4c5a-a656-ae51d0a8be1f,MOD-MGT-33,APPARIE
QUIZ,QUIZ-699,8c1f77dd-7164-45a1-b935-9c6b55b22bd5,MOD-MGT-34,APPARIE
QUIZ,QUIZ-700,0d8de73e-9647-4ee5-8d55-1ca6558fbbef,MOD-MGT-34,APPARIE
QUIZ,QUIZ-701,5d0f75f3-8d96-4d26-8830-6c45c053e74b,MOD-MGT-34,APPARIE
QUIZ,QUIZ-702,40a92b07-5743-4ea6-9c7a-1cea4ca70f14,MOD-MGT-34,APPARIE
QUIZ,QUIZ-703,6712584e-8ca6-454c-8eec-c2fe8a226409,MOD-MGT-34,APPARIE
QUIZ,QUIZ-704,e8fc0b17-45fe-4e2c-91ae-e404eab24812,MOD-MGT-35,APPARIE
QUIZ,QUIZ-705,10e6eb3e-193f-4fe5-85a0-447b324d5f99,MOD-MGT-35,APPARIE
QUIZ,QUIZ-706,f0a96d4e-f21f-4c50-9a88-5f73c9bf1c0b,MOD-MGT-36,APPARIE
QUIZ,QUIZ-707,ccfee989-9beb-4130-869d-69f562e3a3f7,MOD-MGT-36,APPARIE
QUIZ,QUIZ-708,734481d1-50a5-4ef0-b553-bb4889a1687e,MOD-MGT-36,APPARIE
QUIZ,QUIZ-709,168b32db-a8b5-41e8-bacc-5d61cef758a8,MOD-MGT-36,APPARIE
QUIZ,QUIZ-710,9d566d40-7476-4536-b628-548ac384e6fa,MOD-FIN-01,APPARIE
QUIZ,QUIZ-711,de439552-bb39-48fc-aa16-51daad067d08,MOD-FIN-01,APPARIE
QUIZ,QUIZ-712,c3a58d10-ee84-4df6-9376-95da33147ad0,MOD-FIN-01,APPARIE
QUIZ,QUIZ-713,c3f2605f-0007-4b85-b31c-c096cf881d3a,MOD-FIN-01,APPARIE
QUIZ,QUIZ-714,6a6480f1-5f8c-4e8c-a6e1-247015cda3f9,MOD-FIN-01,APPARIE
QUIZ,QUIZ-715,f1f3650d-53ed-4e62-bc30-235e6a3a1c2e,MOD-FIN-01,APPARIE
QUIZ,QUIZ-716,41d68d70-8ad9-4740-9bff-e5bf76f5027b,MOD-FIN-02,APPARIE
QUIZ,QUIZ-717,3fd0ad23-2493-4100-bf18-356f49b6924b,MOD-FIN-02,APPARIE
QUIZ,QUIZ-718,950dbef9-0adc-4e7e-a55d-81a2176308ad,MOD-FIN-02,APPARIE
QUIZ,QUIZ-719,05b12897-9941-46cd-9d62-15277b49a387,MOD-FIN-02,APPARIE
QUIZ,QUIZ-720,53fa6d88-71ec-4160-a678-9ca2fd47c745,MOD-FIN-03,APPARIE
QUIZ,QUIZ-721,6881d216-8fb2-4681-aefb-89998cc3f358,MOD-FIN-03,APPARIE
QUIZ,QUIZ-722,08a88c43-e8e3-4333-bc5e-76a9163889b9,MOD-FIN-03,APPARIE
QUIZ,QUIZ-723,cb60fad8-9cfa-4bd2-9af2-296b5c39a668,MOD-FIN-03,APPARIE
QUIZ,QUIZ-724,6066b06c-d364-4c72-843f-b58a4d7d5cb3,MOD-FIN-04,APPARIE
QUIZ,QUIZ-725,797d1ccf-35fd-42b0-883b-587ec32bff4c,MOD-FIN-04,APPARIE
QUIZ,QUIZ-728,5c1bd4b2-cda3-49d5-9e0b-6e577e426b65,MOD-FIN-06,APPARIE
QUIZ,QUIZ-729,5de0ab94-bc2f-4893-ae6e-278a4020dc4e,MOD-FIN-06,APPARIE
QUIZ,QUIZ-730,cf7e6d3d-8583-48b7-aff6-78050aa46e11,MOD-FIN-06,APPARIE
QUIZ,QUIZ-731,f7ed5b1f-1024-40d3-9d85-87bc81aafd02,MOD-FIN-07,APPARIE
QUIZ,QUIZ-732,fb5cb532-96f0-4bdf-9c12-15052e2e75e1,MOD-FIN-07,APPARIE
QUIZ,QUIZ-733,7d79ef73-125c-41fb-958e-915e2972841a,MOD-FIN-07,APPARIE
QUIZ,QUIZ-734,9f5c066c-71ae-4069-b81a-2261364499c6,MOD-FIN-07,APPARIE
QUIZ,QUIZ-735,2eb06c0a-5b28-40f1-84b5-104e8e675991,MOD-FIN-08,APPARIE
QUIZ,QUIZ-736,1da0ff93-c499-4874-b518-2b293fba99c7,MOD-FIN-08,APPARIE
QUIZ,QUIZ-737,ef259791-c619-4a45-b2f0-6ef9f9eb77ba,MOD-FIN-08,APPARIE
QUIZ,QUIZ-738,7b35fbad-2855-4792-b9e5-17ea9fc6cd71,MOD-FIN-08,APPARIE
QUIZ,QUIZ-739,17e8f11e-fcf0-49e8-a6a2-e876247d09ce,MOD-FIN-08,APPARIE
QUIZ,QUIZ-740,ab65a089-2bc6-47d5-9085-eaaf32e32056,MOD-FIN-08,APPARIE
QUIZ,QUIZ-741,ed93c3c5-c546-4e4d-8598-92500d25e983,MOD-FIN-08,APPARIE
QUIZ,QUIZ-742,85a89ae0-a886-4223-9704-3bfdf67f0349,MOD-FIN-08,APPARIE
QUIZ,QUIZ-743,86afba28-dc91-4605-8e45-8ad9e9bab924,MOD-FIN-08,APPARIE
QUIZ,QUIZ-744,eba90784-a600-4760-bc86-8e84f7ab973d,MOD-FIN-09,APPARIE
QUIZ,QUIZ-745,e8db0783-03a1-4d7f-86a8-bc72183f8cff,MOD-FIN-09,APPARIE
QUIZ,QUIZ-746,67b371dd-7b2d-45d3-bf42-e34a4e81b9dd,MOD-FIN-09,APPARIE
QUIZ,QUIZ-747,f78e8306-f9cc-4f1f-9207-bff95111d5c6,MOD-FIN-09,APPARIE
QUIZ,QUIZ-748,bb6a6d06-6af1-4fb9-9acd-4182ee68e6d8,MOD-FIN-09,APPARIE
QUIZ,QUIZ-749,82626560-9286-4a0e-8999-9dd8f2d3cec3,MOD-FIN-09,APPARIE
QUIZ,QUIZ-750,a2671f83-9631-416b-ad9c-5b30ebc062dd,MOD-FIN-09,APPARIE
QUIZ,QUIZ-751,9279383e-37ef-49e4-84a2-c50dfbe5fcc0,MOD-FIN-10,APPARIE
QUIZ,QUIZ-752,fd662cc6-75ff-4d82-b808-cb2d78085fdd,MOD-FIN-10,APPARIE
QUIZ,QUIZ-753,a4d271de-acf1-4ed4-a287-6023b76e9a18,MOD-FIN-10,APPARIE
QUIZ,QUIZ-754,9861c02f-d56e-4480-8af7-774eded4d5f9,MOD-FIN-11,APPARIE
QUIZ,QUIZ-756,bf8a0975-c789-42ea-b29f-f15f9fa0b3ee,MOD-FIN-11,APPARIE
QUIZ,QUIZ-757,3d394861-c796-4651-8513-84c92a189b44,MOD-FIN-11,APPARIE
QUIZ,QUIZ-758,daa96f97-ac20-42dd-97d7-a0aad9b04644,MOD-FIN-12,APPARIE
QUIZ,QUIZ-759,97a3fd25-bc90-4862-8934-d18ce9185b8b,MOD-FIN-12,APPARIE
QUIZ,QUIZ-761,7f4d1e94-4b82-4e06-b379-a0d17428cec1,MOD-FIN-12,APPARIE
QUIZ,QUIZ-762,877e1327-c1c0-4978-9788-c87b841ed928,MOD-FIN-13,APPARIE
QUIZ,QUIZ-763,41a2234a-3b31-417b-a02f-36a7622623e5,MOD-FIN-13,APPARIE
QUIZ,QUIZ-764,9f5f117c-7ae3-4951-a1ac-f81c902b3c6b,MOD-FIN-14,APPARIE
QUIZ,QUIZ-765,b4a1391f-0fbe-425d-a1aa-0ebefcabcacc,MOD-FIN-14,APPARIE
QUIZ,QUIZ-766,6c05063d-ca49-4ef0-8778-b08d6af84900,MOD-FIN-15,APPARIE
QUIZ,QUIZ-767,575df5bf-b753-4ed7-841e-20f3cd0b503a,MOD-FIN-15,APPARIE
QUIZ,QUIZ-768,e0bc4654-1677-4d83-99a0-40f5ef33cea6,MOD-FIN-15,APPARIE
QUIZ,QUIZ-769,dd7c3e69-c181-47d2-b534-bb9dafa84131,MOD-FIN-16,APPARIE
QUIZ,QUIZ-770,175d69e3-48e1-442e-9a98-a3241b572e95,MOD-FIN-16,APPARIE
QUIZ,QUIZ-771,a4342698-9ab8-4c22-a456-a4e0ad868f7f,MOD-FIN-16,APPARIE
QUIZ,QUIZ-772,02d088ea-602e-4c92-b69c-2a44a94d95dd,MOD-FIN-16,APPARIE
QUIZ,QUIZ-773,35ef8c60-815c-4c96-b75c-8289e009144b,MOD-FIN-16,APPARIE
QUIZ,QUIZ-774,07d65355-a624-4dd2-a994-0403d6ceddb1,MOD-FIN-17,APPARIE
QUIZ,QUIZ-776,abe30d47-fa9b-450f-9454-32d56ffb05c1,MOD-FIN-18,APPARIE
QUIZ,QUIZ-778,363476bd-5f47-4d95-a2bc-9b00a31cc71f,MOD-FIN-18,APPARIE
QUIZ,QUIZ-779,c09b528e-fe0e-4884-b570-5033e3e3178a,MOD-FIN-19,APPARIE
QUIZ,QUIZ-780,b3a538b7-6f96-45de-8a67-a7ffd7708a7d,MOD-FIN-21,APPARIE
QUIZ,QUIZ-781,5ae0d554-35e4-47a5-b503-7d959fbf454b,MOD-FIN-21,APPARIE
QUIZ,QUIZ-782,b54375d0-4d41-4401-b3a2-fa41e79ea4b0,MOD-FIN-21,APPARIE
QUIZ,QUIZ-783,4dd6c222-fe63-4179-832a-0009c8189d1c,MOD-FIN-22,APPARIE
QUIZ,QUIZ-784,d5cbf87b-62f9-4ecc-a63a-41ba9ae39e83,MOD-FIN-22,APPARIE
QUIZ,QUIZ-785,24620bda-493c-41cb-932b-4ebb4602fc46,MOD-FIN-22,APPARIE
QUIZ,QUIZ-786,d1195314-2324-47c2-8c7b-06869e52baed,MOD-FIN-22,APPARIE
QUIZ,QUIZ-787,53c691a3-8f88-4ac9-9843-42532c6f4061,MOD-FIN-23,APPARIE
QUIZ,QUIZ-788,96b53f3b-680e-4ddc-a602-0cf6f8a7ba76,MOD-FIN-23,APPARIE
QUIZ,QUIZ-789,e16d8f90-cef1-4763-9dca-97066e1fb88c,MOD-FIN-24,APPARIE
QUIZ,QUIZ-790,8dc37df4-4cb6-49fc-be62-57421f74cdd0,MOD-FIN-24,APPARIE
QUIZ,QUIZ-792,1a74cc77-088c-48c0-8a24-4c3c887fd87d,MOD-FIN-25,APPARIE
QUIZ,QUIZ-793,7c005ec2-e6c7-46d0-8555-0ecbdc98203d,MOD-FIN-25,APPARIE
QUIZ,QUIZ-794,87de3101-506a-4764-9281-b71e49d0c880,MOD-FIN-25,APPARIE
QUIZ,QUIZ-795,439bd379-142c-4453-8b25-439403523278,MOD-FIN-25,APPARIE
QUIZ,QUIZ-796,9b4c79cc-f990-4209-b969-2fb5b09764e4,MOD-FIN-25,APPARIE
QUIZ,QUIZ-797,11a74fc1-f503-4aca-9a6d-2609c48f3a5c,MOD-FIN-25,APPARIE
QUIZ,QUIZ-798,be7d410f-4856-4f4e-ad1f-8e86e287253d,MOD-FIN-26,APPARIE
QUIZ,QUIZ-800,1cf7345b-a61e-4142-96ef-131564cc7f64,MOD-FIN-26,APPARIE
QUIZ,QUIZ-801,2fc5587c-618e-4f39-82de-704258c66e28,MOD-FIN-26,APPARIE
QUIZ,QUIZ-802,993c75b4-fe50-48bf-9b01-9a605aa658ee,MOD-FIN-27,APPARIE
QUIZ,QUIZ-803,01464611-f1de-42f3-b6f1-2bf98eb7b0b1,MOD-FIN-27,APPARIE
QUIZ,QUIZ-804,483c99e6-a083-4649-9ef2-e6d1549734a2,MOD-FIN-27,APPARIE
QUIZ,QUIZ-805,ad9876d6-ea50-4578-80ad-a631f6bc0942,MOD-FIN-28,APPARIE
QUIZ,QUIZ-806,3de1fed8-dfee-41c2-af13-99316cb03663,MOD-FIN-28,APPARIE
QUIZ,QUIZ-807,d298cfb5-05f3-4073-beb2-73bb814edd8f,MOD-FIN-28,APPARIE
QUIZ,QUIZ-808,0687ec3b-9d33-4e3d-bf11-a5f6d969edd6,MOD-FIN-28,APPARIE
QUIZ,QUIZ-809,67a53878-2f34-4f09-b778-1332e8a623c5,MOD-FIN-29,APPARIE
QUIZ,QUIZ-810,b9e301d0-f284-4931-9e03-6537c1ce3e6f,MOD-FIN-29,APPARIE
QUIZ,QUIZ-811,f031b42e-fa37-488c-b7a8-76835b68a85c,MOD-FIN-29,APPARIE
QUIZ,QUIZ-812,8bb830d3-2630-49d8-ade9-6db6aade15b3,MOD-FIN-30,APPARIE
QUIZ,QUIZ-813,3d05bfbe-1db2-42e3-b451-c419401e550e,MOD-FIN-30,APPARIE
QUIZ,QUIZ-814,b90e2b03-6e9f-4c8e-ba66-9b4cdcc19d61,MOD-FIN-31,APPARIE
QUIZ,QUIZ-815,33bd4ae7-d724-43ad-8d31-f1ecc7293e97,MOD-FIN-31,APPARIE
QUIZ,QUIZ-816,c8bd6899-9bcc-4994-a3a1-9f39a052aa8d,MOD-FIN-32,APPARIE
QUIZ,QUIZ-817,d11962bd-93e7-4149-8fb6-fab8c4eac22a,MOD-FIN-32,APPARIE
QUIZ,QUIZ-818,339b92ec-6efb-44e6-b51f-748ae5a4338e,MOD-FIN-32,APPARIE
QUIZ,QUIZ-819,99862cd8-c7d4-435e-9a80-8801a9435a77,MOD-FIN-33,APPARIE
QUIZ,QUIZ-820,85e33f83-2c29-4e57-948b-3734963a7c8c,MOD-FIN-33,APPARIE
QUIZ,QUIZ-821,6dcd1ce6-483e-430c-bd14-b5a5f759eeb8,MOD-FIN-33,APPARIE
QUIZ,QUIZ-822,bc19275f-e56c-4caa-8b04-90330b24a598,MOD-FIN-33,APPARIE
QUIZ,QUIZ-823,4a8a05d8-9c32-4e8d-861a-da1d0a1ee62b,MOD-FIN-34,APPARIE
QUIZ,QUIZ-824,9d18d71f-c80f-4199-97b7-b4f25d4bb9c9,MOD-FIN-34,APPARIE
QUIZ,QUIZ-825,8b441ac9-49a3-4e4e-86c8-c4e553f1d753,MOD-FIN-34,APPARIE
QUIZ,QUIZ-826,3ebeccc7-4f91-4d40-b082-fe5664128393,MOD-FIN-34,APPARIE
QUIZ,QUIZ-827,115e6ea0-f811-4027-b5f9-abef27437462,MOD-FIN-34,APPARIE
QUIZ,QUIZ-828,0ad4d98e-4d63-44ba-a873-4c36609ea327,MOD-FIN-34,APPARIE
QUIZ,QUIZ-829,ea6cfe42-8bc0-43b6-bb22-b1f6b8a800ce,MOD-FIN-34,APPARIE
QUIZ,QUIZ-831,7dd69f2b-3cac-4f2c-8ba8-8a00aca90490,MOD-FIN-35,APPARIE
QUIZ,QUIZ-832,151cfbfd-e3f3-42e0-ae6a-3bce3eb6c419,MOD-FIN-35,APPARIE
QUIZ,QUIZ-833,99395b70-07b5-4dbf-8c62-3cd372c74a91,MOD-FIN-36,APPARIE
QUIZ,QUIZ-834,f7d36128-9407-4973-8620-4bdee027bf2a,MOD-FIN-36,APPARIE
QUIZ,QUIZ-835,70b2f5cc-4438-44e4-9d54-4da8fc0d04e5,MOD-FIN-36,APPARIE
QUIZ,QUIZ-836,7d781613-7134-4047-8456-5b6ca3707d76,MOD-FIN-36,APPARIE
QUIZ,QUIZ-837,ba9cb971-8de7-48d9-a490-104f7981d77d,MOD-MKT-01,APPARIE
QUIZ,QUIZ-838,eb0e4268-d309-478d-baad-3c728adc9128,MOD-MKT-01,APPARIE
QUIZ,QUIZ-839,f954f57c-cb37-4ace-b92f-3233f1699138,MOD-MKT-01,APPARIE
QUIZ,QUIZ-840,af7be723-4816-4bb0-966c-7870803c8710,MOD-MKT-01,APPARIE
QUIZ,QUIZ-841,a418f493-d8cc-4fe4-9456-82da7074a590,MOD-MKT-01,APPARIE
QUIZ,QUIZ-842,97ce7e58-e24f-486a-ab0f-0a35eb5a322b,MOD-MKT-02,APPARIE
QUIZ,QUIZ-843,ffe8b400-31e2-4675-9e09-5da52efb5fb4,MOD-MKT-02,APPARIE
QUIZ,QUIZ-844,73d51147-5c6e-4441-8095-c8b38fe27f27,MOD-MKT-02,APPARIE
QUIZ,QUIZ-845,d7123b69-eb81-4213-9121-e6b73f486159,MOD-MKT-03,APPARIE
QUIZ,QUIZ-846,87f90d6c-3a26-40b4-89b8-4b05642b2b94,MOD-MKT-03,APPARIE
QUIZ,QUIZ-847,5def5aa5-a501-4678-9b24-2beacab860c9,MOD-MKT-03,APPARIE
QUIZ,QUIZ-848,0c82b188-0dfa-4c83-9c21-03973c8055d2,MOD-MKT-03,APPARIE
QUIZ,QUIZ-849,caf1d245-d606-49b1-8f85-0d327f8063e4,MOD-MKT-04,APPARIE
QUIZ,QUIZ-850,c5d7eb80-3674-4983-9eeb-f5632f271735,MOD-MKT-04,APPARIE
QUIZ,QUIZ-851,b04b9fb7-d760-41d4-9184-763113df3cba,MOD-MKT-04,APPARIE
QUIZ,QUIZ-852,9f51e3b2-7874-4858-bcfc-0930041bb8cb,MOD-MKT-04,APPARIE
QUIZ,QUIZ-853,83ffe864-41f2-47c8-9889-89eb3481376d,MOD-MKT-05,APPARIE
QUIZ,QUIZ-854,e4db55db-a11e-4f77-87af-c872d2ca06f2,MOD-MKT-05,APPARIE
QUIZ,QUIZ-855,d7750934-7ed9-4e51-8634-a506188571bf,MOD-MKT-06,APPARIE
QUIZ,QUIZ-856,db909573-70ed-4613-bc55-3322541f2166,MOD-MKT-06,APPARIE
QUIZ,QUIZ-857,b53e9035-c385-446a-bfc4-849e7d9132a9,MOD-MKT-06,APPARIE
QUIZ,QUIZ-859,bd1c6bed-4ef0-4efc-8ddc-a07f104eb209,MOD-MKT-07,APPARIE
QUIZ,QUIZ-860,1fbc3f59-5f27-49d3-bf71-0f4a6db087c3,MOD-MKT-07,APPARIE
QUIZ,QUIZ-861,179329ec-11a9-44ed-a3cf-e7f28d3f0ece,MOD-MKT-07,APPARIE
QUIZ,QUIZ-862,0fd14641-f6db-4e77-a2d0-dd77aebcd75a,MOD-MKT-07,APPARIE
QUIZ,QUIZ-863,d60d10a2-d42d-4ed1-8646-50ff4359c0a8,MOD-MKT-08,APPARIE
QUIZ,QUIZ-864,cad02807-70dc-40b0-8766-4964ddb713a4,MOD-MKT-08,APPARIE
QUIZ,QUIZ-865,b2241e50-1aba-4b62-a1ed-a4d54abec667,MOD-MKT-08,APPARIE
QUIZ,QUIZ-866,ea8e88c0-6208-45ab-9a50-9dd2de96878b,MOD-MKT-08,APPARIE
QUIZ,QUIZ-867,455da4ae-e554-4c08-ad57-d9cc5b84623b,MOD-MKT-09,APPARIE
QUIZ,QUIZ-868,e9ffde5b-5291-406f-b2b8-4c1b7c98180e,MOD-MKT-09,APPARIE
QUIZ,QUIZ-869,fa684ffb-3ea1-4dfa-9c73-63e21af3c72f,MOD-MKT-09,APPARIE
QUIZ,QUIZ-870,d832e52f-19a9-40c2-9ec9-0e3d7e9d3a73,MOD-MKT-09,APPARIE
QUIZ,QUIZ-871,7da715a6-b0a7-4841-965d-936a992ae0b2,MOD-MKT-09,APPARIE
QUIZ,QUIZ-872,5c198c4f-8f6a-4965-8816-297471f9a5a3,MOD-MKT-10,APPARIE
QUIZ,QUIZ-873,984d708d-b3fe-41ca-83cf-3e96178c4c63,MOD-MKT-10,APPARIE
QUIZ,QUIZ-874,868e81d3-036d-466e-a9d9-d00a9d443754,MOD-MKT-11,APPARIE
QUIZ,QUIZ-875,7f25a7c9-9ad5-4a57-96c9-38e030b5663a,MOD-MKT-11,APPARIE
QUIZ,QUIZ-876,e6382c98-b24b-4cef-9600-5157a4238c69,MOD-MKT-11,APPARIE
QUIZ,QUIZ-877,73595cc8-cb33-4c47-a600-823bd83ea231,MOD-MKT-11,APPARIE
QUIZ,QUIZ-878,ed224fc1-50ef-4ffe-af3c-3ca636814342,MOD-MKT-11,APPARIE
QUIZ,QUIZ-879,50e96a9d-4582-41e2-8ebd-e80f794af04c,MOD-MKT-11,APPARIE
QUIZ,QUIZ-880,3fca5200-d384-4ce7-834a-bfcf0793085a,MOD-MKT-11,APPARIE
QUIZ,QUIZ-881,d7f5ccc2-f09e-4237-9b17-6568a178b22b,MOD-MKT-12,APPARIE
QUIZ,QUIZ-882,bb488b91-8b2b-46f4-a115-9100f2720c3b,MOD-MKT-12,APPARIE
QUIZ,QUIZ-883,f54ba3ac-2aeb-46d5-928e-ab0d43aa3e1d,MOD-MKT-12,APPARIE
QUIZ,QUIZ-884,91b7259b-8b98-49c2-bf7a-8e651dd8a44d,MOD-MKT-12,APPARIE
QUIZ,QUIZ-885,73bdb6ae-9097-48f2-b0f8-e7ddbfc4fdd9,MOD-MKT-12,APPARIE
QUIZ,QUIZ-886,b258235d-d390-4c46-b62a-9bfeee8cc8cb,MOD-MKT-13,APPARIE
QUIZ,QUIZ-887,014458f5-b20c-49dc-9630-9511ebab4e42,MOD-MKT-13,APPARIE
QUIZ,QUIZ-888,8e023baf-05b7-4f51-9a3c-3b60e3d00cc9,MOD-MKT-13,APPARIE
QUIZ,QUIZ-889,d5513242-97ee-4d40-8fbf-dca4df3049f6,MOD-MKT-13,APPARIE
QUIZ,QUIZ-890,5897a1ef-286d-4cc8-a59f-b141a3a8791a,MOD-MKT-13,APPARIE
QUIZ,QUIZ-891,38b406e3-a194-4f7a-9c25-28d00f719e87,MOD-MKT-13,APPARIE
QUIZ,QUIZ-892,0f9de9d4-b8d1-4701-85a6-05984a4685b5,MOD-MKT-14,APPARIE
QUIZ,QUIZ-894,4d727818-8d62-4f74-b8a6-784dadd44528,MOD-MKT-14,APPARIE
QUIZ,QUIZ-895,0cf0da7f-87dd-4966-9b54-e36d520a647a,MOD-MKT-15,APPARIE
QUIZ,QUIZ-896,4f4fc81d-b68e-4cff-b4ef-94b49d26944f,MOD-MKT-15,APPARIE
QUIZ,QUIZ-897,7c05aecc-b9af-419b-9d8c-0566681f3a2e,MOD-MKT-15,APPARIE
QUIZ,QUIZ-898,7c45b9bc-4cf9-496e-90dd-f8c4a0a463b4,MOD-MKT-15,APPARIE
QUIZ,QUIZ-899,dd0fbf1d-f241-4e3c-82d1-b91a37a1643e,MOD-MKT-15,APPARIE
QUIZ,QUIZ-900,1cf872e7-0852-4eb4-92f3-b62958fa12d3,MOD-MKT-15,APPARIE
QUIZ,QUIZ-901,02c1063a-eb82-4670-981a-89ec5fdf7ca2,MOD-MKT-15,APPARIE
QUIZ,QUIZ-902,80095129-a4ad-4348-9ed7-62ce4dfee945,MOD-MKT-15,APPARIE
QUIZ,QUIZ-903,d299ef8e-d91c-4649-bf8b-62ee503ae720,MOD-MKT-16,APPARIE
QUIZ,QUIZ-904,65f10032-c3b1-4afa-b05c-3e043458ce72,MOD-MKT-16,APPARIE
QUIZ,QUIZ-905,49d99f98-f070-4a7b-90be-cbe0a096b67f,MOD-MKT-16,APPARIE
QUIZ,QUIZ-906,96e1b7f4-3391-4b7c-b485-0e461bf595ca,MOD-MKT-16,APPARIE
QUIZ,QUIZ-907,963d52d9-eec1-4ede-9572-e6a9ccb45537,MOD-MKT-16,APPARIE
QUIZ,QUIZ-908,c683c30d-0545-4cd2-b154-cd0bd3aa2f6a,MOD-MKT-16,APPARIE
QUIZ,QUIZ-909,70b30ff9-fd78-4fcb-8db4-64d0b1c3ff12,MOD-MKT-17,APPARIE
QUIZ,QUIZ-910,676b0a2e-cd8c-4884-9a32-bd2cd80e2716,MOD-MKT-17,APPARIE
QUIZ,QUIZ-911,0c16dec7-fe48-4342-9c23-87045248e3ec,MOD-MKT-17,APPARIE
QUIZ,QUIZ-912,61f09906-da1c-41e0-839b-cdd908dc1736,MOD-MKT-17,APPARIE
QUIZ,QUIZ-913,0b8862b6-aeb5-4755-822d-ea3a116bccfb,MOD-MKT-17,APPARIE
QUIZ,QUIZ-914,906b93df-b810-4a1a-848c-f54c77cf878c,MOD-MKT-18,APPARIE
QUIZ,QUIZ-915,b7dda07e-9e6e-4027-be64-998dec678bdd,MOD-MKT-18,APPARIE
QUIZ,QUIZ-916,2ccc6d35-7423-450c-b93b-9c5c54d004ce,MOD-MKT-18,APPARIE
QUIZ,QUIZ-917,be91fecf-08ec-44ad-83b5-57c088b0d2c2,MOD-MKT-18,APPARIE
QUIZ,QUIZ-919,b5aa83f7-efa7-4ca3-8cf9-886f1f9aa1cf,MOD-MKT-18,APPARIE
QUIZ,QUIZ-920,e714bda0-412a-448f-be18-4ffbb17c30a5,MOD-MKT-19,APPARIE
QUIZ,QUIZ-921,80b16e5a-1097-4485-9d31-18f2769b8b2c,MOD-MKT-19,APPARIE
QUIZ,QUIZ-922,fc1d1233-e0c3-4bcf-8428-ed2c882e7c57,MOD-MKT-19,APPARIE
QUIZ,QUIZ-923,87ffd6a8-b76c-49d0-a418-8f48a91e99f4,MOD-MKT-19,APPARIE
QUIZ,QUIZ-924,78c25581-a9fd-42df-a516-28561992c5fd,MOD-MKT-19,APPARIE
QUIZ,QUIZ-925,fc97a91e-ebcf-4adb-8ba8-506f39c54c09,MOD-MKT-19,APPARIE
QUIZ,QUIZ-926,ce00e90b-8b41-4932-90d2-c1bfbc320549,MOD-MKT-19,APPARIE
QUIZ,QUIZ-927,38b0095e-76e7-497f-aff6-f060b87a83d5,MOD-MKT-19,APPARIE
QUIZ,QUIZ-928,bdcb84d4-2188-49a7-89f8-884234a830fb,MOD-MKT-21,APPARIE
QUIZ,QUIZ-929,8f9bcff0-e1e0-4aa5-ad80-589553422d5b,MOD-MKT-21,APPARIE
QUIZ,QUIZ-930,7721c0cd-622a-4318-8d91-24b47a4dd979,MOD-MKT-21,APPARIE
QUIZ,QUIZ-931,f540ba99-44ba-494d-a526-d886af980e21,MOD-MKT-22,APPARIE
QUIZ,QUIZ-932,9c2dcb69-763b-4039-8be4-b1b8c48488a6,MOD-MKT-22,APPARIE
QUIZ,QUIZ-933,9f7fb278-2f9a-4867-890b-b74644344647,MOD-MKT-22,APPARIE
QUIZ,QUIZ-934,16dca250-9605-40ff-9142-906e634064b4,MOD-MKT-23,APPARIE
QUIZ,QUIZ-935,281818f0-616b-4288-9ccf-5b7980b95e1f,MOD-MKT-23,APPARIE
QUIZ,QUIZ-936,2a09ca80-f3cb-49ec-ac6b-c9f602964bc8,MOD-MKT-23,APPARIE
QUIZ,QUIZ-937,6d335f79-c24f-45af-a511-48c19f2ac142,MOD-MKT-23,APPARIE
QUIZ,QUIZ-938,1d7b1922-06e9-4076-b482-4b56fbb77890,MOD-MKT-24,APPARIE
QUIZ,QUIZ-939,39fa3bad-633d-4555-b8c6-fd977e9512d0,MOD-MKT-24,APPARIE
QUIZ,QUIZ-940,a8f24b51-3ce9-409c-9b47-b055cd96ebf3,MOD-MKT-24,APPARIE
QUIZ,QUIZ-941,00685952-b24a-43d1-a089-5dafbe0eaf12,MOD-MKT-24,APPARIE
QUIZ,QUIZ-942,d7e92f3e-8f42-4fab-8445-f7898466c26f,MOD-MKT-25,APPARIE
QUIZ,QUIZ-943,1adf353d-e833-4db4-a277-00173f8efa2b,MOD-MKT-25,APPARIE
QUIZ,QUIZ-944,60c321f1-f701-414e-b511-38bd6784d85c,MOD-MKT-25,APPARIE
QUIZ,QUIZ-945,66d80340-ead9-44d0-aaf5-dc0c006b7350,MOD-MKT-25,APPARIE
QUIZ,QUIZ-946,33bb771d-8727-40d1-828d-2580a464ba95,MOD-MKT-25,APPARIE
QUIZ,QUIZ-947,76907394-2805-4f42-8c6f-85358a3d1cec,MOD-MKT-26,APPARIE
QUIZ,QUIZ-948,30a7279a-28e6-4448-be8d-c2bf203ea842,MOD-MKT-26,APPARIE
QUIZ,QUIZ-949,34685f30-4f66-444f-a5f1-d506944c77c4,MOD-MKT-27,APPARIE
QUIZ,QUIZ-950,b073bf0e-0692-41be-b2ed-b204fb1ec13f,MOD-MKT-27,APPARIE
QUIZ,QUIZ-951,4e9327bd-c907-4e12-8a69-8a855dad2f4f,MOD-MKT-27,APPARIE
QUIZ,QUIZ-952,baaf0efd-caf4-4903-9253-810402842037,MOD-MKT-28,APPARIE
QUIZ,QUIZ-954,b5ba62c4-e5f9-45ad-8316-785adac89223,MOD-MKT-28,APPARIE
QUIZ,QUIZ-955,392ba0b5-d673-4aa9-a5eb-0ac7d3243be8,MOD-MKT-28,APPARIE
QUIZ,QUIZ-956,c1edbe0c-7367-4ac3-b02a-c984357113ee,MOD-MKT-29,APPARIE
QUIZ,QUIZ-957,3417793a-7fb0-4cd2-8c03-b87b8bdb131f,MOD-MKT-29,APPARIE
QUIZ,QUIZ-958,bf52074a-9b98-4667-9baa-ddb0a92c9b9c,MOD-MKT-29,APPARIE
QUIZ,QUIZ-959,3dd6d198-a826-4479-8031-0c6b3e75d64d,MOD-MKT-29,APPARIE
QUIZ,QUIZ-960,117fffdd-cff5-4e26-93c3-c6cfb6816590,MOD-MKT-29,APPARIE
QUIZ,QUIZ-961,b28c41c9-c0ee-49b2-b687-e0cc0256a3a2,MOD-MKT-29,APPARIE
QUIZ,QUIZ-962,5f413e62-d051-49b2-bdc6-a46692750355,MOD-MKT-29,APPARIE
QUIZ,QUIZ-964,9f63b20c-76be-4406-8d00-63d963688970,MOD-MKT-30,APPARIE
QUIZ,QUIZ-965,802516ae-f09b-416d-aed6-8451e1db3fb3,MOD-MKT-31,APPARIE
QUIZ,QUIZ-966,b847f6fa-d007-4135-87c1-b2c53beead7e,MOD-MKT-32,APPARIE
QUIZ,QUIZ-967,2d80c64c-1b1e-4da4-890f-433de959b766,MOD-MKT-32,APPARIE
QUIZ,QUIZ-968,e6af80cc-4011-4360-9c6e-22c9ec435240,MOD-MKT-32,APPARIE
QUIZ,QUIZ-969,a97b01cc-281f-4979-a6e5-91b616fa30b0,MOD-MKT-33,APPARIE
QUIZ,QUIZ-970,1d4cb556-9f40-4977-b7a8-4300134b61e2,MOD-MKT-33,APPARIE
QUIZ,QUIZ-971,fc60c6e7-db24-4571-8d3c-bcdfd91580df,MOD-MKT-33,APPARIE
QUIZ,QUIZ-972,485d2ed2-4245-48d4-b02f-3fe2e4bbf728,MOD-MKT-33,APPARIE
QUIZ,QUIZ-973,da339377-f7a7-4e11-9e3d-473dc249205e,MOD-MKT-33,APPARIE
QUIZ,QUIZ-974,2562c41a-c25f-42dd-b5d2-a3a6a33aebcb,MOD-MKT-33,APPARIE
QUIZ,QUIZ-975,aeb3f82e-ed71-447b-9e46-0359ebe6e140,MOD-MKT-34,APPARIE
QUIZ,QUIZ-976,e7ec7214-f308-466f-a85b-215b57600bdc,MOD-MKT-34,APPARIE
QUIZ,QUIZ-977,34637c98-128f-46d1-9cd4-a892fe88bda8,MOD-MKT-34,APPARIE
QUIZ,QUIZ-978,97b13ad3-1bf0-43db-b3d6-9cb4cd53be72,MOD-MKT-34,APPARIE
QUIZ,QUIZ-980,984cfbf4-fba4-46e9-978d-e43d8732ad19,MOD-MKT-35,APPARIE
QUIZ,QUIZ-981,517ce003-6407-4b90-9313-5dc12b229f90,MOD-MKT-35,APPARIE
QUIZ,QUIZ-982,b86c747b-a3a9-4c39-bf9d-1c63a71feed2,MOD-MKT-35,APPARIE
QUIZ,QUIZ-983,5345031d-9e83-4566-873d-ad91affa14bf,MOD-MKT-35,APPARIE
QUIZ,QUIZ-984,59d37f74-9169-4fcb-b02e-9db7b79ef729,MOD-MKT-35,APPARIE
QUIZ,QUIZ-985,1386a6ca-12ca-487c-8863-3a131bd30e73,MOD-MKT-36,APPARIE
